poll_id,date,title,topics,committees,drucksache_pdf,intro
652,2006-05-19,Erhöhung der Mehrwertsteuer,"Öffentliche Finanzen, Steuern und Abgaben|Wirtschaft",,,"Die Erhöhung der Mehrwertsteuer wurde mit Stimmen von Union und SPD beschlossen. Drei SPD-Abgeordnete stimmten ebenso wie die Fraktionen von FDP, Linkspartei und Grünen gegen das Gesetz."
658,2006-06-01,Bundeswehreinsatz im Kongo,Verteidigung,,,Der Bundestag hat eine Beteiligung deutscher Soldaten zum Schutz der ersten freien Wahlen in der Demokratischen Republik Kongo beschlossen. Seitens der Regierungskoalition votierte eine große Mehrheit der Abgeordneten für die Entsendung. Unterstützt wurde der Regierungsantrag auch von einer Mehrheit der Bündnis 90/Die Grünen-Fraktion und den beiden FDP-Politikern Markus Löning und Marina Schuster. Als einzige Fraktion stimmte Die Linke geschlossen dagegen.
660,2006-06-01,Anpassung und Veränderung von Hartz IV,"Arbeit und Beschäftigung|Gesellschaftspolitik, soziale Gruppen",,,"(Gesetz zur Fortentwicklung der Grundsicherung für Arbeitssuchende) Mit den Stimmen von CDU/CSU und SPD hat der Bundestag eine Verschärfung des sog. Hartz IV-Gesetzes beschlossen. Als einziger Abgeordneter der Koalitionsfraktionen stimmte Ottmar Schreiner von der SPD gegen das Gesetz, 14 weitere Sozialdemokraten enthielten sich. FDP, Grüne und Die Linke stimmten geschlossen mit Nein."
654,2006-06-29,Antidiskriminierungsgesetz,"Gesellschaftspolitik, soziale Gruppen|Recht",,,"Das Allgemeine Gleichbehandlungsgesetz (AGG), oft auch Antidiskriminierungsgesetz genannt, stand am 29. Juni 2006 zur Abstimmung im Bundestag. Die Fraktionen von SPD und Bündnis 90/Die Grünen votierten geschlossen für den Gesetzentwurf, von der CDU/CSU-Fraktion gab es 18 Nein-Stimmen. Die FDP-Fraktion lehnte das AGG geschlossen ab. Bei der Fraktion Die Linke gab es Ablehnungen und Enthaltungen."
655,2006-06-30,Föderalismusreform,Bundestag|Recht|Staat und Verwaltung,,,"Mit der notwendigen Zweidrittelmehrheit hat der Bundestag die umfassendste Grundgesetzänderung seit 1949 beschlossen. Manfred Kolbe von der CDU und 15 SPD-Politiker folgten der Mehrheit ihrer Fraktionen nicht und lehnten den Entwurf ab. Auch FDP, Grüne und Die Linke verweigerten der Föderalismusreform ihre Zustimmung."
661,2006-09-28,Verlängerung des Afghanistan-Einsatzes (ISAF),Verteidigung,,,"Um ein weiteres Jahr werden Bundeswehrsoldaten im Rahmen des ISAF-Einsatzes in Afghanistan stationiert sein. Mit großer Mehrheit stimmte der Bundestag für die Mandatsverlängerung bis zum 13. Oktober 2007. Eine kleine Gruppe von CDU/CSU- und SPD-Abgeordneten lehnte den Antrag ab, ebenso die gesamte Linksfraktion. Eine Mehrheit von FDP und Grüne stimmte dafür."
663,2006-10-26,EU-Beitritt Bulgariens und Rumäniens,Außenpolitik und internationale Beziehungen|Europapolitik und Europäische Union,,,Am 26. Oktober 2006 stimmte der Bundestag mit großer Mehrheit für den Beitritt Bulgariens und Rumäniens zur Europäischen Union. Die meisten Gegenstimmen kamen von der CSU.
659,2006-11-10,Verlängerung des Anti-Terror-Einsatzes (OEF),Verteidigung,,,"Um weitere 12 Monate hat der Deutsche Bundestag den bewaffneten Einsatz deutscher Soldaten im Rahmen der Operation „Enduring Freedom“ (OEF) verlängert. Aus der CDU/CSU stimmten 10 Abgeordnete anders als die Mehrheit ihrer Fraktion, bei der SPD waren es 16 Abgeordnete. Als einzige Fraktion lehnte Die Linke den Antrag geschlossen ab. „Enduring Freedom“ ist eine Reaktion auf die terroristischen Angriffe vom 11. September 2001."
662,2007-02-02,Gesundheitsreform,"Gesundheit|Öffentliche Finanzen, Steuern und Abgaben",,,"Mit 378 Ja-Stimmen hat der Bundestag der umstrittenen Gesundheitsreform zugestimmt. Die Opposition stimmte geschlossen dagegen, mit ihr auch 23 Abgeordnete von CDU/CSU und 20 Abgeordnete der SPD-Fraktion."
664,2007-03-09,Tornado-Einsatz,Verteidigung,,,"Mit großer Mehrheit hat der Bundestag dem Tornado-Einsatz in Afghanistan zugestimmt. Gegenstimmen gab es in allen Fraktionen, vor allem bei der SPD. Als einzige Fraktion votierte Die Linke geschlossen mit Nein. Zwei Eilanträge an das Bundesverfassungsgericht, die den Einsatz stoppen sollten, hatten keinen Erfolg."
665,2007-03-09,Rente mit 67,"Gesellschaftspolitik, soziale Gruppen|Senioren|Soziale Sicherung",,,"Mit den Stimmen der Koalition hat der Bundestag die „Rente mit 67“ beschlossen. Von der SPD stimmten 11 Abgeordnete gegen das Gesetz, ebenso die Oppositionsparteien FDP, Die Linke und Bündnis 90/Grüne. Um die volle Rente zu beziehen, müssen die Jahrgänge ab 1964 künftig bis 67 arbeiten."
668,2007-05-25,Unternehmenssteuerreform,"Öffentliche Finanzen, Steuern und Abgaben|Recht|Wirtschaft",,,Mit großer Mehrheit hat der Bundestag die Unternehmenssteuerreform beschlossen. Die Ja-Stimmen kamen aus Union und SPD. Rüdiger Veit und Ottmar Schreiner stimmten als einzige SPD-Abgeordnete mit der Opposition. Durch die Reform werden Unternehmen entlastet und Steuerschlupflöcher gestopft.
667,2007-06-14,Mindestlöhne (Antrag Die Linke.),Arbeit und Beschäftigung|Recht,,,"Die Koalitionsfraktionen und die FDP haben einen Antrag der Linken zur Einführung von Mindestlöhnen abgelehnt. Für den Antrag stimmten vier SPD-Abgeordnete, die Linksfraktion und Bündnis 90/Die Grünen."
669,2007-06-14,Fortsetzung des Bundeswehreinsatzes in Darfur,Verteidigung,,,"Mit großer Mehrheit hat der Bundestag eine Verlängerung des Darfur-Einsatzes deutscher Soldaten beschlossen. 506 Abgeordnete votierten mit Ja, die Linksfraktion stimmte mit Nein, es gab 18 Enthaltungen."
670,2007-06-14,Aufenthalts- und Asylrecht,Migration und Aufenthaltsrecht,,,Gegen die Stimmen der Opposition haben die Koalitionsfraktionen einen Gesetzentwurf zum Aufenthalts- und Asylrecht beschlossen. Dadurch werden elf EU-Richtlinien in deutsches Recht umgesetzt und Ergänzungen am Ausländerrecht vorgenommen. Künftig wird es bspw. ein Mindestalter für den Nachzug von Ehepartnern geben.
653,2007-06-21,Verlängerung Kosovo-Einsatz,Verteidigung,,,Der Bundeswehreinsatz im Kosovo wird um ein weiteres Jahr verlängert. Dies beschloss eine breite Mehrheit im Deutschen Bundestag. Es gab Nein-Stimmen aus allen Fraktionen. Als einzige Fraktion stimmte Die Linke geschlossen gegen den Antrag der Bundesregierung.
671,2007-06-22,Emissionshandel,Umwelt|Naturschutz|Wirtschaft,,,Energiekonzerne in Deutschland müssen ihren CO2-Ausstoß künftig stärker reduzieren. Gegen die Stimmen der Opposition beschloss der Bundestag ein Gesetz zum Emissionshandel. Nicht alle Abgeordneten der Koalition stimmten für den Gesetzentwurf. Erstmals müssen Kraftwerksbetreiber für Verschmutzungsrechte zahlen.
682,2007-09-12,Verlängerung Libanon-Einsatz,Verteidigung,,,"Mit Stimmen von Union, SPD und Bündnis 90/Die Grünen hat der Bundestag den Libanon-Einsatz der Bundeswehr um ein Jahr verlängert. FDP und Linke stimmten mehrheitlich mit Nein, ebenso 19 Abgeordnete der SPD. Mit der Verlängerung des UN-Mandats beschloss das Parlament auch eine Reduzierung der deutschen Soldaten."
679,2007-10-12,"Verlängerung Afghanistan-Einsatz (ISAF, Tornado)",Verteidigung,,,"Mit großer Mehrheit hat der Bundestag für die Verlängerung des ISAF- und Tornado-Einsatzes in Afghanistan gestimmt. Auch 15 Grünen-Abgeordnete stimmten entgegen des Parteitagsbeschlusses mit Ja. Gegenstimmen gab es aus allen Fraktionen, als einzige Fraktion stimmte die Linke geschlossen gegen die Mandatsverlängerung."
685,2007-11-09,Vorratsdatenspeicherung,"Medien, Kommunikation und Informationstechnik|Recht",,,"Gegen die Stimmen der Opposition hat der Bundestag die umstrittene Vorratsdatenspeicherung beschlossen. Insgesamt 11 Abgeordnete der Koalition stimmten gegen den Gesetzentwurf. Künftig müssen Telekommunikationsfirmen sog. Verkehrsdaten von Festnetz-, Handy- und Internetkommunikation sechs Monate lang speichern."
687,2007-11-15,Verlängerung des Anti-Terror-Einsatzes (OEF),Verteidigung,,,Mit großer Mehrheit hat der Bundestag einer Verlängerung der Operation Enduring Freedom (OEF) zugestimmt. Allerdings gab es aus der SPD-Fraktion 42 Nein-Stimmen. Linke und Grüne stimmten geschlossen gegen den US-geführten Anti-Terror-Einsatz. OEF ist eine Reaktion auf die Anschläge vom 11. September 2001.
686,2007-11-16,Diätenerhöhung,Bundestag,,,Mit den Stimmen der Koalitionsfraktionen hat der Bundestag eine Erhöhung der Abgeordnetendiäten ab 2008 beschlossen. Aus Union und SPD gab es auch vereinzelte Nein-Stimmen. Die Oppositionsparteien votierten mehrheitlich gegen die erste Diätenerhöhung seit 2003.
666,2007-12-14,Postmindestlohn,Arbeit und Beschäftigung|Recht,,,"Mit großer Mehrheit hat der Bundestag die Einführung des Postmindestlohns beschlossen. Aus der Union gab es 19 Nein-Stimmen, die FDP stimmte als einzige Fraktion geschlossen gegen den Antrag. 10 Abgeordnete der Linken enthielten sich."
688,2008-02-06,Änderung des Stammzellgesetzes,"Gesundheit|Wissenschaft, Forschung und Technologie",,,"Mit 346 Ja-Stimmen hat der Bundestag der umstrittenen Änderung des Stammzellgesetzes zugestimmt. Die große Mehrheit der SPD- und FDP-Parlamentarier stimmte dafür, die Union sowie die Linksfraktion votierten mehrheitlich knapp, die Grünen fast geschlossen dagegen."
689,2008-04-24,EU-Vertrag von Lissabon,Europapolitik und Europäische Union|Recht,,,Mit erforderlicher Zwei-Drittel-Mehrheit hat der Bundestag dem EU-Reformvertrag von Lissabon zugestimmt. Einzig die Linksfraktion stimmte geschlossen mit Nein. Der Vertrag soll 2009 an die Stelle der gescheiterten europäischen Verfassung treten und die EU effizienter machen.
690,2008-05-30,Bahnprivatisierung,Staat und Verwaltung|Verkehr,,,"Mit großer Mehrheit hat der Bundestag die Teilprivatisierung der Deutschen Bahn AG beschlossen. Allerdings nahmen 60 Abgeordnete aus der Großen Koalition nicht an der Abstimmung teil. Aus Reihen der SPD-Fraktion gab es 27 Nein-Stimmen. Nach den Plänen der Regierungskoalition sollen zunächst lediglich 24,9 Prozent des Personen- und Güterverkehrs an Investoren verkauft werden. Schienennetz und Bahnhöfe sollen auf Dauer zu 100 Prozent in Bundesbesitz bleiben."
691,2008-06-05,Verlängerung Kosovo-Einsatz,Verteidigung,,,Der Bundestag hat den Kosovo-Einsatz mit großer Mehrheit um ein weiteres Jahr verlängert. Einzig die Fraktion Die Linke stimmte dagegen und reichte Klage vor dem Bundesverfassungsgericht ein.
695,2008-09-17,Verlängerung Libanon-Einsatz,Verteidigung,,,"Gegen die Stimmen von Linke, FDP und zehn SPD-Abgeordneten hat der Bundestag die Verlängerung des Libanon-Einsatzes beschlossen. Erstmals wurde das Libanon-Mandat um 15 Monate verlängert. Grund ist die Bundestagswahl im kommenden Jahr. Die Obergrenze der deutschen Einsatzkräfte wurde verringert."
696,2008-09-17,Fortsetzung des Darfur-Einsatzes,Verteidigung,,,"Die Bundeswehr wird mit bis zu 250 Soldatinnen und Soldaten ein weiteres Jahr in Dafur stationiert sein. Dies beschloss der Bundestag mit großer Mehrheit. Die Fraktion der Linkspartei stimmte mehrheitlich gegen den Antrag, aber auch aus der Koalition gab es drei Nein-Stimmen."
697,2008-09-25,Rückkehr zur alten Pendlerpauschale,Arbeit und Beschäftigung|Recht|Wirtschaft,,,"Mit den Stimmen von Union, SPD und Grüne hat der Bundestag einen Antrag der Linken zur Wiedereinführung der alten Pendlerpauschale abgelehnt. Die FDP dagegen unterstützte den Antrag ebenso wie ein SPD-Abgeordneter. Das Thema Entfernungspauschale war eines der bestimmenden Themen im bayerischen Landtagswahlkampf."
699,2008-10-16,Verlängerung Afghanistan-Einsatz (ISAF),Verteidigung,,,Trotz Gegenstimmen aus allen Fraktionen hat der Bundestag für eine Verlängerung des Afghanistan-Einsatzes im Rahmen des ISAF-Mandates gestimmt. Das deutsche Kontingent wird um max. 1.000 Soldatinnen und Soldaten aufgestockt. Anders als in den Vorjahren wird das Mandat um 14 statt der üblichen 12 Monate verlängert. Grund ist die Bundestagswahl im kommenden Jahr.
700,2008-10-17,Banken-Rettungspaket,Wirtschaft,,,Das beispiellose Hilfspaket zur Rettung des Finanzsektors hat den Bundestag passiert. Mit großer Mehrheit stimmte das Parlament für das Eil-Gesetz. Neben den Nein-Stimmen von Linken und Grünen gab es die Enthaltung eines CDU-Abgeordneten.
702,2008-11-12,BKA-Gesetz,Innere Angelegenheiten|Staat und Verwaltung,,,"Mit dem BKA-Gesetz, das der Bundestag gegen die Stimmen der Opposition beschlossen hat, darf das Bundeskriminalamt bei der Terrorabwehr erstmals auch präventiv tätig werden. Dazu erhält das BKA neue Befugnisse wie die Möglichkeit zur Online-Durchsuchung. Erste Klagen gegen das Gesetz sind bereits angekündigt."
701,2008-11-13,Verlängerung des Anti-Terror-Einsatzes (OEF),Verteidigung,,,Nach dem ISAF-Mandat hat der Bundestag gegen die Stimmen von Grünen und Linken auch die Beteiligung deutscher Soldaten am Anti-Terror-Kampf verlängert. Wichtigste Änderung: Die Bundeswehr ist künftig nur noch vor dem Horn von Afrika präsent.
703,2008-11-26,Erbschaftssteuerreform,"Gesellschaftspolitik, soziale Gruppen|Recht",,,"Nach jahrelangem Streit hat der Bundestag eine Reform der Erbschaftssteuer beschlossen. Begünstigt wird die sog. ""Kernfamilie"", entferntere Verwandte können als Verlierer angesehen werden."
704,2008-11-28,Haushalt 2009,Haushalt,,,"Mit den Stimmen der Großen Koalition hat der Bundestag den Haushalt 2009 beschlossen. Ausgaben und Neuverschuldung werden steigen, Steuereinnahmen zurückgehen. Das Ziel eines ausgeglichenen Haushalts im Jahr 2011 wurde inzwischen aufgegeben. Die Opposition spricht von ""Versagen""."
706,2008-12-04,Familienleistungsgesetz,Familie|Soziale Sicherung,,,"Kindergeldhöhung, Anstieg des Kinderfreibetrags und ein ""Schulbedarfspaket"" für einkommensschwache Familien - mit diesen Maßnahmen wollen Union und SPD die Familien entlasten."
707,2008-12-19,Kampf gegen Piraten,Außenpolitik und internationale Beziehungen|Verteidigung,,,"Deutsche Soldaten werden sich an der EU-Mission gegen die Piraterie vor der Küste Somalias beteiligen. Das hat der Bundestag mit großer Mehrheit beschlossen. In dem Antrag der Bundesregierung ist ausdrücklich von ""Anwendung militärischer Gewalt"" durch die deutschen Streitkräfte die Rede."
708,2009-01-22,Mindestlohn für sechs weitere Branchen,Arbeit und Beschäftigung|Recht,,,Nach jahrelangem Streit haben SPD und Union die Auseinandersetzung um den Mindestlohn beigelegt. Mit der Koalitionsmehrheit beschloss der Bundestag die Aufnahme von sechs weiteren Branchen in das Arbeitnehmer-Entsendegesetz. Zahlreiche Abgeordnete der Union stimmten ebenso wie FDP und Linkspartei gegen den Antrag.
711,2009-01-22,Mindestarbeitsbedingungen,Arbeit und Beschäftigung|Recht,,,"Künftig können Mindestlöhne auch in Branchen eingeführt werden, in denen weniger als 50 Prozent der Beschäftigten Tarifverträgen unterliegen. Mit den Stimmen der Koalition beschloss der Bundestag eine notwendige Änderung des ""Mindestarbeitsbedingungengesetzes""."
715,2009-03-20,Enteignung von Banken,Wirtschaft,,,"Die Große Koalition hat den Weg für die Enteignung von Bankaktionären freigemacht. FDP und Linke stimmten dagegen, die Grünen enthielten sich. Das Gesetz ist auf eine Übernahme der Hypo Real Estate zugeschnitten"
716,2009-05-13,Beratungspflicht bei Spätabtreibungen,Familie|Frauen|Gesundheit,,,"Der Bundestag hat eine striktere Regelung bei Abtreibungen nach der zwölften Schwangerschaftswoche beschlossen. U.a. wurde die Bedenkzeit für Schwangere vor einer Spätabtreibung auf drei Tage festgelegt. Bei SPD, FDP, Grünen und CSU gab es sowohl Ja- als auch Nein-Stimmen."
717,2009-05-13,Anbauverbot von Genmais,Gesundheit|Landwirtschaft und Ernährung|Umwelt,,,"Einen Antrag der Grünen zum generellen Anbauverbot von sog. Genmais hat der Bundestag mit den Stimmen von CDU, SPD und FDP abgelehnt. Die Abgeordneten der Linkspartei stimmten für den Entwurf, die der CSU enthielten sich der Stimme. Mehr als jeder sechste Parlamentarier blieb der Abstimmung fern."
718,2009-05-28,Verlängerung Kosovo-Einsatz,Verteidigung,,,Der Bundestag hat den Kosovo-Einsatz mit großer Mehrheit um ein weiteres Jahr verlängert. Einzig die Fraktion Die Linke stimmte geschlossen dagegen. Vereinzelte Nein-Stimmen gab es aber aus allen Fraktionen.
720,2009-05-28,Abgabe von künstlichem Heroin an Schwerstabhängige,"Gesellschaftspolitik, soziale Gruppen|Gesundheit",,,"Alle Bundestagsfraktionen mit Ausnahme der Union haben für einen Gesetzentwurf gestimmt, der eine kontrollierte Abgabe von synthetischem Heroin - sog. Diamorphin - an Schwerstabhängige ermöglicht. Diamorphin wird künftig in die Regelversorgung der gesetzlichen Krankenkassen aufgenommen und gilt nun nicht mehr als illegale Droge."
719,2009-05-29,Schuldenbremse,"Öffentliche Finanzen, Steuern und Abgaben|Finanzen",,,"Mit äußerst knapper Mehrheit haben Union und SPD eine Schuldenbremse für Bund und Länder beschlossen. Die Länder dürfen ab 2020 gar keine Schulden mehr aufnehmen, dem Bund bleibt ab 2016 nur noch ein geringer Spielraum."
721,2009-06-18,Internetsperren,"Medien, Kommunikation und Informationstechnik|Medien|Recht",,,Mit 389 Ja- zu 128 Nein-Stimmen hat der Bundestag die umstrittene Einführung sog. Internetsperren beschlossen. Dadurch soll der Zugriff auf Seiten mit kinderpornographischen Inhalten erschwert werden. Gegner halten die Sperren für weitgehend wirkungslos und befürchten eine Zensur des Internets.
722,2009-06-18,Patientenverfügung (Stünker-Antrag),"Gesellschaftspolitik, soziale Gruppen|Gesundheit|Recht",,,"Nach langjähriger Kontroverse hat sich der Bundestag auf eine gesetzliche Regelung von Patientenverfügungen geeinigt. Diese sollen künftig für die Ärzte verpflichtend sein. Der Wille der Betroffenen ist unbedingt zu beachten, unabhängig von Art und Stadium der Erkrankung."
723,2009-07-02,AWACS-Einsatz in Afghanistan,Verteidigung,,,Mit bis zu 300 Bundeswehrsoldaten wird sich Deutschland am AWACS-Einsatz in Afghanistan beteiligen. Das beschloss der Bundestag mit großer Mehrheit. Einzig die Linkspartei lehnte den Einsatz geschlossen ab. Nein-Stimmen gab es jedoch auch aus den übrigen Fraktionen.
724,2009-07-03,Bundestagswahlrecht,Bundestag|Recht,,,"Grüne und Linke sind damit gescheitert, das Bundestagswahlrecht noch vor der Bundestagswahl im September zu ändern, um sog. ""Überhangmandate"" zu beseitigen. Obwohl auch die SPD für eine Änderung noch vor der Wahl war, stimmte sie aus Koalitionsräson gegen den Antrag. Fast jeder fünfte Abgeordnete blieb der Abstimmung fern."
731,2009-12-03,Verlängerung Afghanistaneinsatz (ISAF),Entwicklungspolitik,,,"Mit den Stimmen von Union, FDP und SPD hat der Bundestag einer Verlängerung des Afghanistaneinsatzes um weitere 12 Monate zugestimmt. Als einzige Fraktion lehnt die Linke den Einsatz geschlossen ab."
733,2009-12-03,Verlängerung des Anti-Terror-Kampfes (OEF),Verteidigung,,,Die deutschen Streitkräfte werden sich ein weiteres Jahr am Anti-Terror-Einsatz ”Operation Enduring Freedom“ (OEF) und an der NATO-geführten ”Operation Active Endeavor“ (OAE) beteiligen. Dies beschloss die schwarz-gelbe Mehrheit im Bundestag.
734,2009-12-03,Verlängerung Libanon-Einsatz (UNFIL),Entwicklungspolitik,,,Gegen die Stimmen der Fraktion Die Linke hat der Bundestag die Fortsetzung des Libanon-Einsatzes für weitere sechs Monate beschlossen. Die Zahl der maximal einzusetzenden Soldatinnen und Soldaten wird von 1200 auf 800 reduziert.
732,2009-12-04,Wachstumsbeschleunigungsgesetz,"Gesellschaftspolitik, soziale Gruppen|Öffentliche Finanzen, Steuern und Abgaben",,,"Die Koalition hat das umstrittene Steuersenkungspaket (""Wachstumsbeschleunigungsgesetz"") mit einem Volumen von 8,4 Milliarden Euro beschlossen. Davon profitieren sollen u.a. Familien, Erben und Hoteliers. Zahlreiche Bundesländer drohen mit Ablehnung im Bundesrat."
761,2009-12-04,Verzicht auf Mehrwertsteuersenkung für das Hotelgewerbe,"Öffentliche Finanzen, Steuern und Abgaben|Wirtschaft",,,"Gegen eine Mehrwertsteuersenkung für das Hotelgewerbe sprechen sich Grüne und SPD aus. Dies sei ordnungs-, steuer- und haushaltspolitisch falsch. Zwei CDU-Abgeordnete stimmten für den Oppositionsantrag, eine SPD-Politikerin dagegen."
759,2009-12-18,Kampf gegen Piraten (ATALANTA),Außenpolitik und internationale Beziehungen,,,"Die Bundeswehr wird sich auch weiterhin vor der Küste Somalias an der Piratenbekämpfung beteiligen. Fast alle Parlamentarier stehen hinter dem Mandat, deutsche Soldaten an das Horn von Afrika zu entsenden. Einzig die Linkspartei stimmte geschlossen dagegen."
760,2009-12-18,Bundeswehreinsatz in Bosnien Herzegowina,Außenpolitik und internationale Beziehungen,,,Mit 140 Soldatinnen und Soldaten beteiligt sich Deutschland an einer EU-Mission zur Stabilisierung von Bosnien und Herzegowina. Der Bundestag hat das Mandat nun gegen die Stimmen der Linken um ein weiteres Jahr verlängert.
766,2010-02-26,Verlängerung Afghanistaneinsatz (ISAF),Entwicklungspolitik,,,Mit großer Mehrheit hat der Bundestag einer Verlängerung des Afghanistaneinsatzes zugestimmt. Allerdings gab es von allen Parteien - mit Ausnahme der CSU - Gegenstimmen. Die Linke stimmte als einzige Fraktion geschlossen mit Nein.
834,2010-03-19,Bundeshaushalt 2010,Haushalt,,,Die Abgeordneten von Union und FDP haben dem Haushaltsentwurf der Bundesregierung zugestimmt. Geplant sind Ausgaben in Höhe von 325 Mrd. Euro.
836,2010-03-25,Abschaffung der reduzierten Mehrwertsteuer für Hotels,"Öffentliche Finanzen, Steuern und Abgaben|Tourismus",,,Union und FDP haben Korrekturen beim ermäßigten Mehrwertsteuersatz für Hotelübernachtungen abgelehnt. Eine entsprechende Forderung hatte die SPD aufgestellt.
838,2010-04-22,Beibehaltung der Steuerfreiheit bei Feiertags- und Nachtarbeit,Arbeit und Beschäftigung,,,"Die SPD fordert die Beibehaltung der Steuerfreiheit bei Zuschlägen für Sonntags-, Feiertags- und Nachtarbeit. Mit einem Antrag wollten die Sozialdemokraten die Regierung dazu verpflichten. Union und FDP stimmten dagegen."
777,2010-05-06,Schnellere Absenkung der Einspeisevergütung im EEG,Energie|Umwelt,,,Mit den Stimmen von CDU/CSU und FDP hat der Bundestag eine schnellere Absenkung der Einspeisevergütung im Erneuerbare-Energien-Gesetz beschlossen. Die Oppositionsparteien stimmten gegen den Antrag.
839,2010-05-06,Mindestsicherung statt Hartz IV,Arbeit und Beschäftigung|Soziale Sicherung,,,"Mit breiter Mehrheit hat der Bundestag einen Antrag der Linken zurückgewiesen, der die Abschaffung von Hartz IV und deutliche Änderungen in der Mindestsicherung forderte."
776,2010-05-07,Notkredit für Griechenland,Außenpolitik und internationale Beziehungen|Europapolitik und Europäische Union|Finanzen,,,"Der Bundestag hat einen Notkredit für Griechenland in Höhe von 22 Milliarden Euro beschlossen. CDU/CSU, FDP und Grüne stimmten mehrheitlich mit Ja, die Linke votierte mit Nein, die SPD enthielt sich der Stimme."
787,2010-05-21,Euro-Rettungsschirm,Außenpolitik und internationale Beziehungen|Europapolitik und Europäische Union|Finanzen,,,Mit den Stimmen von CDU/CSU und FDP hat der Bundestag grünes Licht für einen milliardenschweren Euro-Rettungsschirm gegeben. Der Regierungskoalition fehlten dreizehn Stimmen aus dem eigenen Lager.
794,2010-06-10,Verlängerung Kosovo-Einsatz (KFOR),Entwicklungspolitik,,,Der Bundestag hat den Kosovo-Einsatz mit großer Mehrheit um ein weiteres Jahr verlängert. Einzig die Fraktion Die Linke stimmte geschlossen dagegen. Vereinzelte Enthaltungen gab es bei fast allen Fraktionen.
803,2010-06-10,Austritt aus der Kernfusion (ITER),Energie|Verbraucherschutz|Reaktorsicherheit,,,"Die Grünen glauben, dass die Kernfusion in den nächsten 50 Jahren keinen Beitrag leisten kann, die drängenden globalen Energie- und Klimaprobleme zu lösen. Der Bau des Kernfusionsreaktors ITER stelle zudem ein unkalkulierbares Risiko für die öffentlichen Haushalte Deutschlands und der EU dar, heißt es in dem Antrag."
805,2010-06-17,Reform der Jobcenter,Recht|Staat und Verwaltung,,,"Ziel der Grundgesetzänderung ist es, dass die Leistungen im Rahmen der Grundsicherung für Arbeitslose weiterhin in den Jobcentern angeboten werden können. Mit Ausnahme der Linkspartei stimmten alle Parteien für den Gesetzentwurf."
806,2010-06-17,Verlängerung des Libanon-Einsatzes (UNFIL),Entwicklungspolitik,,,Seit der letzten Mandatsverlängerung ist eine stabile Regierung der nationalen Einheit an der Macht. Daher plädiert die Bundesregierung für eine Reduzierung der Truppen von gegenwärtig 800 auf 300 Bundeswehrsoldaten. Trotzdem bleibt die Lage weiterhin angespannt.
807,2010-06-17,Verlängerung des Darfur-Einsatzes (UNAMID),Entwicklungspolitik,,,"Alle Fraktionen mit Ausnahme der Linken haben sich für eine Verlängerung des Darfur-Einsatzes ausgesprochen. Die Lage in der Krisenregion Darfur bleibe weiterhin angespannt, heißt es zur Begründung."
809,2010-06-17,Verlängerung des Sudan-Einsatzes (UNMIS),Entwicklungspolitik,,,Deutsche Soldaten werden sich für weitere zwölf Monate an der Mission im Sudan (UNMIS) beteiligen. Das beschloss der Bundestag mit großer Mehrheit.
811,2010-06-17,Bundeswehr ohne Wehrpflicht,Innere Angelegenheiten|Verteidigung,,,"Die Grünen sind mit einem Antrag gescheitert, mit dem die Bundesregierung zur Erarbeitung eines sicherheitspolitischen Konzepts für die Bundeswehr aufgefordert wird. Auch die Wehrpflicht gehöre auf den Prüfstand."
808,2010-06-18,Reduzierung der Wehrpflicht,"Gesellschaftspolitik, soziale Gruppen|Recht|Verteidigung",,,Ungeachtet der gegenwärtigen Debatten über eine mögliche Aussetzung bzw. kompletten Abschaffung der Wehrpflicht haben CDU/CSU und FDP eine Verkürzung der Wehrpflicht von neun auf sechs Monate beschlossen. Diese Entscheidung betrifft auch den Zivildienst.
829,2010-10-28,Verlängerung von AKW-Laufzeiten,Energie|Umwelt|Wirtschaft,,,Nach einer emotionalen Plenardebatte hat der Bundestag die Verlängerung von Atomkraftwerk-Laufzeiten beschlossen. Diese sollen durchschnittliche 12 Jahre länger laufen als bislang vorgesehen.
830,2010-10-28,Abschöpfung von Zusatzgewinnen aus AKW-Laufzeitverlängerung,Energie|Umwelt,,,"Durch Verträge mit der Atomindustrie über die Laufzeitverlängerung kann die Bundesregierung auf hohe zusätzliche Einnahmen hoffen, die in die Erneuerung des Energiesektors gesteckt werden sollen."
831,2010-10-28,Brennelementesteuer,Energie|Haushalt|Umwelt,,,"Um zusätzliche Einnahmen für den Bundeshaushalt zu erzielen, hat der Bundestag eine Brennelementesteuer beschlossen. Diese soll 2,3 Mrd. Euro einbringen."
832,2010-10-28,Sparpaket (Haushaltsbegleitgesetz),Haushalt,,,"Um den Bundeshaushalt zu entlasten, hat das Parlament heute ein umfangreiches Sparpaket beschlossen, das unter anderem eine Luftverkehrssteuer vorsieht. Für 2011 soll der Haushalt bereits um 3,5 Mrd. Euro entlastet werden."
841,2010-11-11,Neuordnung am Arzneimittelmarkt,Gesundheit|Wirtschaft,,,"Der erste Teil der Gesundheitsreform stand heute zur Abstimmung. Um die hohen Arzneimittelpreise besser in den Griff zu bekommen, hat der Bundestag einen Gesetzentwurf von Union und FDP beschlossen. Die Opposition fordert zahlreiche Änderungen. Aus der CDU gab es zwei Gegenstimmen."
842,2010-11-12,Einführung bundesweiter Volksentscheide,"Politisches Leben, Parteien",,,"Die Linke ist mit einem Antrag gescheitert, bundesweite Volksentscheide in die Verfassung aufzunehmen. CDU/CSU, FDP und SPD stimmten gegen den Entwurf, die Grünen enthielten sich der Stimme."
843,2010-11-12,Gesundheitsreform,Gesundheit,,,"Im Zuge der von CDU/CSU und FDP beschlossenen Gesundheitsreform werden die Krankenkassenbeiträge ab dem kommenden Jahr auf 15,5 Prozent steigen. Krankenkassen können künftig höhere Zusatzbeiträge erheben als bislang."
848,2010-11-26,Haushalt 2011,Haushalt,,,"Mit den Stimmen der Koalition hat der Bundestag den Haushalt 2011 beschlossen. Der Bund kann im kommenden Jahr 305,8 Milliarden Euro ausgeben. Allerdings muss fast jeder sechste Euro über Schulden finanziert werden."
846,2010-12-02,Kampf gegen Piraten (ATALANTA),Außenpolitik und internationale Beziehungen,,,Der Bundestag hat den Einsatz von bis zu 1.400 Bundeswehrsoldaten vor den Küsten Somalias um ein weiteres Jahr verlängert. Im Rahmen der ATALANTA-Mission soll u.a. eine wichtige internationale Handelsroute vor Piratenangriffen geschützt werden.
851,2010-12-02,Verlängerung Bosnien-Einsatz (ALTHEA),Entwicklungspolitik,,,Nach einem Beschluss des Bundestags wird die Bundeswehr ein weiteres Jahr in Bosnien und Herzegowina präsent sein. Sie soll dort eine friedliche Weiterentwicklung des Landes absichern.
852,2010-12-02,Verlängerung des Anti-Terror-Einsatzes im Mittelmeer (OAE),Verteidigung,,,Deutsche Soldaten werden für ein weiteres Jahr an einem Anti-Terror-Einsatz im Mittelmeer teilnehmen. Dies beschloss der Bundestag gegen die Stimmen der Opposition.
853,2010-12-03,Anpassung und Veränderung von Hartz IV,"Arbeit und Beschäftigung|Gesellschaftspolitik, soziale Gruppen|Familie",,,Mit den Stimmen von CDU/CSU und FDP hat der Bundestag eine Anhebung der Hartz IV-Regelsätze von derzeit 359 auf 364 Euro beschlossen. Kinder aus Hartz IV-Familien sollen mit Bildungsangeboten gefördert werden.
854,2010-12-03,Vorläufiger Bau- und Vergabestopp bei Stuttgart 21,"Raumordnung, Bau- und Wohnungswesen",,,"Die Linke ist damit gescheitert, einen vorläufigen Bau- und Vergabestopp beim umstrittenen Bahnhofsprojekt Stuttgart 21 bis zur Landtagswahl am 27. März 2011 zu erwirken."
712,2011-01-28,Verlängerung Afghanistaneinsatz (ISAF),Entwicklungspolitik,,,Mit großer Mehrheit hat der Bundestag die Verlängerung des Afghanistaneinsatzes um ein weiteres Jahr beschlossen. Erstmals wird in dem Antrag auch ein Datum für den möglichen Beginn eines Abzugs genannt.
866,2011-03-17,Unverzügliche Abschaltung aller deutschen AKW,Energie|Umwelt,,,"Keine Mehrheit hat ein Antrag der Linken zur ""unverzüglichen"" Abschaltung aller deutschen AKW gefunden. SPD und Grüne enthielten sich, Union und FDP stimmten mit ""Nein""."
867,2011-03-17,Vorübergehende Aussetzung von AKW-Laufzeiten (Moratorium),Energie|Umwelt,,,Mit den Stimmen von Union und FDP hat sich der Bundestag für eine vorübergehende Abschaltung der sieben ältesten AKW ausgesprochen. Die Oppositionsparteien stimmten gegen den Entschließungsantrag. Im Regierungslager gab es vier Enthaltungen.
869,2011-03-17,Sofortige Abschaltung von Alt-AKW,Energie|Umwelt,,,Mit den Stimmen von Union und FDP hat der Bundestag gegen Anträge von SPD und Grünen zur sofortigen Abschaltung der sieben ältesten deutschen Atomkraftwerke sowie des AKW Krümmel gestimmt. Mehrere Unionsabgeordnete votierten mit der Opposition.
871,2011-03-25,AWACS-Einsatz in Afghanistan,Außenpolitik und internationale Beziehungen,,,"Der Bundestag hat die Bereitstellung von AWACS-Flugzeugen und Bundewehrsoldaten für Afghanistan beschlossen. Auf diese Weise sollen die NATO-Staaten entlastet werden, die sich am Libyen-Einsatz beteiligen."
735,2011-05-26,Schwarzarbeiterbekämpfungsgesetz,Arbeit und Beschäftigung|Recht|Wirtschaft,,,Mit großer Mehrheit hat der Bundestag dem Gesetzesentwurf der Regierungskoalition aus CDU/CSU und FDP zur Änderung des Arbeitnehmerüberlassungsgesetzes und des Schwarzarbeitsbekämpfungsgesetzes zugestimmt. Die Fraktionen der Linken und der Grünen enthielten sich jeweils geschlossen.
870,2011-06-09,Verlängerung Kosovo-Einsatz (KFOR),Entwicklungspolitik,,,Bundeswehrsoldaten werden für ein weiteres Jahr an der KFOR-Mission im Kosovo teilnehmen. Das hat eine Mehrheit im Deutschen Bundestag beschlossen.
872,2011-06-09,Verlängerung des Libanon-Einsatzes (UNIFIL),Außenpolitik und internationale Beziehungen,,,Der Bundestag hat die Verlängerung des Libanon-Einsatzes bis Juni 2012 mit großer Mehrheit beschlossen. Einzig die Fraktion der Linken stimmte geschlossen mit Nein.
878,2011-06-30,Atomausstieg bis 2022,Energie|Umwelt|Naturschutz,,,Mit großer Mehrheit hat der Bundestag den Ausstieg aus der Kernenergie beschlossen.
879,2011-07-07,Eingeschränkte Zulassung der Präimplantationsdiagnostik,Familie|Gesundheit,,,Fraktionsübergreifend hat der Bundestag einem Gesetzentwurf zur umstrittenen Präimplantationsdiagnostik zugestimmt. Demnach dürfen Eltern in bestimmten Fällen die Embryonen bei künstlichen Befruchtungen auf Gendefekte testen lassen.
881,2011-07-07,Unterirdische Speicherung von CO2,Energie|Umwelt|Wirtschaft,,,Mit den Stimmen der Regierungskoalition von CDU/CSU und FDP hat der Bundestag ein Gesetz zur unterirdischen Speicherung von CO2 verabschiedet.
884,2011-07-07,Abschiebestopp für syrische Flüchtlinge,Migration und Aufenthaltsrecht|Humanitäre Hilfe|Menschenrechte,,,Mit den Stimmen von CDU/CSU und FDP hat der Bundestag sich mehrheitlich gegen ein Aussetzen des Deutsch-Syrischen Rückübernahmeabkommens und damit gegen einen Abschiebestopp für syrische Flüchtlinge ausgesprochen. Dies hatten die Grünen beantragt.
880,2011-07-08,Keine Panzer an Saudi-Arabien verkaufen,Außenpolitik und internationale Beziehungen,,,"Mit den Stimmen von Union und FDP hat der Bundestag einen Antrag abgelehnt, mit dem die Linksfraktion eine mögliche Lieferung von Kampfpanzern nach Saudi-Arabien verhindern wollte. Während Linke und Grüne mit Ja stimmten, enthielt sich die SPD mehrheitlich."
882,2011-07-08,Verlängerung des Darfur-Einsatzes,Verteidigung,,,Der Bundestag hat mit großer Mehrheit die Fortsetzung der Beteiligung an der AU-/UN-Hybrid-Operation in der sudanesischen Krisenregion Darfur beschlossen. Lediglich die Linke stimmte gegen den Antrag.
883,2011-07-08,Deutsche Beteiligung an UN-Aufbaumission in Südsudan,Außenpolitik und internationale Beziehungen|Entwicklungspolitik,,,Die Regierung des neugegründeten Südsudans hat die UN um eine Folgemission der bisher im Sudan geführten Friedensmission UNMIS gebeten. Gegen die Stimmen der Linksfraktion beschloss der Bundestag mit großer Mehrheit eine Beteiligung deutscher Soldaten.
887,2011-09-29,Euro-Stabilisierungsfonds EFSF,Außenpolitik und internationale Beziehungen|Europapolitik und Europäische Union|Finanzen,,,Mit breiter Mehrheit hat der Bundestag den Euro-Stabilisierungsfonds beschlossen. 15 Abgeordnete von Union und FDP stimmten mit Nein oder enthielten sich. Damit erhielt der Antrag eine Kanzlermehrheit.
889,2011-09-29,Verlängerung des Bundeswehreinsatzes in Südsudan (UNMISS),Entwicklungspolitik,,,Gegen die Stimmen der Linkspartei hat der Bundestag für eine Verlängerung des Bundeswehreinsatzes im Südsudan gestimmt. Es können bis zu 50 deutsche Soldatinnen und Soldaten eingesetzt werden.
890,2011-09-29,Reform des Bundestagswahlrechts,"Politisches Leben, Parteien|Recht",,,Nach drei Monaten ohne gültiges Wahlrecht aufgrund von koalitionsinternen Differenzen haben Union und FDP diesen Missstand behoben. Die Opposition kündigte eine Verfassungsklage an.
903,2011-10-26,Ausweitung des Euro-Rettungsschirms (EFSF),Außenpolitik und internationale Beziehungen|Europapolitik und Europäische Union|Finanzen,,,Mit großer Mehrheit hat der Bundestag in einer Entschließung für eine Stärkung des Euro-Rettungsschirms gestimmt. Als einzige Fraktion stimmte Die Linke gegen den Antrag.
905,2011-12-01,Verlängerung des Anti-Terror-Einsatzes im Mittelmeer (OAE),Verteidigung,,,Bundeswehrsoldatinnen und -soldaten werden auch im nächsten Jahr zur Bekämpfung des internationalen Terrorismus im Mittelmeerraum eingesetzt. Der Bundestag stimmte dem Antrag der Bundesregierung mehrheitlich zu.
907,2011-12-01,Verlängerung des Bundeswehreinsatzes gegen Piraterie (Atalanta),Verteidigung,,,Der Bundestag die deutsche Beteiligung am Anti-Pirateneinsatz vor der Küste Somalias um ein weiteres Jahr verlängert. Als einzige Fraktion stimmte die Linke geschlossen mit Nein.
910,2012-01-26,Verlängerung Afghanistan-Einsatz (ISAF),Entwicklungspolitik,,,Mit deutlicher Mehrheit hat der Bundestag die Verlängerung des Bundeswehreinsatzes in Afghanistan bis Anfang 2013 beschlossen. Als einzige Fraktion stimmte die Linke geschlossen gegen den Regierungsantrag.
911,2012-02-27,Zweites Rettungspaket für Griechenland,Außenpolitik und internationale Beziehungen|Europapolitik und Europäische Union|Finanzen,,,Der Bundestag hat sich mit breiter Mehrheit für ein weiteres Rettungspaket für das finanziell angeschlagene Griechenland ausgesprochen. Aus den Regierungsfraktionen gab es vereinzelte Gegenstimmen. Die Linke lehnte das Rettungspaket geschlossen ab.
913,2012-03-29,Pläne für ein Betreuungsgeld aufgeben,Bildung und Erziehung|Familie|Soziale Sicherung,,,"Mit den Stimmen von Union und FDP hat der Bundestag einen Antrag der Grünen abgelehnt, mit dem das geplante Betreuungsgeld gestoppt werden sollte. Vor allem die CSU pocht auf dessen Einführung, wie es im Koalitionsvertrag festgeschrieben wurde."
914,2012-03-29,Abbau der kalten Progression,"Öffentliche Finanzen, Steuern und Abgaben",,,"Mit der eigenen Stimmenmehrheit haben Union und FDP einen Abbau der sog. ""kalten Progression"" beschlossen. U.a. wird der Grundfreibetrag um insgesamt 350 Euro angehoben."
915,2012-03-29,Kürzungen der Solarförderungen,"Energie|Raumordnung, Bau- und Wohnungswesen|Umwelt",,,Der Bundestag hat die geplanten Kürzungen bei der Solarförderung beschlossen. Aus den Reihen der Koalition gab es einzelne Nein-Stimmen.
917,2012-05-10,Verlängerung des Bundeswehreinsatzes gegen Piraterie (Atalanta),Verteidigung,,,"Mit den Stimmen von Union und FDP hat der Bundestag die einjährige Verlängerung des Bundeswehreinsatzes am Horn von Afrika beschlossen. Während sich die Grünen enthielten, stimmten SPD und Linke gegen den Antrag."
918,2012-05-24,Verbesserter Rechtsschutz in Wahlsachen (Art. 93 GG),"Politisches Leben, Parteien|Recht",,,"Mit den Stimmen von Union, SPD, FDP und Grünen hat der Bundestag den Rechtsschutz im Wahlrecht verbessert. Zukünftig wird es Vereinigungen erlaubt sein, vor einer Wahl gegen Entscheidungen des Bundeswahlausschusses Rechtsmittel beim Bundesverfassungsgericht einzulegen."
919,2012-05-25,Verlängerung Kosovo-Einsatz (KFOR),Entwicklungspolitik,,,Die deutsche Bundeswehr wird sich auch weiterhin am KFOR-Einsatz im Kosovo beteiligen. Das hat der Bundestag mit breiter Mehrheit beschlossen. Als einzige Fraktion stimmte die Linke geschlossen dagegen die Mandatsverlängerung.
925,2012-06-14,Nachtragshaushalt 2012,Haushalt,,,Der Bundestag hat mit der Mehrheit von Union und FDP einen Nachtragshaushalt beschlossen. Darin sind auch Mittel für den ESM enthalten.
929,2012-06-28,Recht auf Eheschließung für gleichgeschlechtliche Paare,"Gesellschaftspolitik, soziale Gruppen|Recht",,,"Die Grünen sind mit einem Antrag gescheitert, der gleichgeschlechtlichen Paaren das Recht zur Eheschließung einräumen sollte. Die Koalitionsmehrheit stimmte mit ""Nein"". Unterstützt wurde der Antrag von SPD und Linkspartei."
930,2012-06-28,Fortsetzung des Libanon-Einsatzes,Außenpolitik und internationale Beziehungen,,,Der Bundestag hat mit deutlicher Mehrheit für eine Verlängerung des Marine-Einsatzes vor der libanesischen Küste gestimmt. Nur die Linke stimmte geschlossen mit Nein.
927,2012-06-29,Fiskalpakt,Außenpolitik und internationale Beziehungen|Europapolitik und Europäische Union|Finanzen,,,"Der Deutsche Bundestag hat grünes Licht für den Fiskalpakt gegeben. Außer der Linken stimmten alle Fraktionen mehrheitlich für das Vertragswerk, gleichwohl gab es vereinzelte Gegenstimmen."
928,2012-06-29,Dauerhafter Euro-Rettungsschirm ESM,Außenpolitik und internationale Beziehungen|Europapolitik und Europäische Union|Finanzen,,,Mit großer Mehrheit hat der Bundestag für den dauerhaften Euro-Rettungsschirm ESM gestimmt. Als einzige Fraktion stimmte die Linke geschlossen mit Nein. Abgelehnt wurde der ESM auch von vereinzelten Abgeordneten der anderen Fraktionen.
931,2012-06-29,Neuausrichtung der Pflegeversicherung,Senioren|Gesundheit,,,Mit den Stimmen der Koalition hat der Bundestag eine Pflegereform beschlossen. Vorgesehen sind u.a. höhere Leistungen für Demenzkranke sowie eine private Pflegezusatzversicherung.
933,2012-07-19,Bankenhilfe für Spanien (EFSF),Außenpolitik und internationale Beziehungen|Europapolitik und Europäische Union|Finanzen,,,Mit großer Mehrheit hat der Bundestag für die Gewährung eines Darlehens von 100 Mrd. € an Spanien durch die EFSF (Europäische Finanzstabilisierungsfazilität) gestimmt. Einzig die Fraktion Die Linke stimmte geschlossen mit Nein. Daneben wurde der Gesetzentwurf auch von vereinzelten Abgeordneten anderer Fraktionen abgelehnt.
957,2012-11-08,Verlängerung des Darfur-Einsatzes (UNAMID),Verteidigung,,,Mit großer Mehrheit hat der Bundestag eine Verlängerung des Darfur-Einsatz beschlossen. Als einzige Fraktion stimmte die Linke geschlossen mit Nein.
958,2012-11-08,Verlängerung des Bundeswehreinsatzes in Südsudan (UNMISS),Verteidigung,,,Gegen die Stimmen der Linken hat der Deutsche Bundestag sich für eine Verlängerung des Bundeswehreinsatzes im Südsudan bis spätestens Dezember 2013 ausgesprochen.
959,2012-11-08,Offenlegung von Nebeneinkünften auf Euro und Cent,Lobbyismus & Transparenz,,,Mit ihrer Stimmenmehrheit haben Union und FDP einen Antrag zur Komplettoffenlegung von Nebeneinkünften abgelehnt. Die Oppositionsparteien stimmten geschlossen dafür.
960,2012-11-09,Einführung eines Betreuungsgeldes,Bildung und Erziehung|Familie,,,Gegen die Stimmen der Opposition haben CDU/CSU und FDP das umstrittene Betreuungsgeld beschlossen. Im Koalitionslager gab es vereinzelte Nein-Stimmen.
962,2012-11-30,Finanzhilfe für Griechenland,Außenpolitik und internationale Beziehungen|Europapolitik und Europäische Union|Finanzen,,,Mit großer Mehrheit hat der Bundestag ein weiteres Hilfspaket für Griechenland beschlossen. Erstmals wird der Bundeshaushalt konkret belastet.
963,2012-12-12,Beschneidung von Jungen aus religiösen Gründen,"Gesellschaftspolitik, soziale Gruppen|Recht",,,Der Bundestag hat sich mehrheitlich für die Straffreiheit bei der Beschneidung von Jungen aus religiösen Gründen ausgesprochen.
965,2012-12-13,Mietrechtsreform,"Raumordnung, Bau- und Wohnungswesen|Recht|Verbraucherschutz",,,Gegen die Stimmen der Opposition hat der Bundestag eine Reform des Mietrechts beschlossen. U.d. dürfen die Mieten in bestimmten Regionen nicht mehr so stark steigen wie bislang.
964,2012-12-14,Patriot-Einsatz in der Türkei,Außenpolitik und internationale Beziehungen|Verteidigung,,,Der Deutsche Bundestag hat den Einsatz deutscher Soldaten zur Unterstützung des NATO-Partners Türkei beschlossen. Als einzige Fraktion stimmte die Linke geschlossen mit Nein.
977,2013-01-31,Verlängerung Afghanistan-Einsatz (ISAF),Außenpolitik und internationale Beziehungen,,,"Mit breiter Mehrheit hat der Bundestag die Fortsetzung des Afghanistaneinsatzes beschlossen. Als einzige Fraktion stimmte die Linke geschlossen dagegen, Nein-Stimmen gab es aber auch aus den anderen Fraktionen."
980,2013-02-28,Mali-Einsatz (internationale Unterstützungsmission),Außenpolitik und internationale Beziehungen,,,150 Bundeswehrsoldaten sollen eine internationalen Unterstützungsmission in Mali unterstützen und u.a. bei der Luftbetankung von Flugzeugen helfen. Dies hat der Bundestag beschlossen.
981,2013-02-28,Mali-Einsatz (militärische Ausbildungsmission),Außenpolitik und internationale Beziehungen,,,Mit großer Mehrheit hat der Bundestag dem Einsatz von 180 Bundeswehrsoldaten im Rahmen einer EU-Ausbildungsmission in Mali beschlossen. Geschlossen dagegen stimmte nur die Linkspartei.
982,2013-02-28,Privatisierung der Wasserversorgung verhindern (Linken-Antrag),Recht|Menschenrechte|Wirtschaft,,,"Die Linke ist mit einem Antrag gescheitert, in dem es indirekt um die Privatisierung bei der Wasserversorgung ging. Unterstützung fand die Fraktion nur bei den Grünen."
983,2013-02-28,Privatisierung der Wasserversorgung verhindern (Grünen-Antrag),Recht|Menschenrechte|Wirtschaft,,,"Gegen die Stimmen von Union und FDP sind die Grünen mit einem Antrag gescheitert, in dem es indirekt um die Privatisierung der Wasserversorgung ging."
978,2013-03-01,Leistungsschutzrecht,"Medien, Kommunikation und Informationstechnik|Recht",,,Mit den Stimmen von Union und FDP hat der Bundestag das umstrittene Leistungsschutzrecht für Presseverlage beschlossen. Der Entwurf war im letzten Moment geändert worden.
986,2013-04-18,Frauenquote in Aufsichtsräten,Arbeit und Beschäftigung|Frauen,,,Im Bundestag ist ein Antrag für eine verbindliche Frauenquote in Aufsichtsräten gescheitert.
987,2013-04-18,Finanzhilfen für Zypern (ESM),Außenpolitik und internationale Beziehungen|Finanzen,,,Der Bundestag hat mit großer Mehrheit für die Gewährung von Finanzhilfen für Zypern gestimmt.
999,2013-04-23,Verbot der NPD,"Politisches Leben, Parteien",,,Der Antrag für ein Verbotsverfahren der NPD wurde mit geringer Mehrheit abgelehnt.
990,2013-05-16,EU-Operation Atalanta,Verteidigung,,,"Der Bundestag hat die Verlängerung des Anti-Pirateneinsatzes vor der Küste Somalias beschlossen. Linke und SPD stimmten mit Nein, die Grünen enthielten sich."
998,2013-06-05,Verlängerung des Bundeswehreinsatzes in Mali,Entwicklungspolitik,,,Mit breiter Mehrheit hat der Bundestag die Verlängerung des Mali-Einsatzes beschlossen. Geschlossen mit Nein stimmte lediglich Die Linke.
996,2013-06-26,Betreuungsgeld verhindern (Änderungsantrag),Arbeit und Beschäftigung|Bildung und Erziehung,,,Ein Änderungsantrag der Grünen zur Verhinderung des Betreuungsgeldes ist mit der Stimmenmehrheit von CDU/CSU und FDP abglehnt worden.
993,2013-06-27,Schärfere Regeln gegen Abgeordnetenbestechung,Lobbyismus & Transparenz,,,"CDU/CSU und FDP haben schärfere Regeln gegen Abgeordnetenbestechung abgelehnt. SPD und Grüne stimmten für einen entsprechenden Änderungsantrag, die Linke enthielt sich der Stimme."
995,2013-06-27,Bundeswehr auch in Zukunft an Libanon-Einsatz UNIFIL beteiligt,Verteidigung,,,Mit großer Mehrheit hat der Bundestag die Verlängerung des Libanon-Einsatzes beschlossen. Einzig die Fraktion Die Linke stimmte geschlossen mit Nein.
1004,2013-11-28,Verlängerung des Bundeswehreinsatzes in Südsudan (UNMISS) (2013),Außenpolitik und internationale Beziehungen|Entwicklungspolitik,,,Mit großer Mehrheit hat der Bundestag die Verlängerung des Bundeswehreinsatzes in Südsudan beschlossen. Die Linke stimmte als einzige Fraktion mit Nein.
1005,2013-11-28,Verlängerung des Darfur-Einsatzes (UNAMID) (2013),Außenpolitik und internationale Beziehungen|Entwicklungspolitik|Menschenrechte,,,Gegen die Stimmen der Linken hat sich der Bundestag für eine Fortsetzung des Darfur-Einsatzes ausgesprochen. Das Mandat verlängert sich um ein Jahr.
1007,2014-01-29,Fortsetzung des Patriot-Einsatzes in der Türkei (2013),Verteidigung,,,Der Patriot-Einsatz unter Beteiligung der Bundeswehr wird um ein weiteres Jahr verlängert. Das hat der Bundestag mit großer Mehrheit beschlossen.
1008,2014-01-29,Verlängerung des Anti-Terror-Einsatzes im Mittelmeer (OAE) (2013),Außenpolitik und internationale Beziehungen,,,Union und SPD haben mit ihrer Stimmenmehrheit eine Fortsetzung des Anti-Terror-Einsatzes im Mittelmeer (OAE) beschlossen. Grüne und Linke stimmten gegen den Regierungsantrag.
1009,2014-01-30,Anbau von Genmais in der EU verhindern,Landwirtschaft und Ernährung|Umwelt,,,Nach dem Willen der Grünen sollte sich die Bundesregierung in der EU gegen die Zulassung von gentechnisch verändertem Mais aussprechen. Doch Union und SPD stimmten gegen den Antrag.
1011,2014-02-20,Fortsetzung des Afghanistan-Einsatzes (ISAF) (2014),Verteidigung,,,Mit großer Mehrheit hat der Deutsche Bundestag die letztmalige Verlängerung des Bundeswehreinsatzes in Afghanistan bis Ende des Jahres beschlossen.
1012,2014-02-20,Verlängerung des Bundeswehreinsatzes in Mali (2014),Außenpolitik und internationale Beziehungen,,,"Der Bundeswehreinsatz in Mali wird um ein weiteres Jahr verlängert. Das beschloss der Bundestag mit den Stimmen von CDU/CSU, SPD und Grünen."
1013,2014-02-21,Gesetz zur Strafbarkeit von Abgeordnetenbestechung,"Bundestag|Politisches Leben, Parteien|Recht",,,Mit den Stimmen aller Fraktionen hat der Bundestag ein Gesetz zur Strafbarkeit von Abgeordnetenbestechung beschlossen. Kritiker bemängeln die fehlende Wirksamkeit.
1014,2014-02-21,Diätenerhöhung 2014,Bundestag,,,Gegen die Stimmen von Grünen und Linken hat der Bundestag eine Erhöhung der Abgeordnetendiäten auf 9.082 Euro bis zum 1. Januar 2015 beschlossen.
1020,2014-03-13,Kennzeichnungspflicht von Gen-Honig,Verbraucherschutz|Umwelt,,,"CDU/CSU und SPD haben sich dagegen ausgesprochen, dass sich die Bundesregierung auf Europaebene für eine Kennzeichnungspflicht von Gen-Honig einsetzt. Das hatten die Grünen in einem Antrag gefordert."
953,2014-04-03,Deutsche Beteiligung an Ausbildungsmission in Somalia,Verteidigung,,,Mit großer Mehrheit hat der Bundestag den Einsatz von Bundeswehrsoldaten bei einer EU-geführten Ausbildungsmission in Somalia beschlossen.
1038,2014-04-03,Rechte der parlamentarischen Minderheit stärken,"Gesellschaftspolitik, soziale Gruppen|Bundestag",,,"Mit den Stimmen von Union, SPD und Grünen hat der Bundestag die Rechte der parlamentarischen Minderheit durch eine Änderung der Geschäftsordnung gestärkt. Die Linke enthielt sich."
1040,2014-04-09,Beteiligung der Bundeswehr bei Vernichtung syrischer Chemiewaffen,Außenpolitik und internationale Beziehungen|Verteidigung,,,Abgeordnete von Koalition und Grünen haben eine Beteiligung der Bundeswehr an der Vernichtung syrischer Chemiewaffen beschlossen. Erstmals stimmten auch einzelne Parlamentarier der Linken für einen Bundeswehreinsatz.
1039,2014-04-10,Beteiligung der Bundeswehr an EUFOR-Einsatz Zentralafrika,Verteidigung,,,Mit großer Mehrheit hat der Bundestag die Entsendung deutscher Truppen in die Zentralafrikanische Republik beschlossen. Die Linke stimmte gegen den Antrag.
1042,2014-05-08,Mindestlohn in der Fleischwirtschaft,Arbeit und Beschäftigung|Wirtschaft,,,Der Bundestag hat einen Gesetzentwurf der Bundesregierung zum Mindestlohn in der Fleischwirtschaft ohne Gegenstimmen angenommen.
1044,2014-05-08,Transparenz bei Rüstungsexportentscheidungen,Lobbyismus & Transparenz|Wirtschaft,,,Ein Antrag der Grünen zum Thema Transparenz bei Rüstungsexporten wurde mit den Stimmen der Regierungsparteien abgelehnt. Grüne und Linke stimmten für den Antrag.
1045,2014-05-08,Kündigung der Atom-Abkommen mit Indien und Brasilien,Energie|Verbraucherschutz,,,Mit den Stimmen von CDU/CSU und SPD verhinderte der Bundestag die Kündigung der bilateralen Kooperationen im Bereich der Nutzung atomarer Technologien. Grüne und Linke stimmten dafür.
1047,2014-05-22,Verlängerung des Bundeswehreinsatzes gegen Piraterie (Operation Atalanta) (2014),Außenpolitik und internationale Beziehungen,,,"Mit den Stimmen von SPD und Union hat der Bundestag die einjährige Verlängerung des Bundeswehreinsatzes am Horn von Afrika beschlossen. Während sich die Grünen enthielten, stimmte die Linke gegen den Antrag."
1048,2014-05-22,Änderungsantrag zum Gesetz zur Sukzessivadoption durch Lebenspartner,"Gesellschaftspolitik, soziale Gruppen|Familie|Recht","Ausschuss für Familie, Senioren, Frauen und Jugend|Ausschuss für Recht und Verbraucherschutz",,"Die Grünen sind mit einem Änderungsantrag zum Entwurf des ""Gesetzes zur Umsetzung der Entscheidung des Bundesverfassungsgerichts zur Sukzessivadoption durch Lebenspartner"" gescheitert. CDU/CSU und SPD stimmten mehrheitlich dagegen, Grüne und Linke dafür."
1068,2014-05-22,Nationale Ausnahmeregelungen zu den EU-Richtlinien beim Anbau von Gentechnik,Landwirtschaft und Ernährung|Umwelt,,,"Die Bundesregierung soll sich auf EU-Ebene u.a. dafür einsetzen, dass die einzelnen Mitgliedstaaten die Möglichkeiten zu Ausnahmeregelungen beim Anbau von Gentechnik erhalten. Linke und Grünen geht der Antrag der Großen Koalition nicht weit genug."
1046,2014-05-23,Rentenpaket,Senioren,,,Mit den Stimmen von CDU/CSU und SPD hat der Bundestag das Rentenpaket beschlossen.
1049,2014-06-05,2014: Verlängerung des Bundeswehreinsatzes im Kosovo (KFOR),Außenpolitik und internationale Beziehungen|Verteidigung,Ausschuss für Menschenrechte und humanitäre Hilfe|Verteidigungsausschuss,,Mit großer Mehrheit hat der Bundestag die einjährige Verlängerung des KFOR-Einsatzes beschlossen. Lediglich die Linke stimmte geschlossen gegen den Antrag.
1051,2014-06-25,Fortsetzung des Libanon-Einsatzes (UNFIL) (2014),Verteidigung,,,Der Bundestag hat mit deutlicher Mehrheit für eine Verlängerung des Marine-Einsatzes vor der libanesischen Küste gestimmt. Die Linken votierten als einzige Partei geschlossen mit Nein.
1053,2014-06-25,Verlängerung der Bundeswehrbeteiligung an UN-Mission in Mali (Unterstützungsmission) (2014),Außenpolitik und internationale Beziehungen,,,"Der Bundestag hat mit großer Mehrheit für eine einjährige Fortsetzung des Einsatzes in dem afrikanischen Staat gestimmt. Die Linke stimmte als einzige Fraktion geschlossen dagegen, einzelne Nein-Stimmen kam auch von Abgeordneten der SPD und der Grünen."
1054,2014-06-27,Reform zur Reduzierung der Kosten der EEG-Umlage,Verbraucherschutz|Umwelt,,,Gegen die Stimmen der Opposition hat die Regierungskoalition eine grundlegende Reform des Erneuerbare-Energien-Gesetzes beschlossen. Damit wollen Union und SPD u.a. die Kosten in den Griff bekommen.
1069,2014-06-27,Länderöffnungsklausel zur Regelungen über Mindestabstände zwischen Windenergieanlagen und Wohnbebauungen,"Energie|Raumordnung, Bau- und Wohnungswesen",,,"Dem Gesetzentwurf der Bundesregierung zur Aufnahme einer Länderöffnungsklausel in das Baugesetzbuch wurde von der Großen Koalition mehrheitlich zugestimmt, während die Opposition diesen ablehnte."
1052,2014-07-03,"Flächendeckender Mindestlohn von 8,50 Euro",Arbeit und Beschäftigung|Soziale Sicherung,,,"Mit den Stimmen von Union, SPD und Grünen hat der Bundestag die Einführung eines flächendeckenden Mindestlohns in Höhe von 8,50 Euro beschlossen. Zunächst soll es einige Ausnahmen geben."
1055,2014-07-03,Entfall der Optionspflicht im Staatsangehörigkeitsgesetz,"Migration und Aufenthaltsrecht|Gesellschaftspolitik, soziale Gruppen|Recht",,,"Mit den Stimmen der Regierungskoalition ist der partielle Wegfall der sogenannten ""Optionspflicht"" beschlossen worden. Die Anträge der Oppositionsparteien wurden mehrheitlich abgelehnt."
1056,2014-07-03,Abschaffung der sachgrundlosen Befristung von Arbeitsverträgen,Arbeit und Beschäftigung|Recht|Soziale Sicherung,Ausschuss für Arbeit und Soziales,,Die Befristung von Jobs bleibt weiterhin ohne Angabe von Gründen möglich: Union und SPD stimmten gegen einen Gesetzesentwurf der Linksfraktion zur Abschaffung der sachgrundlosen Befristung.
1057,2014-07-03,Angleichung der Renten in Ostdeutschland an Westniveau,Senioren|Deutsche Einheit / Innerdeutsche Beziehungen (bis 1990)|Soziale Sicherung,,,"Mit deutlicher Mehrheit hat der Bundestag einen Linken-Antrag zu einer schnelleren Angleichung der Renten abgelehnt. Die Koalitions-Fraktionen stimmten geschlossen dagegen, die Abgeordneten der Grünen enthielten sich der Stimme."
1070,2014-09-25,Ablehnung von Schiedsgerichten bei TTIP und CETA,Verbraucherschutz,,,Mit den Stimmen von Union und SPD hat sich der Bundestag mehrheitlich gegen einen Grünen-Antrag zur Ablehnung sogenannter Schiedsgerichte in den Abkommen TTIP und CETA ausgesprochen.
1076,2014-11-13,BAföG-Reform zur Erhöhung der Bedarfssätze,"Bildung und Erziehung|Öffentliche Finanzen, Steuern und Abgaben|Soziale Sicherung",,,"Mit den Stimmen der Regierungskoalition hat der Bundestag eine Reform des BAföGs beschlossen. Die Linke enthielt sich der Stimme, die Grünen stimmten gegen den Antrag."
1077,2014-11-13,Verlängerung des Bundeswehreinsatzes in Darfur (UNAMID) (2014),Außenpolitik und internationale Beziehungen,,,Gegen die Stimmen der Linksfraktion hat der Bundestag eine Verlängerung des Bundeswehreinsatzes in Darfur beschlossen.
1078,2014-11-13,Lockerung des Kooperationsverbotes von Bund und Ländern bei der Hochschulfinanzierung,"Bildung und Erziehung|Haushalt|Politisches Leben, Parteien",,,"Mit den Stimmen von Union und SPD hat der Bundestag das Kooperationsverbot von Bund und Ländern bei der Hochschulfinanzierung gelockert. Die Linke stimmte gegen den Antrag, die Grünen enthielten sich."
1079,2014-11-13,Fortsetzung des Bundeswehreinsatzes im Südsudan (2014),Verteidigung,,,"Union, SPD und Grüne haben eine Verlängerung des Bundeswehreinsatzes im Südsudan beschlossen. Die Linke stimmte als einzige Fraktion mit Nein."
1080,2014-11-28,Bundeshaushaltsplan 2015,"Öffentliche Finanzen, Steuern und Abgaben|Haushalt",,,Mit den Stimmen der Regierungskoalition hat der Bundestag den Bundeshaushalt 2015 beschlossen. Die Opposition aus Linke und den Grünen stimmten gegen den Entwurf der Regierungskoalition.
865,2014-12-18,Stärkung der Unabhängigkeit der Datenschutzaufsicht,"Europapolitik und Europäische Union|Medien, Kommunikation und Informationstechnik|Recht",,,Stärkung der Unabhängigkeit der Datenschutzaufsicht im Bund durch Errichtung einer obersten Bundesbehörde.
1083,2014-12-18,Fortsetzung des Bundeswehreinsatzes im Mittelmeer (ACTIVE ENDEAVOUR) (2014),Verteidigung,,,Der Bundestag hat eine Verlängerung des Bundeswehreinsatzes im Rahmen der Mittelmeeroperation Active Endeavour beschlossen.
1082,2014-12-19,Bundeswehreinsatz in Afghanistan (2014),Verteidigung,,,Der Bundestag hat grünes Licht für den Afghanistaneinsatz der Bundeswehr gegeben.
1084,2015-01-29,Bundeswehreinsatz zur Luftüberwachung in der Türkei (2015),Verteidigung,,,Der Bundestag hat die Beteiligung der Bundeswehr an einer NATO-Operation zum Schutz der türkischen Bevölkerung gegen mögliche syrische Angriffe beschlossen.
1085,2015-01-29,Ausbildungsunterstützungseinsatz Kurdistan-Irak (2015),Außenpolitik und internationale Beziehungen|Verteidigung,,,"Der Bundestag hat dem Ausbildungsunterstützungseinsatz in der Region Kurdistan-Irak, der sich gegen den IS richtet, zugestimmt."
1087,2015-02-26,Verlängerung des Bundeswehreinsatzes in Mali (EUTM Mali) (2015),Außenpolitik und internationale Beziehungen,,,"Mit den Stimmen von CDU/CSU, SPD und Grünen wird der Bundeswehreinsatz in Mali um weitere 15 Monate verlängert. Die Linke stimmt geschlossen dagegen."
1086,2015-02-27,Finanzhilfen für Griechenland 2015,Außenpolitik und internationale Beziehungen|Europapolitik und Europäische Union|Finanzen,,,Der Bundestag hat der Verlängerung der Stabilitätshilfe für Griechenland bis Ende Juni 2015 mit deutlicher Mehrheit zugestimmt.
1090,2015-03-26,Private- und kommunale Holzvermarktung auf Landesebene erlauben,Umwelt|Naturschutz,,,Die Grünen kritisieren unnötige Kartellverfahren gegen Baden-Württemberg in Bezug auf die staatliche Holzvermarktung. Der Antrag wurde abgelehnt.
1088,2015-03-27,PKW-Maut,Finanzen|Verkehr,,,Der Bundestag hat mit den Stimmen von Union und SPD für die Einführung der umstrittenen PKW-Maut gestimmt. Kanzlerin Merkel hatte diese im Wahlkampf zunächst kategorisch ausgeschlossen.
1089,2015-03-27,Für eine nachhaltigere Liegenschaftspolitik des Bundes,"Raumordnung, Bau- und Wohnungswesen|Soziale Sicherung|Naturschutz",,,"Die Grünen sind mit einem Antrag gescheitert, in dem die Bundesregierung aufgefordert wird, eine nachhaltige und zukunftsweisende Liegenschaftspolitik zu fördern."
1091,2015-05-21,Verlängerung Bundeswehreinsatz Liberia (2015),Außenpolitik und internationale Beziehungen,,,Auf Antrag der Bundesregierung hat der Deutsche Bundestag der Verlängerung der Beteiligung bewaffneter deutscher Streitkräfte an der UN-geführten Militärmission in Liberia (UNMIL) zugestimmt.
1092,2015-05-21,Verlängerung Bundeswehreinsatz Somalia (Operation Atalanta) (2015),Verteidigung,,,"Mit den Stimmen von Union und SPD hat sich der Bundestag mehrheitlich für eine Verlängerung des Anti-Piraterieeinsatzes vor der Küste Somalias ausgesprochen. Die Linksfraktion stimmte geschlossen mit Nein, die Grünen enthielten sich mehrheitlich."
1093,2015-05-22,Beschluss des Tarifeinheitsgesetzes,Arbeit und Beschäftigung,,,Mit den Stimmen der Koalitionsfraktionen hat der Bundestag das umstrittene Tarifeinheitsgesetz beschlossen. Gegenstimmen kamen allerdings auch aus den Reihen von Union und SPD.
1096,2015-06-18,Rückwirkende Erhöhung von Kinderfreibetrag und Kindergeld,Familie|Jugend,,,"Union und SPD haben einen Änderungsantrag der Grünen abgelehnt, in dem eine rückwirkende Erhöhung des Kinderfreibetrages sowie des Kindergeldes gefordert wird. Lediglich die Linksfraktion schloss sich der Grünen-Forderung an."
1094,2015-06-19,Verlängerung Bundeswehreinsatz Libanon (UNIFIL) (2015),Außenpolitik und internationale Beziehungen,,,Gegen die Stimmen der Linksfraktion hat der Bundestag eine Verlängerung des Bundeswehreinsatzes im Libanon beschlossen.
1095,2015-06-19,Verlängerung des Bundeswehreinsatzes in Kosovo (KFOR) (2015),Außenpolitik und internationale Beziehungen,,,Der Bundestag hat mit großer Mehrheit die Fortsetzung des Bundeswehreinsatzes im Kosovo beschlossen.
1097,2015-06-19,Verlängerung des Bundeswehreinsatzes in Mali (MINUSMA) (2015),Außenpolitik und internationale Beziehungen,,,Der Deutsche Bundestag hat eine Verlängerung des Bundeswehreinsatzes in Mali beschlossen. Die Beteiligung deutscher Streitkräfte an der Mission der Vereinten Nationen wird um ein Jahr verlängert.
1104,2015-07-02,Neubestimmung Bleiberecht und Aufenthaltsbeendigung für Flüchtlinge (Entschließungsantrag Die Linke),Migration und Aufenthaltsrecht|Familie,,,"Der Bundestag hat sich gegen einen Entschließungsantrag der Linken ausgesprochen, in dem die Fraktion eine grundlegende Öffnung des Aufenthalt- und Asylrechts fordert."
1105,2015-07-02,Neubausubventionen für Atomkraftwerke in der EU verhindern,Energie|Umwelt,,,"Der Antrag der Linken an die Bundesregierung, rechtlich gegen einen EU-Beschluss zur staatlichen Subventionierung des britischen Atomkraftwerkes Hickley Point C vorzugehen, wurde mit den Stimmen der CDU und SPD abgelehnt."
1103,2015-07-17,Verhandlungsmandat für Griechenland-Finanzhilfen,Europapolitik und Europäische Union|Geschäftsordnung,,,"Der Deutsche Bundestag hat die Bundesregierung autorisiert, Verhandlungen über ein drittes Hilfspaket für Griechenland aufzunehmen. Im Regierungslager gab es zahlreiche Gegenstimmen."
1106,2015-08-19,Gewährung eines 86 Mrd. Euro Kreditpakets für Griechenland,Außenpolitik und internationale Beziehungen|Europapolitik und Europäische Union|Finanzen,,,Mit großer Mehrheit hat sich der Deutsche Bundestag für die Gewährung eines 86 Mrd. Euro-Kreditpakets für Griechenland ausgesprochen. Aus den Reihen der Union gab es 63 Nein-Stimmen.
1143,2015-10-01,Bundeswehreinsatz zur Bekämpfung von Menschenschmuggel im Mittelmeer (EUNAFOR MED) (2015),Verteidigung,,,Mit den Stimmen der Großen Koalition hat der Bundestag die Beteiligung der Bundeswehr an einer EU-Operation im Mittelmeer beschlossen. Deren Ziel ist die Bekämpfung des Menschenschmuggels.
1144,2015-10-15,Verschärfung des Asylrechts (Asylpaket I),Außenpolitik und internationale Beziehungen|Migration und Aufenthaltsrecht|Menschenrechte,,,"Gegen die Stimmen der Opposition hat der Bundestag eine Verschärfung des Asylrechts beschlossen. Das Gesetzespaket sieht u.a. vor, drei weitere Balkan-Länder als ""sichere Herkunftsstaaten"" einzustufen."
1145,2015-10-16,Wiedereinführung der Vorratsdatenspeicherung (2015),Innere Sicherheit,,,Union und SPD haben im Eilverfahren die Wiedereinführung der umstrittenen Vorratsdatenspeicherung beschlossen. Linke und Grüne stimmten gegen den Antrag.
1142,2015-11-06,Verbot von geschäftsmäßiger Sterbehilfe,Gesundheit,,,Mit einer fraktionsübergreifenden Mehrheit hat der Bundestag ein Verbot von geschäftsmäßiger Sterbehilfe beschlossen. Bei der Abstimmung war die Fraktionsdisziplin aufgehoben.
1147,2015-11-12,Verlängerung des Bundeswehreinsatzes im Südsudan (UNMISS) (2016),Außenpolitik und internationale Beziehungen,,,Mit den Stimmen der Großen Koalition sowie der Grünen-Fraktion hat der Bundestag das Bundeswehr-Mandat für den Einsatz im Südsudan verlängert.
1148,2015-11-12,Verlängerung Bundeswehr-Einsatz in Darfur (UNAMID) (2015),Außenpolitik und internationale Beziehungen,,,"Mit großer Mehrheit hat der Bundestag beschlossen, die Teilnahme von bis zu 50 Soldatinnen und Soldaten an der UN-Mission UNAMID in der Krisenregion Darfur zu verlängern."
1150,2015-12-03,Umsetzung Aktionsprogramm Klimaschutz 2020,Umwelt,,,"Union und SPD haben mit ihrer Parlamentsmehrheit einen Entschließungsantrag der Grünen zur Umsetzung des ""Aktionsprogramm Klimaschutz 2020"" abgelehnt."
1149,2015-12-04,Bundeswehreinsatz gegen den IS in Syrien (2015),Verteidigung,,,Mit den Stimmen der Regierungsfraktionen hat der Bundestag dem Einsatz deutscher Streitkräfte gegen die Terrormiliz IS in Syrien zugestimmt. Bis zu 1.200 Soldatinnen und Soldaten der Bundeswehr sollen sich an dem Einsatz beteiligen.
1146,2015-12-17,Verlängerung des Afghanistan-Einsatzes der Bundeswehr (2016),Außenpolitik und internationale Beziehungen,,,Der Deutsche Bundestag hat den Abzug der Bundeswehr aus Afghanistan gestoppt und das Kontingent statt dessen aufgestockt. Die Soldatinnen und Soldaten sollen u.a. die afghanischen Sicherheitskräfte ausbilden und beraten.
1151,2015-12-17,Verlängerung des Bundeswehreinsatzes im Mittelmeer (OAE) (2016),Außenpolitik und internationale Beziehungen,,,Der Bundestag hat mehrheitlich die Fortsetzung des Bundeswehreinsatzes im Mittelmeer zur Terrorismusabwehr beschlossen. Hierbei werden bis zu 500 Soldatinnen und Soldaten eingesetzt.
1152,2016-01-28,2016: Verlängerung des Bundeswehreinsatzes in Mali (MINUSMA),Humanitäre Hilfe|Verteidigung,,,Mit großer Mehrheit hat der Bundestag die Fortsetzung des Bundeswehreinsatzes in Mali beschlossen. Einzig die Linksfraktion stimmte geschlossen dagegen.
1153,2016-01-28,Verlängerung des Bundeswehreinsatzes in Nord-Irak (2016),Außenpolitik und internationale Beziehungen,,,"Mit den Stimmen von Union und SPD hat der Bundestag eine Verlängerung des Bundeswehrmandats in Nord-Irak beschlossen. Die Linksfraktion stimmte geschlossen gegen den Antrag, die Grünen enthielten sich mehrheitlich."
1156,2016-02-17,Verlängerung des Bundeswehreinsatzes in Somalia (EUTM) (2016),Außenpolitik und internationale Beziehungen,,,Mit der Regierungsmehrheit hat der Bundestag die Fortsetzung des Bundeswehreinsatzes in Somalia beschlossen. Grüne und Linke stimmten geschlossen gegen den Antrag.
1154,2016-02-25,Verschärfung des Asylrechts (Asylpaket II),Außenpolitik und internationale Beziehungen|Migration und Aufenthaltsrecht|Menschenrechte,,,"Mit den Stimmen von Union und SPD hat der Bundestag eine Verschärfung des Asylrechts beschlossen. Linke und Grüne stimmten gegen das sog. Asylpaket II, ebenso wie 30 SPD-Abgeordnete und ein Parlamentarier der CDU*."
1155,2016-02-25,Neuzulassung von Glyphosat verhindern,Verbraucherschutz|Umwelt|Naturschutz,,,"Die Grünen sind mit ihrem Antrag gescheitert, die Neuzulassung des umstrittenen Unkrautvernichtungsmittels Glyphosat zu verhindern. Unterstützt wurde der Antrag von der Linksfraktion, dagegen stimmten CDU/CSU und SPD."
1157,2016-04-13,Bekämpfung von Korruption im Gesundheitswesen,Gesundheit|Recht|Wirtschaft,,,Der Gesetzentwurf der Bundesregierung soll strafrechtliche Lücken bei der Bekämpfung von Korruption im Gesundheitswesen schließen. Er wurde mit der Mehrheit der Regierungskoalition angenommen.
1158,2016-04-28,Grundsätzliches Fracking-Verbot,Energie|Naturschutz|Wirtschaft,,,Einen Gesetzentwurf der Grünen für ein Verbot der umstrittenen Fracking-Methode haben CDU/CSU und SPD mehrheitlich abgelehnt. Fünf Unions- sowie ein SPD-Politiker stimmten mit der Opposition.
1159,2016-05-12,Verlängerung des Bundeswehreinsatzes in Mali (2016),Außenpolitik und internationale Beziehungen,,,Der Antrag der Bundesregierung zur Verlängerung des Bundeswehreinsatzes in Mali bis längstens 31. Mai 2017 wurde mit großer Mehrheit der Stimmen angenommen.
1160,2016-05-12,Verlängerung des Bundeswehreinsatzes in Somalia (Atalanta) (2016),Außenpolitik und internationale Beziehungen,,,Der Antrag der Bundesregierung zur Verlängerung des Einsatzes in Somalia bis längstens 31. Mai 2017 wurde mit einer großen Mehrheit der Stimmen angenommen.
1453,2016-05-12,Höhere Regionalisierungsmittel für den Bahnverkehr,Verkehr,,,"Mit den Stimmen der Regierungskoalition hat der Bundestag einen Linken-Antrag abgelehnt, mit dem die Oppositionsfraktion mehr Geld für den Bahnverkehr fordert."
1161,2016-05-13,"Einstufung von Algerien, Marokko und Tunesien als sichere Herkunftsstaaten (2016)",Migration und Aufenthaltsrecht,,,"Mit den Stimmen von Union und SPD hat der Bundestag eine Einstufung von Algerien, Marokko und Tunesien als sichere Herkunftsstaaten beschlossen. Linke und Grüne stimmten gegen den Antrag."
1162,2016-06-23,Verlängerung des Bundeswehreinsatzes im Libanon (UNIFIL) (2016),Außenpolitik und internationale Beziehungen,,,Mit den Stimmen der Regierungskoalition und der Grünen wurde der Antrag der Bundesregierung angenommen. Die Linksfraktion stimmte dagegen.
1165,2016-06-23,Verlängerung des Bundeswehreinsatzes im Kosovo (KFOR) (2016),Außenpolitik und internationale Beziehungen,,,Mit großer Mehrheit hat der Bundestag erneut die einjährige Verlängerung des KFOR-Einsatzes beschlossen. Lediglich die Linke stimmte geschlossen gegen den Antrag.
1163,2016-06-24,Fracking-Neuregelung: Verbot von unkonventionellem Fracking,Energie|Naturschutz|Wirtschaft,,,"Der Bundestag hat unkonventionelles Fracking, wie es u.a. in den USA praktiziert wird, im Grundsatz verboten. Nach Ansicht der Opposition geht das Gesetz jedoch nicht weit genug."
1164,2016-06-24,Erbschaftssteuerreform bzg. Firmenerbe,"Öffentliche Finanzen, Steuern und Abgaben|Wirtschaft",,,Union und SPD haben mit ihrer Parlamentsmehrheit eine Reform der Erbschaftssteuer beschlossen. Eine Neuregelung war durch ein Urteil des Bundesverfassungsgerichtes notwendig geworden.
1166,2016-07-07,Reform des Sexualstrafrechts (Nein heißt Nein),Frauen|Menschenrechte,,,"Der Bundestag eine Reform des Sexualstrafrechts beschlossen. Künftig gilt der Grundsatz ""Nein heißt Nein""."
1167,2016-07-08,Reform des Erneuerbare-Energien-Gesetzes (EEG),Energie|Verbraucherschutz|Umwelt,,,Der Bundestag hat mit den Stimmen der Regierungsfraktionen eine Reform des Erneuerbare-Energien-Gesetzes (EEG) beschlossen. Nicht alle Abgeordneten von Union und SPD stimmten für den Antrag.
1196,2016-09-22,CETA weiterverfolgen,Außenwirtschaft|Wirtschaft,,,"Der Bundestag hat den Beschluss des Rates der Europäischen Union, das umstrittene Freihandelsabkommen CETA weiterzuverfolgen, mit den Stimmen der Regierungsfraktionen angenommen."
1195,2016-09-29,Bundeswehrbeteiligung an NATO-Operation SEA GUARDIAN (2016),Verteidigung,,,Der Bundestag hat mit 441 Ja-Stimmen und 117 Nein-Stimmen die Beteiligung der Bundeswehr an einer NATO-geführten Operation im Mittelmeer beschlossen.
1197,2016-09-29,Mietrechtsreform 2016,"Raumordnung, Bau- und Wohnungswesen|Verbraucherschutz",,,"Die Forderung der Linksfraktion an die Bundesregierung, ein zweites Reformpaket zum Schutz der Mieterinnen und Mieter vorzulegen, wurde mehrheitlich abgelehnt."
1198,2016-09-29,Privatisierung von Bundesliegenschaften stoppen,"Raumordnung, Bau- und Wohnungswesen",,,Der Antrag der Fraktion DIE LINKE. wurde mehrheitlich abgelehnt.
1200,2016-11-10,Einsatz deutscher Streitkräfte gegen den IS in Syrien (2016),Verteidigung,,,Mit den Stimmen der Regierungskoalition hat der Bundestag ein Fortsetzung des Bundeswehreinsatzes gegen die Terrormiliz IS beschlossen.
1199,2016-11-11,Arzneimittelreform,"Gesundheit|Wissenschaft, Forschung und Technologie|Forschung",,,Der Bundestag hat eine ethisch und rechtlich umstrittene Arzneimittelreform beschlossen. Dabei geht es u.a. um die Forschung an Patienten wie beispielsweise Demenzkranken.
1201,2016-11-25,Haushalt 2017,Finanzen,,,Mit den Stimmen der Regierungskoalition hat der Bundestag für das Haushaltsgesetz 2017 gestimmt.
1202,2016-12-01,Anpassung des Seefischereigesetzes an das EU-Recht,Umwelt|Naturschutz|Wirtschaft,,,Der Deutsche Bundestag hat ohne Gegenstimmen das Gesetz zur Änderung des Seefischereigesetzes beschlossen. Ziel war die Anpassung an das EU-Recht. B90/Die Grünen und Die Linke enthielten sich.
1203,2016-12-01,Aktualisierung des Regelbedarfs und der Regelbedarfsstufen,Recht|Soziale Sicherung,"Ausschuss für Arbeit und Soziales|Ausschuss für Familie, Senioren, Frauen und Jugend",,Mit den Stimmen der Großen Koalition hat der Bundestag einen Gesetzentwurf zur Ermittlung von Regelbedarfen angenommen. Mit der Annahme geht eine Änderung des Zweiten und des Zwölften Buches Sozialgesetzbuch einher.
1204,2016-12-15,Gesetzesentwurf zur Verantwortung für die kerntechnische Entsorgung,Energie|Umwelt|Naturschutz,,,"Mit den Stimmen von Union, SPD und Grünen hat der Bundestag ein Gesetz zur Neuordnung der Verantwortung in der kerntechnischen Entsorgung angenommen."
1205,2016-12-15,Verlängerung des Bundeswehreinsatzes in Südsudan (2016),Außenpolitik und internationale Beziehungen,,,Der Bundestag hat dem Antrag der Bundesregierung zur Fortsetzung der Beteiligung deutscher Streitkräfte an der von den Vereinten Nationen geführten Friedensmission in Südsudan mehrheitlich zugestimmt. Das neue Mandat gilt für ein Jahr.
1206,2016-12-15,Verlängerung des Bundeswehreinsatzes in Darfur (2016),Außenpolitik und internationale Beziehungen,,,Der Bundestag hat dem Regierungsantrag zur Fortsetzung der Beteiligung deutscher Streitkräfte an an der UN-Mission in Dafur zugestimmt. Das Mandat läuft bis zum 31. Dezember 2017.
1207,2016-12-15,Gesetz zur Bekämpfung der Schwarzarbeit,Arbeit und Beschäftigung|Recht,,,"Der Bundestag hat mit den Stimmen von Union, SPD und Grünen einem Gesetz zur Stärkung der Bekämpfung von Schwarzarbeit und illegalen Beschäftigungen beschlossen."
1208,2016-12-15,Verlängerung des Bundeswehreinsatz in Afghanistan (2016),Außenpolitik und internationale Beziehungen,,,Der Bundestag hat einem Antrag der Bundesregierung zur Fortsetzung des Bundeswehreinsatzes in Afghanistan zugestimmt. Das Mandat läuft bis zum 31. Dezember 2017.
1194,2017-01-19,Antrag auf Verkauf des Dragoner-Areals,"Raumordnung, Bau- und Wohnungswesen",,,Den Antrag der Linksfraktion zum Verkauf des Dragoner-Areals an das Land Berlin wurde mit den Stimmen der SPD und CDU/CSU abgelehnt.
1209,2017-01-19,Angleichung der Rentenansprüche von DDR-Bergleuten,Senioren|Deutsche Einheit / Innerdeutsche Beziehungen (bis 1990)|Soziale Sicherung,,,Der Antrag der Linken zur Anpassung der Regelung der Rentenansprüche von Bergleuten aus der DDR wurde mit den Stimmen der Regierungsfraktionen bei Enthaltung der Grünen abgelehnt.
1210,2017-01-19,Angleichung der Rentenansprüche von DDR-Krankenschwestern,Senioren|Deutsche Einheit / Innerdeutsche Beziehungen (bis 1990)|Soziale Sicherung,,,"Die Linksfraktion ist mit einem Antrag gescheitert, der die Rentenangleichung von Krankenschwestern aus der ehemaligen DDR vorsah."
1211,2017-01-26,Fortsetzung des Bundeswehreinsatzes in Mali,Verteidigung,,,Der Bundestag hat eine Ausweitung des Bundeswehreinsatzes in Mali beschlossen. Als einzige Fraktion stimmte die Linke geschlossen gegen den Regierungsantrag.
1212,2017-01-26,Fortsetzung der Ausbildungsunterstützung im Irak (2017),Außenpolitik und internationale Beziehungen|Verteidigung,,,Der Bundestag hat die Fortsetzung der Ausbildungsunterstützung im Irak beschlossen. Die Linke stimmte als einzige Fraktion geschlossen gegen den Antrag.
1218,2017-03-09,Verbesserung der Mietpreisbremse,"Gesellschaftspolitik, soziale Gruppen|Raumordnung, Bau- und Wohnungswesen|Recht",,,"Die Linksfraktion ist mit einem Antrag zur Ausgestaltung der Mietpreisbremse gescheitert. Mit dem Antrag sollte die Mietpreisbremse u.a. auf das gesamte Bundesgebiet ausgedehnt werden, außerdem sollten bei Verstößen durch Vermieter Sanktionen erfolgen."
1219,2017-03-09,Keine Erhöhung der Verteidigungsausgaben auf 2 Prozent des BIP,"Öffentliche Finanzen, Steuern und Abgaben|Haushalt|Verteidigung",,,"Die Linksfraktion ist mit ihrem Antrag gescheitert, in dem sie sich gegen die Erhöhung der Verteidigungsausgaben auf 2 Prozent des Bruttoinlandsproduktes ausspricht. Dieses mittelfristige Ziel hat die NATO kürzlich beschlossen."
1220,2017-03-24,Anpassung der PKW-Maut,"Öffentliche Finanzen, Steuern und Abgaben|Verkehr|Wirtschaft",,,Der Bundestag hat die Regierungsentwürfe zur Änderung an der sogenannten PKW-Maut mit den Stimmen der Koalitionsfraktionen angenommen.
1221,2017-03-30,Bundeswehreinsatz in Somalia (EUTM) (2017),Verteidigung,,,Der Bundestag hat die Verlängerung des Somalia-Einsatzes um ein weiteres Jahr beschlossen. Grüne und Linke stimmten geschlossen gegen den Regierungsentwurf.
1222,2017-03-30,Einführung eines Verbandsklagerechts im Lohngerechtigkeitsgesetz,Arbeit und Beschäftigung|Frauen|Recht,,,"Die Grünen sind mit ihrem Änderungsantrag gescheitert, durch den ein Verbandsklagerecht im Lohngerechtigkeitsgesetz eingeführt werden solle. Auch zwei weitere Änderungsanträge der Oppositionsfraktion wurden in diesem Zusammenhang von der Regierungsmehrheit abgelehnt."
1223,2017-05-18,Verlängerung des Bundeswehreinsatzes in Mali (EUTM) (2017),Außenpolitik und internationale Beziehungen,,,"Mit den Stimmen von Union, SPD und Grünen hat das Parlament den Bundeswehreinsatz in Mali um ein weiteres Jahr verlängert."
1224,2017-05-18,Verlängerung des Bundeswehreinsatzes in Somalia (Atalanta) (2017),Außenpolitik und internationale Beziehungen,,,Die Bundeswehr wird sich für weitere zwölf Monate an der Bekämpfung der Piraterie vor der Küste Somalias beteiligen. Das hat der Bundestag beschlossen.
1217,2017-06-01,Schaffung einer zentralen Gesellschaft für Autobahnen und Bundesstraßen,Verkehr|Wirtschaft,,,Der Bundestag hat mit einer 2/3-Mehrheit die Schaffung einer Infrastrukturgesellschaft ab 2020 beschlossen. Kritiker befürchten dadurch eine Privatisierung von Autobahnen durch die Hintertür - die Regierungskoalition weist dies zurück.
1225,2017-06-01,Neuregelung des bundesstaatlichen Finanzausgleichs,"Öffentliche Finanzen, Steuern und Abgaben|Finanzen|Haushalt",,,"Das Gesetzespaket, mit dem der bundesstaatliche Finanzausgleich neugeregelt wurde, umfasste mehrere Grundgesetzänderungen. Hierfür war eine 2/3-Mehrheit des Bundestages erforderlich."
1226,2017-06-01,Vorläufiger Abschiebestopp nach Afghanistan,Migration und Aufenthaltsrecht|Humanitäre Hilfe|Menschenrechte,,,Die Regierungskoalition hat einen vorläufigen Abschiebestopp nach Afghanistan beschlossen. Den Oppositionsfraktionen ging der Beschluss nicht weit genug - sie stimmten deswegen geschlossen mit Nein.
1227,2017-06-08,Rentenüberleitungsgesetz,Senioren|Deutsche Einheit / Innerdeutsche Beziehungen (bis 1990)|Soziale Sicherung,,,"Mit den Stimmen der Union und SPD hat das Parlament den Gesetzentwurf der Bundesregierung zur Rentenangleichung beschlossen. Die Linksfraktion enthielt sich der Stimme, die Abgeordneten der Grünen votierten mit Nein."
1228,2017-06-21,Verlegung der Bundeswehr aus der Türkei nach Jordanien,Außenpolitik und internationale Beziehungen|Verteidigung,,,Der Bundestag hat mit den Stimmen von Union und SPD eine Verlegung des Bundeswehrkontingents aus dem türkischen Incirlik nach Al Azraq in Jordanien beschlossen. Linke und Grüne stimmten mehrheitlich dagegen.
1230,2017-06-22,Verlängerung des Bundeswehreinsatzes im Kosovo (KFOR) (2017),Außenpolitik und internationale Beziehungen|Verteidigung,,,Die Bundeswehr wird für weitere zwölf Monate im Kosovo stationiert sein. Dies beschloss der Bundestag mit den Stimmen der Regierungskoalition und den Grünen. Die Linksfraktion stimmte geschlossen gegen die Verlängerung.
1231,2017-06-22,Ausschluss extremistischer Parteien von der Parteienfinanzierung,"Öffentliche Finanzen, Steuern und Abgaben|Finanzen|Politisches Leben, Parteien",,,Mit einer 2/3 Mehrheit beschloss der Bundestag eine Änderung des Grundgesetzes. Dadurch werden extremistische Parteien künftig von der staatlichen Parteienfinanzierung ausgeschlossen.
1229,2017-06-23,Abschaffung der sachgrundlosen Befristung,Arbeit und Beschäftigung|Recht,Ausschuss für Arbeit und Soziales,,"Der Bundestag hat einen Antrag der Linken zur Abschaffung der sachgrundlosen Befristung von Arbeitsverträgen mehrheitlich abgelehnt. Die Regierungskoalition stimmte mit Nein, die Grünen enthielten sich der Stimme."
1233,2017-06-29,Verlängerung des Bundeswehreinsatzes im Mittelmeer (EUNAVFOR MED) (2017),Außenpolitik und internationale Beziehungen,,,Gegen die Stimmen der Opposition hat der Bundestag die Verlängerung des Bundeswehreinsatzes im Mittelmeer um ein weiteres Jahr beschlossen.
1234,2017-06-29,Verlängerung des Bundeswehreinsatzes im Libanon (UNIFIL) (2017),Außenpolitik und internationale Beziehungen,,,Gegen die Stimmen der Linksfraktion hat der Bundestag den Einsatz der Bundeswehr im Libanon verlängert.
1232,2017-06-30,Ehe für Alle,"Gesellschaftspolitik, soziale Gruppen",,,"In einer Abstimmung ohne Fraktionsdisziplin hat der Bundestag mit den Stimmen von SPD, Linken und Grünen sowie mehreren Unions-Abgeordneten die sogenannte Ehe für Alle beschlossen."
1237,2017-12-12,Verlängerung Ausbildungsfortsetzung Irak,Außenpolitik und internationale Beziehungen|Verteidigung,,,"Der Bundestag hat der Verlängerung der Ausbildungsunterstützung im Irak mit den Stimmen von CDU/CSU, FDP und der Mehrheit der SPD zugestimmt."
1240,2017-12-12,Verlängerung des Bundeswehreinsatzes in Mali (MINUSMA 2017/2018),Außenpolitik und internationale Beziehungen|Verteidigung,,,"Der Bundestag hat mit den Stimmen von CDU/CSU, FDP, Grüne und SPD für die Einsatzverlängerung der Bundeswehr der NATO-Mission MINUSMA gestimmt."
1241,2017-12-12,Verlängerung der Bundeswehrbeteiligung an NATO-Operation SEA GUARDIAN (2017),Außenpolitik und internationale Beziehungen|Verteidigung,,,Der Bundestag hat mit 530 Ja-Stimmen und 137 Nein-Stimmen die Einsatzverlängerung der Bundeswehr an der NATO-geführten Operation SEA GUARDIAN im Mittelmeer beschlossen.
1244,2017-12-12,Einsatz deutscher Streitkräfte gegen den IS in Syrien (2017),Außenpolitik und internationale Beziehungen|Verteidigung,,,Mit den Stimmen der Regierungskoalition hat der Bundestag ein Fortsetzung des Bundeswehreinsatzes gegen die Terrormiliz IS beschlossen.
1245,2017-12-12, Verlängerung des Bundeswehreinsatzes in Afghanistan (2017),Außenpolitik und internationale Beziehungen|Verteidigung,,,Der Bundestag hat einem Antrag der Bundesregierung zur Fortsetzung des Bundeswehreinsatzes in Afghanistan zugestimmt. Das Mandat läuft bis zum 31. März 2018.
1238,2017-12-13,Verlängerung des Bundeswehreinsatzes im Südsudan (UNMISS 2017),Außenpolitik und internationale Beziehungen|Verteidigung,,,"Der Bundestag hat die Einsatzverlängerung der Bundeswehr im Südsudan mit Stimmen der CDU/CSU, SPD, FDP und Grünen angenommen."
1239,2017-12-13,Verlängerung des Darfur-Einsatzes (UNAMID 2017),Außenpolitik und internationale Beziehungen|Verteidigung,,,"Mit den Stimmen von CDU/CSU, SPD, AfD, FDP und Grünen hat der Bundestag der Einsatzverlängerung der Bundeswehr in der Region Darfur zugestimmt."
1246,2017-12-13,Diätenanpassung der Abgeordneten,"Bundestag|Politisches Leben, Parteien",,,"Der Bundestag hat dem von CDU/CSU, SPD und FDP eingereichten Antrag zur automatischen Anpassung der Abgeordnetendiäten zugestimmt."
1261,2018-02-01,Gesetzesentwurf der Union zum Familiennachzug,Außenpolitik und internationale Beziehungen|Migration und Aufenthaltsrecht,,http://dip21.bundestag.de/dip21/btd/19/002/1900241.pdf,"Der Bundestag hat den Gesetzesentwurf der CDU/CSU-Fraktion zur Verlängerung der Aussetzung des Familiennachzugs subsidiärer geschützter Personen mit den Stimmen von CDU/CSU und SPD angenommen. Zu dem Thema Familiennachzug gab es ebenfalls Gesetzesentwürfe von LINKEN , AfD , FDP und GRÜNEN . Neben diesem Gesetzesentwurf der Union wurde auch über die der Fraktion DIE LINKEN und der AfD namentlich abgestimmt wurde."
1262,2018-02-01,Gesetzesentwurf der Linksfraktion zum Familiennachzug,Außenpolitik und internationale Beziehungen|Migration und Aufenthaltsrecht,,http://dip21.bundestag.de/dip21/btd/19/002/1900241.pdf,"Der Gesetzesentwurf der Linksfraktion sieht vor, die Aussetzung des Familiennachzugs bei subsidiär Schutzberechtigten Geflüchteten mit sofortiger Wirkung aufzuheben. Der Antrag wurde mit 123 zu 554 Stimmen abgelehnt. Zu dem Thema Familiennachzug gab es ebenfalls Gesetzesentwürfe von CDU/CSU , AfD , FDP und GRÜNEN . Neben diesem Gesetzesentwurf der Linksfraktion wurde auch über die der CDU/CSU und der AfD namentlich abgestimmt."
1263,2018-02-01,Gesetzesentwurf der AfD zum Familiennachzug,Migration und Aufenthaltsrecht,,http://dip.bundestag.de/btd/19/001/1900182.pdf,"Der Gesetzesentwurf der AfD zum Familiennachzug subsidiär geschützter Personen wurde mit den Stimmen von CDU/CSU, SPD, Grüne, Linke und FDP abgelehnt. Zu dem Thema Familiennachzug gab es ebenfalls Gesetzesentwürfe von CDU/CSU , LINKEN , FDP und GRÜNEN . Neben diesem Gesetzesentwurf der AfD wurde auch über die der Fraktion DIE LINKE und der CDU/CSU namentlich abgestimmt."
1279,2018-02-22,Antrag auf inhaltliche Distanzierung des Bundestages von Deniz Yücel,"Außenpolitik und internationale Beziehungen|Kultur|Politisches Leben, Parteien",,http://dip21.bundestag.de/dip21/btd/19/008/1900846.pdf,"Der Antrag der AfD-Fraktion, der Bundestag solle dem Journalisten Deniz Yücel öffentliche Missbilligung aussprechen, wurde von allen übrigen Fraktionen abgelehnt."
1282,2018-03-16,Verstärkung der Grenzkontrollen,Migration und Aufenthaltsrecht|Europapolitik und Europäische Union|Innere Sicherheit,Ausschuss für Inneres und Heimat,http://dip21.bundestag.de/dip21/btd/19/008/1900862.pdf,"Der Bundestag hat über die Beschlussempfehlung des Innenausschusses zum Antrag der AfD über strengere Grenzkontrollen abgestimmt, welche dazu rät den Antrag abzulehnen. Die Beschlussempfehlung wurde angenommen - und somit der AfD-Antrag abgelehnt mit den Stimmen von CDU/CSU, SPD, mehrheitlich FDP, LINKE und GRÜNE. Drei CDU-Abgeordnete enthielten sich ihrer Stimme."
1283,2018-03-22,Anti-IS-Einsatz der Bundeswehr im Irak,Außenpolitik und internationale Beziehungen|Verteidigung,Auswärtiger Ausschuss,http://dip21.bundestag.de/dip21/btd/19/013/1901300.pdf,Der Bundestag hat die Beschlussempfehlung des Auswärtigen Ausschusses und damit auch den Antrag der Bundesregierung Anti-IS-Einsatz der Bundeswehr im Irak mit den Stimmen von CDU/CSU und mehrheitlich der SPD angenommen.
1284,2018-03-22,Ausweitung des Ausbildungseinsatzes der Bundeswehr in Afghanistan,Außenpolitik und internationale Beziehungen|Verteidigung,Auswärtiger Ausschuss,http://dip21.bundestag.de/dip21/btd/19/013/1901301.pdf,"Beschlussempfehlung des federführenden Auswärtigen Ausschusses und somit auch der Antrag der Bundesregierung zur Ausweitung des Ausbildungseinsatzes der Bundeswehr in Afghanistan wurde mit den Stimmen von CDU/CSU, FDP und mehrheitlich der SPD angenommen. Die AfD, die Linke und die beiden fraktionslosen Abgeordneten stimmten gegen die Beschlussempfehlung und damit auch gegen den Antrag. Das Abstimmverhalten der Grünen war sehr zersplittert."
1285,2018-03-22,Verlängerung des Bundeswehreinsatzes im Mittelmeer (SEA GUARDIAN 2018/2019),Außenpolitik und internationale Beziehungen|Verteidigung,Auswärtiger Ausschuss,http://dip.bundestag.de/btd/19/013/1901302.pdf,"Der Bundestag hat die Beschlussempfehlung des federführenden Auswärtigen Ausschusses und somit auch den Antrag der Bundesregierung zur Verlängerung des Bundeswehreinsatzes im Mittelmeer (SEA GUARDIAN 2018/2019) mit den Stimmen von CDU/CSU, FDP und mehrheitlich SPD angenommen. Die AfD, Linke, Grüne sowie 3 SPD-Abgeordnete und die beiden fraktionslosen Angeordneten stimmten gegen die Entschlussempfehlung und damit auch gegen den Antrag."
1286,2018-03-22,Verlängerung des Bundeswehreinsatzes in Darfur (UNAMID 2018/19),Außenpolitik und internationale Beziehungen|Verteidigung,Auswärtiger Ausschuss,http://dip21.bundestag.de/dip21/btd/19/013/1901304.pdf,"Die Beschlussempfehlung des federführenden Ausschusses und somit auch der Antrag der Bundesregierung zur Verlängerung des Bundeswehreinsatzes (UNAMID) in Darfur wurde mit den Stimmen von CDU/CSU, SPD, FDP und mehrheitlich der AfD und den Grünen angenommen. Die Linken stimmten dagegen."
1287,2018-03-22,Verlängerung des Bundeswehreinsatzes im Südsudan (UNMISS 2018/19),Außenpolitik und internationale Beziehungen|Verteidigung,Auswärtiger Ausschuss,http://dip21.bundestag.de/dip21/btd/19/013/1901303.pdf,"Der Bundestag hat die Beschlussempfehlung des Auswärtigen Ausschusses und damit auch den Antrag der Bundesregierung über die Verlängerung des Bundeswehreinsatzes in Südsudan mit den Stimmen von CDU/CSU, FDP und mehrheitlich der SPD angenommen."
1305,2018-04-26,Ausschluss der NPD von der Parteienfinanzierung,"Innere Sicherheit|Innere Angelegenheiten|Öffentliche Finanzen, Steuern und Abgaben|Politisches Leben, Parteien",,http://dip21.bundestag.de/dip21/btd/19/018/1901824.pdf,"Der Bundestag hat den Antrag von CDU/CSU, SPD und FDP mit den Stimmen der antragstellenden Fraktionen, Linken und Grünen sowie eines AfD-Abgeordneten zur Beantragung des Parteifinanzierungsausschlusss der NPD angenommen. Der Großteil der AfD-Fraktion sowie eine Grünen-Abgeordnete enthielten sich."
1306,2018-04-26,Verlängerung des Bundeswehreinsatzes in Mali (MINUSMA 2018/2019),Außenpolitik und internationale Beziehungen|Verteidigung,Auswärtiger Ausschuss,http://dip21.bundestag.de/dip21/btd/19/017/1901742.pdf,"Der Bundestag hat dem Antrag der Bundesregierung mit den Stimmen von CDU/CSU, FDP, Grüne und SPD für die Einsatzverlängerung der Bundeswehr der NATO-Mission MINUSMA zugestimmt. Die Fraktionen von Linke und AfD sowie die zwei Fraktionslosen stimmten dagegen."
1307,2018-04-26,Verlängerung des Bundeswehreinsatzes in Somalia (Atalanta 2018/2019),Verteidigung,Auswärtiger Ausschuss,http://dip21.bundestag.de/dip21/btd/19/018/1901833.pdf,"Der Bundestag hat mit den Stimmen von CDU/CSU, FDP und mehrheitlich SPD sowie AfD der Einsatzverlängerung Somalia (Atalanta) zugestimmt. Die Linke stimmte gegen den Antrag, die Grünen enthielten sich mehrheitlich. Somit wurde die Beschlussempfehlung des Auswärtigen Ausschusses angenommen, dem Antrag des Bundesregierung zuzustimmen."
1308,2018-04-26, Verlängerung des Bundeswehreinsatzes in Mali (EUTM) (2018/2019),Verteidigung,Auswärtiger Ausschuss,http://dip21.bundestag.de/dip21/btd/19/018/1901834.pdf,"Der Beschlussempfehlung des Auswärtigen Ausschusses, den Antrag der Bundesregierung auf Verlängerung des Bundeswehreinsatzes in Mali (EUTM) anzunehmen, stimmten CDU/CSU, FDP und mehrheitlich SPD und Grüne zu. Die Linke sowie die AfD stimmten gegen die Beschlussempfehlung."
1333,2018-05-17,Einspruch gegen den an Alice Weidel erteilten Ordnungsruf,Bundestag|Geschäftsordnung,,,"Der Bundestagspräsident Wolfgang Schäuble hat Alice Weidel gemäß §36 der Geschäftsordnung des Bundestages einen Ordnungsruf erteilt. Alice Weidels Einspruch wurde in namentlicher Abstimmung mit 549 zu 85 Stimmen abgelehnt. Die AfD-Fraktion stimmte diesem zu, alle anderen Fraktionen geschlossen dagegen. Die beiden fraktionslosen Abgeordneten enthielten sich bei dieser Abstimmung."
1354,2018-06-07,Verschärfung der Mietpreisbremse,"Raumordnung, Bau- und Wohnungswesen",Ausschuss für Recht und Verbraucherschutz,http://dip21.bundestag.de/dip21/btd/19/002/1900258.pdf,"Die Linksfraktion forderte in ihrem Gesetzentwurf , dass die sogenannte Mietpreisbremse in punkto Mietberechnung und Rügepflicht der Mieter bei unrechtmäßig erhöhter Miete abgeändert werden soll. Für den Gesetzentwurf stimmten die Grünen- und die Linksfraktion. Die Fraktionen SPD, CDU, FDP, AfD sowie die beiden fraktionslosen Abgeordneten stimmten dagegen, somit wurde dieser abgelehnt."
1506,2018-06-14,Verlängerung des Bundeswehreinsatzes im Kosovo (KFOR),Außenpolitik und internationale Beziehungen,,http://dip21.bundestag.de/dip21/btd/19/023/1902384.pdf,"Die Bundeswehr wird sich auch weiterhin an der internationalen Sicherheitspräsenz im Kosovo (KFOR) beteiligen. Der Antrag der Bundesregierung, die Bundeswehrpräsenz im Kosovo zu verlängern, wurde mit 508 Ja-Stimmen zu 136 Nein-Stimmen und 4 Enthaltungen angenommen. Union, SPD, FDP und Fraktionslose stimmten geschlossen für den Antrag. Die Grünen stimmten mehrheitlich für den Antrag. Die Abgeordneten der Linken stimmten geschlossen dagegen, ebenso die meisten Abgeordneten der AfD."
1508,2018-06-14, Verlängerung des Bundeswehreinsatzes im Mittelmeer (EUNAVFOR MED) (2018),Verteidigung,Auswärtiger Ausschuss,,"Gegen die Stimmen der Fraktionen AfD, BÜNDNIS 90/DIE GRÜNEN und DIE LINKE hat der Bundestag die Verlängerung des Bundeswehreinsatzes im Mittelmeer um ein weiteres Jahr beschlossen."
1509,2018-06-14, Verlängerung des Bundeswehreinsatzes im Libanon (UNIFIL) (2018),Außenpolitik und internationale Beziehungen,,http://dip21.bundestag.de/dip21/btd/19/023/1902383.pdf,"Die Bundesregierung beantragt die Fortsetzung der Beteiligung bewaffneter deutscher Streitkräfte an der „United Nations Interim Force in Lebanon“ (UNIFIL) bis Ende Juni 2019. Union, SPD, Grüne und Fraktionslose stimmten dem Antrag zu. Diesen 512 Ja-Stimmen standen 143 Nein-Stimmen der Linken und der AfD entgegen. 3 Abgeordnete enthielten sich ihrer Stimme. Der Antrag wurde somit angenommen."
1507,2018-06-15,Neuregelung des Familiennachzugs zu subsidiär Schutzberechtigten,Migration und Aufenthaltsrecht|Familie|Menschenrechte,,,Mit nahezu allen Stimmen der Regierungskoalition wurde der Gesetzentwurf mit 370 zu 279 Stimmen beschlossen. Die Oppositionsfraktionen stimmten geschlossen gegen den Entwurf.
1510,2018-06-15, Änderung des Parteiengesetzes (PartG),"Öffentliche Finanzen, Steuern und Abgaben|Politisches Leben, Parteien",,http://dip21.bundestag.de/dip21/btd/19/025/1902509.pdf,"Der Entwurf eines Gesetzes zur Änderung des Parteiengesetzes (PartG) wurde mit 371 zu 285 Stimmen angenommen. Während Union und SPD für den Entwurf stimmten, stimmten die Oppositionsfraktionen dagegen. Vier Abgeordnete der Regierungsfraktionen enthielten sich ihrer Stimme."
1524,2018-06-28,Abschaffung der Sanktionen bei Hartz IV und Sozialhilfe,Arbeit und Beschäftigung|Soziale Sicherung,Ausschuss für Arbeit und Soziales,http://dip21.bundestag.de/dip21/btd/19/001/1900103.pdf,"Die Linksfraktion fordert in ihrem Antrag die Bundesregierung auf, einen Gesetzesentwurf auszuarbeiten, um die Sanktionen bei Hartz IV und Leistungskürzungen bei Sozialhilfeempfang abzuschaffen. Der Ausschuss für Arbeit und Soziales hat dazu eine Beschlussempfehlung abgegeben und rät, den Antrag abzulehnen. Linke und Grüne stimmten für den Antrag. SPD, CDU/CSU, FDP und AfD stimmten mit ""nein""."
1530,2018-06-28,Weidetierprämie einführen,Arbeit und Beschäftigung|Landwirtschaft und Ernährung,Ausschuss für Ernährung und Landwirtschaft,http://dip21.bundestag.de/dip21/btd/19/016/1901691.pdf,"Links- und Grünenfraktion haben beantragt , dass der Bundestag beschließe, die Weidehaltung von Schafen und Ziegen durch die erste Säule der Gemeinsamen Agrarpolitik (GAP) der EU zu fördern. Abgestimmt wurde über die Beschlussempfehlung des Ausschusses für Ernährung und Landwirtschaft . Dieser riet, den Antrag von Grünen und Linken abzulehnen. CDU/CSU, SPD und FDP stimmten dafür, den Antrag abzulehnen. Grüne, Linke und AfD stimmten geschlossen dafür, den Antrag anzunehmen."
1525,2018-06-29,Abschließende Finanzhilfen für Griechenland,"Außenpolitik und internationale Beziehungen|Europapolitik und Europäische Union|Öffentliche Finanzen, Steuern und Abgaben",,http://dip21.bundestag.de/dip21/btd/19/029/1902961.pdf,"Das Bundesfinanzministerium hat dem Bundestag einen Antrag vorgelegt, der vorsieht, Griechenland mit einer letzten Zahlung beim Abschluss von der europäischen Finanzhilfe zu unterstützen. CDU/CSU, SPD und Grüne stimmten für den Antrag. Linke, FDP, AfD, die beiden fraktionslosen Abgeordneten sowie 12 Abgeordnete der CDU/CSU dagegen. Somit wurde der Antrag angenommen."
1540,2018-07-04,Haushalt 2018 - Geschäftsbereich der Bundeskanzlerin und des Bundeskanzleramtes,"Öffentliche Finanzen, Steuern und Abgaben|Haushalt",,http://dip21.bundestag.de/dip21/btd/19/017/1901700.pdf,Der deutsche Bundestag hat am 4. Juli 2018 über den Gesetzentwurf für den Bundeshaushalt für 2018 namentlich abgestimmt. Der entsprechende Vorschlag des Haushaltsausschusses wurde angenommen.
1541,2018-07-04,Haushalt 2018 - Geschäftsbereich des Verteidigungsministeriums,"Öffentliche Finanzen, Steuern und Abgaben|Haushalt|Verteidigung",,http://dip21.bundestag.de/dip21/btd/19/031/1903185.pdf,"Der Bundestag hat den Änderungsantrag der Linksfraktion zum Etat des Verteidigungsministeriums in 2018 abgelehnt. Die Linke, bis auf eine Abgeordnete, und Bündnis '90/Die Grünen stimmten für den Antrag. CDU/CSU, SPD, AfD und FDP sowie die Linken-Abgeordnete Gökay Akbulut stimmten gegen den Antrag."
1532,2018-07-05,Bundeshaushalt 2018,Haushalt,,http://dip21.bundestag.de/dip21/btd/19/017/1901700.pdf,Die Bundesregierung bittet den Bundestag um Zustimmung für ihren Entwurf des Bundeshaushaltsplans für das Haushaltsjahr 2018. Mit 386 Ja-Stimmen der Regierungsfraktionen wurde der Haushaltsplan angenommen. Die parlamentarische Opposition stimmte geschlossen gegen den Entwurf.
1565,2018-10-18,Erweiterung der sicheren Herkunftsländer,Migration und Aufenthaltsrecht|Innere Angelegenheiten|Recht,Ausschuss für Inneres und Heimat,http://dip21.bundestag.de/dip21/btd/19/009/1900957.pdf,"Am 18.10.2018 wurde im Bundestag namentlich über den Gesetzesentwurf der FDP zur Erweiterung der Herkunftsländer, der Maghreb-Staaten, abgestimmt. In seiner Beschlussempfehlung empfahl der Ausschuss für Inneres und Heimat den Entwurf abzulehnen. Unterstützung erhielt der Antrag neben der FDP-Fraktion auch von der AfD sowie einzelnen Abgeordneten der Union. Letztendlich wurde der Entwurf mit den mehrheitlichen Stimmen der CDU/CSU, SPD, Linken und Grünen abgelehnt."
1570,2018-10-18,Änderungsantrag zur Brückenteilzeit,Arbeit und Beschäftigung,Ausschuss für Arbeit und Soziales,http://dipbt.bundestag.de/doc/btd/19/051/1905104.pdf,Mit ihrem Änderungsantrag fordert die Grünen-Fraktion eine Änderung des Gesetzesentwurf zur Weiterentwicklung des Teilzeitrechts der Bundesregierung. Der Ausschuss für Arbeit und Soziales empfahl in seiner Beschlussempfehlung eine Annahme des Gesetzesentwurfes der Bundesregierung. Der Antrag der Grünen-Fraktion wurde mit den Stimmen der Koalitionsfraktionen sowie mit den Stimmen der AfD und FDP abgelehnt.
1571,2018-10-18,Anpassung des Kindergeldes für im Ausland lebende Kinder,Finanzen,Finanzausschuss,http://dipbt.bundestag.de/doc/btd/19/029/1902999.pdf,"Mit ihrem Antrag fordert die AfD-Fraktion eine Anpassung des Kindergeldes für im Ausland lebende Kinder. Der Finanzausschuss empfahl in seiner Beschlussempfehlung eine Ablehnung des Antrages. Die Empfehlung des Ausschusses wurde mit den Stimmen der CDU/CSU, SPD, FDP, Linken, Grünen sowie dem AfD-Abgeordneten Dr. Lothar Maier angenommen und der Antrag der AfD-Fraktion wurde somit abgelehnt."
1572,2018-10-18,Verlängerung des Anti-IS-Einsatzes der Bundeswehr im Irak,Außenpolitik und internationale Beziehungen,,http://dip21.bundestag.de/dip21/btd/19/050/1905052.pdf,Die Beschlussempfehlung des Auswärtigen Ausschusses und damit der Antrag der Bundesregierung zur Verlängerung des Anti-IS-Einsatzes der Bundeswehr im Irak wurde vom Bundestag mit den Stimmen der CDU/CSU und mehrheitlich der SPD angenommen.
1568,2018-10-19,Stärkung des Menschenrechts auf Religionsfreiheit,Menschenrechte,,http://dip21.bundestag.de/dip21/btd/19/050/1905041.pdf,Mit ihrem Antrag fordert die Union gemeinsam mit der SPD die Bundesregierung auf das Menschenrecht auf Religions- und Weltanschauungsfreiheit in Deutschland zu wahren. Der Antrag wurde mit den Stimmen der CDU/CSU und der SPD angenommen.
1569,2018-10-19,Überprüfung des Jahresmittelgrenzwerts für Stickoxid,Umwelt,"Ausschuss für Umwelt, Naturschutz und nukleare Sicherheit",https://dipbt.bundestag.de/doc/btd/19/012/1901213.pdf,"Mit ihrem Antrag fordert die AfD-Fraktion die Bundesregierung auf, eine Überprüfung des europäischen Stickoxid-Grenzwertes für öffentliche Bereiche durchzuführen. Der Ausschuss für Umwelt, Naturschutz und nukleare Sicherheit empfahl in seiner Beschlussempfehlung eine Ablehnung des Antrages. Die Empfehlung des Ausschusses wurde durch die Stimmen der CDU/CSU, SPD, Linken und Grünen angenommen und damit der Antrag abgelehnt."
1584,2018-11-08,Leistungsverbesserungen und Stabilisierung in der gesetzlichen Rentenversicherung ,Arbeit und Beschäftigung|Senioren|Soziale Sicherung,,http://dip21.bundestag.de/dip21/btd/19/046/1904668.pdf,"Am 8. November 2018 wurde im Bundestag über einen von der Bundesregierung vorgelegten Gesetzentwurf über ""Leistungsverbesserungen und Stabilisierung in der gesetzlichen Rentenversicherung"" abgestimmt. Dadurch sollen Rentner*innen im Alter besser abgesichert werden; gleichzeitig soll der Beitragssatz für aktuelle Beitragszahler*innen reguliert werden. 362 von 644 anwesenden Abgeordneten stimmten mit Ja, 222 MdB stimmten dagegen und 60 enthielten sich. Die Zustimmungen gehen auf die CDU/CSU-Fraktion und die SPD-Fraktion zurück, Ablehnungen kamen von den GRÜNEN, der AfD und der FDP. Die Linke-Fraktion enthielt sich dieser Abstimmung. Damit wurde der Entwurf angenommen."
1585,2018-11-08,Familienentlastungsgesetz - Änderungsantrag der AfD-Fraktion,"Familie|Öffentliche Finanzen, Steuern und Abgaben|Soziale Sicherung",,http://dip21.bundestag.de/dip21/btd/19/047/1904723.pdf,"Durch das von der Bundesregierung geforderte ""Gesetz zur steuerlichen Entlastung von Familien"" sollen Familien ab 2019 besser gefördert und steuerlich entlastet werden. Das Kindergeld soll erhöht werden und der Kinderfreibetrag steigen; ebenso wie der Grundfreibetrag. Auch weitere steuerliche Regelungen sollen geändert und aktualisiert werden. Dazu legte die Fraktion der AfD am 08.11.2018 einen Änderungsantrag vor. Dieser wurde durch 552 von 639 anwesenden MdB abgelehnt. Nur 85 Abgeordnete stimmten dem Antrag zu, alle aus der AfD-Fraktion. Über den vorgelegten Gesetzentwurf der Regierung wurde nicht namentlich abgestimmt. Die FDP-Fraktion hat ebenfalls einen Änderungsantrag zu diesem Gesetzentwurf vorgelegt."
1586,2018-11-08,Zwei-Prozent-Rüstungsziel der NATO (Antrag der Fraktion DIE LINKE),Außenpolitik und internationale Beziehungen|Verteidigung|Wirtschaft,,http://dip21.bundestag.de/dip21/btd/19/004/1900445.pdf,"Am 08.11.2018 wurde im Bundestag über den Antrag der Fraktion Die Linke zum ""Zwei-Prozent-Rüstungsziel der NATO"" abgestimmt. Dieser sah vor, die Planungen der NATO, dass alle Mitgliedstaaten ihre Militärabgaben ab 2024 auf zwei Prozent ihres BIP erhöhen sollen, abzulehnen. Von insgesamt 651 anwesenden Abgeordneten stimmten 129 MdB dem Antrag zu, 520 lehnten ihn ab und zwei enthielten sich. Damit wurde der Antrag der Linken-Fraktion abgelehnt. Grüne und Linke stimmten dem Antrag vollständig zu, alle anderen Fraktionen stimmten dagegen oder enthielten sich."
1587,2018-11-08,Vermeidung von Umsatzsteuerausfällen - Änderungsantrag der FDP,"Medien, Kommunikation und Informationstechnik|Öffentliche Finanzen, Steuern und Abgaben|Wirtschaft",,http://dip21.bundestag.de/dip21/btd/19/056/1905612.pdf,"Mit dem Änderungsantrag der FDP-Fraktion vom 07.11.2018 zum Gesetzentwurf ""Vermeidung von Umsatzsteuerausfällen beim Handel mit Waren im Internet (...)"" fordert die Fraktion das Hinzufügen eines weiteren Paragraphen für das Außerkrafttreten des Solidaritätszuschlaggesetzes aus dem Jahr 1995. Mit der namentlichen Abstimmung vom 08.11.2018 wurde dieser Antrag mit 484 von 642 anwesenden Abgeordneten Nein-Stimmen abgelehnt . Die 157 Ja-Stimmen stammen von Seiten der AfD und der FDP."
1592,2018-11-08,Familienentlastungsgesetz - Änderungsantrag der FDP-Fraktion,"Familie|Öffentliche Finanzen, Steuern und Abgaben|Soziale Sicherung",,,"Durch das von der Bundesregierung geforderte ""Gesetz zur steuerlichen Entlastung von Familien"" sollen Familien ab 2019 besser gefördert und steuerlich entlastet werden. Das Kindergeld soll erhöht werden und der Kinderfreibetrag steigen; ebenso wie der Grundfreibetrag. Auch weitere steuerliche Regelungen sollen geändert und aktualisiert werden. Dazu legte die Fraktion der FDP am 08.11.2018 einen Änderungsantrag vor. Von 640 teilnehmenden Abgeordneten stimmten 150 dem Änderungsantrag zu, alle aus FDP- und AfD-Fraktion. Die 487 Gegenstimmen lassen sich auf alle übrigens Fraktionen verteilen. Über den vorgelegten Gesetzentwurf der Bundesregierung wurde nicht namentlich abgestimmt. Die AfD-Fraktion hat ebenfalls einen Änderungsantrag zu diesem Gesetzentwurf vorgelegt."
1591,2018-11-21,Bundeshaushalt 2019: Etat des Bundeskanzleramtes,"Innere Angelegenheiten|Öffentliche Finanzen, Steuern und Abgaben|Wirtschaft",,http://dip21.bundestag.de/dip21/btd/19/034/1903400.pdf,"Am 21.11.2018 wurde im Bundestag über den Haushaltsentwurf 2019 für den Etat der Bundeskanzlerin und des Bundeskanzleramtes abgestimmt. In diesem ""Einzelplan 04"" geht es um die Aufteilung des Budgets auf die verschiedenen dem Bundeskanzleramt zugeordneten Politikbereiche im Jahr 2019. Von 657 teilnehmenden MdB stimmten 382 Abgeordnete zu, 275 Abgeordnete sprachen sich gegen diesen Plan aus. Beide Seiten der großen Koalition stimmten diesem Entwurf vollständig zu, alle anderen Parteien waren geschlossen dagegen."
1593,2018-11-23,Bundeshaushalt 2019,"Öffentliche Finanzen, Steuern und Abgaben|Bundestag|Wirtschaft",,http://dip21.bundestag.de/dip21/btd/19/034/1903400.pdf,"Die Debatte zum Gesetzentwurf der Bundesregierung zum Bundeshaushalt 2019 wurde am 23.11.2018 mit einer namentlichen Abstimmung beendet. Eine Woche lang wurde im Bundestag über die verschiedenen Einzelpläne des Gesetzentwurfs diskutiert, Beschlussempfehlungen und Änderungsanträge wurden vorgelegt. Der endgültige Gesetzentwurf möchte nun vor allem den Bereich ""Arbeit und Soziales"" stärken, die Personalausgaben sollen sich erhöhen und auch dem Bundesministerium für Verkehr und digitale Infrastruktur soll eine höhere Summe zur Verfügung gestellt werden. 650 Abgeordnete stimmten mit ab, davon waren 366 MdB dafür und 284 MdB dagegen. Damit wurde der Gesetzentwurf der Bundesregierung über den Bundeshaushalt 2019 angenommen . Sozial- und Christdemokraten stimmten dem Bundeshaushalt 2019 fast ausschließlich zu, die anderen Fraktionen waren vollständig dagegen."
1604,2018-11-23,Bundeshaushalt 2019 - Einzelplan 60,"Öffentliche Finanzen, Steuern und Abgaben|Bundestag|Wirtschaft",,http://dip21.bundestag.de/dip21/btd/19/059/1905901.pdf,"Am 23. November 2018 hat der Bundestag über den Änderungsantrag der FDP-Fraktion zum Einzelplan 60 1 (Allgemeine Finanzverwaltung) des Bundeshaushalts 2019 abgestimmt. Der Etat der Allgemeinen Finanzverwaltung beinhaltet Einnahmen und Aufgaben, die keinem bestimmten Ressort zugeordnet werden können oder den Bund allgemein betreffen. Der Änderungsantrag der FDP wurde in einer namentlichen Abstimmung abgelehnt . AfD, FDP, Die Linke und Bündnis90/Grüne stimmten dem Antrag zu, Christ- und Sozialdemokraten lehnten ihn gänzlich ab. Der Gesetzentwurf zum Bundeshaushalt 2019 wurde am 23.11.2018 im Bundestag angenommen ."
1596,2018-11-29,"Änderung des Grundgesetzes - Bildung, Bau und Verkehr",Innere Angelegenheiten|Bundestag|Recht,,http://dip21.bundestag.de/dip21/btd/19/034/1903440.pdf,"Am 29.11.2018 wurde im Bundestag über einen Gesetzentwurf zur Änderung des Grundgesetzes im Bereich Bildung, Bau und Verkehr abgestimmt. Ziel des Entwurfs ist es, bestimmte Artikel des Grundgesetzes dahingehend zu verändern, dass die finanzielle Unterstützung durch den Bund für Bildung, Bau und Verkehr auf Landes- und Kommunalebene ausgebaut wird. Damit würde das Kooperationsverbot (im Bereich Digitalisierung) etwas gelockert werden. Von 670 teilnehmenden Abgeordneten stimmten 580 MdB dem Gesetzentwurf zu, 90 MdB stimmten dagegen oder enthielten sich. Nur die AfD-Fraktion stimmte gegen den Entwurf der Bundesregierung. Damit wurde der Gesetzentwurf angenommen."
1597,2018-11-29,Verlängerung der Ferkelkastration ohne Betäubung,Landwirtschaft und Ernährung|Naturschutz,,http://dip21.bundestag.de/dip21/btd/19/055/1905522.pdf,"Am 29. November 2018 stimmte der Bundestag über einen Gesetzentwurf zur ""Änderung des Tierschutzgesetzes"" bezüglich der betäubungslosen Ferkelkastration ab. Der von der Regierungskoalition eingereichte Gesetzentwurf verlängert die Übergangszeit bis zu einem kompletten Verbot der betäubungslosen Ferkelkastration, um entsprechende infrastrukturelle Grundlagen zu schaffen. 650 Abgeordnete nahmen an der Abstimmung teil, davon stimmten 421 mit Ja, 142 mit Nein und 87 MdB enthielten sich der Abstimmung. Die Fraktionen CDU/CSU, SPD und AfD stimmten dem Entwurf größtenteils zu, die Grünen und die Linke waren gegen den Gesetzentwurf. Die FDP-Fraktion enthielt sich komplett. Damit wurde der Gesetzentwurf im Bundestag angenommen."
1598,2018-11-29,Globaler Pakt für Migration,Außenpolitik und internationale Beziehungen|Migration und Aufenthaltsrecht|Menschenrechte,,http://dip21.bundestag.de/dip21/btd/19/060/1906056.pdf,"Im Dezember 2018 soll in Marrakesch der "" Globale Pakt für eine sichere, geordnete und reguläre Migration "" (GCM) von den 193 Mitgliedstaaten der Vereinten Nationen unterschrieben werden. Am 29.11.2018 wurde nun im Bundestag über den Antrag der Fraktionen CDU/CSU und SPD abgestimmt, dem UN-Migrationspakt zuzustimmen und ihn auf der Konferenz in Marokko zu unterschreiben. Der GCM solle einen Beitrag dazu leisten, Migration stärker zu ordnen, zu steuern und zu begrenzen, sowie gleichzeitig die Rechte von Migrant*innen zu schützen. Angenommen wurde der Antrag durch die Regierungsfraktionen CDU/CSU und SPD, abgelehnt durch AfD und die Linke. Die FDP-Fraktion sowie die Grünen-Fraktion enthielten sich geschlossen."
1599,2018-11-29,Mietrechtsanpassungsgesetz,"Arbeit und Beschäftigung|Gesellschaftspolitik, soziale Gruppen|Raumordnung, Bau- und Wohnungswesen",,http://dip21.bundestag.de/dip21/btd/19/046/1904672.pdf,"Zu einem Gesetzentwurf der Bundesregierung zum Thema der Mietrechtsanpassung legte die Fraktion Die Linke einen Änderungsantrag vor, über den am 29.11.2018 im Deutschen Bundestag abgestimmt wurde. Der Gesetzentwurf möchte einen ausgewogenen Interessenausgleich zwischen Mietern und Vermietern herstellen. Die Themen der zulässigen Miete bei Mietbeginn und der Kosten der Modernisierung stehen im Mittelpunkt. Der Änderungsantrag der Fraktion Die Linke fordert unter anderem die Entfristung der Mietpreisbremse aus dem Jahr 2015, welche als Vorlage für den nun vorgelegten Gesetzentwurf diente. Der Änderungsantrag der Linke-Fraktion wurde mit 524 von 645 Stimmen abgelehnt. Die 121 Zustimmungen kamen von Grüne- und Linke-Fraktion, alle anderen Fraktionen lehnten den Antrag ab."
1600,2018-11-29,Änderungsantrag zum Gesetzentwurf zur steuerlichen Förderung des Mietwohnungsneubaus,"Öffentliche Finanzen, Steuern und Abgaben|Raumordnung, Bau- und Wohnungswesen",,http://dip21.bundestag.de/dip21/btd/19/049/1904949.pdf,"Das Gesetz zur steuerlichen Förderung des Mietwohnungsneubaus wurde am 29.11.2018 mit den Stimmen der Koalition gegen die Stimmen der Opposition angenommen. Zu diesem Gesetz lag ein Änderungsantrag von Bündnis 90/Die Grünen vor, über den namentlich abgestimmt wurde und dessen Ergebnisse hier dargestellt werden. Der Änderungsantrag der Grünen sieht vor, dass die Miete für steuerlich geförderte, neu gebaute Mietwohnungen die Vergleichsmiete am jeweiligen Ort nicht übersteigen solle. Der Antrag wurde mit den Stimmen der Regierungsfraktionen CDU/CSU und SPD sowie der Oppositionsparteien FDP und AfD abgelehnt. Grüne und Linke stimmten geschlossen für den Antrag."
1601,2018-11-30,UN-Migrationspakt (Antrag der AfD-Fraktion),Außenpolitik und internationale Beziehungen|Migration und Aufenthaltsrecht|Menschenrechte,,http://dip21.bundestag.de/dip21/btd/19/060/1906061.pdf,"Mit dem Antrag der AfD-Fraktion vom 28. November 2018 wird die Bundesregierung aufgefordert, bei der Zustimmung des Paktes im Dezember 2018 eine Protokollerklärung abzugeben, in der die (völker-)rechtliche ""Unverbindlichkeit des "" Globalen Pakts für Migration "" bestätigt wird. Von 630 teilnehmenden Abgeordneten stimmten 89 MdB dem Antrag zu, 541 MdB lehnten den Antrag ab, weshalb er endgültig abgelehnt wurde."
1603,2018-12-13,Abschaffung des Solidaritätszuschlags,"Innere Angelegenheiten|Öffentliche Finanzen, Steuern und Abgaben|Soziale Sicherung",,http://dip21.bundestag.de/dip21/btd/19/010/1901038.pdf,"Mit ihrem Gesetzentwurf vom 01.03.2018 möchte die FDP-Fraktion das Solidaritätszuschlaggesetz 1995 aufheben. Im Bezug auf den Solidarpakt II entfalle ab Ende des Jahres 2019 die Legitimation für die steuerliche Mehrbelastung durch den Solidaritätszuschlag. Am 13.12.2018 wurde der Gesetzentwurf in einer namentlichen Abstimmung abgelehnt . Neben der FDP stimmte auch die AfD-Fraktion dem Gesetzentwurf zu, einzig Andreas Bleck (AfD) enthielt sich. Christ- und Sozialdemokraten, die Linke und Bündnis90/Grüne stimmten gegen den Entwurf."
1627,2019-01-18,Einstufung als sichere Herkunftsstaaten: Maghreb-Staaten und Georgien,Migration und Aufenthaltsrecht|Humanitäre Hilfe|Recht,,http://dip21.bundestag.de/dip21/btd/19/053/1905314.pdf,"Am 18.01.2019 hat der Bundestag in namentlicher Abstimmung über einen Gesetzentwurf der Bundesregierung entschieden, durch den Asylverfahren von Staatsangehörigen der Staaten Algerien, Marokko, Tunesien und Georgien schneller bearbeitet werden sollen. Der Gesetzentwurf wurde mit 509 Zustimmungen angenommen , darunter Christ- und Sozialdemokraten, die AfD und die FDP. Gegen den Entwurf stimmten Die Linke und Bündnis90/Grüne, welche schon im Vorfeld ihre Ablehnung kundgegeben hatten."
1636,2019-02-21,Digitalpakt - Änderung des Grundgesetzes,Bildung und Erziehung|Digitale Agenda|Staat und Verwaltung,,http://dip21.bundestag.de/dip21/btd/19/079/1907940.pdf,"Am 21.02.2019 hat der Bundestag in namentlicher Abstimmung über eine Beschlussempfehlung des Vermittlungsausschusses zur Änderung des Grundgesetzes abgestimmt, durch den die Artikel 104c, 104d, 125c und 143e geändert werden. Dadurch sollen die Länder stärker vom Bund, vor allem im Bereich der Digitalisierung an Schulen, finanziell unterstützt werden. Des Weiteren sollen der Bau von Sozialwohnungen sowie der Schienen-Nahverkehr gefördert werden. Der Bundesrat wird im März über die Gesetzesänderung entscheiden. Alle Parteien stimmten für den Antrag. Lediglich die AfD lehnte diesen entschlossen ab . Die Beschlussempfehlung wurde angenommen ."
1637,2019-02-21,Kostenloser Zugang zu Verhütungsmitteln für Menschen mit geringem Einkommen,"Gesellschaftspolitik, soziale Gruppen|Familie",,http://dip21.bundestag.de/dip21/btd/19/025/1902514.pdf,"Der Antrag der Fraktion B90/Grüne fordert die Bundesregierung auf, einen Gesetzentwurf vorzulegen, durch den der kostenlose Zugang zu Verhütungsmitteln für Menschen ab dem Alter von 20 Jahren ermöglicht wird. Durch die Fraktionen CDU/CSU, SPD, FDP und AfD wurde der Antrag mit 523 Gegenstimmen abgelehnt . Die Linke-Fraktion enthielt sich vollständig, die Fraktion B90/Grüne stimmte dem Antrag als einzige Fraktion zu."
1638,2019-02-21,Reform des §219a - Informationen zum Schwangerschaftsabbruch ,"Gesellschaftspolitik, soziale Gruppen|Frauen|Recht",,http://dip21.bundestag.de/dip21/btd/19/076/1907693.pdf,"Der Bundestag stimmte am 21.02.2019 über einen Gesetzentwurf der Regierungskoalition zur ""Verbesserung der Information über einen Schwangerschaftsabbruch"" ab. Dementsprechend dürfen Ärztinnen und Ärzte künftig auf ihrer Website die Information angeben, dass sie Schwangerschaftsabbrüche vornehmen. Der Gesetzentwurf bekam Zustimmungen seitens der CDU/CSU- und SPD-Fraktion und wurde damit angenommen . Die Oppositionsparteien stimmten nahezu geschlossen gegen den Vorschlag."
1639,2019-02-21,Aufhebung von § 219a StGB,"Gesellschaftspolitik, soziale Gruppen|Recht|Menschenrechte",,http://dip21.bundestag.de/dip21/btd/19/006/1900630.pdf,"Der Bundestag stimmte am 21.02.2019 über einen Gesetzesentwurf der Grünenfraktion und einiger Abgeordneter der Linksfraktion zur Aufhebung des §219 des Strafgesetzbuches ab. Der Antrag fordert die vollständige Aufhebung des Paragraphen und damit des Werbeverbotes zu Schwangerschaftsabbrüchen. Die Regierungskoalition und die AfD-Fraktion stimmten geschlossen dagegen. Unstimmigkeiten gab es seitens der FDP, deren Abgeordnete gemischt abstimmten. Die Fraktionen Die Linke und B90/Grüne stimmten geschlossen für den Antrag. Somit wurde der Antrag abgelehnt ."
1640,2019-02-21,Aufhebung des Werbeverbots für Schwangerschaftsabbrüche,"Gesellschaftspolitik, soziale Gruppen|Frauen",,http://dip21.bundestag.de/dip21/btd/19/000/1900093.pdf,"Der Bundestag stimmte über einen Gesetzentwurf der Linken-Fraktion zur Aufhebung des Werbeverbots für Schwangerschaftsabbrüche ab. Der §219a im Strafgesetzbuch soll aufgehoben werden, um künftig allen Schwangeren den Informationszugang über die Möglichkeit von Schwangerschaftsabbrüchen in Praxen und Kliniken zu gewährleisten. Die Fraktionen Die Linke und B90/Grüne stimmten entschlossen für den Gesetzentwurf; auch aus der FDP-Fraktion gab es überwiegend Zustimmung. Die Fraktionen der CDU/CSU, SPD und AfD stimmten gegen den Antrag. Somit wurde der Gesetzentwurf abgelehnt ."
1641,2019-02-21,Wölfe - Unkontrollierte Population stoppen?,Umwelt|Naturschutz,,http://dip21.bundestag.de/dip21/btd/19/005/1900584.pdf,"Der Antrag der FDP-Fraktion fordert die Bundesregierung auf, einen Gesetzentwurf vorzulegen, in dem der Wolf als jagdbare Tierart in das Bundesjagdgesetz aufgenommen wird. Durch die Ablehnung der Fraktionen CDU/CSU, SPD, Die Linke und B90/Grüne wurde der Antrag abgelehnt . Die FDP- und die AfD-Fraktion stimmten dem Antrag zu, wobei sich auf Seiten der AfD zwei Abgeordnete anders als die Fraktionsmehrheit entschieden."
1661,2019-02-21,"Verlängerung des Bundeswehreinsatzes im Mittelmeer (""Sea Guardian"")",Außenpolitik und internationale Beziehungen|Verteidigung,,http://dip21.bundestag.de/dip21/btd/19/074/1907426.pdf,"Am 21.03.2019 stimmte der Bundestag über die Beschlussempfehlung des federführenden Auswärtigen Ausschusses und somit über den Antrag der Bundesregierung zur Verlängerung des Bundeswehreinsatzes im Mittelmeer (SEA GUARDIAN 2019/2020) ab. Die Fraktionen CDU/CSU, SPD und FDP stimmten dem Antrag zu, damit wurde er angenommen . Gegen den Antrag stimmten sowohl die Linke- und die AfD-Fraktion als auch die Fraktion B90/Grüne. Auch drei SPD-Abgeordnete stimmten gegen den Antrag."
1654,2019-03-14,Fahrverbote für Dieselfahrzeuge einschränken,Innere Angelegenheiten|Umwelt|Verkehr,"Ausschuss für Verkehr und digitale Infrastruktur|Ausschuss für Umwelt, Naturschutz und nukleare Sicherheit",http://dip21.bundestag.de/dip21/btd/19/063/1906335.pdf,"Mit der neuen Fassung des Bundes-Immissionsschutzgesetztes der Bundesregierung wird bestimmt, dass in Gebieten, in denen der festgelegte Stickstoffoxidgrenzwert überschritten wird, Verkehrsverbote aufgrund von Unverhältnismäßigkeit nicht erforderlich sein werden. Neben dem Gesetzentwurf der Bundesregierung legte auch die AfD-Fraktion einen Antrag zu diesem Thema vor. Mit den Stimmen der Regierungskoalition und der AfD -Fraktion wurde der Gesetzentwurf angenommen . Die FDP -Fraktion enthielt sich der Abstimmung, Die Linke und Bündnis90/Grüne stimmten dagegen."
1655,2019-03-14,Fahrverbote für Dieselfahrzeuge einschränken (Antrag der AfD-Fraktion),Innere Angelegenheiten|Umwelt|Verkehr,"Ausschuss für Verkehr und digitale Infrastruktur|Ausschuss für Umwelt, Naturschutz und nukleare Sicherheit",http://dip21.bundestag.de/dip21/btd/19/063/1906335.pdf,"Die Bundesregierung legte Anfang Dezember 2018 einen Gesetzentwurf vor, durch den bestimmt werden soll, dass in Gebieten, in denen der festgelegte Stickstoffoxidgrenzwert überschritten wird, Verkehrsverbote aufgrund von Unverhältnismäßigkeit nicht erforderlich sind. Neben dem Gesetzentwurf der Bundesregierung legte auch die AfD-Fraktion einen Antrag zu diesem Thema vor, über den am 14.03.2019 namentlich abgestimmt wird. In dem Antrag fordert die AfD die Bundesregierung unter anderem auf, weitere Studien in Auftrag zu geben, um den aus den EU-Richtlinien übernommenen Luftqualitätsgrenzwert zu überprüfen und in diesem Zusammenhang auch die europäische Luftqualitätsrichtlinie auszusetzen, bis ein entsprechendes toxikologisches Gutachten vorliege. Der Antrag der AfD-Fraktion wurde mit den Stimmen aller Fraktionen außer der AfD abgelehnt ."
1656,2019-03-14,Verstärkte Unterstützung Israels bei Abstimmungen im Rahmen der UN,Außenpolitik und internationale Beziehungen|Bundestag|Recht,,http://dip21.bundestag.de/dip21/btd/19/075/1907560.pdf,"In ihrem Antrag problematisiert die FDP-Fraktion die Vielzahl an Resolutionen - im Rahmen der Vereinten Nationen (engl. United Nations / UN) - in denen ausschließlich Israel verurteilt werde, während andere Akteure des Nahostkonflikts nicht benannt oder zu Verhaltensänderungen aufgefordert würden. Deshalb fordert die FDP-Fraktion die Unterstützung Israels durch die Bundesregierung bei Abstimmungen im Rahmen der UN. Mit den Stimmen der CDU/CSU, SPD und der Fraktion Die Linke wurde der Antrag der FDP abgelehnt . Zugestimmt haben die Fraktionen FDP und AfD sowie einige fraktionslose Abgeordnete."
1657,2019-03-15,Wahlrecht für benachteiligte Personengruppen durchsetzen (Gesetzentwurf der FDP-Fraktion),"Gesellschaftspolitik, soziale Gruppen|Politisches Leben, Parteien|Recht",,http://dip21.bundestag.de/dip21/btd/19/031/1903171.pdf,"Mit ihrem Gesetzentwurf fordert die FDP-Fraktion dahingehende Änderungen am Bundeswahlgesetz, dass benachteiligte Personengruppen nicht mehr vom Wahlrecht ausgeschlossen werden. Auch die Fraktionen Die Linke und Bündnis90/Grüne legten einen gemeinsam verfassten Gesetzentwurf zu diesem Thema vor, die Regierungskoalition brachte außerdem einen Antrag vor. Mit den Stimmen der Fraktionen CDU/CSU und SPD wurde der Gesetzentwurf abgelehnt . Die AfD-Fraktion erhielt sich komplett, die Fraktionen der FDP, B90/Grüne und Die Linke stimmten dafür."
1658,2019-03-15,Wahlrecht für benachteiligte Personengruppen durchsetzen (Gesetzentwurf der Fraktionen B90/Grüne und Die Linke),"Gesellschaftspolitik, soziale Gruppen|Politisches Leben, Parteien|Recht",,http://dip21.bundestag.de/dip21/btd/19/045/1904568.pdf,"Mit ihrem Gesetzentwurf fordern die Fraktionen B90/Grüne und Die Linke dahingehende Änderungen am Bundeswahlgesetz, dass benachteiligte Personengruppen nicht mehr vom Wahlrecht ausgeschlossen werden. Auch die FDP-Fraktion legte ebenfalls einen Gesetzentwurf zu diesem Thema vor, die Regierungskoalition brachte außerdem einen Antrag vor. Mit den Stimmen der Regierungsfraktionen CDU/CSU und SPD wurde der Gesetzentwurf abgelehnt . Die Fraktionen der FDP, B90/Grüne und Die Linke stimmten für das Gesetz. Die AfD-Fraktion enthielt sich der Abstimmung."
1659,2019-03-15,Einführung eines inklusiveren Wahlrechts,"Gesellschaftspolitik, soziale Gruppen|Politisches Leben, Parteien|Recht",,http://dip21.bundestag.de/dip21/btd/19/082/1908261.pdf,"Der Antrag der Regierungsfraktionen CDU/CSU und SPD fordert den Bundestag auf, das deutsche Wahlrecht inklusiver zu gestalten. Explizit sollen auch Personengruppen, die aktuell kein Wahlrecht haben, künftig wählen gehen dürfen. Mit den Stimmen der Regierungsfraktionen CDU/CSU und SPD wurde der Antrag angenommen . Niemand stimmte dagegen, die Fraktionen AfD, FDP, Die Linke und B90/Grüne enthielten sich der Abstimmung."
1667,2019-03-20,Verstärkte deutsch-französische parlamentarische Zusammenarbeit,"Außenpolitik und internationale Beziehungen|Bundestag|Politisches Leben, Parteien",,http://dip21.bundestag.de/dip21/btd/19/085/1908540.pdf,"Der Antrag der Fraktionen CDU/CSU, SPD, FDP und Bündnis 90/Grüne fordert den Bundestag auf, die vom Bundestagspräsidenten Wolfgang Schäuble vorgelegte Fassung des deutsch-französischen Parlamentsabkommens anzunehmen. Das Parlamentsabkommen beschreibt die Gründung einer deutsch-französischen parlamentarischen Versammlung mit jeweils 50 Mitgliedern aus dem deutschen Bundestag und aus der französischen Assemblée nationale (dt.: Nationalversammlung ). Mit 509 Zustimmungen aus den antragstellenden Fraktionen wurde der Antrag angenommen . Auch einige Abgeordnete der Linksfraktion stimmten dem Antrag zu, die Mehrheit entschied sich jedoch dagegen oder enthielt sich der Abstimmung. Die AfD-Fraktion stimmte geschlossen gegen den Antrag."
1660,2019-03-21,Einsatz der Bundeswehr in Afghanistan verlängern,"Außenpolitik und internationale Beziehungen|Gesellschaftspolitik, soziale Gruppen|Verteidigung",Auswärtiger Ausschuss,http://dip21.bundestag.de/dip21/btd/19/084/1908424.pdf,"Über die Beschlussempfehlung des federführenden Auswärtigen Ausschusses und somit auch über den Antrag der Bundesregierung zur Ausweitung des Ausbildungseinsatzes der Bundeswehr in Afghanistan wurde am 21.03.2019 namentlich abgestimmt. Mit den Stimmen der Fraktionen CDU/CSU, SPD und Teilen der FDP wurde der Antrag angenommen . Gegen den Antrag stimmten die Fraktionen Die Linke, die AfD und die Hälfte der Grünen-Abgeordneten. Auch Teile der FDP stimmten dagegen, ebenso wie die fraktionslosen Mitglieder des Bundestages."
1662,2019-03-21,Fortsetzung des Bundeswehreinsatzes in Darfur,Außenpolitik und internationale Beziehungen|Verteidigung,,http://dip21.bundestag.de/dip21/btd/19/084/1908430.pdf,"Über die Beschlussempfehlung des federführenden Auswärtigen Ausschusses und somit auch über den Antrag der Bundesregierung zur Verlängerung des Bundeswehreinsatzes (UNAMID) in Darfur wurde am 21.03.2019 namentlich abgestimmt. Die Fraktionen CDU/CSU, SPD, FDP, B90/Grüne und die Mehrheit der AfD stimmten dem Antrag zu, damit wurde er angenommen . Gegen den Antrag entschieden die Fraktion Die Linke sowie einige Abgeordnete der AfD und eine Abgeordnete der Grünen."
1663,2019-03-21,"Verlängerung des Bundeswehreinsatzes in Südsudan (""Unmiss"")",Außenpolitik und internationale Beziehungen|Verteidigung,Auswärtiger Ausschuss,http://dip21.bundestag.de/dip21/btd/19/084/1908428.pdf,"Am 21.03.2019 stimmt der Bundestag über die Beschlussempfehlung des Auswärtigen Ausschusses und somit über den Antrag der Bundesregierung über die Verlängerung des Bundeswehreinsatzes in Südsudan namentlich ab. Mit den Stimmen der Fraktionen CDU/CSU, SPD, FDP, B90/Grüne und der Mehrheit der AfD wurde der Antrag angenommen . Die Linke entschied sich gegen den Antrag, auch Teile der AfD stimmten dagegen."
1665,2019-03-21,Änderung des Marktorganisationsgesetzes,"Außenwirtschaft|Öffentliche Finanzen, Steuern und Abgaben|Staat und Verwaltung",Ausschuss für Ernährung und Landwirtschaft,http://dip21.bundestag.de/dip21/btd/19/078/1907836.pdf,Am 21.03.2019 wurde über den Gesetzentwurf der Bundesregierung und über die damit einhergehende Beschlussempfehlung des Ausschusses für Ernährung und Landwirtschaft namentlich abgestimmt. Mit dem Gesetz will die Bundesregierung konkrete Zuständigkeitszuweisungen an die Zollverwaltung (für die Abschreibung von Lizenzen) sowie eine Regelungen für Sicherheiten hervorbringen und das Marktorganisationsgesetz somit an das überarbeitete aktuelle EU-Recht anpassen. Mit den Stimmen aller Fraktionen wurde der Gesetzentwurf angenommen . Niemand stimmte dagegen. Einzig zwei Mitglieder der AfD-Fraktion und ein fraktionsloser Abgeordneter enthielten sich der Abstimmung.
1669,2019-03-21,Friedensprozess in Afghanistan unterstützen - Antrag der FDP-Fraktion,Außenpolitik und internationale Beziehungen|Verteidigung,,http://dip21.bundestag.de/dip21/btd/19/077/1907726.pdf,"Der Antrag der Bundesregierung , der am 21.03.2019 in namentlicher Abstimmung angenommen wurde, fordert die Ausweitung des Ausbildungseinsatzes der Bundeswehr in Afghanistan. Dazu legte die FDP-Fraktion einen Entschließungsantrag vor, in dem sie fordert, in Zusammenarbeit mit EU- und Nato-Partnern und unter Einbeziehung der Regionen einen inklusiven Friedensprozess in Afghanistan zu unterstützen. Der Antrag der FDP-Fraktion wurde mit 496 Gegenstimmen aus den Fraktionen CDU/CSU, SPD, AfD und Die Linke abgelehnt . Die Fraktion B90/Grüne enthielten sich der Abstimmung und die FDP-Fraktion sowie zwei fraktionslose Abgeordnete stimmten dem Antrag zu."
1671,2019-04-11,Zugang zum Sozialschutz für Arbeitnehmer und Selbstständige verbessern,"Gesellschaftspolitik, soziale Gruppen|Soziale Sicherung",,http://dip21.bundestag.de/dip21/btd/19/084/1908460.pdf,"Mit dem Gesetzentwurf der Bundesregierung soll erreicht werden, dass der/die deutsche Vertreter*in im Europäischen Rat dem Vorschlag für eine Empfehlung des Rates zum Zugang zum Sozialschutz für Arbeitnehmer und Selbstständige zustimmen darf. Diese rechtlich nicht bindende Ratsempfehlung ziele darauf ab, dass die EU-Mitgliedstaaten – im Einklang mit ihrer nationalen Zuständigkeit für die Ausgestaltung der Sozialsysteme – Arbeitnehmern und Selbständigen Zugang zum Sozialschutz gewähren würden. Mit den Stimmen der Regierungsfraktionen CDU/CSU und SPD sowie der Fraktionen B90/Grüne und Die Linke wurde der Gesetzentwurf angenommen . Die AfD-Fraktion und die FDP-Fraktion stimmten geschlossen gegen den Entwurf."
1677,2019-05-09,Verlängerung des Bundeswehreinsatzes in Mali (EUTM Mali) 2019/2020,Außenpolitik und internationale Beziehungen,,http://dip21.bundestag.de/dip21/btd/19/089/1908971.pdf,"Über den Antrag der Bundesregierung zur Verlängerung des Mali-Einsatzes um ein weiteres Jahr wird am 09.05.2019 namentlich abgestimmt; das erste Mal wurde der Einsatz im Jahr 2013 genehmigt. Der Einsatz bewaffneter, deutscher Streitkräfte beinhaltet die Ausbildung des malischen Militärs. Mit den Stimmen der Fraktionen CDU/CSU, SPD, FDP und B90/Grüne wurde der Antrag angenommen . Gegen den Antrag stimmten die AfD- und die Linksfraktion, ebenso einige wenige Abgeordnete aus den Fraktionen SPD und B90/Grüne."
1678,2019-05-09,Verlängerung des Bundeswehreinsatzes in Somalia (Atalanta) 2019/2020,Außenpolitik und internationale Beziehungen,,http://dip21.bundestag.de/dip21/btd/19/089/1908970.pdf,"Der Regierungsantrag fordert die Fortsetzung der Beteiligung deutscher Streitkräfte an der Operation ATALANTA vor der Küste Somalias um ein weiteres Jahr; erstmals wurde der Einsatz im Jahr 2008 genehmigt. Mit den Stimmen der Fraktionen CDU/CSU, SPD, AfD, FDP und Teile der Grünen wurde der Antrag der Bundesregierung angenommen . Dagegen stimmte die gesamte Linksfraktion, die Mehrheit der Grünen enthielt sich, einige Abgeordnete stimmten auch dagegen. Auch aus der SPD sprachen sich drei Abgeordnete gegen die Verlängerung des Einsatzes aus."
1679,2019-05-09,Verlängerung des Bundeswehreinsatzes in Mali (MINUSMA) 2019/2020,Außenpolitik und internationale Beziehungen,,http://dip21.bundestag.de/dip21/btd/19/089/1908972.pdf,"Der Bundestag stimmt am 09. Mai 2019 über den Antrag der Bundesregierung zur Einsatzverlängerung der Bundeswehr der NATO-Mission MINUSMA ab; das erste Mal wurde der Einsatz im Jahr 2013 genehmigt. Mit den Stimmen der Fraktionen CDU/CSU, SPD, FDP und B90/Grüne wurde der Antrag angenommen . Gegen den Antrag stimmten die AfD- und die Linksfraktion, ebenso einige wenige Abgeordnete aus den Fraktionen SPD und B90/Grüne."
1680,2019-05-09,Konzerntransparenz gegen Steuerflucht einführen,Lobbyismus & Transparenz|Staat und Verwaltung|Wirtschaft,,http://dip21.bundestag.de/dip21/btd/19/079/1907906.pdf,"Mit dem Antrag der Linksfraktion wird die Bundesregierung aufgefordert, sich in den Verhandlungen des Rates der EU ausdrücklich für die Einführung einer umfassenden öffentlichen länderspezifischen Berichterstattungspflicht von multinationalen Konzernen einzusetzen. Dadurch solle Steuerflucht erkannt und bekämpft werden. Mit den Stimmen der Regierungsfraktionen, der AfD-Fraktion sowie der FDP-Fraktion wurde der Antrag der Fraktion Die Linke abgelehnt . Für den Antrag sprachen sich die Linksfraktion und die Fraktion B90/Grüne aus, auch zwei Abgeordnete der AfD-Fraktion stimmten dafür."
1681,2019-05-16,Erhöhung des BAföGs,Bildung und Erziehung,,http://dip21.bundestag.de/dip21/btd/19/087/1908749.pdf,"Der von der Bundesregierung vorgelegte Gesetzentwurf fordert eine Anhebung der Bedarfssätze und der Einkommensfreibeträge für Studierende. Dadurch sollen angehende Hochschulabsolventinnen und -absolventen stärker finanziell entlastet werden. Auch die Mittelschicht soll gezielt gefördert werden, um somit die Chancengerechtigkeit zu steigern. Über den Änderungsantrag der Fraktionen Bündnis 90/Die GRÜNEN und Die Linke stimmten die genannten Fraktionen, wie auch die FDP dafür . CDU/CSU, SPD und AfD stimmten geschlossen dagegen . Somit wurde dieser mehrheitlich abgelehnt . Über den Änderungsantrag der Grünen stimmten die Grünen und die Linke dafür . Die FDP enthielt sich geschlossen. CDU/CSU, SPD und AfD stimmten dagegen. Somit wurde dieser abgelehnt ."
1683,2019-05-17,BDS-Bewegung entgegentreten - Antisemitismus bekämpfen,"Gesellschaftspolitik, soziale Gruppen",,http://dip21.bundestag.de/dip21/btd/19/097/1909757.pdf,"Der AfD-Antrag fordert die Bundesregierung auf, die BDS-Bewegung bundesweit, zum Beispiel auf dem Wege des Vereinsrechtes, zu verbieten. Des Weiteren sollen mit der israelischen Regierung Konsultationen zur gemeinsamen Bekämpfung des Antisemitismus initiiert werden. Der Antrag wurde von allen anderen Fraktionen abgelehnt . Der überfraktionelle Antrag von CDU/CSU, SPD, FDP und Bündnis 90/Die Grünen fordert eine Verurteilung der BDS-Kampagne (""Boycott, Divestment and Sanctions""). Organisationen, die sich antisemitisch äußern oder auch das Existenzrecht Israels in Frage stellen, sollen keine unter Bundestagsverwaltung stehende Räumlichkeiten zur Verfügung gestellt bekommen. Der überfraktionelle Antrag wurde in einer geheimen Wahl angenommen ."
1684,2019-06-06,Bekämpfung illegaler Beschäftigung verstärken,"Arbeit und Beschäftigung|Innere Angelegenheiten|Öffentliche Finanzen, Steuern und Abgaben",,http://dip21.bundestag.de/dip21/btd/19/086/1908691.pdf,"Mit dem Gesetzentwurf der Bundesregierung sollen illegale Beschäftigung und Schwarzarbeit durch verschiedene Maßnahmen zukünftig effektiver eingedämmt werden. Mit den Stimmen der Regierungsfraktionen CDU/CSU und SPD sowie der AfD-Fraktion wurde die Abstimmung angenommen . Die Fraktion Die Linke stimmte gegen den Gesetzentwurf, die Fraktionen B90/Grüne und FDP enthielten sich der Abstimmung."
1687,2019-06-06,Erreichung der Klimaziele,Umwelt|Naturschutz,,http://dip21.bundestag.de/dip21/btd/19/008/1900821.pdf,"Der Antrag der FDP fordert die Bundesregierung auf, den europäischen Emissionshandel (EU-ETS) zu stärken und auszubauen. Der Antrag wurde lediglich von der FDP-Fraktion angenommen . Alle anderen Fraktionen lehnten ihn ab. Enthaltungen gab es von Uwe Kamann und Mario Mieruch . Somit wurde dieser mehrheitlich abgelehnt . Ebenfalls wurde über den Antrag der Grünen abgestimmt, allerdings nicht namentlich. Dem Grünen-Antrag stimmten neben den Antragstellern selber nur die Linksfraktion zu."
1685,2019-06-07,Asyl- und Aufenthaltsrecht: Durchsetzung der Ausreisepflicht ,Außenpolitik und internationale Beziehungen|Migration und Aufenthaltsrecht,Ausschuss für Inneres und Heimat,http://dip21.bundestag.de/dip21/btd/19/100/1910047.pdf,"Der vorgelegte Gesetzentwurf der Bundesregierung schlägt verschiedene Maßnahmen vor, um Abschiebungen schneller möglich machen zu können. Mit 371 Zustimmungen wurde der Gesetzentwurf angenommen . Die CDU/CSU-Fraktion stimmte geschlossen für den Entwurf, der Großteil der SPD und ein kleiner Teil der FDP waren auch dafür. Gegen den Gesetzentwurf stimmten die Fraktionen Die Linke und B90/Grüne und ein Teil der AfD-Fraktion."
1686,2019-06-07,Gezielte Einwanderung in den deutschen Arbeitsmarkt,Migration und Aufenthaltsrecht|Wirtschaft,,http://dip21.bundestag.de/dip21/btd/19/082/1908285.pdf,"Der Gesetzentwurf der Bundesregierung sieht eine ""gezielte und gesteuerte Einwanderung in den deutschen Arbeitsmarkt"" vor. Ausländer*innen aus Nicht-EU-Staaten, welche eine anerkannte Qualifikation wie ein Hochschulstudium bzw. eine qualifizierte Berufsausbildung vorweisen können, sollen demnächst in den passenden Berufen arbeiten können. Mit den Stimmen der Regierungsfraktionen CDU/CSU und SPD sowie der fraktionslosen Abgeordneten wurde der Gesetzentwurf der Bundesregierung angenommen . Alle anderen Fraktionen stimmten geschlossen dagegen."
1688,2019-06-28,Verlängerung des Bundeswehreinsatzes im Kosovo (2019-2020),Außenpolitik und internationale Beziehungen|Verteidigung,,http://dip21.bundestag.de/dip21/btd/19/104/1910421.pdf,"Mit dem Antrag der Bundesregierung soll die deutsche Beteiligung an der internationalen Sicherheitspräsenz im Kosovo für ein weiteres Jahr fortgesetzt werden. Mit 493 Stimmen wurde der Antrag der Bundesregierung angenommen . Die Regierungsfraktionen CDU/CSU und SPD sowie auch die FDP stimmten geschlossen für den Antrag, die Oppositionsfraktionen Die Linke und AfD stimmten dagegen. Aus der Grünen-Fraktion wurde der Antrag merheitlich angenommen."
1689,2019-06-28,Verlängerung des Bundeswehreinsatzes im Libanon (2019-2020),Außenpolitik und internationale Beziehungen|Verteidigung,,http://dip21.bundestag.de/dip21/btd/19/099/1909956.pdf,"Der Antrag der Bundesregierung beinhaltet die Fortsetzung der Beteiligung bewaffneter deutscher Streitkräfte an dem Bundeswehreinsatz „United Nations Interim Force in Lebanon“ (UNIFIL) bis Ende Juni 2020. Mit 490 Stimmen wurde der Antrag der Bundesregierung angenommen . Die Regierungsfraktionen CDU/CSU und SPD sowie die Fraktionen der FDP und Bündnis 90/Grüne stimmten zu, die Fraktionen Die Linke und AfD stimmten dagegen."
1690,2019-06-28,Betrieb von Kohlekraftwerken zur Stromerzeugung beenden,Energie|Umwelt|Naturschutz,Ausschuss für Wirtschaft und Energie,http://dip21.bundestag.de/dip21/btd/19/099/1909920.pdf,"Im Rahmen der Bundestagsdebatte zur Energie- und Klimapolitik wurde über einen Gesetzentwurf der Fraktion Bündnis 90/Grüne zur Beendigung des Betriebs von Kohlekraftwerken zur Stromerzeugung namentlich abgestimmt. Die Fraktion zielt damit auf die Stilllegung von Braunkohlekraftwerken bis spätestens zum Ende des Jahres 2022 ab. Bis auf die Grüne-Fraktion stimmten alle Fraktionen gegen den Gesetzentwurf, nur die Linke-Fraktion enthielt sich geschlossen der Abstimmung. Damit wurde der Gesetzentwurf abgelehnt . Auch über einen Antrag der Linken wurde namentlich abgestimmt. Dieser fordert die allgemeine Anerkennung des Klimanotstands und die Verabschiedung von Klimaschutz-Sofortmaßnahmen. Der Antrag wurde durch die Stimmen der CDU/CSU, SPD, AfD und große Teile der FDP abgelehnt . Zugestimmt haben die Fraktionen Die Linke und Bündnis 90/Grüne, außerdem einige Abgeordnete der FDP-Fraktion."
1692,2019-06-28,Klimanotstand ausrufen (Antrag der Linksfraktion),"Umwelt|Wissenschaft, Forschung und Technologie",,http://dip21.bundestag.de/dip21/btd/19/102/1910290.pdf,"Der Antrag der Linksfraktion fordert die Bundesregierung auf, den Klimanotstand in Deutschland anzuerkennen und den Klimaschutz bei politischen Entscheidgungen zur priorisieren. Mit den Stimmen der Regierungsfraktionen CDU/CSU und SPD sowie der AfD-Fraktion und der Mehrheit der FDP-Fraktion wurde der Antrag abgelehnt . Dafür stimmten die antragstellende Linksfraktion und die Fraktion Bündnis 90/Grüne und auch ungefähr ein Drittel der FDP-Abgeordneten."
1713,2019-09-26,Intensivierung der Maßnahmen zur Aufforstung und zur nachhaltigen Holzgewinnung (Antrag der FDP-Fraktion),Umwelt|Naturschutz,"Ausschuss für Umwelt, Naturschutz und nukleare Sicherheit",http://dip21.bundestag.de/dip21/btd/19/092/1909226.pdf,"Im Rahmen der Bundestagsdebatte zum Klimaschutz und zur Entwicklung des Waldes wurde über einen Antrag der FDP-Fraktion mit dem Titel ""Weltweit mehr Wald für den Klimaschutz"" namentlich abgestimmt. Dieser fordert die Bundesregierung, dazu auf, sich stärker für nachhaltig gewonnene Holzprodukte und die Aufforstung von Wäldern einzusetzen. Gegen den Antrag der FDP-Fraktion stimmten 572 Abgeordnete, der Antrag wurde damit abgelehnt."
1715,2019-09-26,Stärkung der deutsch-französischen Zusammenarbeit,Außenpolitik und internationale Beziehungen|Europapolitik und Europäische Union|Verteidigung,Auswärtiger Ausschuss,http://dip21.bundestag.de/dip21/btd/19/100/1910051.pdf,Der vorgelegte Gesetzesentwurf der Bundesregierung schafft die verfassungsgemäßen Voraussetzungen für die Ratifizierung des Aachener Vertrags vom 22. Januar 2019 über die deutsch-französische Zusammenarbeit und Integration. Der Bundestag stimmte der Stärkung der deutsch-französischen Zusammenarbeit und Integration im Rahmen des Aachener Vertrages zu und nahm den Gesetzesentwurf somit an.
1716,2019-09-26,Aufnahme von EU-Beitrittsverhandlungen mit Nordmazedonien,Europapolitik und Europäische Union,Auswärtiger Ausschuss,http://dip21.bundestag.de/dip21/btd/19/135/1913508.pdf,"Der Bundestag stimmte mehrheitlich für den Antrag der Regierungsfraktionen, EU-Beitrittsverhandlungen mit Nordmazedonien aufzunehmen. Der Antrag formuliert einige Bedingungen, die für erfolgreiche Gespräche seitens Nordmazedoniens zu erfüllen sind. Seit 2005 ist das Land Beitrittskandidat der Europäischen Union. Neben den Mitgliedern der Regierungsfraktionen CDU/CSU und SPD stimmten auch die Abgeordneten der Grünen und FDP für den Antrag. Linke und AfD stimmten mehrheitlich gegen den Antrag."
1717,2019-09-26,Aufnahme von EU-Beitrittsverhandlungen mit Albanien,Europapolitik und Europäische Union,Auswärtiger Ausschuss,http://dip21.bundestag.de/dip21/btd/19/135/1913509.pdf,"Der Bundestag stimmte mehrheitlich für den Antrag der Regierungsfraktionen, EU-Beitrittsverhandlungen mit Albanien aufzunehmen. Der Antrag formuliert einige Bedingungen, die für erfolgreiche Gespräche seitens Albanien zu erfüllen sind. Seit 2014 ist das Land Beitrittskandidat der Europäischen Union. Neben den Mitgliedern der Fraktionen CDU/CSU und SPD stimmten auch die Abgeordneten der Grünen für den Antrag. FDP, Linke und AfD stimmten mehrheitlich gegen den Antrag."
1724,2019-10-17,Tempolimit auf deutschen Autobahnen,Verkehr,,http://dip21.bundestag.de/dip21/btd/19/099/1909948.pdf,"Der Antrag der Grünen fordert die Bundesregierung auf, eine generelle Geschwindigkeitsbegrenzung von 130 km/h auf deutschen Autobahnen einzuführen. Dieser Antrag wurde mehrheitlich abgelehnt und folgt damit der Beschlussempfehlung des Ausschusses für Verkehr und digitale Infrastruktur. Die Grünen und die Linken befürworteten die Forderung."
1725,2019-10-17,Aufnahme von Flüchtlingen von den Ägäischen Inseln,Außenpolitik und internationale Beziehungen|Migration und Aufenthaltsrecht|Humanitäre Hilfe|Menschenrechte,,http://dip21.bundestag.de/dip21/btd/19/141/1914109.pdf,"Die Linksfraktion nutzte die Bundestagsdebatte zur Regierungserklärung für den EU-Gipfel, um einen Entschließungsantrag einzureichen, der die Bundesregierung auffordert, in Absprache mit anderen EU-Mitgliedsstaaten, alle unbegleiteten minderjährigen Flüchtlinge der griechischen Ägäis-Inseln aufzunehmen. Die Grünenfraktion unterstützte den Antrag. Er wurde mehrheitlich von den Mitgliedern der Fraktionen AfD, FDP, CDU/CSU und SPD abgelehnt ."
1726,2019-10-18,Mehr Länderkompetenz bezüglich der Grundsteuer,"Innere Angelegenheiten|Öffentliche Finanzen, Steuern und Abgaben|Finanzen|Raumordnung, Bau- und Wohnungswesen",,http://dip21.bundestag.de/dip21/btd/19/110/1911084.pdf,Der Gesetzentwurf der Regierungsfraktionen räumt den Ländern die Befugnis zu abweichenden landesrechtlichen Regelungen bezüglich der Grundsteuer ein. Hierfür ist eine Grundgesetzänderung notwendig. Mit Ja-Stimmen der Regierungsfraktionen sowie der FDP- und Grünen-Fraktion wurde der Antrag angenommen . Der Großteil der Linksfraktion sowie die AfD-Fraktion stimmte gegen den Antrag.
1727,2019-10-24,Verlängerung des Anti-IS-Einsatzes der Bundeswehr im Irak und Syrien,Außenpolitik und internationale Beziehungen|Verteidigung,,http://dip21.bundestag.de/dip21/btd/19/142/1914287.pdf,Die Beschlussempfehlung des Auswärtigen Ausschusses und damit der Antrag der Bundesregierung zur Verlängerung des Anti-IS-Einsatzes der Bundeswehr im Irak und in Syrien wurde vom Bundestag mit den Stimmen der CDU/CSU und mehrheitlich der SPD angenommen.
1728,2019-10-24,Europäisch einheitliche Rahmenbedingungen für die Landwirtschaft,Europapolitik und Europäische Union|Landwirtschaft und Ernährung,,http://dip21.bundestag.de/dip21/btd/19/143/1914343.pdf,"Der Entschließungsantrag der FDP-Fraktion fordert die Bundesregierung auf, die Vereinheitlichung von Standards in der Landwirtschaft auf europäischer Ebene zu vereinheitlichen. Lediglich die antragsstellende FDP-Fraktion sowie die Fraktion der AfD stimmten für den Antrag. Damit wurde dieser mehrheitlich abgelehnt."
1734,2019-11-07,Änderungsantrag der FDP zur Erhöhung der GWG-Grenze,"Öffentliche Finanzen, Steuern und Abgaben|Wirtschaft",,http://dip21.bundestag.de/dip21/btd/19/148/1914882.pdf,"Mit dem Änderungsantrag der FDP-Fraktion wird die Bundesregierung aufgefordert, eine Überarbeitung der Abschreibungsvorschriften vorzunehmen. Hierbei soll die Bemessungsgrenze für GWG (geringfügige Wirtschaftsgüter) von derzeit 800 auf 1000 Euro angehoben werden. Dadurch würde die Pool-Abschreibung, ""ein Sammelposten, bei dem Anschaffungs- und Herstellungskosten von Wirtschaftsgütern bis zu einem Betrag von 1000 Euro steuerlich abgeschrieben werden können, entfallen."" Der Antrag wurde mit den Stimmen der Regierungsfraktionen abgelehnt. Alle vier Oppositionsfraktionen stimmten dem Antrag zu."
1735,2019-11-13,Höhere Förderung biologischer und umweltgerechter Landwirtschaft,"Landwirtschaft und Ernährung|Öffentliche Finanzen, Steuern und Abgaben|Umwelt",,http://dip21.bundestag.de/dip21/btd/19/139/1913960.pdf,"Der Gesetzentwurf der Bundesregierung fordert den Bundestag auf, eine Umschichtung der Direktzahlungsmittel aus dem Europäischen Landwirtschaftsfond für die Entwicklung des ländlichen Raums zu genehmigen. Mit den Ja-Stimmen der Regierungsfraktionen wurde der Antrag angenommen ."
1736,2019-11-14,Erhöhung der Freigrenze beim Solidaritätszuschlag,"Deutsche Einheit / Innerdeutsche Beziehungen (bis 1990)|Öffentliche Finanzen, Steuern und Abgaben|Finanzen|Haushalt",,http://dip21.bundestag.de/dip21/btd/19/141/1914103.pdf,"Der Bundestag beschließt durch die Annahme des Gesetzesentwurfes der Regierung eine Erhöhung der Freigrenze, ab der der Solidaritätszuschlag (""Soli"") gezahlt werden muss. Die Summe soll sich ab 2021 drastisch von 972 Euro/1.944 Euro auf 16.956 Euro/33.912 Euro (Einzel-/Zusammenveranlagung) erhöhen. Damit soll erreicht werden, dass rund 90 Prozent der Steuerzahler:innen den Soli nicht mehr zahlen müssen. Der Antrag wurde mit den Ja-Stimmen Stimmen der Regierungsfraktionen angenommen ."
1737,2019-11-14,Gewerbesteuer abschaffen und Körperschaftssteuer senken,"Öffentliche Finanzen, Steuern und Abgaben|Finanzen|Wirtschaft",,http://dip21.bundestag.de/dip21/btd/19/078/1907898.pdf,"Die FDP-Fraktion fordert den Bundestag in ihrem Antrag auf, die Körperschaftssteuer zu senken und die Gewerbschaftssteuer abzuschaffen. Zustimmung für den Antrag kam lediglich von der FDP- und AfD-Fraktion, womit dieser mehrheitlich abgelehnt wurde."
1738,2019-11-14,Masernimpfpflicht in Gemeinschaftseinrichtungen,Familie|Gesundheit|Innere Angelegenheiten,,http://dip21.bundestag.de/dip21/btd/19/134/1913452.pdf,"Der von der Bundesregierung eingereichte Gesetzesentwurf sieht vor, einen verpflichtenden Impfschutz für Kinder und Mitarbeiter:innen in Gemeinschaftseinrichtungen wie beispielsweise Kitas, Schulen oder Kindertagespflegen einzuführen. Der Antrag wurde mit den Ja-Stimmen der Regierungsfraktionen, großen Teilen der FDP, Teilen von der Partei Die Linke sowie einer Ja-Stimmen von Bündnis 90/Die Grünen und drei Ja-Stimmen von der AfD-Fraktion angenommen ."
1739,2019-11-15,Erhöhung der Luftverkehrssteuer,"Energie|Öffentliche Finanzen, Steuern und Abgaben|Naturschutz|Verkehr",,http://dip21.bundestag.de/dip21/btd/19/147/1914746.pdf,"Der Gesetzentwurf von Bundesregierung und Koalitionsfraktionen fordert den Bundestag auf, im Rahmen des Klimaschutzprogramms 2030 die Luftverkehrsteuer zum 1. April 2020 zu erhöhen. Mit der Zustimmung der Regierungsfraktionen wurde der Antrag angenommen . Die Miglieder der Oppositionsfraktionen stimmten mehrheitlich gegen den Entwurf. Die Linksfraktion enthielt sich ihrer Stimme."
1743,2019-11-27,Haushalt für die Bundeskanzlerin und das Bundeskanzleramt,"Öffentliche Finanzen, Steuern und Abgaben|Finanzen|Haushalt",,http://dip21.bundestag.de/dip21/btd/19/118/1911800.pdf,"Der von der Bundesregierung eingebrachte Gesetzesentwurf für den Haushalt der Bundeskanzlerin und das Bundeskanzleramt 2020 (""Einzelplan 04"") fordert den Bundestag auf, den vom Haushaltsausschuss vorgeschlagenen Etat in Höhe von 3,19 Milliarden Euro für das Jahr 2020 zu bestätigen. Die Oppositionsfraktionen votierten geschlossen gegen den Antrag, während die Große Koalition dem Haushaltsentwurf zustimmte . Der Gesetzesentwurf wurde somit angenommen ."
1745,2019-11-29,Bundeshaushalt 2020,"Öffentliche Finanzen, Steuern und Abgaben|Finanzen|Haushalt",Haushaltsausschuss,http://dip21.bundestag.de/dip21/btd/19/118/1911800.pdf,"Mit dem vom Haushaltsausschuss eingebrachten Entwurf für den Haushalt 2020 wird der Bundestag aufgefordert, den Plänen für die Ausgaben des nächsten Jahres zuzustimmen . Der Entwurf beziffere die Ausgaben auf eine Höhe von 362 Milliarden Euro (vgl. 2019 - 356,4 Milliarden Euro). Für die Ausgaben ist im Entwurf keine Nettokreditaufnahme geplant (""schwarze Null""). Die Oppositionsfraktionen lehnten den viel kritisierten Haushaltsentwurf geschlossen ab , während die Regierungsfraktionen ihm zustimmten . Damit wurde der Haushaltsentwurf für das Jahr 2020 angenommen ."
1752,2019-12-19,Umsetzung des Klimaschutzprogramms 2030,Energie|Umwelt|Wirtschaft,Finanzausschuss,http://dip21.bundestag.de/dip21/btd/19/143/1914338.pdf,"Das ""Klimapaket 2030"" umfasst zahlreiche Maßnahmen, die dabei helfen sollen, das Klima zu schützen. Notwendig für die Umsetzung des Klimapaketes sind verschiedenen Änderungen auch im Steuergesetz. Mit diesen Änderungen befasst sich der Gesetzentwurf von CDU/CSU und SPD. Der Vermittlungsausschuss hat den letzten Änderungen zugestimmt und empfiehlt dem Bundestag, den Gesetzentwurf anzunehmen. Die Beschlussempfehlung und damit der Gesetzentwurf der Regierungsfraktionen wurden angenommen. Durch die Annahme auch des Bundesrates kann das Maßnahmenpaket in Kraft treten."
1753,2019-12-19,Einsetzung einer Kommission zur Reform der förderalen Sicherheitsarchitektur,Innere Sicherheit|Innere Angelegenheiten|Verteidigung,,http://dip21.bundestag.de/dip21/btd/19/074/1907424.pdf,"Der Antrag der FDP-Fraktion fordert den Bundestag zur Schaffung einer Kommission auf, die Vorschläge zur Reform der föderalen Sicherheitsarchitektur ausarbeiten soll. Ziel der Reform sei es, die Zusammenarbeit der Sicherheitsbehörden effizienter zu machen. Der Antrag wurde abgelehnt ."
1754,2019-12-19,Abschuss von Wölfen erleichtern,Landwirtschaft und Ernährung|Umwelt|Naturschutz,,http://dip21.bundestag.de/dip21/btd/19/108/1910899.pdf,"Der Bundestag hat einen Gesetzesentwurf der Regierungsfraktionen angenommen , der das Abschießen von Wölfen erleichtert. Die Lockerung des artenschutzrechtlichen Zugriffsverbotes (Bundesnaturschutzgesetz § 44 und § 45 ) wird begründet mit der ""Abwendung ernster land-, forst-, fischerei- oder wasserwirtschaftlicher oder sonstiger ernster Schäden""."
1758,2020-01-16,Organspenden-Reform: Widerspruchslösung,"Gesellschaftspolitik, soziale Gruppen|Gesundheit",,http://dip21.bundestag.de/dip21/btd/19/110/1911096.pdf,"Der Bundestag stimmt über zwei überfraktionell eingebrachte Gesetzesentwürfe ab, welche die Bundesregierung auffordern, dass Organspendemodell in Deutschland zu reformieren. Die Abgeordneten entscheiden über die Einführung einer Widerspruchslösung oder einer Zustimmungslösung . Über die Widerspruchs- und die Zustimmungslösung sowie über einen AfD-Antrag wurde jeweils namentlich abgestimmt. Hier finden Sie die Ergebnisse zur Widerspruchslösung. Mit 292 Ja-Stimmen und 379 Nein-Stimmen wurde der Antrag zur Widerspruchslösung bei 3 Enthaltungen abgelehnt . Die Abstimmungsergebnisse zur angenommen Zustimmungslösung finden Sie hier ."
1761,2020-01-16,Organspenden-Reform: Zustimmungslösung,"Gesellschaftspolitik, soziale Gruppen|Gesundheit",,http://dip21.bundestag.de/dip21/btd/19/110/1911096.pdf,"Der Bundestag stimmt über zwei überfraktionell eingebrachte Gesetzesentwürfe ab, welche die Bundesregierung auffordern, dass Organspendemodell in Deutschland zu reformieren. Die Abgeordneten entscheiden über die Einführung einer Widerspruchslösung oder einer Zustimmungslösung . Über die Widerspruchs- und die Zustimmungslösung sowie über einen AfD-Antrag wurde jeweils namentlich abgestimmt. Hier finden Sie die Ergebnisse zur Zustimmungslösung. Mit 432 Ja-Stimmen und 200 Nein-Stimmen wurde der Antrag zur Zustimmungslösung bei 37 Enthaltungen in der dritten Beratung angenommen ."
1762,2020-01-17,EU-Freisetzungsrichtlinie von genetisch veränderten Organismen stärken,Landwirtschaft und Ernährung|Umwelt,,http://dip21.bundestag.de/dip21/btd/19/099/1909952.pdf,"Der Entschließungsantrag der Fraktion Bündnis 90/Die Grünen fordert die Bundesregierung auf, sich auf EU-Ebene dafür einzusetzen, dass bei neuen gentechnischen Methoden weiter nach dem Vorsorgeprinzip schon vor der Nutzung Risiken erkannt und bewertet werden. Zu dem Antrag liegt eine Beschlussempfehlung vor, über die namentlich abgestimmt wurde. Mit den Nein-Stimmen der Regierungsfraktionen sowie der FDP-Fraktion wurde der Antrag abgelehnt . Neben den grünen Abgeordneten stimmten auch die Abgeordneten der Linksfraktion für den Antrag. Die AfD-Abgeordneten enthielten sich ihrer Stimme."
1769,2020-01-30,Einführung einer Stiftung für Engagment und Ehrenamt,"Gesellschaftspolitik, soziale Gruppen",,http://dip21.bundestag.de/dip21/btd/19/143/1914336.pdf,"Die Regierungsfraktionen CDU und SPD haben einen Gesetzesentwurf eingebracht, der vorsieht, dass eine Stiftung für Engagement und Ehrenamt gegründet wird. Diese soll jährlich mit 30 Millionen Euro vom Bund ausgestattet werden und unter anderem Anlaufstelle für Informationen sein und Ehrenamtsstrukturen stärken. Zuvor hatte es von zivilgesellschaftlichen Organisationen zahlreiche Kritik an der Schaffung der Stiftung gegeben. Mit 352 Ja-Stimmen der Regierungsfraktionen wurde der Antrag angenommen. FDP und AfD stimmten dagegen, die Grünen und die Linksfraktion enthielten sich."
3558,2020-03-04,Aufnahme besonders schutzbedürftiger Geflüchteter aus den griechischen Lagern,"Migration und Aufenthaltsrecht|Humanitäre Hilfe|Europapolitik und Europäische Union|Gesellschaftspolitik, soziale Gruppen|Menschenrechte",Ausschuss für Inneres und Heimat,http://dip21.bundestag.de/dip21/btd/19/168/1916838.pdf,"Der von der Grünenfraktion eingebrachte Entschließungsantrag fordert die Bundesregierung auf, 5000 besonders schutzbedürftige Menschen aus den Lagern für Geflüchtete auf den griechischen Inseln aufzunehmen. Mit 494 Nein-Stimmen der Regierungsfraktionen, der AfD und der FDP wurde der Antrag abgelehnt . Neben den Grünen hatte auch die Linksfraktion für den Antrag gestimmt."
3568,2020-03-13,"Fortsetzung des Bundeswehreinsatzes im Rahmen der NATO-Operation ""SEA GUARDIAN"" im Mittelmeer",Außenpolitik und internationale Beziehungen|Verteidigung,Auswärtiger Ausschuss,http://dip21.bundestag.de/dip21/btd/19/172/1917286.pdf,"Der von der Bundesregierung eingebrachte Antrag sieht vor, dass der SEA GUARDIAN -Bundeswehreinsatz im Mittelmeer verlängert wird. Bei dem Einsatz handelt es sich um die Beteiligung deutscher Streitkräfte an einer maritimen Operation der NATO im Mittelmeer mit den Aufgaben den Seeraum zu überwachen, Terrorismus zu bekämpfen und Kapazitäten im Mittelmeerraum aufzubauen. Abgestimmt wurde über die Beschlussempfehlung des federführenden Auswärtigen Ausschuss . Mit den Ja-Stimmen der Regierungsfraktionen und der FDP-Fraktion wurde der Antrag angenommen. Die Fraktionen der Linkspartei, Bündnis 90/Die Grünen und AfD votierten gegen den Antrag."
3571,2020-03-13,Fortsetzung des Bundeswehreinsatzes in Afghanistan,Außenpolitik und internationale Beziehungen|Verteidigung,,https://dip21.bundestag.de/dip21/btd/19/178/1917847.pdf,"Der Bundestag hat der Fortsetzung des Bundeswehreinsatzes in Afghanistan zugestimmt . Mit einer Mehrheit von 356 der insgesamt 709 Stimmen wurde die Empfehlung angenommen, abgelehnt haben ihn 159 der MdB und 21 Parlamentarier:innen enthielten sich bei der Abstimmung. Nicht teilgenommen an der Abstimmung zum Bundeswehreinsatz haben insgesamt 173 der Abgeordneten."
3572,2020-03-25,Corona-Maßnahmen: Aussetzung der Schuldenbremse - erster Nachtragshaushalt,"Humanitäre Hilfe|Gesellschaftspolitik, soziale Gruppen|Innere Sicherheit|Öffentliche Finanzen, Steuern und Abgaben|Finanzen|Haushalt",,http://dip21.bundestag.de/dip21/btd/19/181/1918108.pdf,"Die Bundesregierung reagiert mit ihrem Gesetzesentwurf auf die aktuellen Entwicklungen in der Corona-Pandemie und fordert den Bundestag auf, die Aufhebung der Schuldenbremse gemäß Artikel 115 Absatz 2 Satz 6 des Grundgesetzes zu ermöglichen. Mit den Stimmen der Regierungskoalition, FDP, Grüne und Linksfraktion wurde der Antrag angenommen. Der Großteil der AfD-Fraktion enthielt sich ihrer Stimme."
3599,2020-05-07,"Beteiligung der Bundeswehr an der EU-Mission ""IRINI"" im Mittelmeer",Außenpolitik und internationale Beziehungen|Verteidigung,,https://dip21.bundestag.de/dip21/btd/19/187/1918734.pdf,"Der von der Bundesregierung eingebrachte Antrag sieht eine Beteiligung der Bundeswehr am EU-Mittelmeer-Einsatz vor. Die EU-Mission ""Irini"" im Mittelmeer soll den Seeraum überwachen und das Waffenembargo gegen Libyen kontrollieren. Abgestimmt wurde über die Beschlussempfehlung des federführenden Auswärtigen Ausschusses . Die Regierungsfraktionen CDU/CSU und SPD stimmten ebenso zu wie die FDP-Fraktion. Damit wurde der Antrag angenommen. Die Fraktionen der Linkspartei und AfD votierten bei Enthaltung der Grünen gegen den Antrag."
3602,2020-05-14,Corona-Maßnahmen zum Schutz der Bevölkerung,"Gesundheit|Innere Sicherheit|Öffentliche Finanzen, Steuern und Abgaben",,https://dip21.bundestag.de/dip21/btd/19/189/1918967.pdf,"Der Gesetzesentwurf der Regierungsfraktionen CDU/CSU und SPD fordert die Bundesregierung auf, weitere Maßnahmen zur Bewältigung der COVID-19-Pandemie einzuleiten. Dabei schließt das Gesetz am gleichnamigen ersten Gesetz an und fordert unter anderem eine dauerhafte Meldepflicht von COVID-19-Infektionen sowie die Kostenübernahme der Tests durch die Krankenversicherungen. Lediglich die Regierungsfraktionen stimmen für den Antrag. Die Links-, FDP-, und AfD-Fraktion votierte, bei Enthaltung der Grünenfraktion, gegen den Antrag . Damit wurde der Antrag angenommen."
3629,2020-05-14,Regelsatz der Grundsicherung erhöhen,Gesundheit|Soziale Sicherung,Ausschuss für Arbeit und Soziales,http://dip21.bundestag.de/dip21/btd/19/187/1918705.pdf,"Mit ihrem Antrag fordert die Fraktion Bündnis 90/Die Grünen die Bundesregierung auf, den Regelsatz der Grundsicherung zu erhöhen, um Personen ärmerer Bevölkerungsschichten vor finanziellen Notlagen zu schützen. Der Antrag der Fraktion Bündnis 90/Die Grünen wurde abgelehnt."
3631,2020-05-14,Beteiligung am Europäischen Corona-Stabilitätsmechanismus,"Europapolitik und Europäische Union|Gesundheit|Öffentliche Finanzen, Steuern und Abgaben",,https://dip21.bundestag.de/dip21/btd/19/191/1919110.pdf,"Der vom Bundesfinanzministerium eingebrachte Gesetzesentwurf fordert die Bundesregierung zu einer grundsätzlichen Beteiligung Deutschlands am sogenannten ""Pandemic Crisis Support Instruments"" (PCSI) auf. Diese Maßnahmen im Rahmen des Europäischen Stabilitätsmechanismusses sollen Euro-Staaten absichern, die mit der finanziellen Bewältigung der Corona-Krise überfordert sind. Die Regierungsfraktionen CDU/CSU und SPD stimmten ebenso wie die Grünefraktionen für den Antrag. Dieser wurde damit angenommen. Die AfD stimmte gegen den Antrag, die FDP- und Linken-Abgeordneten enthielten sich ihrer Stimme."
3667,2020-05-27,Verlängerung des Bundeswehreinsatzes in Somalia (Atalanta 2020/2021),Außenpolitik und internationale Beziehungen|Verteidigung,,https://dip21.bundestag.de/dip21/btd/19/188/1918866.pdf,"Der von der Bundesregierung eingebrachte Antrag sieht vor, dass die Operation ATALANTA , an der sich die Bundeswehr beteiligt, verlängert wird. Bei dem Einsatz handelt es sich um die Beteiligung deutscher Streitkräfte an einer maritimen Operation der EU, vor der Küste Somalias, mit der Aufgabe, die Piraterie zu bekämpfen und die Gebiete zu überwachen. Abgestimmt wurde über die Beschlussempfehlung des federführenden Auswärtigen Ausschusses . Die Regierungsfraktionen CDU/CSU und SPD stimmten dem Antrag ebenso zu wie die Fraktionen AfD und FDP. Damit wurde der Antrag angenommen. Die Linksfraktion votierte geschlossen gegen den Antrag. Bei den Grünen gab es Zustimmungen und einige Nein-Stimmen, die Hälfte der Fraktion enthielt sich."
3668,2020-05-29,Verlängerung des Bundeswehreinsatzes in Mali (MINUSMA 2020/2021),Außenpolitik und internationale Beziehungen|Verteidigung,,https://dip21.bundestag.de/dip21/btd/19/190/1919002.pdf,"Der von der Bundesregierung eingebrachte Antrag sieht vor, dass das Bundeswehrmandat für die Beteiligung an der UN-Mission MINUSMA verlängert wird. Bei dem Einsatz handelt es sich um die Beteiligung bewaffneter deutscher Streitkräfte an der ""Multidimensionalen Integrierten Stabilisierungsmission der Vereinten Nationen in Mali (MINUSMA)"". Die Regierungsfraktionen CDU/CSU und SPD stimmten der Verlängerung ebenso zu wie die Grüne- und FDP-Fraktion. Damit wurde der Antrag angenommen. Die AfD- und Linksfraktion votierte geschlossen gegen den Antrag. Bei den Grünen kam es zu fünf Enthaltungen und drei Nein-Stimmen."
3669,2020-05-29,Verlängerung des Bundeswehreinsatzes in Mali (EUTM Mali 2020/2021),Außenpolitik und internationale Beziehungen|Verteidigung,,https://dip21.bundestag.de/dip21/btd/19/190/1919002.pdf,"Der von der Bundesregierung eingebrachte Antrag sieht vor, dass die Beteiligung der Bundeswehr an der Militärmission EUTM verlängert wird. Bei dem Einsatz handelt es sich um die Beteiligung deutscher Streitkräfte an dem Beitrag der Europäischen Union zur Ausbildung der malischen Streitkräfte. Die Regierungsfraktionen CDU/CSU und SPD stimmten der Verlängerung ebenso zu wie die FDP-Fraktion. Damit wurde der Antrag angenommen. Die AfD- und Linksfraktion votierte geschlossen gegen den Antrag. Die Grünen enthielten sich zum großen Teil ihrer Stimme."
3710,2020-06-17,Verlängerung des Bundeswehreinsatzes vor der libanesischen Küste (UNIFIL 2020/2021),Außenpolitik und internationale Beziehungen|Verteidigung,,https://dip21.bundestag.de/dip21/btd/19/190/1919003.pdfhttps://dip21.bundestag.de/dip21/btd/19/190/1919002.pdf,"Der von der Bundesregierung eingebrachte Antrag sieht vor, dass die Beteiligung der Bundeswehr am maritimen Teil der friedenssichernden Mission ""United Nations Interim Force in Lebanon"" ( UNIFIL ) verlängert wird. Bei dem Einsatz handelt es sich um die Beteiligung deutscher Streitkräfte an der Überwachung der Seegrenzen des Libanon. Die Regierungsfraktionen CDU/CSU und SPD stimmten der Verlängerung ebenso zu wie die FDP und die Grünen. Damit wurde der Antrag angenommen. Die AfD-Fraktion und Linke votierten geschlossen gegen den Antrag."
3714,2020-06-18,Umsetzung der EU-Richtlinie: mehr Rechte für Arbeitnehmer:innen aus dem EU-Ausland,Arbeit und Beschäftigung|Europapolitik und Europäische Union|Wirtschaft,,https://dip21.bundestag.de/dip21/btd/19/193/1919371.pdf,"Der Gesetzesentwurf der Bundesregierung will die EU-Richtlinie des EU-Parlamentes zur Stärkung der Rechte von Arbeitnehmer:innen aus dem EU-Ausland umsetzen. Mit der Richtlinie sollen unter anderem aus dem EU-Ausland entsandte Arbeitnehmer:innen nicht mehr nur den Anspruch auf den Mindestlohn, sondern auch auf den Tariflohn aus allgemeinverbindlichen Tarifverträgen haben. Die Regierungsfraktionen CDU/CSU und SPD stimmten ebenso wie die Grünenfraktion für den Antrag. Dieser wurde damit angenommen. Die AfD stimmte, genau wie die FDP-Fraktion gegen den Antrag. Die Linken-Abgeordneten enthielten sich ihrer Stimme."
3749,2020-07-02,Nachtragshaushalt 2020: Corona Konjunktur- und Krisenbewältigungspaket,"Gesellschaftspolitik, soziale Gruppen|Öffentliche Finanzen, Steuern und Abgaben|Wirtschaft",,http://dip21.bundestag.de/dip21/btd/19/200/1920000.pdf,"Mit dem Gesetzesentwurf fordern die Regierungsfraktionen CDU/CSU und SPD die nachträgliche Erhöhung des Haushaltes für das Jahr 2020 auf 509,3 Milliarden Euro ( vorher 362 Milliarden Euro ) von der Bundesregierung. Mit dem Paket sollen die negativen Auswirkungen auf Wirtschaft und Gesellschaft abgefedert werden. Die Regierungsfraktionen stimmten geschlossen für den zweiten Nachtragshaushalt. Gegen den Antrag votierte die FDP- und AfD-Fraktion. Die Grünen- und Linksfraktion enthielt sich zum größten Teil ihrer Stimme. Damit wurde der zweite Nachtragshaushalt für das Jahr 2020 angenommen ."
3760,2020-07-03,Änderungsantrag zum Kohleausstieggesetz: keine neue Inbetriebnahme ohne Rechtssicherheit,"Umwelt|Wissenschaft, Forschung und Technologie",,,"Im Zusammenhang mit dem Kohleausstieg hat der Bundestag über einen Änderungsantrag der Grünen namentlich abgestimmt. Darin fordern die Grünen, dass der Gesetzesentwurf der Bundesregierung zum Kohleausstieg so geändert wird, dass Kraftwerke nicht in Betrieb genommen werden dürfen, die aufgrund von laufenden Verfahren über keine bestandskräftige Genehmigung verfügen. Der Antrag wurde von der CDU/CSU, SPD, AfD und FDP mit einer klaren Mehrheit abgelehnt . Lediglich die Grünen und die LINKEN stimmten für den Antrag."
3769,2020-07-03,Wahlrechtsreform: Verkleinerung des Bundestages,Bundestag,Ausschuss für Inneres und Heimat,,"Mit dem Gesetzesentwurf von Grünen, Linken und FDP wird die Bundesregierung aufgefordert, das Wahlrecht so zu verändern, dass ein weiteres Anwachsen der Abgeordnetenzahl im deutschen Bundestag bei der nächsten Bundestagswahl verhindert werde. Die Regierungsfraktionen CDU/CSU und SPD votierten gegen den Antrag während die antragsstellenden Fraktionen sowie die AfD für den Antrag stimmten."
3914,2020-09-17,Grundgesetzänderung zur stärkeren Entlastung der Kommunen in der COVID-19-Pandemie,"Innere Angelegenheiten|Öffentliche Finanzen, Steuern und Abgaben|Bundestag",,,"Mit einer Änderung des Grundgesetzes beabsichtigen die Regierungsfraktionen CDU/CSU und SPD die stärkere finanzielle Entlastung der Kommunen während der COVID-19-Pandemie. Mit 571 Ja-Stimmen wurde der Gesetzentwurf angenommen. Alle Fraktionen stimmten dem Entwurf zu, allein die AfD stimmte dagegen."
3936,2020-09-18,Geflüchtete aus Moria in Deutschland aufnehmen,Migration und Aufenthaltsrecht|Humanitäre Hilfe|Menschenrechte,Ausschuss für Inneres und Heimat,https://dip21.bundestag.de/dip21/btd/19/222/1922264.pdf,"Mit ihrem Antrag fordert die Fraktion DIE LINKE die Bundesregierung auf, die Geflüchteten aus dem EU-Hotspot Moria in Deutschland aufzunehmen und sich auf EU-Ebene für die Abschaffung von EU-Hotspots einzusetzen. Der Ausschuss für Inneres und Heimat legte dazu eine Beschlussempfehlung vor, in der die Fraktionen dazu aufgefordert werden, den Antrag abzulehnen. Mit der Annahme der Beschlussempfehlung durch die Stimmen von CDU/CSU, SPD, AfD, Bündnis 90/Die Grünen und FDP wurde der Antrag der LINKE-Fraktion abgelehnt."
3942,2020-10-08,Änderung des Bundeswahlgesetzes,Bundestag|Recht,Ausschuss für Inneres und Heimat,https://dip21.bundestag.de/dip21/btd/19/225/1922504.pdf,"Mit dem Gesetzentwurf der CDU/CSU und SPD streben die Regierungsfraktionen eine Änderung des Bundeswahlgesetzes an. Damit soll einer Beeinträchtigung der Akzeptanz des Parlaments in der Bevölkerung entgegengewirkt werden. Mit 362 Stimmen wurde der Gesetzentwurf angenommen. Nur die antragstellenden Regierungsfraktionen stimmten für den Entwurf, alle anderen Fraktionen entschieden sich dagegen."
3947,2020-10-09,Änderung der Abgabenordnung,"Öffentliche Finanzen, Steuern und Abgaben|Recht",Finanzausschuss,https://dip21.bundestag.de/dip21/btd/19/221/1922113.pdf,"Der Gesetzentwurf der Fraktion BÜNDNIS 90/DIE GRÜNEN soll ermöglichen, Taterträge aus Steuerhinterziehungen einzuziehen, die nach einer Änderung der Gesetzeslage (im Zuge des zweiten Corona-Steuerhilfegesetzes) schon als verjährt gelten. Die Erträge, die aus illegalen Cum-Ex-Geschäften stammen, können damit leichter von Staatsanwaltschaften eingezogen werden. Der Entwurf wurde mit 316 Nein-Stimmen von den Regierungsfraktionen CDU/CSU und SPD abgelehnt. Das BÜNDNIS 90/DIE GRÜNEN sowie DIE LINKE und die FDP stimmten dafür, Enthaltung gab es von Seiten der AfD."
3948,2020-10-29,Weiterführung des Bundeswehreinsatzes im Irak,Außenpolitik und internationale Beziehungen|Migration und Aufenthaltsrecht,Auswärtiger Ausschuss,https://dip21.bundestag.de/dip21/btd/19/232/1923212.pdf,"Mit dem Weiterführen des bereits laufenden Bundeswehreinsatzes im Irak soll das erneute Erstarken des islamischen Staates verhindert und die Versöhnung der Konfliktparteien Irak und Syrien gefördert werden. Die Regierungsfraktionen CDU/CSU und SPD sowie die Fraktion der FDP stimmten der Beschlussempfehlung des Auswärtigen Ausschusses zu. Der Antrag der Bundesregierung wurde somit angenommen. Die Fraktionen Bündnis 90/DieGrünen, Die LINKE und die AfD stimmten einstimmig gegen den Einsatz. Auch neun SPD-Fraktionsmitglieder, darunter Dirk Heidenblut und Cansel Kiziltepe stellten sich gegen den den Antrag . Ebenso Dr. Wieland Schinnenburg als einziges Mitglied der Fraktion FDP."
3950,2020-11-18,Änderung des Infektionsschutzgesetzes,"Gesellschaftspolitik, soziale Gruppen|Gesundheit|Bundestag",,https://dip21.bundestag.de/dip21/btd/19/239/1923944.pdf,"Mit dem Gesetzentwurf über ein ""drittes Gesetz zum Schutz der Bevölkerung bei einer epidemischen Lage"" (kurz: Infektionsschutzgesetz ) wollen die Regierungsfraktionen CDU/CSU und SPD das Bevölkerungsschutzgesetz vom März 2020 ausweiten und weitere Regelungen zur Stärkung des Schutzes der Bevölkerung einführen. Zu den gesetzlichen Vorgaben zählen unter anderem Abstandsgebote, Kontakt- und Versammlungsbeschränkungen, Bestimmungen zur Maskenpflicht, Reisebeschränkungen und der Anspruch für Versicherte sowie nicht Versicherte auf Testungen und Impfungen. Mit 413 Zustimmungen vonseiten der Fraktionen CDU/CSU, SPD und Bündnis 90/Die Grünen wurde der Gesetzentwurf der Regierungsfraktionen angenommen. Gegen den Entwurf stimmten die Fraktionen der AfD, FDP und Die Linke."
3959,2020-11-25,Übereinkommen über ein europäisches Patentgericht,Europapolitik und Europäische Union|Recht,Ausschuss für Recht und Verbraucherschutz,https://dip21.bundestag.de/dip21/btd/19/228/1922847.pdf,"Der Gesetzesentwurf der Bundesregierung soll das entgültige Inkrafttreten eines einheitlichen Patentgerichtes der EU bewilligen. Dessen Existenz ist unter anderem für den in Planung stehenden, flächendeckenden Patentschutz, der ebenfalls EU-weit in Kraft treten soll, essentiell und soll den Schutz von Erfindungen nachhaltig stärken. Die Regierungsfraktionen, sowie die Fraktionen Bündnis 90/Die Grünen, Die LINKE und FDP stimmten ausnahmslos für das Patentgericht. Gegen den Antrag stimmte die Fraktion der AfD. Entgegen seiner Fraktion stimmte Roland Hartwig von der AfD ebenfalls für das Patentgericht."
3957,2020-11-26,Europäische Bank für nachhaltige Entwicklung und internationalen Klimaschutz,Entwicklungspolitik|Finanzen|Umwelt,Ausschuss für wirtschaftliche Zusammenarbeit und Entwicklung,,"Der Antrag der FDP sieht die Errichtung einer gemeinsamen europäischen Entwicklungsbank für Nachhaltigkeit und internationalen Klimaschutz im Rahmen der deutschen EU-Ratspräsidentschaft vor. Als Tochterbank der EIB soll diese die internationale Rolle der EU stärken sowie der Fragmentierung und Ineffizienz, die der hohen Anzahl an EU Entwicklungspolitiken verschuldet sind, entgegenwirken. Der Auschuss für wirtschaftliche Zusammenarbeit und Entwicklung (19. Ausschuss) empfiehlt den Antrag der FDP abzulehnen. Die Beschlussempfehlung des Ausschusses wird mit 560 Ja-Stimmen angenommen. Gegenstimmen gibt es nur vom Antragsteller FDP und vereinzelt der AfD. Somit wird der Antrag der FDP abgelehnt."
3965,2020-12-11,Bundeshaushalt 2021,"Öffentliche Finanzen, Steuern und Abgaben|Finanzen|Haushalt",Haushaltsausschuss,https://dip21.bundestag.de/dip21/btd/19/226/1922600.pdf,"Der von der Bundesregierung eingebrachte Entwurf zum Haushaltsgesetz 2021 soll den Haushalt des Bundestages für das kommende Jahr bestimmen. Insgesamt 498,6 Milliarden Euro in Ausgaben sieht der Haushaltsplan nun in geänderter Fassung vor, der sehr stark durch die Corona-Pandemie geprägt ist (im Vergleich: 2020 waren 362 Milliarden Euro vorgesehen). Um die Ein- und Ausgaben für 2021 auszugleichen, sollen Nettokredite in Höhe von 179,8 Milliarden Euro aufgenommen werden. Die beiden Regierungsfraktionen CDU/CSU und SPD stimmen dem Gesetzentwurf zu, während die Fraktionen der Opposition ihn geschlossen ablehnen. Somit wird der Entwurf angenommen."
3973,2020-12-16,Arbeitsschutzkontrollgesetz,Arbeit und Beschäftigung|Recht,Ausschuss für Arbeit und Soziales,,"Mit dem neu eingebrachten Gesetz will die Bundesregierung schon länger bekannte Defizite im Bereich des Arbeitsschutzes verbessern. Der Gesetzentwurf soll die ungenauen Vorgaben über die Häufigkeit der Kontrollen in Betrieben im bereits bestehenden Arbeitsschutzgesetz ergänzen und dem Trend der rückläufigen Betriebsbesichtigungen entgegenwirken. Das neue Gesetz wird mit dem Fokus auf die menschenunwürdigen Arbeitsverhältnissen in deutschen Schlachhöfen auf den Weg gebracht. Die Regierungsfraktionen SPD und CDU/CSU sowie die Fraktionen DIE LINKE und Die GRÜNEN stimmten für den Gesetzesentwurf. AfD und FDP hingegen stimmen geschlossen mit Nein. Auch die CDU/CSU Mitglieder Max Straubinger , Jana Schimke und Mark Hauptmann stimmten dagegen. Damit wird der Gesetzentwurf mit 473 Ja-Stimmen angenommen."
3972,2020-12-17,Erneuerbare-Energien-Gesetz (EEG),"Energie|Umwelt|Wissenschaft, Forschung und Technologie",Ausschuss für Wirtschaft und Energie,https://dip21.bundestag.de/dip21/btd/19/234/1923482.pdf,"Der Gesetzesentwurf der Bundesregierung beinhaltet einige Änderungen am Erneuerbare-Energien-Gesetz (EEG) und bezieht sich vor allem auf die Vorgehensweise mit alten Photovoltaikanlagen sowie einigen anderen Gesichtspunkten, die die CO2 Emissionen bis 2050 auf 0 reduzieren sollen. Die Fraktionen der SPD und der CDU/CSU stimmten fast ausnahmslos fü r die Gesetzesänderungen während die Fraktionen der FDP, DIE GRÜNEN, DIE LINKE und AfD gegen die Änderungen am EEG stimmten. Arnold Vaatz stimmte als einziges Mitglied der CDU ebenfalls gegen die Gesetzesänderungen und Christoph Hoffmann , Mitglied der Fraktion FDP, enthielt sich."
4018,2021-02-25,Internetportal Indymedia verbieten,"Gesellschaftspolitik, soziale Gruppen|Medien, Kommunikation und Informationstechnik",Ausschuss für Inneres und Heimat,,"Mit ihrem Antrag fordert die AfD-Fraktion das Verbot des Internetportals indymedia . Laut AfD stelle der Verein eine ""Bedrohung der öffentlichen Ordnung durch gewaltbereite Linksextremisten"" dar. Alle Mitglieder der Fraktionen CDU/CSU, SPD, Grüne. Linke und FDP stimmten ausnahmslos für die Beschlussempfehlung des Ausschusses für Inneres und Heimat und somit gegen den Antrag der AfD."
4027,2021-03-03,"Fortsetzung des Bundeswehreinsatzes im Rahmen der NATO-Operation ""SEA GUARDIAN"" im Mittelmeer",Außenpolitik und internationale Beziehungen|Verteidigung,Auswärtiger Ausschuss,https://dip21.bundestag.de/dip21/btd/19/265/1926558.pdf,"Der von der Bundesregierung eingebrachte Antrag sieht vor, dass der SEA GUARDIAN-Bundeswehreinsatz im Mittelmeer verlängert wird. Bei dem Einsatz handelt es sich um die Beteiligung deutscher Streitkräfte an einer maritimen Operation der NATO im Mittelmeer mit den Aufgaben den Seeraum zu überwachen, Terrorismus zu bekämpfen und Kapazitäten im Mittelmeerraum aufzubauen. Abgestimmt wird über die Beschlussempfehlung des Auswärtigen Auschusses, in welcher der Einsatz befürwortet wird. Die Beschlussempfehlung und somit auch der Antrag wird mit 437 Stimmen der CDU/CSU, der SPD und der FDP angenommen. 198 Gegenstimmen kommen von der Fraktion der LINKEN, der AfD und der GRÜNEN."
4034,2021-03-03,Verlängerung des Bundeswehreinsatzes in Südsudan (Friedensmission UNMISS) ,Außenpolitik und internationale Beziehungen|Verteidigung,Auswärtiger Ausschuss,https://dip21.bundestag.de/dip21/btd/19/270/1927015.pdf,"Am 03.03.2021 stimmte der Bundestag über die Beschlussempfehlung des Auswärtigen Ausschusses und somit über den Antrag der Bundesregierung über die Verlängerung des Bundeswehreinsatzes in Südsudan namentlich ab. Mit den Stimmen der Fraktionen CDU/CSU, SPD, FDP, B90/Grüne und der Mehrheit der AfD wurde der Antrag angenommen . Die Linke stimmte gegen den Antrag, auch Teile der AfD stimmten dagegen sowie das Mitglied der B90/Grüne Canan Bayram."
4082,2021-03-25,Bundesgesetz zum Eigenmittelsystem der Europäischen Union ,Außenpolitik und internationale Beziehungen|Außenwirtschaft|Europapolitik und Europäische Union,,https://dip21.bundestag.de/dip21/btd/19/268/1926821.pdf,Der Gesetzentwurf der Bundesregierung fordert eine Umsetzung des Eigenmittelsystems der Europäischen Union in deutsches Recht. Mit dem Eigenmittelbeschluss werden die wesentlichen Finanzierungsgrundlagen des mehrjährigen EU-Finanzrahmens 2021-2027 und des temporären Aufbauinstruments „Next Generation EU“ (NGEU) geregelt. Hintergrund dafür sind der Einfluss der COVID-19-Pandemie auf das EU-Bruttonationaleinkommen sowie der Ausstieg Großbritanniens aus der EU.
4083,2021-03-25,Änderung des BND-Gesetzes,Innere Sicherheit|Recht|Staat und Verwaltung,Ausschuss für Inneres und Heimat,https://dip21.bundestag.de/dip21/btd/19/195/1919502.pdf,"Im Zusammenhang mit den Vorgaben des Bundesverfassungsgerichtes sowie des Bundesverwaltungsgerichtes hinsichtlich der Änderung des BND-Gesetzes wird auch über den Gesetzentwurf der FDP-Fraktion abgestimmt. Darin wird eine stärkere parlamentarische Kontrolle der Nachrichtendienste gefordert. Der Entwurf wird durch 440 Nein-Stimmen der Fraktionen der CDU/CSU, der SPD und der AfD abgelehnt. Dafür stimmt nur die antragsstellende Fraktion der FDP. Die LINKE und die GRÜNEN enthalten sich."
4085,2021-03-25,Fortsetzung des Bundeswehreinsatzes in Afghanistan,Außenpolitik und internationale Beziehungen|Verteidigung,Auswärtiger Ausschuss,https://dip21.bundestag.de/dip21/btd/19/269/1926916.pdf,"Der Antrag der Bundesregierung fordert die Fortsetzung der Beteiligung bewaffneter deutscher Streitkräfte am NATO-geführten Einsatz ""Resolute Support"" für die Ausbildung, Beratung und Unterstützung der afghanischen nationalen Verteidigungs- und Sicherheitskräfte in Afghanistan. Der Antrag fand die Zustimmung von CDU/CSU, SPD und FDP. AfD und LINKE stimmten geschlossen dagegen. Bei den Grünen gab es ein gespaltenes Abstimmungsverhalten: 14 Ja-Stimmen standen 32 Nein-Stimmen gegenüber. Auch einige Mitglieder der SPD-Fraktion stimmten mit Nein, darunter Ulrike Bahr und Cansel Kiziltepe . Abgelehnt wurde der Antrag außerdem von den FDP-Abgeordneten Christian Jung und Wieland Schinnenburg ."
4088,2021-03-26,Transparenzregelungen für Abgeordnete,"Gesellschaftspolitik, soziale Gruppen|Lobbyismus & Transparenz|Politisches Leben, Parteien","Ausschuss für Wahlprüfung, Immunität und Geschäftsordnung",https://dip21.bundestag.de/dip21/btd/19/000/1900012.pdf,"Der Antrag der LINKEN fordert in Zusammenhang mit den neuen Transparenzregelungen die Verhaltensregeln für Mitglieder des Deutschen Bundestags zu ändern. Dies soll die Veröffentlichung der Nebeneinkünfte der Abgeordneten deutlich transparenter gestalten. CDU/CSU, SPD und FDP stimmten mit 382 Stimmen gegen den Antrag. 118 Ja-Stimmen erhielt der Antrag von den Fraktionen Bündnis 90/Die Grünen und DIE LINKE. Die Mitglieder der AfD-Fraktion enthielten sich - Franziska Gminder stimmte anders als die AfD-Fraktion gegen den Antrag, Rainer Kraft stimmte für ihn."
4093,2021-04-14,Energieversorgung in Deutschland,"Energie|Wissenschaft, Forschung und Technologie",Ausschuss für Wirtschaft und Energie,https://dip21.bundestag.de/dip21/btd/19/268/1926898.pdf,"Mit ihrem Antrag fordert die Fraktion AfD dazu auf, vermehrt in die Weiterentwicklung der Atomenergie zu investieren und von einem Ausstieg aus dieser abzusehen. Die Beschlussempfehlung des Ausschusses für Wirtschaft und Energie lautet, gegen den Antrag zu stimmen. Die AfD stimmte gegen diese Beschlussempfehlung, während alle anderen Fraktionen (CDU/CSU, SPD, FDP, DIE GRÜNEN, DIE LINKE) für die Beschlussempfehlung und somit gegen den Antrag stimmten."
4096,2021-04-21,Verlängerung des Bundeswehreinsatzes in Somalia (Atalanta 2021/2022),Außenpolitik und internationale Beziehungen|Verteidigung,Auswärtiger Ausschuss,https://dip21.bundestag.de/dip21/btd/19/276/1927662.pdf,"Der von der Bundesregierung eingebrachte Antrag sieht vor, dass die Operation ATALANTA , an der sich die Bundeswehr beteiligt, verlängert wird. Bei dem Einsatz handelt es sich um die Beteiligung deutscher Streitkräfte an einer maritimen Operation der EU vor der Küste Somalias, mit der Aufgabe, die Piraterie zu bekämpfen und die Gebiete zu überwachen. Abgestimmt wurde über die Beschlussempfehlung des federführenden Auswärtigen Ausschusses ."
4097,2021-04-21,"Verlängerung der Beteiligung der Bundeswehr an der EU-Mission ""IRINI"" im Mittelmeer",Außenpolitik und internationale Beziehungen|Verteidigung,Auswärtiger Ausschuss,https://dip21.bundestag.de/dip21/btd/19/276/1927661.pdf,"Der von der Bundesregierung eingebrachte Antrag sieht eine Verlängerung der Bundeswehr am EU-Mittelmeer-Einsatz vor. Die EU-Mission ""Irini"" im Mittelmeer soll den Seeraum überwachen und das Waffenembargo gegen Libyen kontrollieren. Abgestimmt wurde über die Beschlussempfehlung des federführenden Auswärtigen Ausschusses ."
4098,2021-04-21,Änderung des Infektionsschutzgesetzes,Gesundheit|Bundestag,Ausschuss für Gesundheit,https://dip21.bundestag.de/dip21/btd/19/284/1928444.pdf,"Mit einer Änderung des Infektionsschutzgesetzes soll in Bezug auf die COVID-19-Pandemie eine ""bundesweite Notbremse"" umgesetzt werden. Der Gesetzentwurf der Regierungsfraktionen CDU/CSU und SPD soll dafür sorgen, dass ab einer Inzidenz von 100 zukünftig bundeseinheitliche Regelungen greifen. Zu diesen einheitlichen Regelungen zählen unter anderem Ausgangsbeschränkungen, das Schließen von Freizeiteinrichtungen und Gaststätten, das Aussetzen des Präsenzunterrichts ab einer Inzidenz von über 165 sowie erweiterte Möglichkeiten für das Arbeiten im Homeoffice. Namentlich abgestimmt wird über eine Beschlussempfehlung des Ausschusses für Gesundheit, der die Annahme des Gesetzentwurfs von CDU/CSU und SPD empfiehlt. Mit 342 Zustimmungen wurde der Gesetzentwurf der Bundesregierung angenommen, dagegen stimmten 250 Abgeordnete, 64 Abgeordnete enthielten sich."
4099,2021-04-23,Nachtragshaushalt 2021,"Öffentliche Finanzen, Steuern und Abgaben|Haushalt",Haushaltsausschuss,https://dip21.bundestag.de/dip21/btd/19/278/1927800.pdf,"In Ihrem Gesetzesentwurf hat die Bundesregierung einen ergänzenden Nachtrag errechnet, der zum Jahr 2021 hinzugefügt werden soll, zu dem auch der Bundesrat eine Stellungnahme vorlegte. Zusätzlich legten die Fraktionen CDU/CSU und SPD einen Antrag vor, mit dem der benötigte Beschluss wegen Überschreitung der grundgesetzlich festgeschriebenen Kreditobergrenzen erwirkt werden soll. Der Haushaltsausschuss legte zu beiden Anliegen eine Beschlussempfehlung vor. Die Fraktionen CDU/CSU und SPD stimmten geschlossen für den Gesetzesentwurf, während die Fraktion AfD geschlossen mit Nein stimmte. Die Fraktionen FDP, DIE LINKE und DIE GRÜNEN enthielten sich. Alexander Kulitz , Mitglied der Fraktion FDP, stimmte ebenfalls dagegen."
4119,2021-05-06,Ab­lösung der Staats­leistun­gen an die Kirchen,"Gesellschaftspolitik, soziale Gruppen|Öffentliche Finanzen, Steuern und Abgaben",Ausschuss für Inneres und Heimat,https://dip21.bundestag.de/dip21/btd/19/192/1919273.pdf,"Der Bundestag stimmt über einen Gesetzentwurf der Fraktionen der FDP, Die Linke und Bündnis 90/Die Grünen ab. In diesem geht es um die Ablösung der Staatsleistungen an die Kirchen. Die Beschlussempfehlung des Auschusses für Inneres und Heimat empfiehlt den Entwurf abzulehnen. Der Gesetzentwurf wird mit 443 Nein-Stimmen der CDU/CSU-Fraktion, der SPD-Fraktion und der AfD-Fraktion abgelehnt. Zustimmung erhält der Entwurf nur von den antragstellenden Fraktionen."
4122,2021-05-06,Bevölkerungsschutzgesetz – Normenkontrolle,"Gesellschaftspolitik, soziale Gruppen|Gesundheit|Recht",,https://dip21.bundestag.de/dip21/btd/19/293/1929309.pdf,"Der Antrag der Fraktion AfD fordert eine erneute Änderung der Normenkontrolle beim Bundesverfassungsgericht. Vor zwei Wochen gab es eine Änderung, durch welche § 28b neu in das Infektionsschutzgesetz aufgenommen wurde, und so die Bundesnotbremse in-Kraft-treten ließ. Eben diese kritisiert die AfD in ihrem Antrag mit dem Argument, dass die Änderung verfassungswidrig sei. Die Fraktion AfD stimmte geschlossen für den Antrag, während die Fraktionen CDU/CSU, SPD, B90/GRÜNE, FDP und DIE LINKE geschlossen dagegen stimmten. Der Antrag wird somit abgelehnt."
4123,2021-05-06,Patente für Impfstoffe freigeben,"Gesellschaftspolitik, soziale Gruppen|Gesundheit|Wirtschaft",Ausschuss für Gesundheit,https://dip21.bundestag.de/dip21/btd/19/257/1925787.pdf,"Der Bundestag stimmt über einen Antrag der Fraktion Die Linke ab, indem die Aufhebung der Patente für Impfstoffe gefordert werden. Die Beschlussempfehlung des Ausschusses für Gesundheit spricht sich dafür aus, den Antrag abzulehnen. Der Antrag wurde mit der Mehrheit von 498 Stimmen der Unionsfraktion, der SPD-Fraktion, der FDP und der AfD gegen 117 Stimmen der Links-Fraktion und der Fraktion Bündnis90/Die Grünen bei einer Enthaltung abgelehnt."
4124,2021-05-06,COVID-19-Schutzmaßnahmen-Ausnahmenverordnung ,"Gesellschaftspolitik, soziale Gruppen|Gesundheit|Recht",Ausschuss für Recht und Verbraucherschutz,https://dip21.bundestag.de/dip21/btd/19/276/1927636.pdf,"Der Gesetzesentwurf der Bundesregierung sieht eine Änderung im Handlungsspielraum von Gerichtsvollziehern vor, denen es von nun an erlaubt sein soll, vor dem Besuch eines Schuldners Informationen über diesen bei der Polizei einzuholen. Auch werden die Bedingungen für die Vollstreckung eines Gerichtsvollzugs angepasst. Namentlich abgestimmt wurde über Artikel 6 des Gesetzentwurfes der Bundesregierung. In einer Beschlussempfehlung hatte der Rechtsausschuss Änderungen am Infektionsschutzgesetz vorgenommen. Mit dem Erlass einer Rechtsverordnung sollen zukünftig auch die Landesregierungen ermächtigt werden, Erleichterungen und Ausnahmen für Personen, bei denen von einer Immunisierung gegen das Coronavirus auszugehen ist oder die ein negatives Testergebnis auf eine Infektion mit dem Virus vorlegen können, vorzunehmen."
4126,2021-05-07,Mobilisierung von Bauland,"Gesellschaftspolitik, soziale Gruppen|Raumordnung, Bau- und Wohnungswesen","Ausschuss für Bau, Wohnen, Stadtentwicklung und Kommunen",https://dip21.bundestag.de/dip21/btd/19/294/1929409.pdf,"Der Änderungsantrag der Fraktion B90/GRÜNE fordert eine Änderung des im März 2018 verabschiedeten Baulandmobilisierungsgesetzes. Das Baulandmobilisierungsgesetz soll Kommunen bei der Aktivierung von Bauland und der Sicherung bezahlbaren Wohnens unterstützen. Die Eigenmächtigkeit der Kommunen im Bauplanungsrecht soll noch weitreichender ausgeweitet werden. Neben der Fraktion B90/GRÜNE legten auch die AfD und die FDP Änderungsanträge vor. Über diese wurden jedoch nicht namentlich abgestimmt. Die Fraktionen DIE LINKE und B90/GRÜNE stimmten für den Antrag, während CDU/CSU, SPD und AfD mit nein stimmten. Die Fraktion FDP enthielt sich."
4140,2021-05-19,Verlängerung des Bundeswehreinsatzes in Mali (MINUSMA 2021/2022),Außenpolitik und internationale Beziehungen|Verteidigung,Auswärtiger Ausschuss,https://dip21.bundestag.de/dip21/btd/19/288/1928803.pdf,"Der von der Bundesregierung eingebrachte Antrag sieht vor, dass das Bundeswehrmandat für die Beteiligung an der UN-Mission MINUSMA verlängert wird. Bei dem Einsatz handelt es sich um die Beteiligung bewaffneter deutscher Streitkräfte an der ""Multidimensionalen Integrierten Stabilisierungsmission der Vereinten Nationen in Mali (MINUSMA)"". Abgestimmt wird über die Beschlussempfehlung des Auswärtigen Ausschusses. Die Beschlussempfehlung wird mit 499 Ja-Stimmen der Koalitionsfraktionen CDU/CSU und SPD, der Fraktion der FDP und Bündnis 90/Die Grünen angenommen. Dagegen stimmen Die LINKE und die AfD."
4142,2021-05-19,Verlängerung des Bundeswehreinsatzes in Mali (EUTM Mali 2021/2022),"Außenpolitik und internationale Beziehungen|Europapolitik und Europäische Union|Gesellschaftspolitik, soziale Gruppen",Auswärtiger Ausschuss,http://dip21.bundestag.de/dip21/btd/19/288/1928804.pdf,"Der von der Bundesregierung eingebrachte Antrag sieht vor, dass die Beteiligung der Bundeswehr an der Militärmission EUTM verlängert wird. Bei dem Einsatz handelt es sich um die Beteiligung deutscher Streitkräfte an dem Beitrag der Europäischen Union zur Ausbildung der malischen Streitkräfte. Die Fraktionen CDU/CSU, SPD und FDP stimmten für die Verlängerung, während die Fraktionen AfD und DIE LINKE dagegen stimmten. Die Fraktion B90/GRÜNE enthielt sich größtenteils, 7 Mitglieder stimmten jedoch dagegen, darunter Canan Bayra m und Monika Lazar . Auch Ulrike Bahr , Hubertus Heil und Hilde Mattheis der Fraktion SPD stimmten gegen die Weiterführung."
4146,2021-05-19,Aufhebung des Transsexuellengesetzes und Einführung des Selbstbestimmungsgesetzes,"Gesellschaftspolitik, soziale Gruppen|Gesundheit",,,"Der Gesetzentwurf der Fraktion B90/DIE GRÜNEN beinhaltet eine Änderung der Rechte für transsexuelle Menschen. Das Selbstbestimmungsgesetz soll dabei das Transsexuellengesetz ersetzen. Das Thema der Anpassung der LSBTI Rechte wurde auch von den Fraktionen FDP und DIE LINKE aufgegriffen, die Abstimmung über den Gesetzentwurf der Fraktion FDP finden Sie HIER und die Abstimmung über den Antrag der Fraktion DIE LINKE finden Sie HIER . Die Fraktionen B90/GRÜNE und DIE LINKE stimmten für den Gesetzesentwurf, während die SPD, die CDU und die AfD dagegen stimmten. Die Fraktion FDP enthielt sich. Josip Juratovic , Mitglied der Fraktion SPD stimmte ebenfalls mit ja, 4 Mitglieder der Fraktion DIE LINKE, darunter auch Sahra Wagenknecht , stimmten mit nein."
4193,2021-06-10,Auf­hebung des Vermögen­steuergesetzes,"Öffentliche Finanzen, Steuern und Abgaben|Bundestag|Recht",Finanzausschuss,https://dserver.bundestag.de/btd/19/257/1925789.pdf,"Der Bundestag stimmt über einen Gesetzentwurf und einen Antrag der FDP-Fraktion ab, die zum Thema der Vermögensteuer eingebracht wurden. Die Beschlussempfehlung des Finanzauschusses rät dazu sowohl den Gesetzentwurf als auch den Antrag abzulehnen. Der Gesetzentwurf wird mit 462 Stimmen der Fraktionen CDU/CSU, SPD, Linke und Bündnis90/Die Grünen abgelehnt. lediglich die FDP und die AfD stimmen für den Entwurf. Außerdem gibt es zwei Enthaltungen."
4197,2021-06-10,Mehr Rechte für den Verfassungsschutz,Innere Sicherheit|Recht|Staat und Verwaltung,Ausschuss für Inneres und Heimat,https://dserver.bundestag.de/btd/19/247/1924785.pdf,"Der Bundestag hat einem Gesetzentwurf der Bundesregierung zur Anpassung des Verfassungsschutzrechts zugestimmt. Zu dem Entwurf liegt eine Beschlussempfehlung des Ausschusses für Inneres und Heimat vor, in dem zur Annahme des Gesetzentwurfs (in geänderter Fassung) geraten wurde. Der Gesetzentwurf wurde mit 355 Stimmen der Fraktionen CDU/CSU und SPD angenommen. Dagegen stimmen die Oppositionsfraktionen FDP, Bündnis90/Die Grünen, Linke und AfD."
4198,2021-06-10,Änderung des Atomgesetzes,"Energie|Umwelt|Wissenschaft, Forschung und Technologie","Ausschuss für Umwelt, Naturschutz und nukleare Sicherheit|Haushaltsausschuss",https://dserver.bundestag.de/btd/19/276/1927659.pdf,"Der Gesetzesentwurf der Bundesregierung soll aktive Atomkraftwerke besser vor Störmaßnahmen schützen. Die Maßnahmen hierfür sollen bereits seit Jahren Anwendung finden, werden aber mit dem Gesetzesentwurf nun final auf gesetzlicher Ebene verankert um juristische Klarheit zu bringen. Die Fraktionen CDU/CSU..."
4199,2021-06-11,Unternehmerische Sorgfaltspflichten in Lieferketten,"Arbeit und Beschäftigung|Landwirtschaft und Ernährung|Wissenschaft, Forschung und Technologie",,,"Der Gesetzentwurf der Bundesregierung soll die Sicherung von Menschenrechten und Umweltstandards für deutsche Unternehmen im internationalen Handel bedeuten. Lieferketten sollen nachweislich fair sein. Der Gesetzentwurf wurde mit den Stimmen der Fraktionen CDU/CSU, SPD und B90/DIE GRÜNEN angenommen. Ablehnung erhielt der Entwurf von den Fraktionen AfD und FDP. Entgegen des Fraktionsdrucks stimmten auch 10 Abgeordnete der CDU mit NEIN, darunter Axel Eduard Fischer , Hans-Jürgen Irmer und Andreas Lämmel . Die Fraktion DIE LINKE enthielt sich, mit Ausnahme von Ulla Jelpke , die mit JA stimmte. Insgesamt stimmten 412 Abgeordnete für den Antrag und 159 Abgeordnete dagegen."
4201,2021-06-11,Epidemische Lage von nationaler Tragweite bleibt weiter bestehen,Gesundheit|Innere Sicherheit,,,"Mit dem Antrag fordern die Regierungsfraktionen CDU/CSU und SPD den Deutschen Bundestag auf, das Fortbestehen der epidemischen Lage von nationaler Tragweite erneut im Bundesgesetzblatt festzustellen. Damit wird die Feststellung seit Beginn der Pandemie zum dritten Mal verlängert. Die Fraktionen CDU/CSU, SPD und B90/GRÜNE stimmten mit Ja, während AfD, FDP und DIE LINKE gegen den Antrag stimmten. Auch 13 Mitglieder der Fraktion CDU/CSU stimmten dagegen, darunter Ingo Wellenreuther , Albert Weiler und Arnold Vaatz . Auch Florian Post von der SPD stimmte entgegen seiner Fraktion gegen den Antrag."
4209,2021-06-24,Änderung des Klimaschutzgesetzes,Bundestag|Umwelt,"Ausschuss für Umwelt, Naturschutz und nukleare Sicherheit",https://dserver.bundestag.de/btd/19/302/1930230.pdf,"Mit dem Gesetzentwurf zur Änderung des Klimaschutzgesetzes stellt die Bundesregierung neue Klimaschutzziele vor. Unter anderem wird das bundesweite Klimaschutzziel für das Jahr 2030 auf mindestens 65 Prozent erhöht, im Jahr 2040 sollen mindestens 88 Prozent erreicht werden. Der Umweltausschuss teilt in einer Beschlussempfehlung mit, dass er die Annahme des Gesetzentwurfs befürwortet. Der Gesetzentwurf wurde mit 351 Ja-Stimmen der Fraktionen CDU/CSU und SPD angenommen. Gegen den Entwurf votierten die Fraktionen der FDP, Bündnis90/Die Grünen, Die Linke und die AfD."
4212,2021-06-24,Verlängerung des Bundeswehreinsatzes im Kosovo (KFOR 2021/2022),Außenpolitik und internationale Beziehungen|Verteidigung,Auswärtiger Ausschuss,https://dserver.bundestag.de/btd/19/296/1929625.pdf,"Der von der Bundesregierung eingebrachte Antrag sieht vor, die Beteiligung der Bundeswehr an der internationalen Kosovo Force (KFOR) im Kosovo zu verlängern. Bei dem Einsatz handelt es sich um die Unterstützung deutscher Streitkräfte an der Entwicklung eines ""stabilen, demokratischen, multiethnischen und friedlichen Kosovos"". Der Auswärtige Auschuss befürwortet die Annahme des Antrags der Bundesregierung in seiner Beschlussempfehlung . Der Antrag wird mit 467 Ja-Stimmen der Fraktionen CDU/CSU, SPD, FDP und Bündnis 90/Die Grünen angenommen. Die Linke und die AfD stimmten gegen den Antrag."
4213,2021-06-24,Änderungen des Bundes­naturschutzgesetzes,"Landwirtschaft und Ernährung|Staat und Verwaltung|Wissenschaft, Forschung und Technologie","Ausschuss für Umwelt, Naturschutz und nukleare Sicherheit",,"Der Gesetzentwurf der Bundesregierung sieht eine Änderung des Bundesnaturschutzgesetzes vor, um das stetig voranschreitende Sterben der heimischen Insektenarten einzudämmen. Vor allem auf Restriktionen bezüglich der Lichtverschmutzung nimmt die Bundesregierung Bezug . Lediglich die Fraktionen CDU/CSU und SPD votierten mit Ja. Die Fraktionen AfD, FDP, B90/GRÜNE und DIE LINKE stimmten dagegen. Auch 7 Abgeordnete der Fraktion CDU/CSU stimmten mit Nein, darunter Andreas Mattfeldt , Joachim Pfeiffer und Johannes Röring"
4214,2021-06-24,Verlängerung des Bundeswehreinsatzes vor der libanesischen Küste (UNIFIL 2021/2022),Außenpolitik und internationale Beziehungen|Verteidigung,Auswärtiger Ausschuss,https://dserver.bundestag.de/btd/19/296/1929626.pdf,"Der von der Bundesregierung eingebrachte Antrag sieht vor, die Beteiligung der Bundeswehr am maritimen Teil der friedenssichernden Mission ""United Nations Interim Force in Lebanon"" ( UNIFIL ) zu verlängern. Bei dem Einsatz handelt es sich um die Beteiligung deutscher Streitkräfte an der Überwachung der Seegrenzen des Libanon. Der Antrag wird mit 468 Ja-Stimmen der Fraktionen CDU/CSU, SPD, FDP und Bündnis 90/Die Grünen angenommen. Die Linke und die AfD stimmten gegen den Antrag."
4215,2021-06-24,Keine Verwendung von geschlechtergerechter Sprache,"Gesellschaftspolitik, soziale Gruppen|Staat und Verwaltung",,https://dserver.bundestag.de/btd/19/309/1930964.pdf,"Der Bundestag stimmt über einen Antrag der AfD ab, in welchem die Fraktion dazu auffordert, zugunsten einer ""besseren Lesbarkeit"" auf die Verwendung geschlechtergerechter Sprache durch die Bundesregierung sowie in Drucksachen des Bundestages zu verzichten. Der Antrag wurde mit 531 Nein-Stimmen der Fraktionen CDU/CSU, SPD, Bündnis90/Die Grünen, Die Linke und FDP abgelehnt. Dafür stimmte lediglich die antragsstellende Fraktion der AfD."
4217,2021-06-24,Änderung im Infektions­schutz­gesetz,"Gesellschaftspolitik, soziale Gruppen|Gesundheit|Recht",Ausschuss für Recht und Verbraucherschutz,,"Abgestimmt wurde über die Paragraphen 9 und 10 des Infektionsschutzgesetzes. Die AfD hatte verlangt, über einzelne Teile des Gesetzentwurfs und den Gesetzentwurf insgesamt, getrennt abzustimmen. Eine namentlicher Abstimmung fand lediglich bezüglich der Änderungen des Infektionsschutzgesetzes statt. Der Gesetzentwurf wird mit 408 Ja-Stimmen der Fraktionen CDU/CSU, SPD und Bündnis 90/Die Grünen angenommen. Dagegen stimmten die FDP, Die Linke und die AfD."
4283,2021-08-25,Einsatz deutscher Streitkräfte zur militärischen Evakuierung aus Afghanistan,Außenpolitik und internationale Beziehungen|Verteidigung,Auswärtiger Ausschuss,https://dserver.bundestag.de/btd/19/320/1932022.pdf,"Der von der Bundesregierung eingebrachte Antrag sieht vor, dass der Bundestag rückwirkend der Entsendung von deutschen Streitkräften nach Afghanistan zustimmt. Diese Entscheidung wurde bereits am 15. August durch den Krisenstab der Bundesregierung getroffen. Angesichts der sich dramatisch verschlechterten Sicherheitslage in Afghanistan soll die militärische Evakuierung fortgesetzt werden. Der Antrag wurde mit 538 Ja-Stimmen aus den Reihen aller Fraktionen angenommen . Neun Abgeordnete, insbesondere aus der Fraktion Die LINKE, stimmten gegen den Antrag. Dabei enthielten sich 89 Abgeordnete der AfD- und Die LINKE-Fraktion."
4284,2021-08-25,Fortbestand der epidemischen Lage von nationaler Tragweite,Gesundheit|Recht,Ausschuss für Gesundheit,https://dserver.bundestag.de/btd/19/320/1932040.pdf,"Der von den Fraktionen der CDU/CSU und SPD eingebrachte Antrag sieht vor, dass der Bundestag feststellt, dass die seit dem 25. März 2020 geltende epidemische Lage von nationaler Tragweite weiter fortbesteht. Das wird damit begründet, dass angesichts des erneuten Anstiegs der COVID-19-Fallzahlen in Deutschland weiterhin eine erhebliche Gesundheitsgefährdung der Bevölkerung gegeben sei. Der Antrag wurde mit 325 Ja-Stimmen der CDU- und SPD-Fraktion gegen 252 Nein-Stimmen der Oppositionsfraktionen angenommen . Fünf Abgeordnete haben sich enthalten."
4293,2021-09-07,Änderung des Infektionsschutzgesetzes und Grundrechtseinschränkungen,Gesundheit|Recht,Haushaltsausschuss|Ausschuss für Gesundheit,https://dserver.bundestag.de/btd/19/320/1932039.pdf,"Ein von den Fraktionen der CDU/CSU und SPD eingebrachter Gesetzentwurf zur Hilfe für Flutopfer in Deutschland sieht auch Änderungen des Infektionsschutzgesetzes vor. Diese sollen unter anderem in bestimmten Einrichtungen eine Auskunftspflicht von Mitarbeiter:innen zu ihrem Impf- oder Genesenenstatus ermöglichen. Im Vorfeld hatte die Opposition für das Gesetzespaket eine namentliche Abstimmung nur über die Punkte verlangt, die auch das Infektionsschutzgesetz betreffen. Die Neuregelungen wurden mit 344 Ja-Stimmen der Unions- und SPD-Fraktion gegen 280 Nein-Stimmen der Oppositionsfraktionen sowie einzelner Abgeordneter der Union und SPD angenommen . Lediglich eine Abgeordnete hatte sich bei der Abstimmung enthalten."
4370,2021-11-18,Änderung des Infektionsschutzgesetzes (Ende der epidemischen Lage),Gesundheit,Hauptausschuss,https://dserver.bundestag.de/btd/20/000/2000015.pdf,"Der Gesetzentwurf der Fraktionen der SPD, FDP und Bündnis 90/Die Grünen sieht eine Änderung des Infektionsschutzgesetzes vor. Der Gesetzentwurf sichert eine rechtliche Grundlage für die coronabedingten Schutzmaßnahmen, auch mit dem Auslaufen der epidemischen Lage von nationaler Tragweite. Der Gesetzentwurf wurde mit 398 Stimmen aus den Fraktionen der SPD, FDP und Bündnis 90/Die Grünen sowie von einem fraktionslosen Abgeordneten angenommen . Die Fraktionen der CDU/CSU, AfD und ein Fraktionsloser haben mit 254 Stimmen gegen den Gesetzentwurf gestimmt. Die Linksfraktion enthielt sich mit 36 Stimmen."
4372,2021-11-18,CDU/CSU-Antrag: Verlängerung der epidemischen Lage nationaler Tragweite,Gesundheit|Recht,,https://dserver.bundestag.de/btd/20/000/2000084.pdf,"Der von der CDU/CSU-Fraktion eingebrachte Entschließungsantrag sieht vor, dass der Bundestag den Fortbestand der seit dem 25. März 2020 geltenden epidemische Lage von nationaler Tragweite feststellt. Der Antrag wird damit begründet, dass angesichts des Anstiegs der COVID-19-Fallzahlen in Deutschland weiterhin eine erhebliche Gesundheitsgefährdung der Bevölkerung gegeben sei. Der Entschließungsantrag bezieht sich auf den von den Fraktionen der SPD, Bündnis 90/Die Grünen und FDP eingebrachten Gesetzentwurf , der die epidemische Lage nationaler Tragweite beenden soll. Der Antrag wurde mit 178 Ja-Stimmen der Unionsfraktion gegen 502 Nein-Stimmen aller anderen Fraktionen abgelehnt. Aus der CDU/CSU-Fraktion stimmte ein Abgeordneter gegen den Antrag, ein weiterer enthielt sich."
4386,2021-12-10,Impfpflicht für bestimmte Berufsgruppen und weitere Änderungen im Infektionsschutzgesetz,Gesundheit,Hauptausschuss,https://dserver.bundestag.de/btd/20/001/2000188.pdf,"Der Gesetzentwurf der Regierungskoalition aus SPD, FDP und Bündnis 90/Die Grünen sieht eine Pflicht zur Impfung gegen das Corona-Virus für Beschäftigte aus bestimmten Arbeitsfeldern vor. Der Gesetzentwurf sieht auch weitere Änderungen vor. Unter anderem sollen sich in Zukunft etwa Apotheker:innen und Tierärzt:innen an der Impfkampagne beteiligen dürfen. Der Gesetzetwurf wurde mit Stimmen aus den Fraktionen der Regierungskoalition und Unionsfraktion angenommen . In der namentlichen Abstimmung stimmten 569 Abgeordnete für den Entwurf. Aus der AfD-Fraktion kamen 79 Gegenstimmen. 38 Abgeordnete enthielten sich."
4388,2021-12-10,DIE LINKE-Antrag: Prämie für Beschäftigte im Gesundheits- und Pflegesystem,Arbeit und Beschäftigung|Gesundheit,,https://dserver.bundestag.de/btd/20/002/2000251.pdf,"Der Änderungsantrag der Fraktion DIE LINKE zum von der Regierungskoalition eingebrachten Gesetzentwurf zur Stärkung der Impfprävention sieht vor, in diesem auch eine einmalige Prämie in Höhe von 1 000 Euro für Beschäftigte im Gesundheits- und Pflegesystem aufzunehmen. Der Antrag wurde mit 36 Stimmen gegen 583 Stimmen abgelehnt . 67 Abgeordnete der AfD-Fraktion haben sich enthalten. 33 Abgeordnete aus der Linksfraktion sowie drei AfD-Abgeordnete stimmten für den Antrag."
4446,2022-01-27,Zweiter Nachtrag zum Bundeshaushalt 2021,"Öffentliche Finanzen, Steuern und Abgaben|Haushalt",Haushaltsausschuss,https://dserver.bundestag.de/btd/20/001/2000188.pdf,"Der Gesetzentwurf der Regierungskoalition aus SPD, FDP und Bündnis 90/Die Grünen sieht vor, Gelder aus veranschlagten aber nicht benötigten Kreditermächtigungen für die Corona-Pandemie in Klimaschutz und Maßnahmen zur Transformation der deutschen Wirtschaft zu investieren. Neue Schulden sollen dafür nicht aufgenommen werden. Er wurde mit den Stimmen der Fraktionen der Regierungskoalition angenommen . In namentlicher Abstimmung stimmten 382 Abgeordnete für den Entwurf. 283 Abgeordnete stimmten dagegen."
4449,2022-01-27,Ausnahme von der „Schuldenbremse“,"Öffentliche Finanzen, Steuern und Abgaben|Haushalt",Haushaltsausschuss,https://dserver.bundestag.de/btd/20/005/2000505.pdf,"Im Zusammenhang mit dem Beschluss des Zweiten Nachtragshaushalts 2021 stimmte der Bundestag über einen Antrag der Regierungsfraktionen SPD, Bündnis 90/Die Grünen und FDP ab, der eine Ausnahme von der sogenannten „Schuldenbremse“ vorsieht. Der Antrag wurde mit den Stimmen der Regierungsfraktionen angenommen . In namentlicher Abstimmung stimmten 385 Abgeordnete für den Entwurf. 290 Abgeordnete stimmten dagegen."
4447,2022-01-28,Fortsetzung des Einsatzes der Bundeswehr im Irak,Außenpolitik und internationale Beziehungen|Verteidigung,,https://dserver.bundestag.de/btd/20/004/2000408.pdf,Der Gesetzentwurf der Bundesregierung behandelt die Forsetzung des Einsatzes der Bundeswehr im Irak. Mit der Verlängerung des bereits laufenden Bundeswehreinsatzes im Irak soll das erneute Erstarken des sogenannten Islamischen Staates verhindert und die Versöhnung der Konfliktparteien Irak und Syrien gefördert werden . Mit 553 Stimmen für den Gesetzentwurf und 110 Gegenstimmen sowie 1 Enthaltungen wurde der Einsatz verlängert.
4514,2022-03-17,CDU/CSU-Antrag: Sicherung einer bezahlbaren und souveränen Energieversorgung,"Energie|Öffentliche Finanzen, Steuern und Abgaben",,https://dserver.bundestag.de/btd/20/010/2001016.pdf,"Der von der CDU/CSU-Fraktion eingebrachte Antrag fordert die Bundesregierung auf, eine Vielzahl an Schritten zur Sicherung der Energieversorgung zu ergreifen. Diese sollen dafür sorgen, dass Energie bezahlbar bleibt und Deutschland gleichzeitig unabhängiger von insbesondere russischen Energieimporten wird. Der Antrag wurde mit 174 Ja-Stimmen der Unionsfraktion und eines AfD-Abgeordneten gegen 465 Nein-Stimmen aller anderen Fraktionen abgelehnt. Es gab eine Enthaltung."
4515,2022-03-18,Änderung des Infektionsschutzgesetzes (Ende weitreichender Corona-Maßnahmen),Gesundheit|Recht,,https://dserver.bundestag.de/btd/20/009/2000958.pdf,"Der Gesetzentwurf der Fraktionen der SPD, FDP und BÜNDNIS 90/Die Grünen sieht mehrere Änderungen im Infektionsschutzgesetz und weiteren Vorschriften vor. Bis auf einige „niedrigschwelligen Maßnahmen“ soll es den Bundesländern danach nicht mehr erlaubt sein, Grundrechte zur Pandemiebekämpfung einzuschränken. Ausnahmen sollen für sogenannte lokale „Hot Spots“ gelten. Der Gesetzentwurf wurde mit 364 Stimmen aus den Fraktionen der SPD, FDP und BÜNDNIS 90/Die Grünen gegen 277 Stimmen von CDU/CSU, AfD und Die Linke angenommen . Es gab zwei Enthaltungen."
4516,2022-03-18,Verlängerung des Bundeswehreinsatzes im Südsudan (UNMISS 2022/23),Außenpolitik und internationale Beziehungen|Verteidigung,,https://dserver.bundestag.de/btd/20/006/2000631.pdf,"Der Bundestag stimmte über einen Antrag der Bundesregierung zur Verlängerung des Bundeswehreinsatzes zur Beteiligung an der UN-Mission im Südsudan ab. Das Mandat dafür war zuletzt bei einer Abstimmung im März 2021 verlängert worden. Der Antrag wurde mit 581 Ja-Stimmen der SPD-, BÜNDNIS 90/Die Grünen-, FDP-, CDU/CSU- und AfD-Fraktion angenommen. 42 Abgeordnete der Fraktion Die Linke und einige Abgeordnete der Fraktionen AfD und Bündnis 90/Die Grünnen stimmten gegen den Antrag. Fünf Abgeordnete enthielten sich."
4517,2022-03-18,Verlängerung der Bundeswehrbeteiligung an NATO-Operation SEA GUARDIAN im Mittelmeer (2022/23),Außenpolitik und internationale Beziehungen|Verteidigung,,https://dserver.bundestag.de/btd/20/006/2000630.pdf,"Der Bundestag stimmte über einen Antrag der Bundesregierung zur Verlängerung der Bundeswehrbeteiligung an der NATO-Operation SEA GUARDIAN im Mittelmeer ab. Das Mandat dafür war zuletzt bei einer Abstimmung im März 2021 verlängert worden. Der Antrag wurde mit 504 Ja-Stimmen der SPD-, BÜNDNIS 90/Die Grünen-, FDP- und Unionsfraktion angenommen. Insgesamt 100 Abgeordnete der Fraktionen der AfD und Die Linke sowie einzelne Abgeordnete von SPD und BÜNDNIS 90/Die Grünen stimmten gegen den Antrag. Es gab eine Enthaltung."
4539,2022-04-07,Impfpflicht ab 60,Gesundheit,Gesundheitsausschuss,https://dserver.bundestag.de/btd/20/009/2000958.pdf,"Der Gesetzentwurf der überfraktionellen Gruppe Baehrens/Janecek sieht eine Impfpflicht gegen COVID-19 ab 60 Jahren zum 15. Oktober 2022 vor. Zudem beinhaltet er eine Impfberatungspflicht für Personen im Alter zwischen 18 und 60 Jahren, die bis zu diesem Zeitpunkt ebenfalls zu erfüllen ist. Der Gesetzentwurf wurde mit 296 Stimmen gegen 378 Stimmen abgelehnt . Es gab neun Enthaltungen. Die Regierungsfraktionen hatten im Vorfeld erklärt, keine gemeinsame Linie bei der Abstimmung für ihre Abgeordneten vorzugeben. Es handelte sich demnach um eine Gewissensabstimmung."
4540,2022-04-07,CDU/CSU-Antrag: Impfvorsorgegesetz,Gesundheit,,https://dserver.bundestag.de/btd/20/009/2000978.pdf,"Der CDU/CSU-Antrag zur Impfvorsorge gegen COVID-19 sieht die Schaffung eines Impfregisters, eine Stärkung der Impfkampagne und einen gestaffelten Impfmechanismus vor. Im Vordergrund soll die Schaffung des Impfregisters stehen, um grundlegende Daten über den Impfstatus verschiedener Altersgruppen erfassen zu können. Der Antrag der wurde mit 172 Stimmen aus der Unions-Fraktion gegen 496 Stimmen aller anderen Fraktionen abgelehnt . Es gab neun Enthaltungen."
4541,2022-04-07,Impfbereitschaft ohne allgemeine Impfpflicht erhöhen,Gesundheit,,https://dserver.bundestag.de/btd/20/009/2000958.pdf,"Der Gesetzentwurf einer überfraktionellen Gruppe um den FDP-Abgeordneten Wolfgang Kubicki sieht vor, die Impfbereitschaft in der Bevölkerung ohne eine Impfpflicht zu erhöhen. Der Antrag appelliert an die Menschen in Deutschland, dennoch das Angebot einer Corona-Schutzimpfung wahrzunehmen. Der Gesetzentwurf wurde mit 85 Ja-Stimmen von Abgeordneten verschiedener Fraktionen gegen 590 Stimmen abgelehnt . Es gab zwölf Enthaltungen."
4542,2022-04-07,AfD-Antrag: Keine Impfpflicht gegen COVID-19,Gesundheit,,https://dserver.bundestag.de/btd/20/005/2000516.pdf,"Die AfD-Fraktion im Bundestag fordert in ihrem Antrag , dass keine unmittelbare oder mittelbare Impfpflicht gegen das COVID-19-Virus eingeführt wird. Die Bundesregierung soll von den Plänen zu einer Impfpflicht Abstand nehmen. Der Antrag argumentiert, dass Wirkung und Folgen einer Impfpflicht unverhältnismäßig seien. Des Weiteren soll ein Gesetzentwurf vorgelegt werden, mit dem die Impfpflicht für das Gesundheits- und Pflegepersonal aufgehoben wird. Der Antrag wurde mit 79 Ja-Stimmen der AfD-Fraktion gegen 606 Stimmen aller anderen Fraktionen abgelehnt . Es gab keine Enthaltungen."
4570,2022-04-28,Umfassende Unterstützung für die Ukraine ,Außenpolitik und internationale Beziehungen|Humanitäre Hilfe|Verteidigung,,https://dserver.bundestag.de/btd/20/015/2001550.pdf,"Der fraktionsübergreifende Antrag von SPD, CDU/CSU, BÜNDNIS 90/Die Grünen und FDP verurteilt den russischen Angriffskrieg auf die Ukraine. Als Reaktion auf diesen fordert er umfassende Unterstützungsmaßnahmen für die Ukraine. Hierzu wird auch die Lieferung schwerer Waffen an das Land nicht ausgeschlossen. Der Antrag wurde mit 586 Stimmen aus den Reihen der antragsstellenden Fraktionen gegen 100 Stimmen aus den Fraktionen der AfD und Die Linke angenommen . Es gab sieben Enthaltungen."
4568,2022-04-29,Verlängerung des Bundeswehreinsatzes im Mittelmeer (Operation EUNAVFOR MED IRINI),Verteidigung,Auswärtiger Ausschuss|Haushaltsausschuss,https://dserver.bundestag.de/btd/20/012/2001240.pdf,"Mit dem Antrag will die Bundesregierung den Mittelmeereinsazt der Bundeswehr um ein weiteres Jahr verlängern. Die von der Europäischen Union geführte Operation EUNAVFOR MED IRINI ersteckt sich auf Meeresgebiete außerhalb der Küstenmeere Libyens, Tunesiens, des südlichen Siziliens, innerhalb der Region des mittleren und südlichen Mittelmeers sowie der Luftraum dieser und angrenzender Gebiete. Der Antrag wurde mit 534 Stimmen angenommen. 103 haben dagegen gestimmt und 99 Abgeordnete waren nicht beteiligt."
4595,2022-05-19,CDU/CSU-Antrag: Sicherung der Nahrungsmittelversorgung der Ukraine,Außenpolitik und internationale Beziehungen|Landwirtschaft und Ernährung,Ausschuss für Ernährung und Landwirtschaft,https://dserver.bundestag.de/btd/20/013/2001336.pdf,"Der von der CDU/CSU-Fraktion eingebrachte Entschließungsantrag fordert die Bundesregierung auf, verschiedene Maßnahmen zur langfristigen Sicherung der Lebensmittelversorgung der Bevölkerung in der Ukraine sowie aus dem Land geflüchteter Ukrainer:innen zu ergreifen. Außerdem sollen die globalen Konsequenzen sinkender Agrarexporte als Folge des Krieges in der Ukraine für zukünftige Prognosen evaluiert werden. Der Antrag wurde mit 246 Ja-Stimmen der CDU/CSU und AfD gegen 410 Nein-Stimmen aller anderen Fraktionen abgelehnt. Es gab keine Enthaltungen."
4596,2022-05-19,AfD-Antrag: Einrichtungsbezogene Impfpflicht abschaffen,Gesundheit,,https://dserver.bundestag.de/btd/20/006/2000699.pdf,"Der von der AfD-Fraktion eingebrachte Antrag sieht die Abschaffung der einrichtungsbezogenen Impfpflicht vor. Hintergrund sei, dass sich durch die Regelungen die ohnehin schon angespannte Situation der Pflegekräfte weiter verschlechtert hätte. Der Antrag der AfD Fraktion wurde mit 574 Stimmen aus der Ampel-Koalition, der CDU/CSU und der Linksfraktion abglehnt . 71 Abgeordente, darunter die AfD Fraktion, zwei Fraktionslose sowie ein Abgeordneter der CSU stimmten für den Antrag."
4592,2022-05-20,Verlängerung des Bundeswehreinsatzes in Mali (MINUSMA 2022/2023),Verteidigung,Auswärtiger Ausschuss|Haushaltsausschuss,https://dserver.bundestag.de/btd/20/017/2001761.pdf,"Der Antrag der Bundesregierung sieht vor, dass der Bundeswehreinsatz an der ""Multidimensionalen integrierten Stabilisierungsmission der Vereinten Nationen in Mali"" (MINUSMA) fortgesetzt wird. Der bewaffnete Einsatz soll um ein weiteres Jahr verlängert und aufgestockt werden. Statt wie bisher 1100 sollen bis 1400 Soldat:innen entsandt werden. Das Mandat soll bis Mai 2023 verlängert werden und die Bundesregierung rund 453 Millionen Euro kosten. Der Antrag der Bundesregierung wurde mit 540 stimmen von der SPD, Union, Grünen und der FDP angenommen . Die AfD-und Linksfraktion stimmten zusammen mit 2 fraktionslosen Abgeordneten mit insgesamt 102 stimmen dagegen. Es gab 4 Enthaltungen."
4593,2022-05-20,Fortsetzung des Bundeswehreinsatzes im Sahel mit Schwerpunkt Niger (EUTM Mali 2022/2023),Außenpolitik und internationale Beziehungen|Verteidigung,Auswärtiger Ausschuss|Verteidigungsausschuss|Haushaltsausschuss,https://dserver.bundestag.de/btd/20/017/2001762.pdf,"Der Bundestag stimmte über einen Antrag der Bundesregierung zur Verlängerung des Bundeswehreinsatzes zur Beteiligung an der EU-Mission zur Ausbildung von Streitkräften in der Sahel-Region ab. Das Mandat dafür war zuletzt bei einer Abstimmung im Mai 2021 verlängert worden. Der Schwerpunkt der Mission soll sich zukünftig auf den Niger verschieben. Der Antrag wurde mit 551 Ja-Stimmen von SPD, Bündnis 90/Die Grünen, FDP, und CDU/CSU angenommen. 105 Abgeordnete der Fraktion Die Linke und Abgeordnete der Fraktionen AfD stimmten gegen den Antrag. 1 Abgeordneter enthielt sich."
4594,2022-05-20,CDU/CSU-Antrag: Förderung der energie­effizienten Gebäude­sanierung ,Energie,Ausschuss für Klimaschutz und Energie|Haushaltsausschuss,https://dserver.bundestag.de/btd/20/005/2000524.pdf,"Der Unionsantrag sieht vor, dass der Förderungsstopp für energieeffiziente Gebäude und Bestandssanierung vom 24. Januar 2022 mit sofortiger Wirkung rückgängig gemacht wird. Außerdem soll die Regierung durch Folgelösungen für die Förderung energieeffizienter Gebäude Planungssicherheit für Bürger:innen, Kommunen und die Immobilienwirtschaft schaffen. Der Antrag der Unionsfraktion wurde mit den 465 Stimmen der SPD, Grünen, FDP, AfD und der Linken abgelehnt . Allein die Abgeordneten der CDU/CSU stimmten mit 166 Stimmen für den Antrag."
4612,2022-06-01,Etat des Bundeskanzlers und des Bundeskanzleramtes 2022,Haushalt,Haushaltsausschuss,https://dserver.bundestag.de/btd/20/010/2001000.pdf,"Der von der Bundesregierung eingebrachte Entwurf zum Haushaltsgesetz 2022 beinhaltet unter anderem einen Einzelplan zu dem Etat des Bundeskanzlers und des Bundeskanzleramtes. Dieser soll mit knapp 3,9 Milliarden Euro bemessen werden - 164 Millionen Euro mehr als im ursprünglichen Regierungsentwurf vorgesehen und 790 Millionen Euro weniger als im vergangenen Jahr. Der Haushaltsausschuss plädierte in seiner Beschlussempfehlung für die Annahme des Einzelplans 04. Namentlich abgestimmt wurde über die Beschlussempfehlung, welche mit 391 Stimmen angenommen wurde - der Einzelplan, und damit der Etat des Bundeskanzlers und des Bundeskanzleramts, ist also bewilligt."
4613,2022-06-03, Bundeshaushaltsplan für das Haushaltsjahr 2022 (Haushaltsgesetz),"Öffentliche Finanzen, Steuern und Abgaben|Wirtschaft",Haushaltsausschuss,https://dserver.bundestag.de/btd/20/010/2001000.pdf,"Am 03. Juni stimmte der Bundestag namentlich über den Bundeshaushaltsplan für das Haushaltsjahr 2022 (kurz: Haushaltsgesetz) ab. Für das Jahr 2022 sind Ausgaben in Höhe von 495,8 Milliarden Euro vorgesehen, womit Steuer- und sonstige Einnahmen deutlich überschritten werden. Zum Ausgleich wird die Bundesregierung 138,9 Milliarden Euro neue Schulden aufnehmen. Der Haushaltsplan wurde mit 399 stimmen von SPD, den Grünen und der FDP angenommen . Dagegen haben die CDU/CSU Fraktion, die AfD und die Linken mi insgesamt 284 stimmt gestimmt."
4614,2022-06-03,Schuldentilgung der Haushaltsjahre 2020-2022,Haushalt,,https://dserver.bundestag.de/btd/20/020/2002036.pdf,"Der Antrag der Bundesregierung sieht eine Zusammenführung der Schuldentilgungspläne vor. Die Mehrausgaben der Bundesregierung sind unter anderem Folge der COVID-19-Pandemie. Ziel ist es, die Schulden bis zum 31. Dezember 2058 zurückzuzahlen. Die Tilgungspläne aus den Haushaltsjahren 2020, 2021 und 2022 werden zusammengeführt und sollen im Bundeshaushalt 2028 sowie in den darauffolgenden 30 Jahren zurückgezahlt werden. Der Antrag wurde mit 387 stimmen von der SPD, den Grünen und der FDP angenommen . Die CDU/CSU, und die AfD stimmten mit 250 stimmen gegen den Antrag. Die Fraktion die Linke enthielt sich."
4637,2022-06-03,Anhebung des Mindestlohns für Minijobs ,"Arbeit und Beschäftigung|Öffentliche Finanzen, Steuern und Abgaben",Ausschuss für Arbeit und Soziales,https://dserver.bundestag.de/btd/20/014/2001408.pdf,"Artikel 7 des Gesetzentwurfs für die Erhöhung des Schutzes durch den gesetzlichen Mindestlohn und zu Änderungen im Bereich der geringfügigen Beschäftigung wurde im Bundestag am 3. Juni namentlich abgestimmt. Ziel des Gesetzentwurfs ist es, die Erhöhung des Mindestlohnes und den Schutz von Arbeitnehmer:innen sicherzustellen. Artikel 7 befasst sich mit der Anpassung des Lohns geringfügiger Beschäftigungen, der ab dem 1. Oktober nicht mehr bei 450 Euro, sondern bei 520 Euro liegen und dynamisch an den Mindestlohn angepasst werden soll. Der Gesetzentwurf wurde mit 398 Stimmen von der SPD, Bündnis 90/Die Grünen und der FDP angenommen . 41 Parlamentarier:innen stimmten gegen den Gesetzentwurf, darunter die Fraktion DIE LINKE und Teile der AfD-Fraktion. Es gab 248 Enthaltungen von der CDU/CSU-Fraktion und aus Teilen der AfD-Fraktion."
4643,2022-06-03,"AfD-Antrag zum ""Sondervermögen Bundeswehr""","Öffentliche Finanzen, Steuern und Abgaben|Verteidigung",Haushaltsausschuss,https://dserver.bundestag.de/btd/20/021/2002126.pdf,"Der von der AfD-Fraktion eingebrachte Änderungsantrag sieht unter anderem eine Regelung zur Kontrolle des Sondervermögens für die Bundeswehr vor und fordert, von der geplanten Grundgesetzänderung abzusehen. Eingebracht wurde er zur zweiten Beratung des Gesetzentwurfes der Bundesregierung über ein Sondervermögen von 100 Milliarden Euro, das in die Stärkung der Bündnis- und Verteidigungsfähigkeit der Bundeswehr investiert werden soll. Der Antrag der AfD-Fraktion wurde mit 606 Stimmen aus der Ampel-Koalition, der CDU/CSU und der Linksfraktion abgelehnt . 74 Abgeordnete, darunter die AfD-Fraktion sowie zwei Fraktionslose, stimmten für den Antrag."
4645,2022-06-03,Grundgesetzänderung (Artikel 87a),Staat und Verwaltung|Verteidigung,Haushaltsausschuss,,"Um das Bundeswehr-Sondervermögen zu ermöglichen, hat der Bundestag über eine Grundgesetzänderung abgestimmt. Durch die Ergänzung des neuen Absatzes 87a wird die Kreditaufnahme von 100 Milliarden Euro für das Sondervermögen nicht auf die Schuldenregel von Artiekl 115 des Grundgesetzes angerechnet. Für eine Änderung des Grundgesetzten ist eine zwei Drittel Mehrheit erforderlich. Das Gesetz wurde mit 568 stimmen der SPD, der CDU/CSU, der Grünen, der FDP und teilen der AfD angenommen. 96 Abgeordnete darunter von den Linken und der AfD stimmten gegen die Grundgesetzänderung."
4646,2022-06-03,Sondervermögen Bundeswehr,Verteidigung,,https://dserver.bundestag.de/btd/20/014/2001409.pdf,"Um die Bundeswehr zu unterstützen und Modernisierungen sowie längerfristige Investitionen zu ermöglichen, hat die Bundesregierung ein Sondervermögen von 100 Milliarden Euro beschlossen. Der Gesetzentwurf wurde mit 590 Stimmen von der SPD, der CDU/CSU, Bündnis 90/Die Grünen, der FDP und Teilen der AfD angenommen . 80 Abgeordnete der Fraktion DIE LINKE und Teile der AfD-Fraktion stimmten gegen den Antrag. Es gab sieben Enthaltungen aus den Reihen der AfD und der SPD. Um die Ausgabe zu ermöglichen, fand zuvor noch eine Abstimmung über eine hierfür nötige Grundgesetzänderung statt."
4649,2022-06-23,Beteiligung deutscher Streitkräfte an UNIFIL,Außenpolitik und internationale Beziehungen|Verteidigung,Auswärtiger Ausschuss,https://dserver.bundestag.de/btd/20/017/2001763.pdf,"In namentlicher Abstimmung wurde beschlossen, die Beteiligung der Bundeswehr an der UNIFIL-Mission (United Nations Interim Force in Lebanon) der UN fortzusetzen . Die Mission soll sicherstellen, dass keine Waffen und Rüstungsgüter ohne die Zustimmung der libanesischen Regierung in den Libanon gebracht werden. Hierzu soll die libanesische Küste abgesichert werden. Es stimmten 539 Abgeordnete für die Verlängerung der Mission, darunter die gesamte SPD- und CDU-Fraktion. Die 103 Gegenstimmen kamen vorwiegend aus den Reihen von DIE LINKE und der AfD. Je ein Mitglied der Fraktion Bündnis 90/Die Grünen sowie ein Parlamentarier der FDP-Fraktion enthielten sich."
4661,2022-07-07,Bundeswehrbeschaffungsbeschleunigungsgesetz (Entschließungsantrag CDU/CSU-Fraktion),Verteidigung,Wirtschaftsausschuss,https://dserver.bundestag.de/btd/20/023/2002353.pdf,"Zum Gesetzentwurf der Bundesregierung über das Bundeswehrbeschaffungsbeschleunigungsgesetz hat die CDU/CSU-Fraktion einen Entschließungsantrag vorgelegt. Der Regierungsentwurf sieht vor, die Maßnahmen zur Beschaffung von Verteidigungsgütern für die Bundeswehr zu erleichtern, um die Vergabe von öffentlichen Aufträgen zu beschleunigen. Der Entschließungsantrag unterstützt den Gesetzentwurf und fordert zusätzlich die kurzfristige Lieferung von 200 Transportpanzern vom Typ FUCHS. Für den Entschließungsantrag stimmten alle beteiligten Abgeordneten aus der CDU/CSU-Fraktion, sowie ein fraktionsloser Abgeordneter und 20 AfD-Abgeordnete. Gegenstimmen zum Antrag kamen aus den Fraktionen von SPD, Bündnis 90/Die Grünen, FDP und die Linke sowie Teilen der AfD-Fraktion. Ein Abgeordneter enthielt sich. Der Entschließungsantrag wurde mit 202 Ja-Stimmen, 437 Gegenstimmen und einer Enthaltung abgelehnt ."
4663,2022-07-07,Schnellerer Ausbau erneuerbarer Energien,Energie,Ausschuss für Klimaschutz und Energie,https://dserver.bundestag.de/btd/20/016/2001630.pdf,"Um das 1,5-Grad-Ziel beim Klimaschutz einzuhalten, hat die Bundesregierung einen Gesetzentwurf ""zu Sofortmaßnahmen für einen beschleunigten Ausbau der erneuerbaren Energien und weiteren Maßnahmen im Stromsektor"" vorgelegt. Ziel des Vorhabens ist die nahezu vollständige Stromversorgung durch erneuerbare Energien bis 2035. Hierzu soll das Erneuerbare-Energien-Gesetz grundlegend überarbeitet werden. In namentlicher Abstimmung stimmten 379 Abgeordnete der Ampel-Koalition mit ""Ja"", 281 Abgeordnete aller anderen Fraktionen stimmten mit ""Nein"". Es gab keine Enthaltungen. Der Gesetzentwurf wurde somit vom Bundestag angenommen ."
4666,2022-07-07,Änderung des Bundesnaturschutzgesetzes,Energie|Umwelt,"Ausschuss für Umwelt, Naturschutz, nukleare Sicherheit und Verbraucherschutz",https://dserver.bundestag.de/btd/20/023/2002354.pdf,"Der Gesetzentwurf der Regierungsfraktionen schlägt ein viertes Gesetz zur Änderung des Bundesnaturschutzgesetzes (BNatSchG) vor. Dadurch sollen Genehmigungsverfahren für Windenergieanlagen an Land vereinfacht und Landschaftsschutzgebiete in angemessenem Umfang in die Suche nach Flächen für den Windenergieausbau einbezogen werden. Mit 383 Stimmen von Seiten der Regierungsfraktionen wurde der Gesetzentwurf angenommen . Dagegen stimmten die Fraktionen CDU/CSU, AfD und DIE LINKE. Enthaltungen gab es keine."
4667,2022-07-07,Bereithaltung von Ersatzkraftwerken (Änderungsantrag CDU/CSU-Fraktion),Energie|Umwelt,Ausschuss für Klimaschutz und Energie,https://dserver.bundestag.de/btd/20/023/2002356.pdf,"Zum Gesetzentwurf der Regierungsfraktionen über die ""Bereithaltung von Ersatzkraftwerken zur Reduzierung des Gasverbrauchs im Stromsektor im Fall einer drohenden Gasmangellage"" hat die CDU/CSU-Fraktion einen Änderungsantrag vorgelegt. Darin wird die Bundesregierung aufgefordert, auch das Erhalten von Kernkraftwerken in Erwägung zu ziehen, um die mögliche Energie-Notlage im kommenden Winter abzuwenden. Der Änderungsantrag wurde mit 393 Stimmen von Seiten der Fraktionen SPD, Bündnis 90/Die Grünen, FDP und DIE LINKE abgelehnt . Dafür stimmten die antragstellende CDU/CSU-Fraktion und die AfD-Fraktion, zudem zwei fraktionslose Abgeordnete, Johannes Huber und Matthias Helferich ."
4668,2022-07-07,Ausbau von Windenergieanlagen an Land erhöhen und beschleunigen,Energie|Umwelt,Ausschuss für Klimaschutz und Energie,https://dserver.bundestag.de/btd/20/023/2002355.pdf,"Mit dem Gesetzentwurf der Regierungsfraktionen soll der Ausbau von Windenergieanlagen an Land erhöht werden. Dafür sollen die Nutzungsfläche für Windenergieanlagen vergrößert und Planungsverfahren zum Ausbau der Anlagen beschleunigt werden. Der Gesetzentwurf wurde mit 379 Stimmen von Seiten der Regierungsfraktionen angenommen . Die Fraktionen CDU/CSU und AfD stimmten dagegen, die Fraktion DIE LINKE enthielt sich."
4673,2022-07-07,Änderung des Windenergie-auf-See-Gesetzes,Energie|Umwelt,Ausschuss für Klimaschutz und Energie,https://dserver.bundestag.de/btd/20/016/2001634.pdf,"Mit dem Gesetzentwurf der Bundesregierung sollen Änderungen am Windenergie-auf-See-Gesetz vorgenommen werden. Die Stromversorgung soll bis 2035 nahezu vollständig auf erneuerbaren Energien beruhen. Bis 2035 sollen deshalb mindestens 40 Gigawatt, bis 2045 mindestens 70 Gigawatt durch Windenergieanlagen gewonnen werden. Der Gesetzentwurf wurde mit 564 Stimmen von Seiten der Fraktionen SPD, CDU/CSU, Bündnis 90/Die Grünen und FDP angenommen . Dagegen gestimmt haben die Fraktionen der AfD und DIE LINKE. Es gab eine Enthaltung von dem fraktionslosen Abgeordneten Johannes Huber ."
4674,2022-07-07,Beschleunigter Ausbau erneuerbarer Energien (Beschlussempfehlung),Energie|Umwelt,Ausschuss für Klimaschutz und Energie,https://dserver.bundestag.de/btd/20/023/2002345.pdf,"In ihrem Antrag fordert die CDU/CSU-Fraktion einen beschleunigten Ausbau der erneuerbaren Energien. Dazu soll unter anderem der Ausbau von Photovoltaikanlagen für private und gewerbliche Gebäude vereinfacht werden. Energieressourcen wie Wasserkraft und Biogas sollen, ebenso wie Sonnen- und Windenergie, weiterhin unterstützt und verstärkt genutzt werden. Namentlich abgestimmt wurde über eine Beschlussempfehlung des Ausschusses für Klimaschutz und Energie, welcher das Parlament zur Ablehnung des Antrags aufrief. Die Beschlussempfehlung wurde mit 482 Stimmen von Seiten der Fraktionen SPD, Bündnis 90/Die Grünen, FDP, AfD und DIE LINKE angenommen - somit wurde der Antrag der CDU/CSU-Fraktion abgelehnt ."
4655,2022-07-08,Verlängerung des Bundeswehreinsatzes im Kosovo (KFOR 2022/2023),Außenpolitik und internationale Beziehungen|Verteidigung,Auswärtiger Ausschuss,https://dserver.bundestag.de/btd/20/019/2001976.pdf,"Der von der Bundesregierung eingebrachte Antrag sieht die Fortsetzung der Beteiligung bewaffneter deutscher Streitkräfte an der internationalen Sicherheitspräsenz im Kosovo (KFOR) vor. Ziel des Einsatzes sind die Stabilisierung der Sicherheitslage und die Unterstützung zur Entwicklung einer stabilen, demokratischen, multiethnischen und friedlichen Republik Kosovo. Namentlich abgestimmt wurde über eine Beschlussempfehlung des Auswärtigen Ausschusses, welcher die Annahme des Antrags der Bundesregierung befürwortet. Die Beschlussempfehlung wurde mit 526 Stimmen von Seiten der SPD-, CDU/CSU-, FDP- und Bündnis 90/Die Grünen-Fraktionen angenommen. Die Fraktionen der AfD und DIE LINKE stimmten mehrheitlich dagegen. Enthalten haben sich Reginald Hanke (FDP) und Corinna Rüffer (Bündnis 90/Die Grünen)."
4657,2022-07-08,Beteiligung der Bundeswehr an der EU-geführten Sicherheitsoperation in Bosnien und Herzegowina (EUFOR ALTHEA),Außenpolitik und internationale Beziehungen|Verteidigung,Auswärtiger Ausschuss,https://dserver.bundestag.de/btd/20/022/2002242.pdf,"Der Antrag der Bundesregierung sieht die Wiederaufnahme der Beteiligung bewaffneter deutscher Streitkräfte an der EU-geführten Sicherheitsoperation in Bosnien und Herzegowina (EUFOR ALTHEA) vor. Ziel ist die nachhaltige Stabilisierung Bosnien und Herzegowinas, verbunden mit einer Entwicklung hin zu einem friedlichen und demokratischen Rechtsstaat und die Einbindung Bosnien und Herzegowinas in die EU und die euro-atlantische Gemeinschaft. Namentlich abgestimmt wurde über eine Beschlussempfehlung des Auswärtigen Ausschusses, welcher die Annahme des Regierungsantrags befürwortet. Die Beschlussempfehlung wurde mit 516 Stimmen von Seiten der Fraktionen SPD, CDU/CSU, Bündnis 90/Die Grünen und FDP angenommen , 96 Abgeordnete aus Reihen der AfD- und DIE LINKE-Fraktionen stimmten dagegen. Die Abgeordneten Reginald Hanke (FDP), Corinna Rüffer (Bündnis 90/Die Grünen) und Johannes Huber (fraktionslos) haben sich enthalten."
4719,2022-09-08,Stärkung des Schutzes der Bevölkerung vor COVID-19,"Gesundheit|Wissenschaft, Forschung und Technologie",Gesundheitsausschuss,https://dserver.bundestag.de/btd/20/025/2002573.pdf,"Der von der Bundesregierung vorgelegte Gesetzesentwurf soll den Schutz der Bevölkerung vor COVID-19 stärken. Der Entwurf schlägt verschiedene Maßnahmen vor. Dazu zählen unter anderem die Erfassung von PCR-Testergebnissen und die Anzahl der belegten Betten in Krankenhäusern, sowie Regelungen für die Impfkampagne und Hygienekonzepte. Der Gesetzesentwurf wurde mit 386 Stimmen von Seiten der Fraktionen SPD, FDP und Bündnis 90/Die Grünen angenommen. Dagegen gestimmt haben die Fraktionen CDU, DIE LINKE und die AfD sowie alle fraktionslosen Abgeordneten. Außerdem stimmten sieben Abgeordnete der FDP dagegen. Drei Abgeordnete enthielten sich."
4767,2022-09-22,Weiterbetrieb von Kernkraftwerken (Änderungsantrag),Energie|Umwelt,"Ausschuss für Umwelt, Naturschutz, nukleare Sicherheit und Verbraucherschutz",https://dserver.bundestag.de/btd/20/035/2003595.pdf,"Mit ihrem Änderungsantrag schlägt die AfD-Fraktion vor, die drei noch in Betrieb befindlichen deutschen Atomkraftwerke nicht abzuschalten. Begründet wird dies durch einen möglichen Energieversorgungsmangel im Herbst und Winter 2022/23. Der Ausschuss für Umwelt, Naturschutz, nukleare Sicherheit und Verbraucherschutz legte dazu eine Beschlussempfehlung vor, welche die Ablehnung des Änderungsantrags vorsieht. Namentlich abgestimmt wurde über den Änderungsantrag der AfD-Fraktion, welcher mit 544 Gegenstimmen abgelehnt wurde. Einzig die antragstellende AfD-Fraktion sowie zwei fraktionslose Abgeordnete stimmten für den Antrag."
4768,2022-09-22,Entschließungsantrag gegen Abschöpfung von Krisengewinnen,"Öffentliche Finanzen, Steuern und Abgaben|Wirtschaft",Finanzausschuss,https://dserver.bundestag.de/btd/20/018/2001849.pdf,"Mit ihrem Antrag fordert die Fraktion DIE LINKE die Bundesregierung auf, einen Gesetzentwurf vorzulegen, der den Teil der Unternehmensgewinne von Energiekonzernen im Geschäftsjahr 2022, der die Gewinne des Vorjahres um mehr als 10 Millionen Euro übersteigt, zusätzlich einer Übergewinnsteuer von 25 Prozent unterwirft. Der Finanzausschuss legte dazu eine Beschlussempfehlung vor, welche den Fraktionsantrag ablehnt. Mit 620 Stimmen wurde die Beschlussempfehlung angenommen und der Fraktionsantrag somit abgelehnt. Einzig die antragstellende Fraktion DIE LINKE stimmte gegen die Beschlussempfehlung."
4770,2022-09-22,Aufhebung der Gaspreisanpassungsverordnung (Entschließungsantrag),"Europapolitik und Europäische Union|Öffentliche Finanzen, Steuern und Abgaben",Finanzausschuss,https://dserver.bundestag.de/btd/20/022/2002247.pdf,"Der von der Bundesregierung vorgelegte Gesetzentwurf über die Umsetzung der EU-Alkoholstruktur- und Systemrichtlinie soll bestimmte Vorgaben der Europäischen Union in nationales Recht umwandeln. Dazu gehört die Umsetzung der Systemrichtlinie sowie der Alkoholstrukturrichtlinie und deren Aufnahme in das deutsche Recht. Diese Richtlinien enthalten vor allem steuerrechtliche Vorgaben für alle Mitgliedsstaaten der EU. Namentlich abgestimmt wurde nun über einen Entschließungsantrag der CDU/CSU-Fraktion, der die Aufhebung der Gaspreisanpassungsverordnung forderte. Dieser wurde mit insgesamt 361 Stimmen von Seiten der Regierungsfraktionen abgelehnt. 285 Abgeordnete, darunter die CDU/CSU-Fraktion, sowie die Fraktion der AfD und der LINKEN stimmten für den Entschließungsantrag."
4773,2022-09-28,Beschlussempfehlung gegen Entschließungsantrag zu Waffenlieferungen an die Ukraine,Außenpolitik und internationale Beziehungen|Verteidigung,Wirtschaftsausschuss,https://dserver.bundestag.de/btd/20/023/2002347.pdf,"Am 28.09.2022 wurde im Bundestag über einen Entschließungsantrag der CDU/CSU-Fraktion abgestimmt. Dieser forderte von der Bundesregierung, sich mit mehr Nachdruck dafür einzusetzen, auch schwere Waffen an die Ukraine zu liefern. Der Wirtschaftsausschuss empfahl, den Antrag abzulehnen. Der Empfehlung des Ausschusses wurde Folge geleistet. Das bedeutet, dass der Antrag der Unionsfraktion mit 476 Stimmen abgelehnt wurde. 179 Abgeordnete stimmten gegen die Beschlussempfehlung und somit für den Entschließungsantrag der Union. Ein Abgeordneter enthielt sich, 79 stimmten nicht ab."
4776,2022-09-30,Wiedereinsetzung des Stabilitäts- und Wachstumspaktes auf EU-Ebene,"Europapolitik und Europäische Union|Öffentliche Finanzen, Steuern und Abgaben",,https://dserver.bundestag.de/btd/20/036/2003691.pdf,"Mit ihrem Antrag fordert die CDU/CSU-Fraktion, dass sich die Bundesregierung auf europäischer Ebene für die Wiedereinsetzung des Stabilitäts- und Wirtschaftspaktes (SWP) auf europäischer Ebene einsetzt und somit für die Deaktivierung der allgemeinen Ausweichklausel wirbt. Der Antrag wurde mit 377 Gegenstimmen aus den Fraktionen von SPD, Bündnis 90/Die Grünen, FDP, die Linke abgelehnt . Dafür stimmten 169 Abgeordnete, größtenteils aus der CDU/CSU-Fraktion. Enthaltungen kamen aus der AfD-Fraktion. 123 Abgeordnete waren nicht an der Abstimmung beteiligt."
4798,2022-10-13,Verbot von Strom- und Gassperren,Energie,Ausschuss für Klimaschutz und Energie|Rechtsausschuss|Wirtschaftsausschuss,https://dserver.bundestag.de/btd/20/026/2002686.pdf,"In einem Antrag der Linken forderte die Fraktion ein Verbot von Strom- und Gassperren. Diese wurden zuvor als mögliche Maßnahmen im Ernstfall angekündigt und sollen die Energieinfrastruktur vor einer Überlastung schützen. Dem Antrag der Linken nach sollen auch dann keine Sperren erfolgen, wenn Verbraucher:innen ihre Strom- oder Gasrechnung nicht bezahlen können. Abgestimmt wurde über eine Beschlussempfehlung des Ausschusses für Klimaschutz und Energie. Dieser empfahl, den Antrag der Linken abzulehnen. Das bedeutet, dass eine Stimme für die Beschlussempfehlung einer Stimme gegen das Sperrenverbot entspricht. Wer für die Beschlussempfehlung stimmt, stimmt dafür, dass Sperren bei Zahlungsunfähigkeit der Verbraucher:innen möglich bleiben. Die Beschlussempfehlung wurde mit 601 Stimmen angenommen. Der Antrag ist also abgelehnt: Strom- und Gassperren bleiben möglich. Gegen die Empfehlung und somit für ein Verbot von Sperren stimmten ausschließlich Mitglieder der Fraktion Die Linke, sowie einige fraktionslose Abgeordnete. Außerdem stimmte Lars Lindemann (FDP) gegen die Beschlussempfehlung. Die an der Abstimmung beteiligten Abgeordneten der restlichen Fraktionen stimmten entweder für die Empfehlung des Klima- und Energieausschusses oder enthielten sich."
4805,2022-10-20,Entschließungsantrag DIE LINKE: Finanz­reform der gesetzlichen Krankenversicherung,"Gesundheit|Öffentliche Finanzen, Steuern und Abgaben",Gesundheitsausschuss|Haushaltsausschuss,https://dserver.bundestag.de/btd/20/034/2003484.pdf,"Die namentliche Abstimmung erfolgte zu einem Entschließungsantrag der Fraktion DIE LINKE zu einem Gesetzentwurf der Bundesregierung, der eine Finanzreform der gesetzlichen Krankenversicherung vorsieht. Der Antrag wurde, ebenso wie sieben weitere Anträge der Oppositionsfraktionen zu dem Gesetzentwurf, abgelehnt . Für den Antrag stimmte die gesamte Linksfraktion, sowie Dr. Michael Meister aus der CDU-Fraktion und der fraktionslose Stefan Seidler . Die AfD sowie die fraktionslosen Abgeordneten Robert Farle und Matthias Helferich enthielten sich. Alle übrigen Fraktionen stimmten geschlossen gegen den Antrag. Er wurde somit mit 37 Ja-Stimmen , 534 Nein-Stimmen und 70 Enthaltungen abgelehnt. 95 Parlamentarier:innen stimmten nicht ab."
4808,2022-10-20,Änderung des Bundeszentralregistergesetzes,,Rechtsausschuss,https://dserver.bundestag.de/btd/20/037/2003708.pdf,"Der Gesetzentwurf der Bundesregierung schlägt Änderungen am Bundeszentralregistergesetz (BZRG) vor. Mit den vorgeschlagenen Änderungen soll das BZRG an die Bestimmungen des Handels- und Kooperationsabkommens zwischen der Europäischen Union und Großbritannien angepasst werden. Durch den Rechtsausschuss wurde der Entwurf ergänzt, sodass zukünfitg die Strafbarkeit der öffentlichen Billigung, Leugnung und gröblichen Verharmlosung von Völkermord, Verbrechen gegen die Menschlichkeit und Kriegsverbrechen explizit in das Strafgesetzbuch aufgenommen werden. Der Paragraf 130 StGB, welcher den Tatbestand der Volksverhetzung definiert, soll um einen neuen Absatz ergänzt werden. Für den Entwurf stimmten die 514 Abgeordneten der Regierungskoalition sowie der Unionsfraktion geschlossen. Gegen den Entwurf stimmten die AfD sowie bis auf Dr. Petra Sitte auch die Linksfraktion. Neben Petra Sitte enthielt sich auch der fraktionslose Abgeordnete Stefan Seidler ."
4803,2022-10-21,Abwehrschirm gegen gestiegene Strom- und Gaspreise,"Energie|Öffentliche Finanzen, Steuern und Abgaben",,https://dserver.bundestag.de/btd/20/040/2004058.pdf,"Mit dem Antrag der Regierungsfraktionen in Form einer Gesetzesänderung soll die rechtliche Grundlage zur Umsetzung eines finanziellen ""Abwehrschirms"" geschaffen werden, um den Folgen der gestiegenen Gas- und Strompreise entgegenzuwirken. Der Antrag soll die vorgesehene Kreditaufnahme ermöglichen. Der Antrag wurde mit den Stimmen der Regierungsfraktionen SPD, Bündnis 90/Die Grünen und FDP angenommen . Von der CDU/CSU-Fraktion stimmte allein Dr. Jonas Geissler für den Antrag, alle anderen Unionsabgeordneten stimmten dagegen. Auch die AfD wandte sich geschlossen gegen den Antrag, während sich die Fraktion DIE LINKE enthielt. Insgesamt stimmten 390 Abgeordnete für den Beschluss, 239 dagegen und 36 enthielten sich."
4804,2022-10-21,Verlängerung des Bundeswehreinsatzes im Irak (2023),Außenpolitik und internationale Beziehungen|Verteidigung,Auswärtiger Ausschuss,https://dserver.bundestag.de/btd/20/038/2003818.pdf,"Mit dem Antrag der Bundesregierung soll über die Fortsetzung des Bundeswehreinsatzes im Irak bis zum 31. Oktober 2023 entschieden werden. Mit der Verlängerung des bereits laufenden Bundeswehreinsatzes soll das erneute Erstarken des sogenannten Islamischen Staates verhindert und die Versöhnung der Konfliktparteien Irak und Syrien gefördert werden . Der Antrag wurde mit 534 Stimmen von den Fraktionen SPD, CDU/CSU, Bündnis 90/Die Grüne und FDP angenommen. Dagegen gestimmt haben die Fraktionen AfD und Die Linke."
4826,2022-11-10,Einführung des Bürgergeldes,"Arbeit und Beschäftigung|Gesellschaftspolitik, soziale Gruppen",Haushaltsausschuss,https://dserver.bundestag.de/btd/20/038/2003873.pdf,"Der Gesetzentwurf der Bundesregierung fordert die Einführung des sogenannten Bürgergeldes. Der Hartz IV-Nachfolger soll die Grundsicherung für arbeitssuchende Menschen sicherstellen. Der Gesetzentwurf wurde mit 385 Stimmen von Seiten der Ampel-Koalition aus SPD, Bündnis 90/Die Grünen und FDP angenommen . Die Fraktionen CDU/CSU sowie die AfD stimmten dabei gegen den Gesetzentwurf. Die Abgeordneten der Fraktion Die Linke enthielten sich."
4830,2022-11-10,Vermögensabgabe für Milliardär:innen und Multimillionär:innen (Antrag),"Öffentliche Finanzen, Steuern und Abgaben",,https://dserver.bundestag.de/btd/20/043/2004307.pdf,"Mit dem Antrag der Fraktion Die Linke wurde über eine einmalige Vermögensabgabe für Milliardär:innen und Multimillionär:innen abgestimmt. Die so gewonnen Einnahmen sollen zur Abfederung der finanziellen Belastung der Bevölkerung durch die Energiepreiskrise genutzt werden. Der Antrag wurde mit 649 Stimmen aus den Fraktionen von SPD, Bündnis 90/Die Grünen, FDP, CDU/CSU und der AfD abgelehnt . Lediglich die anwesenden Abgeordneten der Linken stimmten mit 36 Ja-Stimmen für den Antrag. Es gab keine Enthaltungen."
4831,2022-11-10,Inflationsausgleichsgesetz,"Gesellschaftspolitik, soziale Gruppen|Öffentliche Finanzen, Steuern und Abgaben",Finanzausschuss|Haushaltsausschuss,https://dserver.bundestag.de/btd/20/034/2003496.pdf,"Der Bundestag stimmte über einen Gesetzentwurf der Koaltitionsfraktionen ab. Mit dem Inflationsausgleichsgesetz sollen die Effekte der Inflation ausgeglichen werden. Dies soll mit einem angepassten Einkommenssteuertarif und weiteren steuerliche Regelungen errreicht werden. Der Gesetzentwurf wurde mit 578 Stimmen von Seiten der Regierungsfraktionen und der Fraktion der CDU/CSU angenommen . 35 Abgeordnete der Fraktion Die Linke stimmten gegen den Entwurf. 75 Abgeordnete enthielten sich, darunter die AfD-Fraktion."
4832,2022-11-10,Änderung des Infektionsschutzgesetzes (Triage-Entscheidungen),Gesundheit,Gesundheitsausschuss,https://dserver.bundestag.de/btd/20/038/2003877.pdf,"Der Gesetzentwurf der Bundesregierung zur Änderung des Infektionsschutzgesetzes legt Regeln zu zukünftigen Triage-Entscheidungen auf Intensivstationen fest. Abgestimmt wurde über eine Beschlussempfehlung des Gesundheitsausschusses, die empfahl den Entwurf anzunehmen. Die Beschlussempfehlung wurde mit 366 Stimmen aus der Koalitionsfraktionen angenommen . Es gab 284 Gegenstimmen aus den Fraktionen der CDU/CSU, der AfD und der Fraktion Die Linke. Fünf Abgeordnete enthielten sich."
4827,2022-11-11,Wahlwiederholung der Bundestagswahl in 431 Berliner Wahlbezirken,Bundestag|Staat und Verwaltung,"Ausschuss für Wahlprüfung, Immunität und Geschäftsordnung",https://dserver.bundestag.de/btd/20/040/2004000.pdf,"Die Beschlussempfehlung des Wahlprüfungsausschusses schlägt eine Wiederholung der Bundestagswahl in 431 Berliner Wahllokalen bezüglich der Erst- und der Zweitstimme vor. Wahllokale in allen Berliner Wahlkreisen sind von der Wahlwiederholung betroffen. Der Bundestag stimmte der Beschlussempfehlung zu. Die Bundestagswahl wird in 431 Berliner Wahllokalen wiederholt . Für die Anahme der Einsprüche stimmten insgesamt 374 Abgeordnete aus SPD, Bündnis 90/Die Grünen und FDP. Abgeordnete der Unionsfraktion sowie der AfD stimmten mit ingesamt 252 Stimmen gegen eine Wahlwiederholung. 31 Enthaltungen kamen mehrheitlich aus der Fraktion der Linkspartei."
4828,2022-11-11,Weiterbetrieb deutscher Atomkraftwerke bis zum 15. April 2023,Energie|Umwelt,"Ausschuss für Umwelt, Naturschutz, nukleare Sicherheit und Verbraucherschutz",https://dserver.bundestag.de/btd/20/042/2004217.pdf,"Der Gesetzentwurf der Bundesregierung fordert eine Laufzeitverlängerung für die noch in Betrieb befindlichen drei deutschen Atomkraftwerke bis zum 15. April 2023. Hintergrund des Entwurfs ist die aktuelle Diskussion um die Energieversorgungssituation in Deutschland im Winter 2022/2023. Der Gesetzentwurf wurde vom Bundestag angenommen . 375 Abgeordnete der Ampel-Koalition stimmten für den Antrag. Es gab 216 Gegenstimmen, größtenteils aus der Unionsfraktion und der Linkspartei. Außerdem stimmten neun Grüne-Abgeordnete gegen den Gesetzentwurf. Insgesamt 70 Enthaltungen kamen mehrheitlich aus der AfD-Fraktion."
4863,2022-11-23,Etat des Bundeskanzlers und des Bundeskanzleramtes 2023,,Haushaltsausschuss,https://dserver.bundestag.de/btd/20/031/2003100.pdf,"Der von der Bundesregierung eingebrachte Entwurf zum Haushaltsgesetz 2023 beinhaltet unter anderem einen Einzelplan (04) zu dem Etat des Bundeskanzlers und des Bundeskanzleramtes. Die Ausgaben sollen mit 3,9 Milliarden Euro bemessen werden, im Jahr 2022 waren Ausgaben in Höhe von 3,86 Milliarden Euro vorgesehen. Die Einnahmen sollen sich auf 166,5 Millionen Euro belaufen, 2022 waren es 103,5 Millionen Euro. Der Einzelplan 04 wurde mit 387 Stimmen von Seiten der Koalitionsfraktionen angenommen . Dagegen stimmten die Fraktionen der CDU/CSU, AfD und DIE LINKE."
4861,2022-11-24,Änderung des Energiesicherungsgesetzes,Energie,Ausschuss für Klimaschutz und Energie,https://dserver.bundestag.de/btd/20/043/2004328.pdf,"Mit dem Gesetzentwurf der Koalitionsfraktionen sollen Änderungen am Energiesicherungsgesetz beschlossen werden. So sollen weitere Vorsorgemaßnahmen zur Energiesicherung in Zeiten einer angespannten Lage am Energiemarkt eingeführt werden. Ein Bündel an Maßnahmen soll dabei helfen, die Energiekrise zu bewältigen und Mangelsituationen frühzeitig zu erkennen. Namentlich abgestimmt wurde über die Beschlussempfehlung des Ausschusses für Klimaschutz und Energie, in welcher sich der Ausschuss für die Annahme des Gesetzentwurfes ausspricht. Die Beschlussempfehlung wurde mit 383 Stimmen von Seiten der Fraktionen SPD, Bündnis 90/Die Grünen und FDP angenommen . Dagegen gestimmt haben die Fraktionen der CDU/CSU und die AfD mit insgesamt 263 Stimmen. Die Abgeordeten der Linken enthielten sich."
4862,2022-11-25,Der Bundeshaushalt 2023,"Öffentliche Finanzen, Steuern und Abgaben|Haushalt",Haushaltsausschuss,https://dserver.bundestag.de/btd/20/031/2003100.pdf,"Der Gesetzentwurf der Bundesregierung enthält den Haushaltsplan des Bundestages für das Jahr 2023. Insgesamt sind Ausgaben in einer Höhe von 476,29 Milliarden Euro vorgesehen. Auch die Neuverschuldung des Bundes wird gesetzlich festgelegt und soll für das Jahr 2023 nicht mehr als 45,61 Milliarden Euro betragen. Steuereinnahmen fallen in diesem Jahr höher aus als erwartet und liegen somit bei 358,13 Milliarden Euro. Die Regierungsfraktionen stimmten einheitlich für den Gesetzentwurf. Die Fraktionen von CDU/CSU, AfD und Die Linke stimmten dagegen. Enthaltungen gab es keine. Insgesamt wurde der Gesetzentwurf mit 379 Ja-Stimmen und 283 Gegenstimmen Stimmen angenommen ."
4864,2022-11-25,Einigungsvorschlag zum Bürgergeld-Gesetz,"Arbeit und Beschäftigung|Gesellschaftspolitik, soziale Gruppen|Finanzen",Ausschuss für Arbeit und Soziales,https://dserver.bundestag.de/btd/20/038/2003873.pdf,"Nach einem im Bundestag angenommenen Gesetzentwurf zum Bürgergeld hatte der Bundesrat seine Zustimmung verwehrt. Nach Verhandlungen im Vermittlungsausschuss wurde nun über die vorliegende Beschlussempfehlung abgestimmt. Diese enthält einige inhaltliche Änderungen an dem Gesetzentwurf. Die Beschlussempfehlung und damit auch das Bürgergeld-Gesetz wurden mit 557 Stimmen von Seiten der Regierungsfraktionen sowie der Unionsfraktion angenommen. Dagegen stimmten die Fraktionen der AfD und Die Linke, sowie Albert Rupprecht (CDU/CSU). Enthalten haben sich Dieter Stier (CDU/CSU) und Stefan Seidler (fraktionslos)."
4866,2022-12-01,Digitale Verkündung von Bundesgesetzen und Verordnungen,"Gesellschaftspolitik, soziale Gruppen|Medien, Kommunikation und Informationstechnik",Rechtsausschuss|Ausschuss für Inneres und Heimat,https://dserver.bundestag.de/btd/20/027/2002729.pdf,"Mit dem vorgelegten Gesetzentwurf beantragt die Bundesregierung eine Änderung des Grundgesetzes, genauer des Artikels 82 Absatz 1. Darin wird die Verkündung von Gesetzen per Bundesgesetzblatt geregelt. Der Entwurf will die Verkündung von Gesetzen nun komplett digitalisieren. Die Beschlussempfehlungen des Rechtsausschusses und des Ausschusses für Inneres und Heimat empfehlen den Gesetzentwurf anzunehmen. Der Gesetzentwurf wurde mit 592 Stimmen von Seiten der Fraktionen SPD, CDU/CSU, Bündnis 90/Die Grüne, FDP und Die Linke angenommen . Drei Mitglieder der Fraktion AfD stimmten dagegen. Die übrigen Abgeordneten der AfD sowie drei fraktionslose Abgeordnete enthielten sich mit insgesamt 69 Stimmen. Der Bundesrat muss der Änderung mehrheitlich zustimmen, bevor sie in Kraft treten kann."
4871,2022-12-01,Vor­gezogener Braunkohle­ausstieg im Rheinischen Revier,Energie|Umwelt,Ausschuss für Klimaschutz und Energie,https://dserver.bundestag.de/btd/20/043/2004300.pdf,"Der Gesetzentwurf der Bundesregierung enthält die Forderung über einen vorgezogenen Ausstieg aus dem Abbau der Braunkohle im Rheinischen Revier. Die Einführung des Gesetzes ist Teil des 2020 beschlossenen Kohleverstromungsbeendigungsgesetzes, laut welchem Schrittweise immer weniger elektrische Energie durch den Einsatz von Kohle gewonnen werden soll. Der Gesetzentwurf wurde mit 523 Stimmen von Seiten der Ampel-Koalition und der CDU/CSU angenommen . Dagegen stimmten die Fraktionen AfD und DIE LINKE mit insgesamt 92 Stimmen. Zwei Abgeordnete der Grünen enthielten sich."
4872,2022-12-01,Ratifizierung des CETA-Abkommens,Außenpolitik und internationale Beziehungen|Außenwirtschaft,Wirtschaftsausschuss,https://dserver.bundestag.de/btd/20/034/2003443.pdf,"Der Gesetzentwurf der Bundesregierung hat zum Ziel, die bilateralen Wirtschaftsbeziehungen zwischen Deutschland, beziehungsweise der EU, und Kanada auszubauen. Dafür sieht der Gesetzentwurf die Ratifizierung des sogenannten CETA-Abkommens vor. Der Gesetzentwurf wurde mit 558 Stimmen von Seiten der Koalitiosfraktionen sowie der CDU/CSU-Fraktion angenommen . Das CETA-Abkommen wurde damit ratifiziert . Dagegen stimmten die Fraktionen der AfD und DIE LINKE sowie drei Abgeordnete der Fraktion Bündnis 90/Die Grünen."
4876,2022-12-02,Chancen-Aufenthaltsrecht,Migration und Aufenthaltsrecht,Ausschuss für Inneres und Heimat,https://dserver.bundestag.de/btd/20/037/2003717.pdf,"Mit dem Gesetzentwurf der Bundesregierung sollen Ausländer:innen, die mindestens 5 Jahre geduldet in Deutschland leben, ein Chancen-Aufenthaltsrecht erhalten. Ihnen soll dadurch die nötige Zeit gewährt werden, um alle Voraussetzungen für ein dauerhaftes Bleiberecht zu erfüllen. Mit 371 Stimmen wurde der Gesetzentwurf von Seiten der Koalitionsfraktionen angenommen . Insgesamt 226 Gegenstimmen kamen aus den Fraktionen CDU/CSU und AfD. Es gab 57 Enthaltungen. Darunter entfielen 20 Enthaltungen auf Abgeordnete der Unionsfraktion, auch zwei FDP-Abgeordnete enthielten sich. Die Fraktion DIE LINKE enthielt sich ebenfalls."
4877,2022-12-02,Jahressteuergesetz 2022,"Öffentliche Finanzen, Steuern und Abgaben|Staat und Verwaltung",Finanzausschuss,https://dserver.bundestag.de/btd/20/038/2003879.pdf,"Mit dem Gesetzentwurf über ein Jahressteuergesetz 2022 sieht die Bundesregierung vor, Anpassungen im deutschen Steuerrecht vorzunehmen. Ziel ist der Ausbau der Digitalisierung im Bereich des Steuerrechts, die Vereinfachung von Verfahren und die Garantie von Steuergerechtigkeit. Mit 359 Stimmen von Seiten der Koalitionsfraktionen wurde der Gesetzentwurf angenommen . Dagegen stimmten die Fraktionen CDU/CSU und AfD, die Fraktion DIE LINKE enthielt sich. Die fraktionslosen Abgeordneten stimmten dagegen oder enthielten sich."
4889,2022-12-15,Preisbremsen für leitungsgebundenes Erdgas und Wärme,"Energie|Öffentliche Finanzen, Steuern und Abgaben",Ausschuss für Klimaschutz und Energie,https://dserver.bundestag.de/btd/20/046/2004683.pdf,"Ein Gesetzentwurf der Regierungsfraktionen sieht Preisbremsen für leitungsgebundenes Erdgas und Wärme vor, um die steigenden Energiekosten und die schwersten Folgen für Verbraucher:innen sowie Unternehmen abzufedern. Dazu stimmte der Bundestag namentlich über eine Beschlussempfehlung des Ausschusses für Klimaschutz und Energie ab. Im Rahmen der Beschlussempfehlung wurde zusätzlich eine Entschließung der Koalitionsfraktionen angenommen, welche die Bundesregierung auffordert, im Juli 2023 einen Wirkungsbericht über die Preisbremsen vorzulegen. Der Gesetzentwurf wurde in Ausschussfassung mit 370 Stimmen von Seiten der Regierungsfraktionen angenommen . Dagegen gestimmt haben die Fraktionen CDU/CSU und AfD sowie vier fraktionslose Abgeordnete. Enthalten hat sich die Fraktion DIE LINKE, der AfD-Abgeordnete Rüdiger Lucassen und der fraktionslose Abgeordnete Stefan Seidler ."
4890,2022-12-15,Einführung einer Strompreisbremse,"Energie|Öffentliche Finanzen, Steuern und Abgaben",Ausschuss für Klimaschutz und Energie,https://dserver.bundestag.de/btd/20/046/2004685.pdf,"Ein Gesetzentwurf der Regierungsfraktionen sieht die Einführung einer Strompreisbremse vor, welche zu einer spürbaren Entlastung bei den privaten, gemeinnützigen und gewerblichen Stromverbraucher:innen führen soll. Dazu stimmte der Bundestag namentlich über eine Beschlussempfehlung des Ausschusses für Klimaschutz und Energie ab, welche für die Annahme des Gesetzentwurfes plädiert. Der Gesetzentwurf in Ausschussfassung wurde mit 373 Stimmen von Seiten der Koalitionsfraktionen und einem fraktionslosen Abgeordneten angenommen . Dagegen stimmte die CDU/CSU-Fraktion sowie ein fraktionsloser Abgeordneter. Enthalten haben sich die Fraktionen AfD und DIE LINKE sowie zwei fraktionslose Abgeordnete. Abweichend von dem Rest seiner Fraktion stimmte der AfD-Abgeordnete Christian Wirth für die Strompreisbremse."
4936,2023-03-17,Wahlrechtsreform zur Verkleinerung des Bundestages ,"Bundestag|Politisches Leben, Parteien",Ausschuss für Inneres und Heimat,https://dserver.bundestag.de/btd/20/060/2006015.pdf,"Die Beschlussempfehlung des Ausschusses für Inneres und Heimat beinhaltet die Annahme eines Gesetzentwurfs der Regierungsfraktionen in geänderter Fassung. Der Gesetzentwurf sieht eine Wahlrechtsreform vor, mit dem Ziel, den Deutschen Bundestag von aktuell 736 auf zukünftig maximal 630 Abgeordnete zu verkleinern. Dafür sollen die sogenannten Überhang- und Ausgleichsmandate wegfallen. Der Gesetzentwurf soll mit folgenden Ergänzungen angenommen werden: die Grundmandatsklausel fällt zukünftig weg die gesetzliche Mitgliederzahl des Bundestages wird von 598 auf 630 erhöht die Bezeichnungen ""Erst- und Zweitstimme"" werden beibehalten parteiunabhängige Wahlkreisbewerber dürfen nicht mehr für eine Partei auf einer Landesliste kandidieren. Die Beschlussempfehlung, und somit die Wahlrechtsreform, wurde mit 399 Stimmen von Seiten der Regierungsfraktionen angenommen . Abgelehnt wurde die Reform mit 261 Stimmen von den Fraktionen CDU/CSU, AfD und DIE LINKE. Enthalten haben sich 23 Abgeordnete. Abweichend vom Rest ihrer Fraktion stimmten die SPD-Abgeordneten Anna Kassautzki und Erik von Malottki gegen die Reform. Ebenso stimmten die AfD-Abgeordneten Roger Beckamp , Jan Wenzel Schmidt und Martin Sichert anders als die restliche AfD-Fraktion dafür."
4961,2023-03-29,Verlängerung des Bundeswehreinsatzes SEA GUARDIAN im Mittelmeer,Außenpolitik und internationale Beziehungen|Verteidigung,Auswärtiger Ausschuss,https://dserver.bundestag.de/btd/20/060/2006035.pdf,"Der Bundestag stimmte über eine Beschlussempfehlung zu einem Antrag der Bundesregierung über die Verlängerung der Bundeswehrbeteiligung an der NATO-Operation SEA GUARDIAN im Mittelmeer ab. Die Beschlussempfehlung des Auswärtigen Ausschusses sieht vor den Antrag der Bundesregierung anzunehmen. Das Mandat dafür war zuletzt bei einer Abstimmung im März 2022 für ein weiteres Jahr verlängert worden. Ziel des Bundeswehreinsatzes ist es, den Mittelmeerraum vor allem durch Überwachung des Seegebiets zu schützen, um Terrorismus bekämpfen und Waffenschmuggel verhindern zu können. Die Beschlussempfehlung, und somit der Antrag der Bundesregierung, wurde mit 550 Ja-Stimmen angenommen . Dafür stimmten die Fraktionen SPD, Bündnis 90/Die Grünen, FDP und CDU/CSU. 106 Gegenstimmen kamen von Seiten der Fraktionen AfD und DIE LINKE. Enthalten haben sich der FDP-Abgeordnete Reginald Hanke und die B90/Grüne-Abgeordnete Corinna Rüffer . Entgegen ihrer übrigen Fraktion stimmten die SPD-Abgeordneten Jan Dieren und Ruppert Stüwe sowie die B90/Grüne-Abgeordneten Erhard Grundl und Canan Bayram dagegen."
4965,2023-03-30,Verlängerung des Bundeswehreinsatzes in Südsudan (UNMISS),Außenpolitik und internationale Beziehungen|Verteidigung,Auswärtiger Ausschuss|Haushaltsausschuss,https://dserver.bundestag.de/btd/20/056/2005668.pdf,"Der Bundestag stimmte über einen Antrag der Bundesregierung zur Verlängerung des Bundeswehreinsatzes im Südsudan ab, welcher Teil der UN-Mission ""UNMISS"" (United Nations Mission in the Republic of South Sudan) ist. Das Mandat dafür war zuletzt bei einer Abstimmung im März 2022 verlängert worden. Das Ziel der Mission ist es, Zivilpersonen zu schützen, die Menschenrechtslage zu beobachten und bei der Umsetzung des Friedensabkommens zu unterstützen. Der Auswärtige Ausschuss legte dazu eine Beschlussempfehlung vor, welche die Annahme des Antrags empfiehlt."
4967,2023-03-31,Laufzeitverlängerung der Kernkraftwerke ,Energie,,https://dserver.bundestag.de/btd/20/062/2006219.pdf,"Der Entschließungsantrag der CDU/CSU-Fraktion bezieht sich auf die Beratung über eine Änderung des Strompreisbremsegesetzes. Die CDU/CSU-Fraktion stellt fest, dass zur Vorbereitung auf den Winter 2023/2024 alle vorhandenen Möglichkeiten der Energieversorgung genutzt werden sollten, da die gestiegenen Energiepreise eine große Herausforderung für Bürger:innen sowie Betriebe darstellen. Aus diesem Grund wird die Bundesregierung mit dem Entschließungsantrag aufgefordert, die Berechtigung zum Leistungsbetrieb der drei Kernkraftwerke Isar 2, Neckarwestheim 2 und Emsland bis zum 31. Dezember 2024 zu verlängern. Mit 397 Stimmen von Seiten der Fraktionen SPD, Bündnis 90/Die Grünen, FDP und DIE LINKE wurde der Entschließungsantrag abgelehnt . Zugestimmt haben die Fraktionen CDU/CSU und AfD. Enthalten hat sich die FDP-Abgeordnete Nicole Bauer ."
4991,2023-04-19,"Untersuchungsausschuss ""Bekämpfung des Corona-Virus"" nicht einsetzen",Gesundheit|Bundestag,"Ausschuss für Wahlprüfung, Immunität und Geschäftsordnung",https://dserver.bundestag.de/btd/20/037/2003706.pdf,"Zum Antrag der AfD-Fraktion über die Einsetzung eines zweiten Untersuchungsausschusses, welcher sich ein Gesamtbild über die Handlungen der Bundesregierung während der Sars-CoV-2-Pandemie verschaffen soll, hat der Ausschuss für Wahlprüfung, Immunität und Geschäftsordnung eine Beschlussempfehlung vorgelegt. Die AfD-Fraktion forderte in ihrem Antrag, die im Rahmen der Pandemie getroffenen Maßnahmen auf ihre Notwendigkeit und Angemessenheit hin untersuchen zu lassen. Dafür sollte ein zweiter Untersuchungsausschuss der 20. Wahlperiode (""Bekämpfung des Corona-Virus"") eingesetzt werden. In der dazu vorgelegten Beschlussempfehlung empfiehlt der federführende Ausschuss, den AfD-Antrag abzulehnen. Namentlich abgestimmt wurde über die Beschlussempfehlung , welche mit 577 Ja-Stimmen angenommen wurde. Dagegen stimmten die AfD-Fraktion, die CDU/CSU-Abgeordneten Dietrich Monstadt und Simone Borchardt sowie die fraktionslosen Abgeordneten Robert Farle und Matthias Helferich . Der AfD-Antrag wurde somit abgelehnt, weshalb kein zweiter Untersuchungsausschuss eingesetzt wird."
4992,2023-04-20,Änderung des Energiesicherungsgesetzes,Energie,Ausschuss für Klimaschutz und Energie,https://dserver.bundestag.de/btd/20/059/2005993.pdf,"Der Gesetzentwurf der Bundesregierung sieht vor, das Energiesicherungsgesetz sowie das Gesetz gegen Wettbewerbsbeschränkungen zu ändern. Es sollen rechtliche Grundlagen geschaffen werden, um die erforderlichen Maßnahmen zur Sicherung der Energieversorgung durchführen zu können. Konkret wird ein Paragraf im Energiesicherungsgesetz ergänzt. Dieser soll es ermöglichen, Vermögensgegenstände von Unternehmen (Einrichtungen oder Anlagen im Energiesektor) unter einer Treuhandverwaltung zu übertragen, wenn die Aufrechterhaltung der Energieversorgung dies erfordert. Dazu hat der federführende Ausschuss für Klimaschutz und Energie eine Beschlussempfehlung vorgelegt, welche empfiehlt, den Gesetzentwurf mit geringfügigen Änderungen anzunehmen. Mit 381 Ja-Stimmen aus den Regierungsfraktionen SPD, Bündnis 90/Die Grünen und FDP sowie des fraktionslosen Stefan Seidler (SSW) wurde der Gesetzentwurf angenommen . 272 Abgeordnete aus allen verbleibenden Fraktionen stimmten gegen den Gesetzentwurf. Es gab keine Enthaltungen."
4999,2023-04-26,Bundeswehreinsatz im Mittelmeer verlängern (EUNAVFOR MED IRINI),Außenpolitik und internationale Beziehungen|Verteidigung,Auswärtiger Ausschuss,https://dserver.bundestag.de/btd/20/061/2006117.pdf,"Der Antrag der Bundesregierung schlägt vor, die Beteiligung der deutschen Bundeswehr an der EU-geführten Operation EUNAVFOR MED IRINI im Mittelmeer um ein weiteres Jahr, bis zum 30. April 2024, zu verlängern. Im Rahmen dieser Operation soll die Bundeswehr die Vereinten Nationen bei der Umsetzung des Waffenembargos gegen Libyen unterstützen, um die untersagte Ausfuhr von Erdöl aus Libyen zu verhindern. Außerdem hat der Einsatz zum Ziel, illegale Schleuser- und Menschenhändlernetze zu unterbinden. Die deutschen Streitkräfte sollen auch bei der Seeraumüberwachung und -aufklärung unterstützen. Für die Operation dürfen weiterhin bis zu 300 Soldat:innen eingesetzt werden, die zusätzlichen Kosten für den verlängerten Einsatz liegen bei 17 Millionen Euro. Namentlich abgestimmt wurde über eine Beschlussempfehlung des Auswärtigen Ausschusses, welche empfiehlt, den Antrag der Bundesregierung anzunehmen. Mit 553 Ja-Stimmen von Seiten der Regierungsfraktionen sowie der CDU/CSU-Fraktion wurde die Beschlussempfehlung angenommen. Damit wurde der Verlängerung des Einsatzes zugestimmt. Dagegen stimmten die Fraktion DIE LINKE und die AfD-Fraktion, wobei zwei AfD-Abgeordnete, Matthias Moosdorf und Joachim Wundrak , dafür stimmten. Auch die Grünen-Abgeordnete Canan Bayram entschied sich anders ihre Fraktion und somit gegen die Beschlussempfehlung. Enthalten hat sich der FDP-Abgeordnete Reginald Hanke ."
5005,2023-04-26,Bewaffneter Streitkräfteeinsatz im Sudan,Außenpolitik und internationale Beziehungen|Entwicklungspolitik|Humanitäre Hilfe|Verteidigung,,,"Die gewaltvolle Eskalation im Sudan am 15. April 2023 erforderte schnelles Handeln zur Evakuierung deutscher Staatsangehöriger sowie Angehöriger von Partnerstaaten. Der Auftrag zur militärischen Evakuierung wurde am 22. April erteilt, bereits am Folgetag wurde mit dem Einsatz begonnen. Die Bundesregierung bestätigte die Entscheidung am 25. April. Nun wurde namentlich über die nachträgliche Zustimmung des Bundestages abgestimmt. 661 Abgeordnete aus allen Fraktionen stimmten für den Antrag. Es gab keine Gegenstimmen. 7 Abgeordnete der Fraktion DIE LINKE enthielten sich. Damit wurden der Einsatz von bis zu 1600 Bundeswehrsoldat:innen und Zusatzkosten von bis zu 22,4 Millionen Euro bewilligt . Der Einsatz ist zeitlich begrenzt bis Ende Mai 2023."
5006,2023-04-26,Keine Bejagung von Wölfen,Landwirtschaft und Ernährung|Umwelt,"Ausschuss für Umwelt, Naturschutz, nukleare Sicherheit und Verbraucherschutz",https://dserver.bundestag.de/btd/20/036/2003690.pdf,"In einem Antrag der CDU/CSU-Fraktion werden neue Regulierungen zum Wolfsbestand in Deutschland gefordert. Der Antrag hat zum Ziel, die Bejagung des Wolfes vor dem Hintergrund des Bestandsmanagements zu erlauben. Hintergrund ist die Forderung nach einer detaillierten Beobachtung des Wolfsbestandes in Deutschland, um nach dem Vorbild anderer EU-Mitgliedsländer ein besseres Eingreifen zu ermöglichen. So soll auch den menschlichen Bedürfnissen nachgekommen werden. Auch die AfD legte einen Antrag zur Bejagung von Wölfen vor. Zum Antrag der CDU/CSU-Fraktion hat der Ausschuss für Umwelt, Naturschutz, nukleare Sicherheit und Verbraucherschutz eine Beschlussempfehlung vorgelegt, welche empfiehlt, den Antrag abzulehnen. Namentlich abgestimmt wurde über die Beschlussempfehlung. Diese wurde mit 408 Ja-Stimmen von Seiten der Regierungsfraktionen sowie der Fraktion DIE LINKE angenommen. Dagegen stimmten die Fraktionen der CDU/CSU und AfD. Enthalten haben sich sieben Abgeordnete der FDP-Fraktion. Da die Beschlussempfehlung, welche die Ablehnung des CDU/CSU-Antrags vorschlägt, angenommen wurde, wurde der CDU/CSU-Antrag abgelehnt ."
5007,2023-04-28,Beteiligung der Bundeswehr in Niger (EUMPM Niger),Außenpolitik und internationale Beziehungen|Verteidigung,Auswärtiger Ausschuss,https://dserver.bundestag.de/btd/20/062/2006201.pdf,"Der Antrag der Bundesregierung spricht sich für eine Beteiligung der Bundeswehr an der durch die EU geführten Partnerschaftsmission zur Unterstützung des Kapazitätsaufbaus der nigrischen Streitkräfte (EUMPM Niger) aus. Die Bundeswehr soll an der Führung und Planung von EUMPM Niger mitwirken und bei der Verbesserung bzw. Herstellung der operativen Fähigkeiten und Kapazitäten der Streitkräfte Nigers unterstützen. Dabei ist eine Beteiligung an Kampfeinsätzen ausdrücklich ausgeschlossen. Insgesamt dürfen bis zu 60 Soldat:innen eingesetzt werden, wobei der Einsatz bis zum 31. Mai 2024 befristet ist. Die Kosten des Einsatzes belaufen sich auf rund 8,7 Millionen Euro. Namentlich abgestimmt wurde über eine Beschlussempfehlung des Auswärtigen Ausschusses, welche die Annahme des Regierungsantrags empfiehlt. Der Antrag wurde mit 530 Ja-Stimmen angenommen . Die Fraktionen der Regierungskoalition sowie der Union stimmten für die Beschlussempfehlung. Entgegen ihrer Fraktionen stimmten Jan Dieren (SPD), Canan Bayram (Grüne) und Max Straubinger (CDU/CSU) mit Nein. Reginald Hanke (FDP), Andreas Lenz (CDU/CSU) und Florian Oßner (CDU/CSU) enthielten sich. AfD und Linke stimmten geschlossen gegen die Beschlussempfehlung. Der Mitwirkung der Bundeswhr an EUMPM Niger wurde somit zugestimmt ."
5011,2023-04-28,Neuregelung der deutschen Asyl- und Flüchtlingspolitik,Migration und Aufenthaltsrecht,,https://dserver.bundestag.de/btd/20/065/2006540.pdf,"Am 28. April stimmte der Bundestag namentlich über einen Antrag der CDU/CSU ab. In ihm wird gefordert, irreguläre Migration nach Deutschland zu verringern und die Kommunen bei der Versorgung von Migrant:innen stärker zu unterstützen. Der Antrag sieht unter anderem vor, die europäische Grenzschutzagentur Frontex zu stärken, weitere Länder als sogenannte sichere Herkunftsländer einzustufen sowie die Sozialleistungen für Geflüchtete innerhalb der EU anzugleichen. Mit 169 Stimmen für und 410 Stimmen gegen den Antrag wurde dieser abgelehnt . Die Abgeordneten der Unionsfraktion sprachen sich einstimmig für den Antrag aus. Die AfD-Fraktion enthielt sich, genauso wie drei fraktionslose Abgeordnete. Alle anderen Bundestagsfraktionen sowie der fraktionslose Abgeordnete Stefan Seidler (SSW) stimmten gegen den Antrag."
5030,2023-05-10,"Einsetzung des Bürgerrats ""Ernährung im Wandel""","Landwirtschaft und Ernährung|Politisches Leben, Parteien",,https://dserver.bundestag.de/btd/20/067/2006709.pdf,"Der deutsche Bundestag spricht sich für die Einsetzung eines Bürgerrates zum Schwerpunkt „Ernährung im Wandel: Zwischen Privatangelegenheit und staatlichen Aufgaben“ aus. Der dazu von den Fraktionen SPD, Bündnis 90/Die Grünen, FDP und Die Linke vorgelegte Antrag sieht vor, dass der Bürgerrat dem Deutschen Bundestag bis zum 29. Februar 2024 seine Handlungsempfehlungen in Form eines Bürgergutachtens vorlegt. Im Bürgerrat sollen 160 ausgeloste Bürger:innen voraussichtlich ab September Fragen zur Umwelt- und Klimaverträglichkeit, den Haltungsbedingungen von Nutztieren, der Produktion von Gütern, einer transparenten Lebensmittelkennzeichnung und Lebensmittelverschwendung diskutieren. Die Teilnehmenden des Bürgerrats werden per Zufallsprinzip ausgewählt; jede Person ab 16 Jahren und mit Wohnsitz in Deutschland kommt in Frage. Die Beratungen des Bürgerrates sollen durch eine inhaltlich neutrale Moderation geleitet und wissenschaftlich begleitet werden. Der Antrag wurde mit 402 Ja-Stimmen angenommen . 251 Abgeordnete stimmten gegen den Antrag, zwölf enthielten sich."
5031,2023-05-10,Einführung von bundesweiten Volksentscheiden,"Bundestag|Politisches Leben, Parteien",,https://dserver.bundestag.de/btd/20/067/2006708.pdf,"Der Deutsche Bundestag entschied über einen einen Antrag der AfD-Fraktion zur Einführung bundesweiter Volksentscheide. Die Fraktion spricht sich darin für Volksentscheide und Referenden auf Bundesebene als Instrument direkter Demokratie aus. Gleichzeit lehnt sie Bürgerräte ab. Der Antrag bezog sich auf den Antrag der Fraktionen SPD, Bündnis 90/Die Grünen, FDP und DIE LINKE zur Einsetzung des Bügerrates ""Ernährung im Wandel"". Über diesen wurde am selben Tag namentlich abgestimmt und die Mehrheit der Abgeordneten sprach sich für die Einsetzung aus. Der Antrag der AfD-Fraktion wurden mit 592 Gegenstimmen abgelehnt . 69 Abgeordnete stimmten für den Antrag."
5032,2023-05-11,Keine sofortige Einleitung der Rückführungsoffensive ,Außenpolitik und internationale Beziehungen|Migration und Aufenthaltsrecht,Ausschuss für Inneres und Heimat,https://dserver.bundestag.de/btd/20/061/2006173.pdf,"Die CDU/CSU-Fraktion forderte in einem Antrag die Bundesregierung auf, die im Koalitionsvertrag angekündigte Rückführungsoffensive abgelehnter Asylbewerber:innen umgehend einzuleiten. Zusätzlich solle eine freiwillige Ausreise durch ausreichende und zielgerichtete finanzielle Ressourcen sowie durch eine Rückkehrberatung mit einheitlichen Qualitätsstandards gefördert werden. Verstöße gegen Einreise- und Aufenthaltsverbote, insbesondere von Straftätern, sollten konsequent geahndet werden. Dazu legte der Ausschuss für Inneres und Heimat eine Beschlussempfehlung vor, welche die Ablehnung des CDU/CSU-Antrags empfiehlt. Namentlich abgestimmt wurde über die Beschlussempfehlung, welche mit 416 Stimmen angenommen wurde. Der CDU/CSU-Antrag wurde somit abgelehnt . Gegen die Beschlussempfehlung stimmten 259 Abgeordnete aus den Fraktionen CDU/CSU und AfD."
5033,2023-05-12,Stärkung und Reform der Weltgesundheitsorganisation,Gesundheit,,https://dserver.bundestag.de/btd/20/067/2006712.pdf,"Mit ihrem Antrag fordern die Fraktionen SPD, Bündnis 90/Die Grünen und FDP die Bundesregierung auf, die Weltgesundheitsorganisation (WHO) zu reformieren und zu stärken. Laut Antrag hat die COVID-19-Pandemie gezeigt, dass die WHO nicht in der Lage ist angemessen auf Notlagen zu reagieren. Deshalb soll mit verstärkter politischer, personeller und finanzieller Unterstützung dafür gesorgt werden, dass die WHO ihr Mandat als führende und koordinierende Institution im Bereich der globalen Gesundheit vollständig ausführen kann. Der Antrag wurde mit den Stimmen der Fraktionen SPD, Bündnis 90/Die Grünen, FDP und CDU angenommen . Entgegen dem Rest seiner Fraktion stimmte Jens Koeppen (CDU) gegen den Antrag. Die AfD stimmte geschlossen gegen den Antrag. Vier Abgeordnete der Linken stimmten mit Ja, der Rest der Fraktion enthielt sich."
5043,2023-05-26,Verlängerung des Bundeswehreinsatzes im Kosovo (KFOR),Außenpolitik und internationale Beziehungen|Verteidigung,Auswärtiger Ausschuss,https://dserver.bundestag.de/btd/20/066/2006654.pdf,"Mit ihrem Antrag forderte die Bundesregierung den Bundestag auf, den Bundeswehreinsatz im Kosovo (KFOR) um ein weiteres Jahr zu verlängern. Es sollen weiterhin bis zu 400 Soldat:innen eingesetzt werden, um die internationale humanitäre Hilfe und zivile Präsenz zu koordinieren und die ""Entwicklung einer stabilen, demokratischen, multiethnischen und friedlichen Republik Kosovo"" zu unterstützen. Grundlage für die internationale Sicherheitspräsenz ist die UN-Resolution 1244 (1999) . Die Kosten für die Fortsetzung des Einsatzes belaufen sich laut Bundesregierung auf insgesamt rund 6,1 Millionen Euro. Die Sicherheitslage in der Republik Kosovo wird von der Bundesregierung als überwiegend ruhig und stabil bewertet, obwohl nach wie vor in bestimmten Regionen Konflikt- und Eskalationspotenzial bestehe. Zusätzlich besteht im Zusammenhang mit dem russischen Angriffskrieg gegen die Ukraine die Sorge vor vermehrten russischen Destabilisierungsversuchen sowie einer versuchten Ausweitung des russischen Einflussgebiets. Der Antrag der Bundesregierung wurde mit 505 Ja-Stimmen angenommen. 93 Abgeordnete stimmten dagegen, darunter Jan Dieren von der SPD-Fraktion. Zwei Abgeordnete enthielten sich."
5044,2023-05-26,Letztmalige Verlängerung des Bundeswehreinsatzes in Mali (MINUSMA),Außenpolitik und internationale Beziehungen|Verteidigung,Auswärtiger Ausschuss,https://dserver.bundestag.de/btd/20/066/2006655.pdf,"Mit ihrem Antrag forderte die Bundesregierung den Bundestag auf, den Bundeswehreinsatz in Mali (MINUSMA) ein letztes Mal bis zum 31. Mai 2024 zu verlängern. Wie bisher sollen bis zu 1.400 Soldat:innen eingesetzt werden, um bei der Umsetzung des Friedens- und Aussöhnungsabkommens und der Schaffung eines sicheren Umfelds für humanitäre Hilfe zu unterstützen. Dass der Einsatz zum letzten Mal verlängert werden soll, begründet sich durch die veränderten politischen Verhältnisse in Mali und die Beendigung der internationalen Einsätze zur Terrorismusbekämpfung. Laut Bundesregierung hat sich das Sicherheitsumfeld in Mali in den vergangenen Monaten durch die Ausbreitung terroristischer Gruppierungen erheblich verschlechtert. Der Auswärtige Ausschuss legte eine Beschlussempfehlung zu dem Regierungsantrag vor, welche die Annahme des Antrags empfiehlt. Die CDU/CSU-Fraktion hingegen forderte in einem Antrag zu diesem Sachverhalt, den Minusma-Einsatz „rasch aber geordnet“ noch in diesem Jahr zu beenden. Die Vorlage wurde mit der Mehrheit von SPD, Bündnis 90/die Grünen, FDP, AfD und Die Linke gegen das Votum der Union abgelehnt. Der Antrag der Bundesregierung und somit die Verlängerung des Bundeswehreinsatzes in Mali bis Mai 2024 wurde mit 374 Ja-Stimmen angenommen . 265 Abgeordnete sprachen sich gegen den Antrag aus, darunter auch Jan Dieren und Joe Weingarten von der SPD-Fraktion. Es gab eine Enthaltung."
5047,2023-05-26,Pflegereform,Gesundheit,Gesundheitsausschuss,https://dserver.bundestag.de/btd/20/065/2006544.pdf,"Der Bundestag stimmte auf Verlangen der AfD-Fraktion namentlich über einen Gesetzentwurf der Fraktionen SPD, BÜNDNIS 90/DIE GRÜNEN und FDP zur Unterstützung und Entlastung in der Pflege ab. Dazu liegt ein gleichlautender Gesetzentwurf der Bundesregierung vor. Die Gesetzentwürfe der Koalitionsfraktionen und der Bundesregierung sehen unter anderem vor, Pflegebedürftige mit einer weiteren Pflegereform zu entlasten und die Einnahmen der sozialen Pflegeversicherung zu stabilisieren. So soll das Pflegegeld sowie der Beitrag für ambulante Sachleistungen im kommenden Jahr um 5 Prozent erhöht werden. Bereits zum 1. Juli 2023 soll der Pflegebeitrag um 0,35 Punkte auf 3,4 Prozent des sozialversicherungspflichtigen Einkommens angehoben werden, was Mehreinnahmen von rund 6,6 Milliarden Euro pro Jahr bringen soll. Der Gesetzentwurf der Ampelfraktionen wurde mit 377 Ja-Stimmen angenommen . 275 Abgeordnete stimmten gegen den Antrag, zwei enthielten sich."
5057,2023-06-15,LINKEN-Antrag ablehnen: Europäische Asylrechtsreform durchsetzen,Außenpolitik und internationale Beziehungen|Migration und Aufenthaltsrecht|Europapolitik und Europäische Union,Ausschuss für Inneres und Heimat,https://dserver.bundestag.de/btd/20/069/2006902.pdf,"Die Fraktion DIE LINKE fordert die Bundesregierung in ihrem Antrag ""Genfer Flüchtlingskonvention verteidigen – Asylrecht in der Europäischen Union sichern"" auf, sich in den Verhandlungen auf EU-Ebene zum Gemeinsamen Europäischen Asylsystem (GEAS) für den Erhalt und die Stärkung des individuellen Rechts auf Asyl einzusetzen und insbesondere verpflichtenden Grenzverfahren und der Ausweitung sicherer Dritt- und Herkunftsstaaten-Regelungen klar zu widersprechen. Hintergrund des Antrags ist die im April 2023 vorgelegte geeinte Positionierung der Bundesregierung zur GEAS-Reform , welche den Vereinbarungen des Koalitionsvertrags der Regierungsparteien widerspricht. Namentlich abgestimmt wurde über eine Beschlussempfehlung des Ausschusses für Inneres und Heimat, welche sich für die Ablehnung des LINKEN-Antrags auspricht. Die Mehrheit der Bundestagsabgeordneten nahm die Beschlussempfehlung des Ausschusses für Inneres und Heimat an und sprach sich damit gegen den Antrag aus : 632 Abgeordnete aus den Fraktionen SPD, Bündnis 90/Die Grünen, FDP, CDU/CSU und AfD stimmten für die Ablehnung des LINKEN-Antrags. Die 32 Abgeordneten der Fraktion DIE LINKE stimmten gegen die Beschlussempfehlung. Der Fraktionslose Stefan Seidler enthielt sich."
5058,2023-06-15,2-Prozent-Hürde zur Europawahl,Europapolitik und Europäische Union,Ausschuss für die Angelegenheiten der Europäischen Union,https://dserver.bundestag.de/btd/20/068/2006821.pdf,"Bereits 2018 fasste der Rat der Europäischen Union den Beschluss, die Europawahl als allgemeine unmittelbare Wahlen mit einer Mindestschwelle zur Sitzvergabe von mindestens 2 Prozent zu gestalten. Aufgrund eines Urteils des Bundesverfassungsgerichts gab es in Deutschland seit 2014 keine solche Sperrklausel mehr. Um den Beschluss des Rates der EU einzuhalten, muss in Deutschland wieder eine Sperrklausel bei Europawahlen von mindestens 2 Prozent eingeführt werden. Namentlich abgestimmt wurde im Bundestag über einen Gesetzentwurf der Regierungskoalition , welcher die Umsetzung der Neuregelung zur Europawahl in Deutschland beschließt. Auch die Unionsfraktion reichte einen zweiten Gesetzentwurf ein, indem sie fordert, die Sperrklausel bei 2 Prozent anzusetzen. SPD, Bündnis 90/Die Grünen, FDP und CDU/CSU stimmten geschlossen für den Entwurf, während die AfD, Die Linke sowie alle anwesenden fraktionslosen Mitglieder des Bundestages einheitlich dagegen stimmten. Enthaltungen gab es keine. Der Gesetzentwurf wurde somit mit 567 Ja-Stimmen und 111 Gegenstimmen angenommen ."
5059,2023-06-15,Grenzüberschreitendes Entsenderecht im Straßenverkehr ,Arbeit und Beschäftigung|Europapolitik und Europäische Union,Ausschuss für Arbeit und Soziales,https://dserver.bundestag.de/btd/20/064/2006496.pdf,"Der Bundestag stimmte über einen Gesetzentwurf der Regierungskoalition ab, durch welchen die EU-Richtlinie 2020/1057 in deutsches Recht umgesetzt wurde. Im internationalen Kraftverkehr werden hierdurch Höchstarbeitszeiten, Mindestruhezeiten und Ruhepausenzeiten einheitlich geregelt. Zudem müssen entsendete Kraftfahrer:innen dem Gesetzentwurf nach nun entsprechend der Lohnregelungen des Landes vergütet werden, in das sie entsendet wurden. So soll Lohndumping verhindert werden. SPD, Bündnis 90/Die Grünen, FDP, CDU/CSU und die Linke stimmten geschlossen für den Gesetzentwurf. Die AfD sowie die anwesenden fraktionslosen Abgeordneten enthielten sich. Der Gesetzentwurf wurde mit 598 Ja-Stimmen und 70 Enthaltungen angenommen , Gegenstimmen gab es keine."
5061,2023-06-23,Fachkräfteeinwanderung,Arbeit und Beschäftigung|Migration und Aufenthaltsrecht,Ausschuss für Inneres und Heimat,https://dserver.bundestag.de/btd/20/065/2006500.pdf,"Der Deutsche Bundestag stimmte in dieser Woche über einen Gesetzentwurf der Bundesregierung zur "" Weiterentwicklung der Fachkräfteeinwanderung “ ab. Die Bundesregierung will damit den Herausforderungen für die Fachkräftesicherung und den Arbeitsmarkt in Deutschland begegnen. Aufbauend auf dem Fachkräfteeinwanderungsgesetz aus dem Jahr 2020 sollen künftig verstärkt drittstaatsangehörige Fachkräfte für eine Erwerbsmigration nach Deutschland gewonnen und ihnen hierzu ein rechtmäßiger Aufenthalt gewährt werden. Konkret soll z.B. eine Chancenkarte basierend auf einem Punktesystem eingeführt werden, die Anerkennung von ausländischen Berufsausbildungen vereinfacht werden und Asylsuchenden soll der sogenannte Spurwechsel aus dem Asylverfahren in den Arbeitsmarkt ermöglicht werden. Der Abstimmung liegt eine Beschlussempfehlung des Innenausschusses zugrunde, die sich für die Annahme des Gesetzentwurfs in geänderter Fassung ausspricht. Der Gesetzentwurf der Bundesregierung wurde in der Ausschussfassung mit 388 Ja-Stimmen aus den Regierungsfraktionen angenommen . Es gab 234 Gegenstimmen aus den Fraktionen von CDU/CSU und AfD sowie von drei fraktionslosen Abgeordneten. 31 Abgeordnete aus der Fraktion die LINKE sowie die FDP-Abgeordnete Linda Teuteberg enthielten sich."
5063,2023-06-23,Beteiligung der Bundeswehr an der EU-geführten Sicherheitsoperation in Bosnien und Herzegowina (EUFOR ALTHEA),Außenpolitik und internationale Beziehungen|Verteidigung,Auswärtiger Ausschuss,https://dserver.bundestag.de/btd/20/070/2007075.pdf,"Der Antrag der Bundesregierung sieht die Fortsetzung der Beteiligung bewaffneter deutscher Streitkräfte an der EU-geführten Sicherheitsoperation in Bosnien und Herzegowina (EUFOR ALTHEA) vor. Wie bisher sollen bis zu 50 Soldat:innen der Bundeswehr an dem Einsatz beteiligt sein. Ziel ist die nachhaltige Stabilisierung Bosnien und Herzegowinas, verbunden mit einer Entwicklung hin zu einem friedlichen und demokratischen Rechtsstaat sowie die Einbindung Bosnien und Herzegowinas in die EU und die euro-atlantische Gemeinschaft. Zugestimmt haben die Regierungsfraktionen sowie die CDU/CSU-Fraktion, somit wurde der Antrag angenommen . Dagegen stimmten die Fraktionen DIE LINKE und AfD, wobei der AfD-Abgeordnete Joachim Wundrak entgegen seiner Fraktion für den Antrag stimmte. Auch der SPD-Abgeordnete Jan Dieren und die Grünen-Abgeordnete Canan Bayram stimmten nicht mit ihren jeweiligen Fraktionen und sprachen sich gegen den Antrag aus."
5064,2023-06-23,Verlängerung des Bundeswehreinsatzes vor der libanesischen Küste (UNIFIL),Außenpolitik und internationale Beziehungen|Verteidigung,Auswärtiger Ausschuss,https://dserver.bundestag.de/btd/20/070/2007074.pdf,"Der von der Bundesregierung eingebrachte Antrag sieht vor, die Beteiligung der Bundeswehr am maritimen Teil der friedenssichernden Mission ""United Nations Interim Force in Lebanon"" ( UNIFIL ) zu verlängern. Bei dem Einsatz handelt es sich um die Beteiligung von bis zu 300 deutschen Streitkräften an der Überwachung der Seegrenzen des Libanon. Der Antrag wurde mit den Stimmen der Regierungsfraktionen sowie der CDU/CSU-Fraktion angenommen . Dagegen stimmten die Fraktionen DIE LINKE und AfD. Anders als ihre Fraktion stimmte die Grünen-Abgeordnete Canan Bayram gegen den Antrag, Corinna Rüffer , ebenfalls Grünen-Abgeordnete, enthielt sich der Abstimmung."
5069,2023-06-23,Keine rückwirkende Besteuerung der Energiepreispauschale,Energie|Soziale Sicherung,Ausschuss für Klimaschutz und Energie,https://dserver.bundestag.de/btd/20/074/2007404.pdf,"Der Änderungsantrag der CDU/CSU-Fraktion , welcher zum Gesetzentwurf über eine Änderung des Erdgas-, Wärme- und Strompreisbremsengesetzes vorgelegt wurde, fordert die Bundesregierung auf zu überprüfen, wie auf die Besteuerung der Energiepreispauschale 2022 rückwirkend verzichtet werden kann. Mit 369 Stimmen von Seiten der Regierungsfraktionen wurde der Änderungsantrag abgelehnt . Dafür stimmten die Fraktionen CDU/CSU und DIE LINKE, die AfD enthielt sich bis auf wenige Abweichungen. Folgende Abweichungen von der Fraktionslinie gab es bei dieser Abstimmung: Angelika Glöckner (SPD), Dr. Christoph Hoffmann (FDP), Dr. Marco Buschmann (FDP) und Dr. Rainer Kraft (AfD) stimmten dafür. Rüdiger Lucassen (AfD) und Dr. Alexander Gauland (AfD) stimmten dagegen."
5091,2023-07-06,Förderung der geschäftsmäßigen Sterbehilfe grundsätzlich verbieten,"Gesellschaftspolitik, soziale Gruppen|Gesundheit|Recht",,https://dserver.bundestag.de/btd/20/009/2000904.pdf,"Mit dem vorgelegten Gesetzentwurf fordern mehr als 100 Abgeordnete rund um Dr. Lars Castellucci (SPD) den Bundestag dazu auf, die geschäftsmäßige Sterbehilfe grundsätzlich zu verbieten. Die freie Entscheidung über Sterbehilfe unter bestimmten Voraussetzungen soll hingegen ermöglicht werden. Hintergrund ist ein Urteil des Bundesverfassungsgerichts vom 26. Februar 2020, wodurch die im Jahr 2015 beschlossene Strafbarkeit der Sterbehilfe (nach § 217 des Strafgesetzbuches) für ungültig erklärt wurde. Namentlich abgestimmt wurde eine vom Rechtsausschuss geänderte Fassung des Gesetzentwurfs mit folgendem Schutzkonzept: Die geschäftsmäßige Förderung der Sterbehilfe soll grundsätzlich mit einer Freiheitsstrafe von bis zu drei Jahren oder mit einer Geldstrafe geahndet werden. Auch bestimmte Formen der Werbung für die Sterbehilfe sollen strafrechtlich verfolgt werden. Die Feststellung der Freiverantwortlichkeit der Entscheidung über Sterbehilfe soll nach einer zweimaligen Untersuchung durch eine:n Fachärzt:in für Psychiatrie und Psychotherapie möglich sein. Dabei sind Einrichtungen des Gesundheits- und Sozialwesens grundsätzlich nicht verpflichtet, die Sterbehilfe zu gewährleisten. Aufgrund der sensiblen Thematik wurde die Abstimmung als Gewissensfrage behandelt, es bestand keine Fraktionsdisziplin. Der Gesetzentwurf wurde mit 302 Ja-Stimmen und 362 Gegenstimmen abgelehnt . 23 Abgeordnete enthielten sich, und 49 Abgeordnete fehlten bei der Abstimmung. Für die Beratung und Unterstützung in persönlichen Krisensituationen steht Ihnen die TelefonSeelsorge anonym und rund um die Uhr zur Verfügung."
5098,2023-07-06,Suizidhilfegesetz,"Gesellschaftspolitik, soziale Gruppen|Gesundheit|Recht",,https://dserver.bundestag.de/btd/20/076/2007624.pdf,"Der zusammengeführte Gesetzentwurf der Gruppen um Katrin Helling-Plahr (FDP) und Renate Künast (B90/Grüne) sieht die Einführung eines neuen Suizidhilfegesetzes vor. Dadurch sollen die straffreie Sterbehilfe und ihre Inanspruchnahme rechtlich abgesichert werden. Außerdem soll (unter bestimmten Voraussetzungen) der Zugang zu Betäubungsmitteln für einen selbstbestimmten Tod ermöglicht werden. Hintergrund ist ein Urteil des Bundesverfassungsgerichts vom 26. Februar 2020, wodurch die im Jahr 2015 beschlossene Strafbarkeit der Sterbehilfe (nach § 217 StGB) für nichtig erklärt wurde. Der Gesetzentwurf sieht folgende Regelungen vor: Jeder:jedem soll das Recht zustehen, bei der freien und selbstbestimmten Entscheidung zur Selbsttötung Hilfe in Anspruch zu nehmen. Jede:r soll Sterbehilfe leisten dürfen, jedoch darf niemand zur Hilfe verpflichtet werden. Angemessene Hilfsmittel zum Zweck der Selbsttötung sollen unter bestimmten Voraussetzungen (z.B. Lebenssituation, Volljährigkeit) für Sterbewillige zugänglich gemacht werden. Für die Sicherstellung der autonomen und freien Entscheidung der:des Sterbewilligen sollen Kriterien und Verfahrensregeln für Ärzt:innen sowie verpflichtende Beratungsgespräche festgelegt werden. Aufgrund der sensiblen Thematik wurde die Abstimmung als Gewissensfrage behandelt, es bestand keine Fraktionsdisziplin. Der Gesetzentwurf wurde mit 375 Gegenstimmen abgelehnt . 286 Abgeordnete stimmten dafür, enthalten haben sich 20 Abgeordnete. 55 Abgeordnete nahmen nicht an der Abstimmung teil. Für die Beratung und Unterstützung in persönlichen Krisensituationen steht Ihnen die TelefonSeelsorge anonym und rund um die Uhr zur Verfügung."
5099,2023-07-06,Suizidprävention stärken,"Gesellschaftspolitik, soziale Gruppen|Gesundheit|Recht",,https://dserver.bundestag.de/btd/20/076/2007630.pdf,"Mit dem vorgelegten Antrag ""Suizidprävention stärken"" fordert eine große Gruppe Abgeordneter rund um Dr. Kirsten Kappert-Gonther , Renate Künast , Dr. Lars Castellucci und Katrin Helling-Plahr die Bundesregierung auf, bis zum Jahresende 2023 ein zielgerichtetes Konzept vorzulegen, wodurch die bestehenden Strukturen und Angebote der Suizidprävention unterstützt werden können. Bis zum 30. Juni 2024 soll dem Bundestag ein Gesetzentwurf sowie eine Strategie vorgelegt werden, die unter anderem folgende Maßnahmen beinhalten: Bereits bestehende Angebote zur Intervention bei suizidalen Krisen sollen besser unterstützt werden. Ein deutschlandweiter Suizidpräventionsdienst soll etabliert werden. Es soll eine bundesweite, langfristige und zielgruppenspezifische Aufklärungs- und Informationskampagne entwickelt werden, die die Stigmatisierung von Suizidwünschen vorbeugt und auf Hilfsangebote hinweist. In Zusammenarbeiit mit den Bundesländern und Kommunen soll eine effektive Methodenrestriktion geschaffen werden, unter anderem durch suizidpräventive bauliche Maßnahmen. Für ärztliche, hausärztliche, therapeutische und andere Berufsgruppen sollen Fort- und Weiterbildungsangebote entwickelt werden. Der Antrag wurde mit 687 Ja-Stimmen angenommen . Lediglich der SPD-Abgeordnete Mahmut Özdemir stimmte dagegen. Vier Abgeordnete enthielten sich, 44 Abgeordnete waren nicht an der Abstimmung beteiligt. Für die Beratung und Unterstützung in persönlichen Krisensituationen steht Ihnen die TelefonSeelsorge anonym und rund um die Uhr zur Verfügung."
5100,2023-07-06,Bundeswehreinsatz in Mali (MINUSMA) beenden,Außenpolitik und internationale Beziehungen|Verteidigung,,https://dserver.bundestag.de/btd/20/075/2007581.pdf,"Mit dem vorgelegten Antrag fordert die CDU/CSU-Fraktion die Bundesregierung auf, den Einsatz der Bundeswehr im Rahmen der MINUSMA-Mission in Mali so schnell wie möglich zu beenden, spätestens bis zum Jahresende 2023. Am 26. Mai hatte der Bundestag der letztmaligen Verlängerung dieses Bundeswehreinsatzes bis zum 31. Mai 2024 in namentlicher Abstimmung zugestimmt. Ende Juni beschloss der Sicherheitsrat der Vereinten Nationen dann die Beendigung der MINUSMA-Mission bis zum Jahresende 2023. Die CDU/CSU-Fraktion fordert nun den umgehenden Abzug deutscher Soldat:innen aus Mali, wobei das Schutzniveau für die Soldat:innen ""in dieser politisch schwierigen Phase"" gewährleistet werden müsse. Der Antrag wurde mit 183 Ja-Stimmen aus der Unionsfraktion und 471 Gegenstimmen aus den restlichen Fraktionen abgelehnt . Es gab vier Enthaltungen, 78 Abgeordnete nahmen nicht an der Abstimmung teil."
5096,2023-07-07,Ausbau der LNG-Gas-Infrastruktur,Energie,Ausschuss für Klimaschutz und Energie,https://dserver.bundestag.de/btd/20/072/2007279.pdf,"Die Bundesregierung legte einen Gesetzentwurf zur Änderung des LNG-Beschleunigungsgesetzes und des Energiewirtschaftsgesetzes zur Sicherstellung der nationalen Energieversorgung zur namentlichen Abstimmung vor. Die Änderung sieht den weiteren Ausbau der Importinfrastruktur vor, damit LNG in Deutschland angelandet, regasifiziert und weitergeleitet werden könne. Dazu ist der Ausbau bestimmter Gasfernleitungen geplant. Zusätzlich soll in Mukran auf Rügen ein weiterer LNG-Standort eingerichtet werden. Die Unionsfraktion legte einen Änderungsantrag zum Entwurf vor. Dieser forderte unter anderem, das LNG-Terminal nicht in Mukran, sondern an einem offshore Standort zu bauen, der sich 18km vor Rügen befindet. In der Beschlussempfehlung empfiehlt der Ausschuss für Klimaschutz und Energie den Gesetzentwurf unverändert anzunehmen. In einer nicht namentlichen Abstimmung wurde der Antrag der CDU/CSU abgelehnt. Mit 369 Stimmen für den Antrag und 300 Gegenstimmen wurde der Gesetzentwurf in namentlicher Abstimmung angenommen . Für die Änderung stimmten die Koalitions-Fraktionen. Gegen den Antrag votierten CDU/CSU, Die Linke und die AfD. Außerdem stimmten drei Abgeordnete der SPD sowie sieben Abgeordnete der Grünen mit ""nein"". Es gab vier Enthaltungen, von denen drei aus der Grünen-Fraktion stammten. 63 Abgeordnete stimmten nicht ab."
5162,2023-09-08,Gebäudeenergiegesetz,Energie|Umwelt,Ausschuss für Klimaschutz und Energie,https://dserver.bundestag.de/btd/20/068/2006875.pdf,"Der vorgelegte Gesetzentwurf der Bundesregierung schlägt eine Änderung des Gebäudeenergiegesetzes vor. Damit soll sichergestellt werden, dass ab Januar 2024 möglichst jede neu eingebaute Heizung in Neubaugebieten zu mindestens 65 Prozent mit erneuerbaren Energien betrieben wird. Zudem soll es eine verpflichtende und flächendeckende kommunale Wärmeplanung geben. Städte mit mehr als 100.000 Einwohner:innen sollen ihre Wärmepläne bis Mitte 2026 fertigstellen, alle anderen Kommunen sollen ihre Wärmepläne bis zum 30. Juni 2028 vorlegen. Die Verabschiedung des Gesetzentwurfs war bereits für den 7. Juli 2023 vorgesehen. Das Bundesverfassungsgericht gab jedoch einem Eilantrag des Unionsabgeordneten Thomas Heilmann statt. In diesem machte er geltend, dass die Beratungszeit für die Abgeordneten zu knapp gewesen sei. Eine Beschlussempfehlung des Ausschusses für Klimaschutz und Energie empfahl die Annahme des Gesetzentwurfs in Ausschussfassung. Der Gesetzentwurf wurde mit 399 Zustimmungen angenommen . 275 Abgeordnete stimmten dagegen, fünf enthielten sich. Zusätzlich wurde über eine Beschlussempfehlung des Rechtsausschusses zum Antrag der Fraktion Die Linke zur Abschaffung der Modernisierungsumlage zum Schutz der Mieter:innen namentlich abgestimmt. Die Beschlussempfehlung schlug die Ablehnung des Antrags vor und wurde mit 632 Stimmen angenommen. 34 Abgeordnete lehnen die Beschlussempfehlung ab, es gab zwei Enthaltungen."
5180,2023-09-20,Rücktritt von Bundesinnenministerin Nancy Faeser,Bundestag,,https://dserver.bundestag.de/btd/20/084/2008411.pdf,"Die AfD-Fraktion forderte den Deutschen Bundestag dazu auf, den Rücktritt der Bundesinnenministerin Nancy Faeser zu beschließen. In ihrem Antrag begründet die AfD-Fraktion die Forderung mit dem Vorgehen der Bundesinnenministerin bei der Versetzung des ehemaligen Präsidenten des Bundesamtes für Sicherheit in der Informationstechnik (BSI), Arne Schönbohm. Der Antrag der AfD-Fraktion wurde mit 589 Gegenstimmen abgelehnt . 68 Abgeordnete stimmten für den Antrag, zwei enthielten sich."
5181,2023-09-21,Änderungsantrag zum Energieeffizienzgesetz ,Energie,Ausschuss für Klimaschutz und Energie,https://dserver.bundestag.de/btd/20/068/2006872.pdf,"Der Deutsche Bundestag stimmte am 21. September über den von der Bundesregierung eingebrachten Gesetzentwurf zur Steigerung der Energieeffizienz und zur Änderung des Energiedienstleistungsgesetzes ab. Damit soll der Energieverbrauch in Deutschland bis 2030 um ca. ein Viertel im Vergleich zum Jahr 2008 gesenkt werden. Zum Gesetzentwurf legte die CDU/CDU-Fraktion einen Änderungsantrag vor, über den namentlich abgestimmt wurde. Der Änderungsantrag fordert, dass die Stromsteuer dauerhaft auf das europarechtlich zulässige Minimum von einem Euro je Megawattstunde bei Eigennutz und Letztverbrauch für nicht-betriebliche Zwecke und auf 50 Cent je Megawattstunde bei Versorger:innen und Letztverbraucher:innen für betriebliche Zwecke herabgesenkt wird. Der Änderungsantrag wurde mit 379 Gegenstimmen abgelehnt. Für den Antrag stimmten 279 Abgeordnete, es gab eine Enthaltung."
5182,2023-09-21,Umsatzsteuergesetz,"Öffentliche Finanzen, Steuern und Abgaben",Finanzausschuss,https://dserver.bundestag.de/btd/20/058/2005810.pdf,"Die CDU/CSU-Fraktion brachte einen Gesetzentwurf zur Änderung des Umsatzsteuergesetzes in den Deutschen Bundestag ein. Damit sollte auf den Verzehr von Speisen in Restaurants ein dauerhaft ermäßigter Umsatzsteuersatz von sieben Prozent anfallen. Die Senkung des Umsatzsteuersatzes von 19 Prozent auf den ermäßigten Satz von sieben Prozent war zum 1. Juli 2020 vor dem Hintergrund der Corona-Pandemie eingeführt und mehrfach verlängert worden. Aktuell gilt dieser noch bis Ende 2023. Der Gesetzentwurf der CDU/CSU-Fraktion wurde mit 367 Gegenstimmen abgelehnt . 284 Abgeordnete stimmten dafür, fünf enthielten sich."
5190,2023-09-28,Ablehnung des Elf-Punkte-Plans zum Schutz der Grenzen (Beschlussempfehlung),Migration und Aufenthaltsrecht,Ausschuss für Inneres und Heimat,https://dserver.bundestag.de/btd/20/067/2006785.pdf,"Der Bundestag hat am 28. September 2023 über einen Antrag der AfD-Fraktion beraten, in dem diese einen ""Elf-Punkte-Plan zum Schutz der Grenzen"" darlegt. Der Innenausschuss hat zum Antrag der AfD-Fraktion eine Beschlussempfehlung vorgelegt, die die Ablehnung des Antrages empfiehlt. Über diese wurde namentlich abgestimmt. 603 Abgeordnete stimmten für die Annahme der Beschlussempfehlung, 75 Abgeordnete stimmten dagegen. Es gab eine Enthaltung."
5217,2023-10-18,Fortsetzung des Bundeswehreinsatzes im Irak,Außenpolitik und internationale Beziehungen|Verteidigung,Auswärtiger Ausschuss|Haushaltsausschuss,https://dserver.bundestag.de/btd/20/083/2008341.pdf,"Der von der Bundesregierung eingebrachte Antrag schlägt eine Fortsetzung des Bundeswehreinsatzes im Irak vor. Die Bundeswehr soll mit einem Kontingent von 500 Soldat:innen das NATO-Engagement in der Region sowie die internationale Anti-IS-Koalition (Operation Inherent Resolve) weiter unterstützen. Zentrale Aufgaben des Mandats bestehen unter anderem aus der Ausbildung und Beratung der regulären irakischen Streit- und Sicherheitskräfte, See- und Luftraumüberwachung, Aufklärung und Lagebilderstellung sowie Lufttransport. Das vom 1. November 2023 bis 31. Oktober 2024 laufende Mandat wird einsatzbedingte Zusatzausgaben in Höhe von voraussichtlich knapp 92 Millionen Euro verursachen. Die Beschlussempfehlung des Auswärtigen Ausschusses empfahl die Annahme des Antrags zur Fortführung des Bundeswehreinsatzes. Zudem lag ein Bericht über die Finanzierbarkeit des Antrags vor, eingebracht durch den Haushaltsausschuss. Der Antrag wurde mit 560 Stimmen angenommen , 108 Abgeordnete lehnten den Antrag ab, vier enthielten sich."
5230,2023-10-20,Änderung des Straßenverkehrsgesetzes,Verkehr,,https://dserver.bundestag.de/btd/20/082/2008293.pdf,"Der vorgelegte Gesetzentwurf der Bundesregierung schlägt eine Änderung des Straßenverkehrsgesetzes vor. Durch eine Anpassung des Straßenverkehrsrechts soll dafür gesorgt werden, dass neben einem fließenden Straßenverkehr auch der Umwelt- und Klimaschutz sowie gesundheitliche und städtebauliche Entwicklungsprozesse mitgedacht werden. Länder und Kommunen sollen dabei zukünftig einen größeren Entscheidungsspielraum haben, beispielsweise bei der Regelung von Anwohnerparkplätzen. Der Gesetzentwurf wurde mit 305 Zustimmungen angenommen . 82 Abgeordnete stimmten dagegen, 20 enthielten sich. Für den Gesetzentwurf stimmten die Koalitionsfraktionen. Gegen den Antrag votierten CDU/CSU und die AfD, die Linksfraktion enthielt sich."
5242,2023-11-10,Stiftungsfinanzierungsgesetz,"Öffentliche Finanzen, Steuern und Abgaben|Politisches Leben, Parteien",Ausschuss für Inneres und Heimat,https://dserver.bundestag.de/btd/20/087/2008726.pdf,"Der von den Fraktionen von SPD, CDU/CSU, BÜNDNIS 90/DIE GRÜNEN und FDP vorgelegte Gesetzentwurf zur Finanzierung politischer Stiftungen aus dem Bundeshaushalt soll eine gesetzliche Regelung für die Förderung politischer Stiftungen schaffen. Darin sollen unter anderem die Voraussetzungen und Maßstäbe der staatlichen Förderung festgelegt werden. Eine gesonderte gesetzliche Grundlage war nach einem Urteil des BVerfG vom 22. Februar 2023 nötig geworden, wonach entschieden wurde, dass die bisher praktizierte Zuteilung der Fördermittel an politische Stiftungen im Haushaltsplan den verfassungsrechtlichen Ansprüchen nicht genüge. Der Gesetzentwurf wurde mit 548 Stimmen angenommen. Dagegen stimmten 75 Abgeordnete, es gab zwei Enthaltungen."
5243,2023-11-10,Änderung des Atomgesetzes,"Energie|Umwelt|Wissenschaft, Forschung und Technologie","Ausschuss für Umwelt, Naturschutz, nukleare Sicherheit und Verbraucherschutz",https://dserver.bundestag.de/btd/20/065/2006533.pdf,"Mit ihrem eingebrachten Gesetzentwurf zur Änderung des Atomgesetzes will die AfD-Fraktion verhindern, dass abgeschaltete Kernkraftwerke weiter abgebaut werden. Dabei geht es insbesondere um die drei Atomkraftwerke Emsland, Isar 2 und Neckarwestheim 2, deren Genehmigung zur Inbetriebnahme am 15. April 2023 ausgelaufen ist. Begründet werden die geforderten Maßnahmen mit der Sicherung der Stromversorgung im Winter. Die Beschlussempfehlung des Ausschusses für Umwelt, Naturschutz, nukleare Sicherheit und Verbraucherschutz sieht die Ablehnung des Gesetzentwurfes vor. Der Gesetzentwurf wurde mit 535 Stimmen abgelehnt. Dafür stimmten 66 Abgeordnete, es gab eine Enthaltung. In einer zweiten namentlichen Abstimmung wurde über einen Antrag der AfD-Fraktion abgestimmt, welcher ebenfalls den Rückbau-Stopp der oben genannten Atomkraftwerke vorsieht. Der Antrag wurde mit 548 Gegenstimmen abgelehnt. Die Ergebnisse finden Sie hier ."
5251,2023-11-16,Moldau und Georgien als sichere Herkunftsstaaten (Entschließungsantrag),Migration und Aufenthaltsrecht,Ausschuss für Inneres und Heimat,https://dserver.bundestag.de/btd/20/086/2008629.pdf,"Der Deutsche Bundestag stimmte einem von der Bundesregierung eingebrachten Gesetzentwurf zur Bestimmung Georgiens und der Republik Moldau als sichere Herkunftsstaaten zu. Damit sollen Anträge von Asylsuchenden aus diesen Ländern zügiger bearbeitet und entschieden werden können. Die CDU/CSU-Fraktion legte zum Gesetzentwurf der Bundesregierung einen Entschließungsantrag vor, der die Einstufung von Georgien und der Republik Moldau als sichere Herkunftsstaaten unterstützt. Zudem fordert die Fraktion auch Algerien, Marokko und Tunesien in die Liste der sicheren Herkunftsstaaten aufzunehmen. Der Ausschuss für Inneres und Heimat empfiehlt die Ablehnung des Entschließungsantrags der CDU/CSU-Fraktion, über den namentlich abgestimmt wurde. Der Entschließungsantrag wurde mit 404 Stimmen abgelehnt . 252 Abgeordnete stimmten für den Antrag, es gab keine Enthaltungen."
5263,2023-11-16,Reform des Nachrichtendienstrechts,"Außenpolitik und internationale Beziehungen|Medien, Kommunikation und Informationstechnik|Recht",Ausschuss für Inneres und Heimat,https://dserver.bundestag.de/btd/20/086/2008626.pdf,"Namentlich abgestimmt wurde über einen Gesetzentwurf der Bundesregierung zur Reform des Nachrichtendienstrechts. Die Reform war notwendig geworden, nachdem das Bundesverfassungsgericht (BVerfG) am 28. September 2022 urteilte, dass die Übermittlung personenbezogener Daten durch Nachrichtendienste an Polizeien und Staatsanwaltschaften stärker reglementiert werden müsse. Mit dem neuen Gesetzentwurf wird nun vor allem der Rahmen enger gefasst, wann das Bundesamt für Verfassungsschutz seine Erkenntnisse an die Polizei oder andere Behörden weitergeben und dort vor extremistischen Gefahren warnen darf. Der Ausschuss für Inneres und Heimat empfiehlt die Annahme des Gesetzentwurfes zur Anpassung des Nachrichtendienstrechts. Der Gesetzentwurf wurde mit 379 Stimmen angenommen . Dagegen stimmten 261 Abgeordnete, es gab eine Enthaltung. Neben den Regierungsfraktionen stimmte Kerstin Vieregge von der CDU/CSU-Fraktion für den Gesetzentwurf."
5252,2023-11-17,Videokonferenzen in der Zivil- und Fachgerichtsbarkeit,"Medien, Kommunikation und Informationstechnik|Recht",Rechtsausschuss,https://dserver.bundestag.de/btd/20/080/2008095.pdf,"Der zur namentlichen Abstimmung vorgelegte Gesetzentwurf der Bundesregierung sieht die Förderung von Videokonferenztechnik in der Zivil- und Fachgerichtsbarkeit vor. Aufbauend auf den Erfahrungen, die das Justizwesen in der Coronapandemie gemacht hat, sollen Videoverhandlungen künftig konkret angeordnet werden können. Die Bundesregierung plant überdies die Dokumentationsmöglichkeiten zu modernisieren, indem vorläufige Protokolle per Bild- und Tonaufzeichnung aufgenommen werden dürfen. Außerdem sollen laut Gesetzentwurf sogenannte ""vollvirtuelle Videoverhandlungen"" getestet werden, bei denen der:die Vorsitzende nicht mehr persönlich im Sitzungssaal anwesend sein muss. Der Gesetzentwurf wurde mit 358 Stimmen angenommen . 144 Abgeordnete stimmten dagegen, es gab keine Enthaltungen. 234 Abgeordnete nahmen nicht an der Abstimmung teil."
5289,2023-11-30,Kein Stopp der EU-Gebäuderichtlinie (Beschlussempfehlung),"Raumordnung, Bau- und Wohnungswesen|Umwelt","Ausschuss für Wohnen, Stadtentwicklung, Bauwesen und Kommunen",https://dserver.bundestag.de/btd/20/093/2009305.pdf,"Die AfD-Fraktion fordert in ihrem eingebrachten Antrag den Stopp der EU-Gebäuderichtlinie. Die Richtlinie soll neben der Einführung von Energieeffizienz-Mindeststandards beispielsweise auch für verpflichtende Solaranlagen auf Gebäuden sorgen. Neben der EU-Gebäuderichtlinie will die AfD-Fraktion auch die EU-Klimaagenda „Fit for 55“ verhindern, welche vor allem eine Reduzierung der Treibhausgasemissionen vorsieht. Der Ausschuss für Wohnen, Stadtentwicklung, Bauwesen und Kommunen empfiehlt die Ablehnung des Antrags. Namentlich abgestimmt wurde über die Beschlussempfehlung. Diese wurde mit den Stimmen von 550 Abgeordneten angenommen. 63 Abgeordnete stimmten dagegen, es gab keine Enthaltungen. Der Antrag der AfD-Fraktion zum Stopp der EU-Gebäuderichtlinie wurde damit abgelehnt."
5295,2023-11-30,Keine Streichung von Erbschaftssteuervergünstigungen (Beschlussempfehlung),"Öffentliche Finanzen, Steuern und Abgaben",Finanzausschuss,https://dserver.bundestag.de/btd/20/072/2007295.pdf,"Die Fraktion DIE LINKE hat einen Antrag in den Bundestag eingebracht, der unter anderem die Streichung von Vergünstigungen bei Erbschaften großer Unternehmen vorsieht. Die Fraktion kritisiert in ihrem Antrag den niedrigen Steuersatz von 2,8 % bei Schenkungen und Erbschaften über 20 Millionen Euro und fordert die Reformierung der Erbschaftssteuer. Die Bundesregierung wird aufgefordert, einen entsprechenden Gesetzentwurf vorzulegen. Der Finanzausschuss spricht sich in der vorgelegten Beschlussempfehlung für eine Ablehnung des Antrags aus. Namentlich abgestimmt wurde über die Beschlussempfehlung. Diese wurde mit den Stimmen von 621 Abgeordneten angenommen. 31 Abgeordnete stimmten dagegen, es gab eine Enthaltung. Der Antrag der Fraktion DIE LINKE zur Streichung von Erbschaft­steuervergünstigungen wurde damit abgelehnt."
5302,2023-12-01,Erweiterter Tätigkeitsbereich der Europäischen Bank für Wiederaufbau und Entwicklung,"Europapolitik und Europäische Union|Öffentliche Finanzen, Steuern und Abgaben|Wirtschaft",Finanzausschuss,https://dserver.bundestag.de/btd/20/090/2009091.pdf,"Die Bundesregierung hat zur namentlichen Abstimmung einen Gesetzentwurf vorgelegt, der den Beschluss des Gouverneursrates der Europäischen Bank für Wiederaufbau und Entwicklung (EBWE) vom 18. Mai 2023 ratifizieren soll. Der Beschluss sieht unter anderem die Ausweitung des Tätigkeitsbereiches der Bank auf Subsahara-Afrika und den Irak vor. Laut Erklärung der Bundesregierung entspräche der Gesetzentwurf den Prinzipien der Deutschen Nachhaltigkeitsstrategie und unterstütze beispielsweise die Verbesserung des sozialen Zusammenhalts oder die Wahrnehmung globaler Verantwortung. In der Beschlussempfehlung sprach sich der Finanzausschuss für eine Annahme des Gesetzentwurfes aus. Der Gesetzentwurf wurde mit 509 Stimmen angenommen . 61 Abgeordnete stimmten dagegen, es gab 22 Enthaltungen."
5315,2023-12-15,Nachtragshaushaltsgesetz 2023,"Öffentliche Finanzen, Steuern und Abgaben",Haushaltsausschuss,https://dserver.bundestag.de/btd/20/095/2009500.pdf,"Mit dem Entwurf für ein Nachtragshaushaltsgesetz für 2023 will die Bundesregierung die Finanzierung des Wirtschafts- und Stabilisierungsfonds sowie des Sondervermögens „Aufbauhilfe 2021“ für das Ahrtal sicherstellen. Die Bundesregierung reagiert damit auf ein Urteil des Bundesverfassungsgerichtes vom 15. November 2023 , das die Nichtigkeit des Zweiten Nachtragshaushaltsgesetzes 2021 erklärte. Als Voraussetzung für den Nachtragshaushalt stimmte der Bundestag bereits am Vormittag über die Feststellung einer Notlage nach Artikel 115 des Grundgesetzes (Aussetzen der Schuldenbremse) ab. Damit wurde die Erhöhung der Kreditaufnahme auf 70,61 Milliarden Euro (44,8 Milliarden Euro über der zulässigen Kreditaufnahme) ermöglicht. Der namentlichen Abstimmung lag eine Beschlussempfehlung des Haushaltsabschusses zugrunde, die die Annahme ohne Änderungen empfiehlt. Der Nachtragshaushalt für 2023 wurde mit 391 Stimmen angenommen . 274 Abgeordnete stimmten gegen das Gesetz, es gab keine Enthaltungen. Auch über einen Entschließungsantrag der AfD-Fraktion zum Nachtragshaushaltsgesetz wurde namentlich abgestimmt. Dieser wurde mit 570 Gegenstimmen und 67 Ja-Stimmen abgelehnt."
5319,2023-12-15,Änderung des Erneuerbare-Energien-Gesetzes,Energie|Umwelt,Ausschuss für Klimaschutz und Energie,https://dserver.bundestag.de/btd/20/086/2008657.pdf,"Mit der namentlichen Abstimmung über einen Teil des Gesetzentwurfes zur Änderung des Erneuerbare-Energien-Gesetzes wurde die Frist für die Einführung von Nachtkennzeichnungen bei Windkraftanlagen um ein Jahr verlängert. Betreiber von Windkraftanlagen sind zur Erhöhung der Flugsicherheit zu einer solchen Kennzeichnung verpflichtet. Die Regel sollte ursprünglich ab dem 1. Januar 2024 gelten und wurde nun um ein Jahr verschoben. Über den umfangreicheren Teil des Gesetzentwurfes soll laut der Beschlussempfehlung des Ausschusses für Klimaschutz und Energie im kommenden Jahr abgestimmt werden. Ziel ist der beschleunigte Ausbau erneurbarer Energien, beispielsweise in Form von Solaranlagen. Der erste Teil des Gesetzentwurfes wurde mit 363 Stimmen angenommen . 180 Abgeordnete stimmten dagegen, es gab 20 Enthaltungen."
5323,2023-12-15,Artikel 115 II GG - Aussetzen der Schuldenbremse für 2023,"Öffentliche Finanzen, Steuern und Abgaben",Haushaltsausschuss,https://dserver.bundestag.de/btd/20/095/2009501.pdf,"Die Abgeordneten des Deutschen Bundestages haben über einen Antrag der Fraktionen der SPD, BÜNDNIS 90/DIE GRÜNEN und FDP mit dem Titel ""Beschluss des Deutschen Bundestages gemäß Artikel 115 Absatz 2 Satz 6 und 7 des Grundgesetzes"" abgestimmt. Der Antrag sieht vor, dass aufgrund der noch geltenden Notlage durch die Folgen des Ukraine Krieges sowie der Flutkatastrophe im Ahrtal die Schuldenbremse auch für 2023 ausgesetzt wird. Namentlich wurde über die dazugehörige Beschlussempfehlung des Haushaltsausschusses abgestimmt, welche die Annahme des Antrags in leicht modifizierter Form empfiehlt. Das Aussetzen der Schuldenbremse für 2023 wurde mit 414 Stimmen angenommen . 241 Abgeordente stimmten dagegen, es gab neun Enthaltungen."
5324,2023-12-15,Änderung des Parteiengesetzes,"Politisches Leben, Parteien",Ausschuss für Inneres und Heimat,https://dserver.bundestag.de/btd/20/091/2009147.pdf,"Der Deutsche Bundestag hat über eine Änderung des Parteiengesetzes abgestimmt. Dazu lag ein Gesetzentwurf der Fraktionen von SPD, CDU/CSU, Bündnis 90/Die Grünen und FDP vor. Das Gesetz sieht unter anderem eine Anhebung der Obergrenze der staatlichen Parteienfinanzierung auf 184,8 Millionen Euro vor (ehemals 141,9 Millionen Euro). Dies soll rückwirkend ab 2018 gelten. Zum Gesetzentwurf lag eine Beschlussempfehlung des Ausschusses für Inneres und Heimat vor. Der Gesetzentwurf wurde mit 541 Stimmen angenommen . 69 Abgeordnete stimmten gegen das Gesetz, es gab zwei Enthaltungen. Nachbesserungen beim Parteiengesetz gehören auch zu den zentralen Forderungen von abgeordnetenwatch . Was wir fordern und wie abgeordnetenwatch die aktuelle Abstimmung einordnet, können Sie hier nachlesen."
5367,2024-01-17,Lieferung von TAURUS-Marschflugkörpern an die Ukraine,Außenpolitik und internationale Beziehungen|Verteidigung,,https://dserver.bundestag.de/btd/20/100/2010053.pdf,"Die Fraktion der CDU/CSU fordert in einem Entschließungsantrag die unverzügliche Lieferung von einsatzbereiten TAURUS-Marschflugkörpern an die Ukraine. Die Lieferung solle in größtmöglichem Umfang geschehen und unmittelbar nachbeschafft werden, um die Ukraine in ihrem Abwehrkampf gegen die russischen Truppen zu unterstützen. Die namentliche Abstimmung über den Entschließungsantrag fand im Rahmen der Beratung des Bundestages über den Jahresbericht 2022 der Wehrbeauftragten des Deutschen Bundestages statt. In ihrem Jahresbericht schreibt die Wehrbeauftragte Eva Högl unter anderem, dass das 100-Milliarden Sondervermögen für die Bundeswehr auf eine Summe von 300 Milliarden Euro erhöht werden müsse, um die volle Einsatzbereitschaft der Streitkräfte herzustellen. Der Entschließungsantrag der CDU/CSU-Fraktion wurde mit 485 Stimmen abgelehnt . Dagegen stimmten auch die Abgeordneten Mario Czaja und Hans-Peter Friedrich aus der Unionsfraktion. Für den Entschließungsantrag stimmten 178 Abgeordnete, darunter Rainer Kraft aus der AfD-Fraktion. Es gab drei Enthaltungen, zwei davon aus der Fraktion der FDP von Martin Gassner-Herz und Alexander Müller ."
5368,2024-01-18,Friedensinitiative für die Ukraine und Russland (Beschlussempfehlung zur Ablehnung des Antrags),Außenpolitik und internationale Beziehungen|Verteidigung,Auswärtiger Ausschuss,https://dserver.bundestag.de/btd/20/055/2005551.pdf,"Die AfD-Fraktion schlägt in einem von ihr eingebrachten Antrag eine Friedensinitiative mit Sicherheitsgarantien für die Ukraine und Russland vor. Die AfD-Fraktion sieht darin u.a. vor, die Verhandlungsbereitschaft zu Friedensgesprächen für die politische, militärische und finanzielle Unterstützung der Ukraine zur Bedingung zu machen und auch von Russland Gesprächsbereitschaft zu verlangen. Außerdem wird die Bundesregierung in dem Antrag aufgefordert, sich für die Entsendung einer internationalen Friedensdelegation unter Leitung der Organisation für Sicherheit und Zusammenarbeit in Europa (OSZE) einzusetzen und beide Seiten zu Waffenstillstandsverhandlungen zu bewegen. Der Auswärtige Ausschuss empfiehlt in einer Beschlussempfehlung die Ablehnung des Antrags. Über die Beschlussempfehlung wurde namentlich abgestimmt. Die Beschlussempfehlung wurde mit 605 Stimmen angenommen . 75 Abgeordnete stimmten dagegen, es gab zwei Enthaltungen. Damit sprach sich die Mehrheit der Abgeordneten gegen den Antrag der AfD-Fraktion aus."
5370,2024-01-18,Entlastung der Landwirtschaft,"Landwirtschaft und Ernährung|Öffentliche Finanzen, Steuern und Abgaben",,https://dserver.bundestag.de/btd/20/091/2009100.pdf,"Im Rahmen der Debatte zum Agrarpolitischen Bericht der Bundesregierung 2023 legte die Unionsfraktion einen Antrag für eine zukunftsfeste Landwirtschaft in Deutschland vor. Die Fraktion fordert in ihrem Antrag u.a., dass die Agrardiesel-Steuerentlastung sowie die Kfz-Steuerbefreiung in der Land- und Forstwirtschaft fortgeführt werden. Außerdem spricht sich die Fraktion für eine Entbürokratisierung der Branche und zielgerichtete Investitionen in der Landwirtschaft, Forstwirtschaft und Fischerei aus. Die namentliche Abstimmung über den Antrag der Unionsfraktion fand im Anschluss an die Debatte zur Unterrichtung über den Agrarpolitischen Bericht der Bundesregierung 2023 statt. Darin betont die Bundesregierung ebenfalls die Bedeutung einer krisenfesten Landwirtschaft, basierend auf intakten Ökosystemen. Der Antrag der CDU/CSU-Fraktion wurde mit 420 Neinstimmen zu 188 Jastimmen und 69 Enthaltungen abgelehnt . Aus den Regierungsfraktionen enthielten sich Peggy Schierenbeck (SPD) und Christoph Hoffmann (FDP)."
5369,2024-01-19,Modernisierung des Staatsangehörigkeitsrechts,Migration und Aufenthaltsrecht|Recht|Staat und Verwaltung,,https://dserver.bundestag.de/btd/20/090/2009044.pdf,"Die Bundesregierung möchte mit dem eingebrachten Gesetzentwurf das Staatsangehörigkeitsrecht modernisieren. Dazu sieht der Gesetzentwurf beispielsweise vor, dass der Besitz von mehreren Staatsbürgerschaften künftig möglich sein soll. Zudem soll eine Einbürgerung in der Regel bereits nach einem Aufenthalt von fünf statt bisher acht Jahren erreichbar sein, bei besonderen Integrationsleistungen auch schon nach drei Jahren. Der automatische Erwerb der deutschen Staatsangehörigkeit bei Kindern soll erleichtert werden, indem die erforderliche Aufenthaltszeit eines Elternteils in Deutschland von acht auf fünf Jahre verringert wird. Der Gesetzentwurf wurde mit 382 Stimmen angenommen . 234 Abgeordnete stimmten dagegen, es gab 23 Enthaltungen. Aus der Fraktion der FDP stimmten Volker Redder und Linda Teuteberg gegen den Gesetzentwurf."
5382,2024-01-31,Haushalt 2024 - Etat des Bundeskanzlers,"Öffentliche Finanzen, Steuern und Abgaben|Staat und Verwaltung",Haushaltsausschuss,https://dserver.bundestag.de/btd/20/078/2007800.pdf,"Im Rahmen der Debatte um den Haushaltsplan des Bundeskanzlers und des Bundeskanzleramts wurde namentlich über den Einzelplan 04 des Haushaltsgesetzes 2024 in der vom Haushaltsausschuss geänderten Fassung abgestimmt. Der Einzelplan 04 befasst sich unter anderem mit dem Etat des Bundeskanzleramts, der für 2024 Ausgaben in Höhe von 3,87 Milliarden Euro vorsieht. Die Einnahmen sollen auf 568,7 Millionen Euro (gegenüber 166,5 Millionen Euro im Jahr 2023) steigen. Der Etat des Kanzleramts umfasst u.a. die Ausgaben der Beauftragten der Bundesregierung für Kultur und Medien ( Claudia Roth ), der Beauftragten der Bundesregierung für Migration, Flüchtlinge und Integration ( Reem Alabali-Radovan ) und des Beauftragten der Bundesregierung für Ostdeutschland ( Carsten Schneider ). Der Einzelplan 04 in der Ausschussfassung wurde mit den Stimmen von 386 Abgeordneten angenommen . 293 Abgeordnete stimmten dagegen. Es gab keine Enthaltungen."
5381,2024-02-01,Änderung des Bundeswahlgesetzes ,"Bundestag|Politisches Leben, Parteien",Ausschuss für Inneres und Heimat,https://dserver.bundestag.de/btd/20/088/2008867.pdf,"Der von den Ampelfraktionen eingebrachte Gesetzentwurf schlägt eine Anpassung der Wahlkreiseinteilung vor. Aufgrund der Bevölkerungsentwicklung sollen die Bundestagswahlkreise in Sachsen-Anhalt von neun auf acht reduziert werden. Konkret betrifft die Neueinteilung den Wahlkreis Anhalt, der aufgelöst wird. Bayern gewinnt im Gegenzug einen Wahlkreis hinzu, Teile der bisherigen Wahlkreise Augsburg-Land, Neu-Ulm und Ostallgäu sollen zum neuen Wahlkreis ""Memmingen - Unterallgäu"" zusammengefasst werden. Die Auswahl des neuen Wahlkreises wird damit begründet, dass die Wahlkreise Augsburg-Land und Ostallgäu den Bevölkerungsdurchschnitt aller Wahlkreise um 25 Prozent überschreiten, wodurch eine Neueinteilung dringend erforderlich sei. Eine Beschlussempfehlung des Ausschusses für Inneres und Heimat empfiehlt die Annahme des Gesetzentwurfes und bietet eine Übersicht über die Beratungsergebnisse im federführenden Ausschuss. Die namentliche Abstimmung erfolgte auf Grundlage dieser Beschlussempfehlung. Der Gesetzentwurf der Ampelfraktionen in der Ausschussfassung wurde mit 381 Stimmen angenommen . 276 Abgeordnete stimmten dagegen, 12 enthielten sich."
5384,2024-02-02,Haushaltsgesetz 2024,"Öffentliche Finanzen, Steuern und Abgaben",Haushaltsausschuss,https://dserver.bundestag.de/btd/20/078/2007800.pdf,"Der Entwurf der Bundesregierung für das Haushaltsgesetz 2024 sieht eine Erhöhung der Ausgaben des Bundes um 3,4 % im Vergleich zum Vorjahr vor. Demnach sollen im Jahr 2024 Ausgaben in Höhe von 476,81 Milliarden Euro getätigt werden können, es sind bis zu 39,03 Milliarden Euro an zusätzlichen Schulden geplant. Damit soll die Schuldenbremse seit dem Ausbruch der Corona-Pandemie erstmalig wieder eingehalten werden. Im Dezember 2023 hatte der Bundestag bereits ein erstes Haushaltsfinanzierungsgesetz beschlossen, das sich beispielsweise mit angepassten Elternbezügen und der Einkommensgrenze für Alleinerziehende befasst. Auch über das Nachtragshaushaltsgesetz 2023 wurde bereits im vergangenen Jahr abgestimmt. In der namentlichen Schlussabstimmung wurde das Haushaltsgesetz 2024 mit 388 Stimmen angenommen . 279 Abgeordnete stimmten dagegen, es gab keine Enthaltungen. Zu dem Haushaltsgesetz 2024 lagen mehrere Beschlussempfehlungen vor. Im Zuge der Schlussabstimmung wurde auch über einen Änderungsantrag der CDU/CSU-Fraktion namentlich abgestimmt, der eine Beibehaltung der Steuervorteile beim Agrardiesel vorsieht. Der Änderungsantrag wurde mit 375 Stimmen abgelehnt . 284 Abgeordnete stimmten dafür, vier enthielten sich. Neben den Abgeordneten der CDU/CSU-Fraktion sowie der AfD-Fraktion stimmten auch Muhanad Al-Halak , Nicole Bauer , Wolfgang Kubicki und Karlheinz Busen von der FDP-Fraktion für den Antrag. Ein Entschließungsantrag der AfD-Fraktion wurde ebenfalls abgelehnt. Darin fordert die Fraktion, vor dem Bundesverfassungsgericht die Feststellung der Nichtigkeit des Haushaltsgesetzes 2024 zu beantragen. 585 Abgeordnete stimmten gegen den Antrag , 65 Abgeordnete - darunter die anwesenden Mitglieder der AfD-Fraktion sowie vier fraktionslose Abgeordnete - stimmten dafür."
5413,2024-02-22,Veränderungen in der deutschen Außen- und Sicherheitspolitik erforderlich,Außenpolitik und internationale Beziehungen|Verteidigung,,https://dserver.bundestag.de/btd/20/103/2010379.pdf,"Die Unionsfraktion fordert die Bundesregierung in ihrem eingebrachten Antrag zu einer Neuausrichtung der Außen-, Sicherheits- und Verteidigungspolitik auf. In den insgesamt 28 Forderungen geht es unter anderem darum, die Ukraine mit der Lieferung von verfügbaren Waffensystemen (z.B. TAURUS-Marschflugkörpern) zu unterstützen und die Sanktionen gegen Russland weiter zu verschärfen. Außerdem seien laut Unionsfraktion eine neue nationale Sicherheitsstrategie, mehr Befugnisse für die Nachrichtendienste und die Schaffung eines nationalen Sicherheitsrates erforderlich. Insgesamt solle die Verteidigung als gesamtstaatliche Aufgabe betrachtet und ein Konzept zur Gesamtverteidigung Deutschlands erarbeitet werden. Der Antrag der CDU/CSU-Fraktion wurde mit 480 Stimmen abgelehnt . 181 Abgeordnete stimmten dafür, darunter auch Marie-Agnes Strack-Zimmermann (FDP-Fraktion) und Rainer Kraft (AfD-Fraktion). Es gab fünf Enthaltungen. Von der Unionsfraktion stimmte Jens Koeppen gegen den Antrag und Mario Czaja enthielt sich."
5414,2024-02-22,Militärische Unterstützung für die Ukraine,Außenpolitik und internationale Beziehungen|Verteidigung,,https://dserver.bundestag.de/btd/20/103/2010375.pdf,"Die Koalitionsfraktionen sprechen sich in ihrem Antrag für die militärische Unterstützung der Ukraine aus, beispielsweise durch die Lieferung von Waffensystemen und Munition. Außerdem gehöre dazu der Transport von Ersatzteilen, die Instandsetzung der Rüstungsgüter und die Erhöhung der Kapazitäten für die Rüstungs- und Munitionsproduktion. Ausgelieferte Güter aus dem Bestand der Bundeswehr sollen schnellstmöglich nachbeschafft werden. Gefordert wird von den Fraktionen der SPD, BÜNDNIS 90/DIE GRÜNEN und FDP auch, dass die Sanktionen gegen Russland verschärft und wirksamer umgesetzt werden. Der Antrag der Koalitionsfraktionen wurde mit 381 Jastimmen zu 284 Neinstimmen angenommen . Enthalten haben sich Albrecht Glaser (AfD-Fraktion) und Johannes Huber (fraktionslos)."
5397,2024-02-23,Einsatz der Bundeswehr im Roten Meer ,Außenpolitik und internationale Beziehungen|Verteidigung,Auswärtiger Ausschuss,https://dserver.bundestag.de/btd/20/103/2010347.pdf,"Der Antrag der Bundesregierung sieht die Beteiligung deutscher Streitkräfte an der durch die Europäische Union geführten Operation EUNAVFOR ASPIDES vor. Das Einsatzgebiet soll die Meerenge von Bab al-Mandab und die Straße von Hormus sowie die internationalen Gewässer im Roten Meer, im Golf von Aden, im Arabischen Meer, im Golf von Oman und im Persischen Golf umfassen. Die Bundesregierung begründet ihren Antrag mit den Angriffen der Huthi-Miliz auf die internationale Schiffahrt, die großen wirtschaftlichen Schaden auch für Deutschland verursache. Das Mandat soll bis Ende Februar 2025 befristet sein und es sollen einsatzbedingte Zusatzausgaben in Höhe von rund 55,9 Millionen Euro entstehen. Bis zu 700 Soldat:innen sollen eingesetzt werden können. Der Auswärtige Ausschuss empfiehlt die Annahme des Antrages. Der Antrag der Bundesregierung wurde mit 538 Stimmen angenommen . 31 Abgeordnete stimmten dagegen, es gab vier Enthaltungen bei der AfD-Fraktion."
5418,2024-02-23,Cannabisgesetz,Gesundheit|Recht,Gesundheitsausschuss|Haushaltsausschuss,https://dserver.bundestag.de/btd/20/087/2008704.pdf,"Nach intensiven politischen Debatten wurde über den Gesetzentwurf der Bundesregierung zum kontrollierten Anbau von Cannabis und zur Änderung weiterer Vorschriften namentlich abgestimmt. Ab dem 1. April soll der Besitz von bis zu 50 Gramm Cannabis für den Eigenkonsum im privaten Raum erlaubt werden. Die Höchstgrenze im öffentlichen Raum soll bei 25 Gramm liegen. Erlaubt werden soll zudem der private Anbau von bis zu drei Pflanzen. Ab dem 1. Juli 2024 soll auch der gemeinschaftliche Anbau und die kontrollierte Abgabe in sogenannten Cannabis-Clubs möglich sein, die jeweils bis zu 500 Mitglieder haben dürfen. Alle Besitz- und Abgaberegeln gelten ausschließlich für Erwachsene und das Gesetz sieht viele Vorgaben zur Einhaltung des Jugendschutzes vor. Zur Abstimmung lag zudem eine Beschlussempfehlung und Bericht des Ausschusses für Gesundheit vor. Darin wird die Ablehnung des Antrags der CDU/CSU-Fraktion und des Antrags der AfD-Fraktion empfohlen, die sich gegen die Freigabe von Cannabis aussprechen. Über die Beschlussempfehlung wurde nicht namentlich abgestimmt. Der Gesetzentwurf der Bundesregierung wurde mit 404 Stimmen angenommen , 226 Abgeordnete stimmten gegen den Antrag. Es gab vier Enthaltungen. Die Ampelfraktionen sowie die Gruppe Die Linke stimmten für den Gesetzentwurf, auch die Gruppe BSW stimmte mehrheitlich dafür. Aus der SPD-Fraktion wichen vier Personen von der Parteilinie ab und stimmten gegen den Gesetzentwurf: Jürgen Berghahn , Sebastian Fiedler , Sebastian Hartmann und Herbert Wollmann . In der FDP-Fraktion stimmte Katja Adler dagegen, Ingo Bodtke und Nicole Westig enthielten sich. Aus der AfD-Fraktion gab es eine Stimme für den Gesetzentwurf von Roger Beckamp ."
5421,2024-02-23,Vermittlungs­ergebnis zum Wachstums­chancengesetz,"Öffentliche Finanzen, Steuern und Abgaben|Wirtschaft",,https://dserver.bundestag.de/btd/20/104/2010410.pdf,"Die von dem Vermittlungsausschuss vorgelegte Beschlussempfehlung zu dem Wachstumschancengesetz der Bundesregierung sieht verschiedene Änderungen des ursprünglichen Gesetzentwurfes vor. So sollen unter anderem die Klimaschutz-Insvestitionsprämie gestrichen und die Besteuerung von Renten sowie weitere Regelungen im Einkommenssteuerrecht geändert werden. Der Vermittlungsausschuss wurde angerufen, nachdem das Wachstumschancengesetz der Bundesregierung am 24. November 2023 keine Mehrheit im Bundesrat erhalten hatte. Aufgabe des Gremiums ist es, in diesen Fällen einen Konsens zwischen Bundestag und Bundesrat zu finden. Die Beschlussempfehlung wurde mit 375 Stimmen der Ampelfraktionen angenommen . 267 Abgeordnete der restlichen Fraktionen und Gruppen stimmten dagegen, es gab eine Enthaltung von Stefan Seidler . Über den erarbeiteten Kompromiss des Vermittlungsausschusses muss nun neben dem Bundestag auch der Bundesrat neu entscheiden."
5459,2024-03-14,Keine Lieferung von Taurus-Marschflugkörpern an die Ukraine (Beschlussempfehlung),Außenpolitik und internationale Beziehungen|Verteidigung,Auswärtiger Ausschuss,https://dserver.bundestag.de/btd/20/091/2009143.pdf,"Neben der Lieferung von Taurus-Marschflugkörpern an die Ukraine fordert die Fraktion der CDU/CSU die Bundesregierung in ihrem Antrag auf, ukrainische Soldat:innen auch für den Einsatz am Waffensystem auszubilden, um Russland militärisch zurückdrängen zu können. Außerdem sollen die durch die Abgabe an die Ukraine entstehenden Ausrüstungslücken bei der Bundeswehr durch Nachbeschaffung schnellstmöglich geschlossen werden. Namentlich abgestimmt wurde über die Beschlussempfehlung des Auswärtigen Ausschusses zu dem Antrag der CDU/CSU-Fraktion. Der Auswärtige Ausschuss empfiehlt darin die Ablehnung des Antrages. Die Beschlussempfehlung wurde mit 494 Stimmen angenommen , der Antrag der CDU/CSU-Fraktion wurde somit abgelehnt. Aus der CDU/CSU-Fraktion stimmten Mario Czaja , Jens Koeppen und Emmi Zeulner für die Beschlussempfehlung. 188 Abgeordnete stimmten dagegen, darunter auch Wolfgang Kubicki und Marie-Agnes Strack-Zimmermann (beide FDP-Fraktion) sowie Rainer Kraft (AfD-Fraktion). Es gab fünf Enthaltungen, unter anderem aus den Fraktionen der CDU/CSU und AfD."
5469,2024-03-20,Forderung nach Steuervergünstigung für Agrardiesel ablehnen,"Energie|Landwirtschaft und Ernährung|Öffentliche Finanzen, Steuern und Abgaben",Finanzausschuss,https://dserver.bundestag.de/btd/20/100/2010055.pdf,"Die AfD-Fraktion fordert, die Steuervergünstigung für Agrardiesel für 2024 beizubehalten. Zur Finanzierung sollen laut Antrag die Mittel für den Abbau der Nutztierhaltung und der Wiedervernässung von Mooren aus dem Einzelplan 10 des Bundeshaushalts für 2024 gestrichen werden. Der Finanzausschuss hat zu dem Antrag eine Beschlussempfehlung vorgelegt, welche die Ablehnung empfiehlt. Über die Beschlussemfpehlung wurde namentlich abgestimmt. Die Beschlussempfehlung wurde mit 554 Stimmen angenommen. 64 Abgeordnete stimmten dagegen, es gab keine Enhaltungen."
5465,2024-03-22,Verlängerung des Bundes­wehreinsatzes in Südsudan (UNMISS),Außenpolitik und internationale Beziehungen|Verteidigung,Auswärtiger Ausschuss|Haushaltsausschuss,https://dserver.bundestag.de/btd/20/101/2010160.pdf,"Der Antrag der Bundesregierung sieht die Fortsetzung des Bundeswehreinsatzes in Südsudan vor, welcher Teil der UN-Mission ""UNMISS"" (United Nations Mission in the Republic of South Sudan) ist. Das Mandat ist bis Ende März 2025 befristet und war zuletzt bei einer Abstimmung im März 2023 verlängert worden. Ziel der Mission sei es, Zivilpersonen zu schützen, die Menschenrechtslage zu beobachten und bei der Umsetzung des Friedensabkommens und des Friedensprozesses zu unterstützen. Die einsatzbedingten Zusatzausgaben sollen bei rund 1,3 Millionen Euro liegen. Der Auswärtige Ausschuss legte dazu eine Beschlussempfehlung vor, welche die Annahme des Antrags empfiehlt. Der Antrag der Bundesregierung wurde mit 610 Stimmen angenommen . 48 Abgeordnete stimmten dagegen, es gab zwei Enthaltungen. Dagegen stimmten unter anderen Jan Dieren von der SPD-Fraktion, Canan Bayram von der Fraktion Bündnis90/Die Grünen und Jens Koeppen von der CDU/CSU-Fraktion."
5466,2024-03-22,Verlängerung des Bundeswehreinsatzes SEA GUARDIAN im Mittelmeer,Außenpolitik und internationale Beziehungen|Verteidigung,Auswärtiger Ausschuss|Haushaltsausschuss,https://dserver.bundestag.de/btd/20/101/2010161.pdf,"Der Bundestag stimmte über einen Antrag der Bundesregierung ab, der die Verlängerung der Bundeswehrbeteiligung an der NATO-Operation SEA GUARDIAN im Mittelmeer vorsieht. Das Mandat soll bis Ende März 2025 befristet sein und war zuletzt bei einer Abstimmung im März 2023 verlängert worden. Für den Einsatz sollen wie bisher 550 Soldat:innen eingesetzt werden. Auftrag ist die Überwachung des Seegebiets im Mittelmeerraum, die Bekämpfung von Terrorismus und die Verhinderung von Waffenschmuggel. Die einsatzbedingten Zusatzausgaben sollen laut Bundesregierung bei rund 1,9 Millionen Euro liegen. Der Auswärtige Ausschuss empfiehlt in einer vorgelegten Beschlussempfehlung die Annahme des Antrages. Der Antrag der Bundesregierung wurde mit 563 Stimmen angenommen . 109 Abgeordnete stimmten dagegen, zwei enthielten sich. Dagegen stimmten unter anderen Jan Dieren und Ruppert Stüwe von der SPD-Fraktion, Canan Bayram und Erhard Grundl von der Fraktion Bündnis 90/Die Grünen und Jens Koeppen von der CDU/CSU-Fraktion."
5489,2024-04-12,Änderung des Energiewirtschaftsgesetzes,Energie,Ausschuss für Klimaschutz und Energie,https://dserver.bundestag.de/btd/20/100/2010014.pdf,"Die Bundesregierung möchte mit ihrem eingebrachten Gesetzentwurf zur Änderung des Energiewirtschaftsgesetzes einen Rechtsrahmen für die Entwicklung einer nationalen Wasserstoffinfrastruktur schaffen und einen schnellen und kostengünstigen Hochlauf des Wasserstoffmarktes ermöglichen. So sollen laut Gesetzentwurf unter anderem die Versorgungssicherheit gewährleistet und saubere, sichere und bezahlbare Energie vorangetrieben werden. Außerdem soll der Hochlauf des Wasserstoffmarktes der Dekarbonisierung, also der Umstellung von fossilen Brennstoffen auf erneuerbare Energiequellen, dienen. Neben der Schaffung eines Wasserstoff-Kernnetzes, sollen zukünftig auch weitere Wasserstoffverbraucher und -erzeuger sowie Wasserstoffspeicher angebunden werden. Zu dem Gesetzentwurf der Bundesregierung lag eine Beschlussempfehlung des Ausschusses für Klimaschutz und Energie vor. Der Ausschuss empfiehlt darin die Annahme des Gesetzentwurfes in geänderter Fassung. Der Gesetzentwurf der Bundesregierung wurde mit 347 Stimmen angenommen . 202 Abgeordnete stimmten dagegen, es gab 16 Enthaltungen. Für den Gesetzentwurf votierten neben den Abgeordneten der Ampelfraktionen auch Akbulut Gökay (Gruppe Die Linke) und Stefan Seidler (fraktionslos)."
5496,2024-04-12,Selbstbestimmungsgesetz,"Gesellschaftspolitik, soziale Gruppen","Ausschuss für Familie, Senioren, Frauen und Jugend",https://dserver.bundestag.de/btd/20/090/2009049.pdf,"Der Bundestag hat namentlich über einen Gesetzentwurf der Bundesregierung abgestimmt, der es künftig erleichtern soll, den eigenen Geschlechtseintrag zu ändern. Mit dem sogenannten Selbstbestimmungsgesetz soll es ab dem 1. November für volljährige Menschen möglich sein, sowohl den Geschlechtseintrag als auch den Vornamen per einfacher Selbstauskunft beim Standesamt zu ändern, wenn dies drei Monate zuvor angemeldet wurde. Die Vorlage einer ärztlichen Bescheinigung oder eines Sachverständigengutachtens ist künftig nicht mehr notwendig. Mit der neuen Regelung, die sowohl für trans- und intergeschlechtliche als auch für nichtbinäre Personen gelten soll, wird das bisher geltende Transsexuellengesetz aufgehoben, das im Jahr 1981 in Kraft trat. Zu dem Gesetzentwurf der Bundesregierung lag eine Beschlussempfehlung des Ausschusses für Familie, Senioren, Frauen und Jugend vor. Der Gesetzentwurf wurde mit 372 Stimmen angenommen . 251 Abgeordnete stimmten dagegen, es gab elf Enthaltungen. Mehrheitlich dafür stimmten die Fraktionen SPD, Bündnis 90/Die Grünen, FDP und die Gruppe Die Linke. Aus der FDP-Fraktion stimmten jedoch auch neun Abgeordnete gegen den Entwurf: Katja Adler , Jens Beeck , Ingo Bodtke , Knut Gerschau , Gero Hocker , Christian Sauter , Matthias Seestern-Pauly , Linda Teuteberg und Nico Tippelt. Aus der Fraktion der SPD enthielten sich Leni Breymaier und Jasmina Hostert . Die Fraktionen der CDU/CSU, der AfD und die Gruppe BSW stimmten gegen den Entwurf. Aus der CDU/CSU-Fraktion enthielt sich Jan-Marco Luczak ."
5507,2024-04-25,Verlängerung des Bundeswehreinsatzes im Mittelmeer (EUNAVFOR MED IRINI),Außenpolitik und internationale Beziehungen|Verteidigung,Auswärtiger Ausschuss|Haushaltsausschuss,https://dserver.bundestag.de/btd/20/105/2010508.pdf,"Die Bundesregierung schlägt in ihrem Antrag vor, die Beteiligung deutscher Streitkräfte an der durch die Europäische Union geführten Operation EUNAVFOR MED IRINI bis zum 30. April 2025 zu verlängern. Zuletzt war das Mandat bei einer Abstimmung im April 2023 um ein Jahr verlängert worden. Ziel der Operation ist unter anderem die Durchsetzung des Waffenembargos der Vereinten Nationen gegen Libyen und die Unterbindung von Menschenschmuggel und illegalen Öl-Exporten. Außerdem soll die Bundeswehr Aufgaben wie die Seeraumüberwachung und -aufklärung übernehmen. Vorgesehen sind für den Einsatz bis zu 300 Soldat:innen, die einsatzbedingten Zusatzausgaben sollen laut Bundesregierung bei ca. 38,5 Mio. Euro liegen. Zu dem Antrag der Bundesregierung lag eine Beschlussempfehlung des Auswärtigen Ausschusses vor, über welche namentlich abgestimmt wurde. Darin wird die Annahme des Antrages empfohlen. Die Beschlussempfehlung wurde mit 554 Stimmen angenommen . Dafür stimmten mehrheitlich die Fraktionen der SPD, CDU/CSU, B90/GRÜNE und FDP sowie der fraktionslose Abgeordnete Stefan Seidler . 100 Abgeordnete stimmten dagegen, darunter auch Jan Dieren , Nadja Sthamer , Ruppert Stüwe , Maja Wallstein (alle vier SPD-Fraktion) und Canan Bayram (B90/GRÜNE). Enthalten haben sich Jens Koeppen (CDU/CSU-Fraktion) und Jörn König (AfD-Fraktion)."
5522,2024-04-26,Änderung des Erneuerbare-Energien-Gesetzes,Energie,Ausschuss für Klimaschutz und Energie|Haushaltsausschuss,https://dserver.bundestag.de/btd/20/086/2008657.pdf,"Der Bundestag hat über einen Gesetzentwurf der Bundesregierung zur Änderung des Erneuerbare-Energien-Gesetzes (Solarpaket I) abgestimmt. Um die Ausbauziele erneuerbarer Energien zu erreichen, soll der jährliche Zubau an Photovoltaik auf bis zu 22 Gigawatt im Jahr 2026 gesteigert und der Ausbau von Solaranlagen insgesamt erleichtert und beschleunigt werden. Dazu sollen unter anderem Genehmigungsprozesse verkürzt und der Zubau zur Hälfte auf Dächern und zur anderen Hälfte in der Fläche erfolgen. Außerdem sollen Planung und Ausbau insgesamt bürokratieärmer werden. Laut Bundesregierung sei das Gesetz notwendig, um die deutschen Klimaziele zu erreichen und eine möglichst hohe Zahl an Maßnahmen schnellstmöglich umsetzen zu können. Zu dem Gesetzentwurf der Bundesregierung lagen eine Beschlussempfehlung des Ausschusses für Klimaschutz und Energie sowie ein Bericht des Haushaltsausschusses zur Finanzierbarkeit vor. Mit 384 Stimmen wurde der Gesetzentwurf angenommen . Dagegen stimmten 79 Abgeordnete. Neben den Abgeordneten der AfD-Fraktion und der Gruppe BSW stimmten auch sechs Abgeordnete aus der CDU/CSU-Fraktion sowie zwei fraktionslose Abgeordnete dagegen. Es gab 200 Enthaltungen aus der Fraktion der CDU/CSU, der Gruppe DIE LINKE sowie von Michael Kruse (FDP-Fraktion) und Johannes Huber (fraktionslos)."
5540,2024-05-16,Keine Ablehnung des WHO-Pandemievertrags,Gesundheit,Gesundheitsausschuss,https://dserver.bundestag.de/btd/20/103/2010391.pdf,"Die AfD-Fraktion fordert in einem Antrag die Ablehnung der geänderten internationalen Gesundheitsvorschriften und des beabsichtigten Pandemievertrags der Weltgesundheitsorganisation (WHO). Außerdem fordert die Fraktion die Bundesregierung auf, bis zum 1. Juni 2025 einen Untersuchungsbericht zur Rolle der WHO während der Corona-Pandemie vorzulegen und sich für die Entwicklung eines Finanzierungsmodell zur Sicherung der Unabhängigkeit der WHO einzusetzen. Zu dem Antrag lag eine Beschlussempfehlung des Ausschusses für Gesundheit vor, welcher die Ablehnung empfiehlt. Über die Beschlussempfehlung wurde namentlich abgestimmt. Die Beschlussempfehlung wurde mit 581 Stimmen angenommen . 71 Abgeordnete stimmten dagegen, es gab eine Enthaltung. Damit wurde der Antrag der AfD abgelehnt."
5568,2024-06-05,Keine Ab­schaf­fung des Solidaritäts­zuschlags,"Arbeit und Beschäftigung|Öffentliche Finanzen, Steuern und Abgaben",Finanzausschuss,https://dserver.bundestag.de/btd/20/111/2011149.pdf,"Die AfD-Fraktion hat einen Antrag zur namentlichen Abstimmung vorgelegt, in welchem die Abschaffung des Solidaritätszuschlags gefordert wird. Laut Antrag sei der Solidaritätszuschlag 1995 eingeführt worden, um den Bund bei der Finanzierung des ""Aufbaus Ost"" zu entlasten, nach dem Auslaufen des Solidarpaktes II zum 31.12.2019 fehle es dem Zuschlag allerdings an verfassungsrechtlicher Legitimation. Die AfD-Fraktion fordert außerdem, in einem weiteren Schritt die Abgabenlast für Arbeitnehmer:innen und die Steuersätze für Unternehmen im Zuge einer umfangreichen Steuerreform zu senken und so insgesamt international wettbewerbsfähiger zu machen. In einer entsprechenden Beschlussempfehlung empfiehlt der Finanzausschuss die Ablehnung des Antrags. Namentlich abgestimmt wurde über die Beschlussempfehlung. Sie wurde mit 537 Stimmen angenommen . 62 Abgeordnete stimmten dagegen und somit für den Antrag der AfD zur Abschaffung des Solidaritätszuschlags. Es gab keine Enthaltungen."
5569,2024-06-06,Verbesserung des Klimaschutzes beim Immissionsschutz,Energie|Europapolitik und Europäische Union|Umwelt,"Ausschuss für Umwelt, Naturschutz, nukleare Sicherheit und Verbraucherschutz",https://dserver.bundestag.de/btd/20/075/2007502.pdf,"Die Bundesregierung will mit dem Gesetzentwurf "" zur Verbesserung des Klimaschutzes beim Immissionsschutz, zur Beschleunigung immissionsschutzrechtlicher Genehmigungsverfahren und zur Umsetzung von EU-Recht "" die Erreichung der Klimaschutzziele vorantreiben. So sollen beispielsweise Genehmigungsverfahren vereinfacht werden, um Windkraftenergieanlagen zukünftig schneller zu bauen. Zudem sollen die Genehmigungsfristen durch Behörden nicht unbeschränkt verlängert werden können. Außerdem soll ""Klima"" als konkretes Schutzgut in das Bundes-Immissionsschutzgesetz aufgenommen werden, um eine sicherere Rechtsgrundlage zu schaffen. Mit dem Gesetzentwurf werden außerdem einzelne EU-rechtliche Vorgaben umgesetzt, wie z.B. die Beteiligung der Öffentlichkeit an Genehmigungsverfahren. Der Ausschuss für Umwelt, Naturschutz, nukleare Sicherheit und Verbraucherschutz hatte eine Beschlussempfehlung vorgelegt, in der die Annahme des Gesetzentwurfes in geänderter Fassung empfohlen wird. Die Änderungen enthielten beispielsweise Erleichterungen im Genehmigungsverfahren auch für weitere Industrieanlagen, v.a. im Bereich der Erneuerbaren Energien. Der Gesetzentwurf wurde in der Fassung des Umweltausschuss von den Abgeordneten mit 377 Ja-Stimmen gegen 257 Nein-Stimmen bei neun Enthaltungen angenommen ."
5570,2024-06-06,Ablehnung eines Antrags zur Bekämpfung der Gefahr durch den politischen Islam ,Innere Sicherheit|Migration und Aufenthaltsrecht,Ausschuss für Inneres und Heimat,https://dserver.bundestag.de/btd/20/113/2011393.pdf,"Die Fraktion der CDU/CSU fordert in einem Antrag mit dem Titel "" Den politischen Islam als Gefahr für unsere freiheitliche Demokratie jetzt wirksam bekämpfen "" die Bundesregierung zur Umsetzung verschiedener Maßnahmen auf. So soll die Regierung unter anderem einen Gesetzentwurf vorlegen, wonach es strafbar sein soll, öffentlicht zur Abschaffung der freiheitlich demokratischen Grundordnung aufzurufen. Außerdem sollte laut Antrag in diesen Fällen bei einer weiteren Staatsbügerschaft die deutsche Staatsbürgerschaft entzogen, ein besonders schwerwiegendes Ausweisungsinteresse eingeführt und die Erteilung eines Aufenthaltstitels versagt werden. Auch Leistungsansprüche im Asylbewerberleistungsgesetz und im Sozialrecht sollen dann entfallen. Neben weiteren Forderungen sieht der Antrag auch vor, Vereine und Organisationen, die in Deutschland ein islamistisches System errichten möchten, zu verbieten und gegen die Radikalisierung von Kindern und Jugendlichen im digitalen Bereich vorzugehen. Zu dem Antrag lag eine Beschlussempfehlung des Ausschusses für Inneres und Heimat vor, über die namentlich abgestimmt wurde. Darin wird die Ablehnung des Antrags empfohlen. Die Beschlussempfehlung zum Antrag der CDU/CSU-Fraktion wurde mit 407 Jastimmen zu 241 Gegenstimmen angenommen . Es gab eine Enthaltung von Melis Sekmen (BÜNDNIS 90/DIE GRÜNEN). Der Antrag der CDU/CSU-Fraktion fand demnach keine ausreichende Mehrheit."
5591,2024-06-13,Konsequenzen aus der tödlichen Messerattacke in Mannheim,Innere Sicherheit|Migration und Aufenthaltsrecht,,https://dserver.bundestag.de/btd/20/117/2011758.pdf,"Die Abgeordneten des Bundestages haben über einen Antrag der Unionsfraktion abgestimmt, der sich mit der tödlichen Messerattacke auf einen Polizisten Ende Mai in Mannheim befasst. In dem Antrag fordert die Fraktion die Bundesregierung auf, „den Bundesländern jede mögliche Unterstützung zukommen zu lassen, damit abgelehnte Asylbewerber konsequent in ihre Herkunftsländer zurückgeführt werden, gegebenenfalls über deren Nachbarstaaten“. Dies müsse auch für Gefährder und Straftäter aus Afghanistan, Syrien, Eritrea, Somalia und Libyen gelten. Zudem solle bei Straftätern und Gefährdern ohne deutschen Pass ein Ausreisearrest geschaffen werden, in dem diese Personen so lange verweilen, bis sie die Rückreise in ihre Heimat freiwillig antreten. Die Unionsfraktion spricht sich in dem Antrag ebenfalls für die Aufrechterhaltung der Grenzkontrollen an den deutschen Binnengrenzen aus, die auch die Zurückweisung von Personen vorsehen. Der Antrag der CDU/CSU-Fraktion wurde mit 253 Stimmen zu 399 Gegenstimmen abgelehnt . Es gab elf Enthaltungen."
5592,2024-06-13,"Ablehnung eines Antrags zum Verbot des Vereins ""Muslim Interaktiv""","Gesellschaftspolitik, soziale Gruppen",Ausschuss für Inneres und Heimat,https://dserver.bundestag.de/btd/20/113/2011372.pdf,"Die AfD-Fraktion fordert in einem Antrag den deutschen Bundestag dazu auf, sich für ein Verbot des Vereins „Muslim Interaktiv“ auszusprechen, da sich das Wirken der Organisation gegen die freiheitlich-demokratische Grundordnung richte. Die AfD-Fraktion bezieht sich in ihrem Antrag auf eine von „Muslim Interaktiv“ veranstaltete Demonstration Ende April in Hamburg bei der die Errichtung eines Kalifats und die Einführung der Scharia in Deutschland gefordert worden sei. Zum Antrag lag eine Beschlussempfehlung des Ausschusses für Inneres und Heimat vor, in der die Ablehnung des Antrags empfohlen wird. Über die Beschlussempfehlung wurde namentlich abgestimmt. 577 Abgeordnete stimmten für die Beschlussempfehlung, 68 dagegen. Es gab elf Enthaltungen. Das Parlament lehnte den Antrag der AfD-Fraktion somit ab."
5593,2024-06-13,Zweite Beratung zur Aufhebung des Lieferkettengesetzes ohne Beratung in den Ausschüssen,Außenwirtschaft,,https://dserver.bundestag.de/btd/20/117/2011752.pdf,"Die CDU/CSU-Fraktion hat einen Gesetzentwur f zur Abstimmung eingebracht, mit dem sie das am 1. Januar 2023 in Kraft getretene Lieferkettengesetz sofort aufheben will. Das Gesetz verpflichtet Unternehmen ab einer Größe von 1.000 Mitarbeitenden dazu, den Schutz von Menschenrechten und Umweltrisiken in ihren Lieferketten zu beachten. Mit der namentlichen Abstimmung beantragt die Unionsfraktion direkt in die zweite Beratung der Gesetzesvorlage einzutreten, ohne dass diese vorher in den Ausschüssen beraten wird. 250 Abgeordnete stimmten für den Geschäftsordnungsantrag, 401 Abgeordnete lehnten ihn ab, es gab eine Enthaltung. Der Antrag der Unionsfraktion wurde somit abgelehnt . Um ohne Ausschussüberweisung in die zweite Beratung einzutreten, wäre nach der Geschäftsordnung des Bundestages eine Zweidrittelmehrheit erforderlich gewesen. Der Gesetzentwurf wird nun zur weiteren Beratung an den federführenden Ausschuss überwiesen."
5602,2024-06-27,Verlängerung des Bundeswehreinsatzes im Kosovo (KFOR 2024/2025),Außenpolitik und internationale Beziehungen|Verteidigung,Auswärtiger Ausschuss|Haushaltsausschuss,https://dserver.bundestag.de/btd/20/115/2011565.pdf,"Mit ihrem Antrag fordert die Bundesregierung den Bundestag auf, den Bundeswehreinsatz im Kosovo um ein weiteres Jahr zu verlängern. Zuletzt war im Mai 2023 darüber abgestimmt worden (s. namentliche Abstimmung ). Wie bisher sollen 400 deutsche Soldat:innen die NATO-geführte internationale Sicherheitspräsenz im Kosovo (KFOR) unterstützen. Für die beteiligten Kräfte der Bundeswehr ergeben sich laut Antrag der Bundesregierung unter anderem folgende Aufgaben: Sicherstellung der öffentlichen Sicherheit und Ordnung, Unterstützung und Koordination der internationalen humanitären Hilfe und internationalen zivilen Präsenz in der Republik Kosovo und die Ausbildung lokaler Kräfte als Unterstützung der Entwicklung einer stabilen, demokratischen, multiethnischen und friedlichen Republik Kosovo. Zentrales Anliegen der Bundesregierung sei eine „umfassende, nachhaltige, rechtsverbindliche Normalisierung der Beziehungen zwischen Kosovo und Serbien“ und bilateral in Bezug auf Kosovo eine politische, rechtsstaatliche und wirtschaftlich-soziale Stabilisierung sowie die Unterstützung der EU-Annäherung. Grundlage für die internationale Sicherheitspräsenz ist die UN-Resolution 1244 (1999) . Die Kosten für die einsatzbedingten Zusatzausgaben beziffert die Bundesregierung auf insgesamt rund 21,8 Millionen Euro. Die Sicherheitslage in der Republik Kosovo ist überwiegend stabil. Jedoch ist laut Bundesregierung die Sicherheitslage im mehrheitlich ethnisch serbischen Norden des Kosovos seit 2022 angespannt. Im Mai 2023 gab es in der nördlichen Gemeinde Zvečan gewalttätige Auseinandersetzungen, bei denen zahlreiche KFOR-Soldat:innen und Zivilist:innen teils schwer verletzt wurden. Auch der Angriff schwerbewaffneter paramilitärischer kosovoserbischer Kräfte in Banjska im September 2024 stellt eine Eskalation und Verschlechterung der Sicherheitslage dar. Neben den gewalttätigen Übergriffen haben zuletzt auch politische Spannungen zugenommen. Zu dem Antrag der Bundesregierung lag eine Beschlussempfehlung des Auswärtigen Ausschusses vor, über welche namentlich abgestimmt wurde und worin die Zustimmung empfohlen wird. Zudem lag ein Bericht des Haushaltsausschusses vor, demzufolge der Antrag mit der aktuellen Haushaltslage vereinbar sei. Die Beschlussempfehlung wurde mit 535 Ja-Stimmen angenommen. Joachim Wundrak stimmte als einziger Abgeordneter der AfD-Fraktion dafür. 91 Abgeordnete stimmten dagegen, darunter auch Jan Dieren (SPD-Fraktion) und Canan Bayram (Fraktion B90/Grüne). Barbara Benkstein (AfD-Fraktion) und Johannes Huber (fraktionslos) enthielten sich."
5603,2024-06-27,Weitere Beteiligung der Bundeswehr an der EU-geführten Sicherheitsoperation in Bosnien und Herzegowina (EUFOR ALTHEA),Außenpolitik und internationale Beziehungen|Verteidigung,Auswärtiger Ausschuss|Haushaltsausschuss,https://dserver.bundestag.de/btd/20/114/2011413.pdf,"Der Antrag der Bundesregierung sieht die Fortsetzung der Beteiligung bewaffneter deutscher Streitkräfte an der durch die Europäische Union geführten Operation EUFOR ALTHEA in Bosnien und Herzegowina vor. Das Mandat war zuletzt bei einer namentlichen Abstimmung am 23. Juni 2023 um ein Jahr verlängert worden. Vorgesehen sind für den Einsatz weiterhin bis zu 50 Soldat:innen, die im Einsatzgebiet bei der Schaffung eines sicheren und stabilen Umfelds und bei der Koordination der Ausbildung bosnisch-herzegowinischer Streitkräfte unterstützen sollen. Die einsatzbedingten Zusatzausgaben werden laut Antrag voraussichtlich ca. 10,1 Millionen Euro betragen. Namentlich abgestimmt wurde über eine entsprechende Beschlussempfehlung des Auswärtigen Ausschusses zu dem Antrag der Bundesregierung, worin die Annahme empfohlen wird. Außerdem hat der Haushaltsausschuss einen Bericht vorgelegt, wonach der Antrag mit der Haushaltslage des Bundes vereinbar sei. Die Beschlussempfehlung wurde mit 533 Ja-Stimmen angenommen . 74 Abgeordnete stimmten mit Nein, darunter auch Jan Dieren (SPD-Fraktion) und Canan Bayram (Fraktion B90/Grüne). Es gab acht Enthaltungen aus der AfD-Fraktion."
5604,2024-06-27,Verlängerung der Bundeswehrbeteiligung im Libanon (UNIFIL),Außenpolitik und internationale Beziehungen|Verteidigung,Auswärtiger Ausschuss|Haushaltsausschuss,https://dserver.bundestag.de/btd/20/114/2011411.pdf,"Der Bundestag stimmte über einen Antrag der Bundesregierung ab, der die Fortsetzung der Beteiligung bewaffneter deutscher Streitkräfte an der „United Nations Interim Force in Lebanon“ (UNIFIL) vorsieht. Zuletzt war das Mandat bei einer namentlichen Abstimmung im Juni 2023 um ein Jahr verlängert worden. Wie bisher sollen bis zu 300 Soldat:innen entsendet werden, um bei der Sicherung der libanesischen Grenzen zu unterstützen (unter anderem durch die Überwachung des See- und Luftraums) und den Zufluss von Rüstungsgütern und Wehrmaterialien in den Libanon zu stoppen. Die einsatzbedingten Zusatzausgaben sollen laut Bundesregierung bei ca. 41 Millionen Euro liegen. Zu dem Antrag der Bundesregierung lag eine Beschlussempfehlung des Auswärtigen Ausschusses vor, über welche namentlich abgestimmt wurde und worin die Annahme empfohlen wird. Außerdem hat der Haushaltsausschuss einen Bericht vorgelegt, wonach der Antrag mit der Haushaltslage des Bundes vereinbar sei. Die Beschlussempfehlung wurde mit 534 Stimmen angenommen . Neben der SPD-, CDU/CSU-, B90/Grüne- und FDP-Fraktion stimmen aus der Fraktion der AfD auch Leif-Erik Holm , Rainer Kraft und Joachim Wundrak dafür. 88 Abgeordnete stimmten dagegen, darunter Canan Bayram (Fraktion B90/Grüne). Es gab drei Enthaltungen von Corinna Rüffer (Fraktion B90/Grüne), Barbara Benkstein und Peter Boehringer (beide AfD-Fraktion)."
5628,2024-07-05,Änderung des Schwangerschaftskonfliktgesetzes,"Gesellschaftspolitik, soziale Gruppen|Recht","Ausschuss für Familie, Senioren, Frauen und Jugend",https://dserver.bundestag.de/btd/20/108/2010861.pdf,"Im Bundestag wurde namentlich über einen Gesetzentwurf der Bundesregierung zur Änderung des Schwangerschaftkonfliktgesetzes abgestimmt. Schwangere sollen demnach zukünftig besser vor sogenannten Gehsteigbelästigungen durch Abtreibungsgegner:innen geschützt werden, die vermehrt vor Beratungsstellen und Einrichtungen, die Schwangerschaftsabbrüche vornehmen, auftreten. Sowohl die Belästigung der Schwangeren als auch die Behinderung des Personals der Beratungsstellen und Einrichtungen sollen laut Gesetzentwurf in einem Bereich von 100 Metern um den Eingangsbereich verboten werden. Verstöße sollen mit einem Bußgeld von bis zu 5.000 Euro belegt werden. Außerdem sieht der Gesetzentwurf vor, die Vorgaben zur Bundesstatistik zu Schwangerschaftsabbrüchen zu ändern, sodass auch die Länder eine umfangreichere Datenlage zur Gewährleistung der Versorgungssicherheit erhalten. Zu dem Gesetzentwurf der Bundesregierung lag eine Beschlussempfehlung des Ausschusses für Familie, Senioren, Frauen und Jugend vor. Darin wird die Annahme des Entwurfes in geänderter Fassung empfohlen. Der Gesetzentwurf zur Änderung des Schwangerschaftkonfliktgesetzes wurde mit 381 Stimmen angenommen . 169 Abgeordnete stimmten dagegen, es gab keine Enthaltungen."
5773,2024-10-17,Fortsetzung des Einsatzes bewaffneter deutscher Streitkräfte im Irak,Außenpolitik und internationale Beziehungen|Verteidigung,Auswärtiger Ausschuss|Haushaltsausschuss,https://dserver.bundestag.de/btd/20/128/2012893.pdf,"Der Antrag der Bundesregierung sieht die Fortsetzung des Einsatzes deutscher Streitkräfte im Irak vor. Zuletzt war das Mandat bei einer namentlichen Abstimmung am 18. Oktober 2023 um ein Jahr verlängert worden. Ziel des Einsatzes ist es, zu einer Stabilisierung der Region beizutragen und den Anti-IS-Kampf weiterhin zu unterstützen. Zentrale Aufgaben sind dabei unter anderem die Ausbildung und Beratung der regulären irakischen Streit- und Sicherheitskräfte, See- und Luftraumüberwachung, Aufklärung und Lagebilderstellung sowie Lufttransport. Dafür sollen insgesamt bis zu 500 Soldat:innen eingesetzt werden können. Die einsatzbedingten Zusatzausgaben sollen laut Bundesregierung bis 31. Januar 2026 bei ca. 104,4 Millionen Euro liegen. In einer entsprechenden Beschlussempfehlung sprach sich der Auswärtige Ausschuss für die Annahme des Antrags zur Fortführung des Bundeswehreinsatzes aus. Zudem lag ein Bericht über die Finanzierbarkeit des Antrags vor, welcher durch den Haushaltsausschuss eingebracht wurde. Der Antrag der Bundesregierung wurde mit 539 Stimmen angenommen . 93 Abgeordnete stimmten dagegen, es gab zwei Enthaltungen von Corinna Rüffer (Bündnis 90/Die Grünen) und Jan Dieren (SPD)."
5774,2024-10-17,Aufhebung des Lieferkettensorgfaltspflichtengesetzes,Außenwirtschaft|Wirtschaft,Ausschuss für Arbeit und Soziales,https://dserver.bundestag.de/btd/20/117/2011752.pdf,"Die Unionsfraktion hat einen Gesetzentwurf zur namentlichen Abstimmung in den Bundestag eingebracht, welcher die Aufhebung des Lieferkettensorgfaltspflichtengesetzes vorsieht. Das Lieferkettengesetz verpflichtet Unternehmen ab einer Größe von 1.000 Mitarbeitenden dazu, bestimmte Sorgfaltspflichten in Bezug auf den Schutz von Menschenrechten und Umweltrisiken einzuhalten und entlang der Lieferkette zu kontrollieren. Aufgrund verschiedener Krisen in der vergangenen Zeit führe das Gesetz laut Unionsfraktion zu einem erhöhten Druck auf internationale Lieferketten und erschwere Wirtschaftsbeziehungen. Daher solle es mit sofortiger Wirkung außer Kraft gesetzt werden. Zu dem Gesetzentwurf lag eine Beschlussempfehlung des Ausschusses für Arbeit und Soziales vor. Darin wird die Ablehung des Gesetzes empfohlen. Der Gesetzentwurf der Fraktion der CDU/CSU wurde mit 412 Stimmen abgelehnt . 247 Abgeordnete stimmten dafür, es gab eine Enthaltung von Christoph Hoffmann (FDP)."
5777,2024-10-17,Gesetzentwurf zum Krankenhausversorgungsverbesserungsgesetz,Gesundheit,Gesundheitsausschuss,https://dserver.bundestag.de/btd/20/118/2011854.pdf,"Die Bundesregierung hat einen Gesetzentwurf zur Verbesserung der Versorgungsqualität im Krankenhaus und zur Reform der Vergütungsstrukturen in den Bundestag eingebracht, über den namentlich abgestimmt wurde. Ziel der geplanten Krankenhausreform sei die Sicherung und Verbesserung der Behandlungsqualität, die Gewährleistung einer flächendeckenden medizinischen Versorgung sowie die Steigerung der Effizienz durch Entbürokratisierung. Ein zentraler Punkt ist die Novellierung des bisher maßgeblich auf Fallpauschalen basierenden Systems der Krankenhausvergütung. Künftig sollen 60 Prozent der Betriebskosten über eine Vorhaltepauschale abgegolten werden. Für die geplante Strukturreform der Krankenhäuser soll ein Transformationsfond in Höhe von 50 Milliarden Euro mit einer Laufzeit von zehn Jahren aufgesetzt werden. Getragen wird dieser jeweils zur Hälfte von den Ländern und Mitteln des Bundes. Zum Gesetzentwurf lag eine Unterrichtung durch die Bundesregierung mit Stellungnahmen des Bundesrates und Gegenäußerungen der Bundesregierung vor. Zur Abstimmung lagen eine Beschlussempfehlung des Gesundheitsausschusses sowie ein Bericht des Haushaltsausschusses vor. Mehrere Entschließungsanträge aus der Opposition wurden abgelehnt. Der Gesetzentwurf der Bundesregierung wurde mit 373 Stimmen angenommen. 285 Abgeordnete stimmten dagegen, es gab eine Enthaltung von Stefan Seidler (SSW)."
5779,2024-10-18,Abstimmungen zum Sicherheitspaket,Innere Sicherheit|Migration und Aufenthaltsrecht,Ausschuss für Inneres und Heimat,https://dserver.bundestag.de/btd/20/134/2013413.pdf,"Im Rahmen der Debatte zum sogenannten ""Sicherheitspaket"" im Bundestag wurde unter anderem namentlich über zwei Gesetzentwürfe der Koalitionsfraktionen SPD , BÜNDNIS 90/DIE GRÜNEN und FDP in den vom Innenausschuss geänderten Fassungen abgestimmt. Der erste Gesetzentwurf ""zur Verbesserung der inneren Sicherheit und des Asylsystems"" sieht Änderungen im Bundesverfassungsschutzgesetz, im Asyl- und Aufenthaltsrecht sowie im Waffenrecht vor. So sollen beispielsweise Heimreisen von Schutzberechtigten zukünftig zur Aberkennung des Schutzstatus führen. Außerdem soll das Bundesamt für Migration und Flüchtlinge, welches für die Identitätssicherung eines:einer Asylsuchenden zuständig ist, die Berechtigung zum biometrischen Abgleich mit öffentlich zugänglichen Daten erhalten. Verschärft werden soll auch das Waffengesetz, damit Extremist:innen und Terrorist:innen nicht in den Besitz von Waffen kommen und leichter entwaffnet werden können. Der zweite Gesetzentwurf ""zur Verbesserung der Terrorismusbekämpfung“ sieht neue Befugnisse für den biometrischen Internetabgleich vor, um mutmaßliche Terrorist:innen und Tatverdächtige schneller identifizieren und lokalisieren zu können. Zudem sollen neue Berechtigungen zur automatisierten Datenanalyse für Bundeskriminalamt und Bundespolizei geschaffen werden. Erlaubt werden soll auch die stichprobenartige Befragung, Identitätskontrolle und Durchsuchung von Personen, die im Fall der Anordnung von Waffenverbotszonen diese betreten möchten oder sich darin befinden. Achtung: Die hier dargestellten Abstimmungergebnisse beziehen sich ausschließlich auf die Abstimmung zum ersten Gesetzentwurf ""zur Verbesserung der inneren Sicherheit und des Asylsystems"". Der Gesetzentwurf der Koalitionsfraktionen ""zur Verbesserung der inneren Sicherheit und des Asylsystems"" wurde mit 357 Stimmen angenommen . 289 Abgeordnete stimmten dagegen, es gab acht Enthaltungen. Gegenstimmen und Enthaltungen kamen dabei auch aus den Fraktionen der SPD, BÜNDNIS 90/DIE GRÜNEN und FDP, bereits zuvor galt das Sicherheitspaket als umstritten. Der Gesetzentwurf ""zur Verbesserung der Terrorismusbekämpfung"" wurde mit 367 Ja-Stimmen zu 280 Nein-Stimmen bei vier Enthaltungen ebenfalls angenommen . Weitere namentliche Abstimmungen, die sich auf das Sicherheitspaket beziehen, finden Sie weiter unten unter ""Weitere namentliche Abstimmungen""."
5829,2024-12-16,Vertrauensfrage des Bundeskanzlers,Bundestag,,https://dserver.bundestag.de/btd/20/141/2014150.pdf,"Nachdem Bundeskanzler Olaf Scholz bereits am 11. Dezember 2024 die sogenannte Vertrauensfrage beantragt hatte, wurde nun auch im Bundestag über den entsprechenden Antrag abgestimmt. Da die Mehrheit der Abgeordneten dem Kanzler das Vertrauen verweigert hat, kann Bundespräsident Frank-Walter Steinmeier auf Vorschlag des Bundeskanzlers den Bundestag nun innerhalb von 21 Tagen auflösen. Im Falle einer angeordneten Auflösung des Bundestages bleibt das bisherige Parlament bis zu den vorgezogenen Neuwahlen jedoch bestehen und kann weiterhin Gesetze beschließen. Auch seine Gremien wie etwa Untersuchungsausschüsse bestehen bis zum Ende der Wahlperiode fort. Für Neuwahlen gilt eine Maximalfrist von 60 Tagen nach der Auflösung, der 23. Februar 2025 wurde als Termin für Neuwahlen vorgeschlagen. Alternativen zu der Auflösung des Bundestages wären zum Beispiel eine Minderheitsregierung oder der Rücktritt des Bundeskanzlers. Der Antrag des Kanzlers wurde mit 394 Stimmen abgelehnt . 207 Abgeordnete stimmten dafür, es gab 116 Enthaltungen."
5841,2024-12-19,Regelungen zum Bundesverfassungsgericht ins Grundgesetz,Recht,Rechtsausschuss,https://dserver.bundestag.de/btd/20/129/2012977.pdf,"Zwei Gesetzentwürfe von den Fraktionen der SPD, CDU/CSU, Bündnis 90/Die Grünen und FDP sowie dem Abgeordneten Stefan Seidler sehen die Aufnahme wesentlicher Strukturmerkmale des Bundesverfassungsgerichts (BVerfG) in das Grundgesetz vor. Laut dem ersten Gesetzentwurf sollen Artikel 93 und 94 des Grundgesetzes geändert und beide Artikel systematisch neu geordnet werden. Zentrale Strukturvorgaben, wie beispielsweise die Besetzung des Gerichts mit je acht Richter:innen oder die richterliche Amtszeit von zwölf Jahren, sollen so auf die Ebene der Verfassung gehoben werden. Der zweite Gesetzentwurf sieht vor, einen neuen Absatz im Bundesverfassungsgerichtsgesetz einzuführen. Dieser soll festlegen, dass das jeweils andere Wahlorgan (die Richter:innen des BVerfG werden jeweils zur Hälfte vom Bundestag und Bundesrat gewählt) die Wahl übernehmen kann, wenn durch das eigentlich zuständige Wahlorgan innerhalb einer bestimmten Frist kein:e neue:r Richter:in gewählt wurde. Bisher kann das Plenum des BVerfG in diesem Fall eigene Wahlvorschläge vorlegen. Zu beiden Gesetzentwürfen lagen Beschlussempfehlungen des Rechtsausschusses vor, worin die Annahme empfohlen wurde. Namentlich abgestimmt wurde über den ersten Gesetzentwurf zur Grundgesetzänderung, für dessen Annahme eine Zweidrittelmehrheit der Abgeordneten benötigt wurde. Der Gesetzentwurf wurde mit 600 Stimmen angenommen . 69 Abgeordnete stimmten dagegen, es gab keine Enthaltungen. Gegenstimmen kamen ausschließlich von fraktionslosen Abgeordneten, der Gruppe BSW und der Fraktion der AfD."
5861,2025-01-29,"Entschließungsantrag ""Fünf-Punkte-Plan"" zur Migrationspolitik",Innere Sicherheit|Migration und Aufenthaltsrecht,,https://dserver.bundestag.de/btd/20/146/2014698.pdf,"Die Fraktion der CDU/CSU hat zwei Entschließungsanträge zur Regierungserklärung des Bundeskanzlers zu aktuellen innen­politischen Themen eingebracht, besser bekannt als ""Fünf-Punkte-Plan"" zur Migrationspolitik. Die Anträge beinhalten mehrere Sofortmaßnahmen in der Zuwanderungspolitik. In einem ersten Entschließungsantrag fordert die Fraktion unter anderem dauerhafte Grenzkontrollen an allen deutschen Staatsgrenzen und die Zurückweisung aller illegalen Einreiseversuche. Außerdem sollen ausreisepflichtige Personen sofort in Abschiebehaft genommen und die Länder bei der Durchsetzung der Ausreisepflicht besser unterstützt werden. Der erste Entschließungsantrag wurde mit 348 Stimmen angenommen . 344 Abgeordente stimmten dagegen, darunter auch Antje Tillmann (Fraktion CDU/CSU). Es gab zehn Enthaltungen, zwei aus der Fraktion der FDP und acht aus der Gruppe BSW."
5865,2025-01-29,"Entschließungsantrag ""27 Maßnahmen zur Stärkung innerer Sicherheit""",Innere Sicherheit|Migration und Aufenthaltsrecht,,https://dserver.bundestag.de/btd/20/146/2014699.pdf,"Die Fraktion der CDU/CSU hat zwei Entschließungsanträge zur Regierungserklärung des Bundeskanzlers zu aktuellen innen­politischen Themen eingebracht. Die Anträge beinhalten mehrere Sofortmaßnahmen in der Zuwanderungspolitik. Der zweite Entschließungsantrag enthält 27 Maßnahmen, die zur Stärkung der inneren Sicherheit und zur Eindämmung der illegalen Migration beitragen sollen. Aufgeführt werden unter anderem erweiterte Befugnisse für die Sicherheitsbehörden, Strafverschärfungen für verschiedene Delikte sowie ein Ausreisearrest für Personen, die nicht freiwillig ausreisen. Der zweite Entschließungsantrag der Fraktion der CDU/CSU wurde mit 508 Nein-Stimmen abgelehnt . 190 Abgeordnete stimmten dafür, es gab drei Enthaltungen."
5859,2025-01-30,Verlängerung des Bundeswehreinsatzes SEA GUARDIAN im Mittelmeer,Außenpolitik und internationale Beziehungen|Verteidigung,Auswärtiger Ausschuss|Haushaltsausschuss,https://dserver.bundestag.de/btd/20/140/2014046.pdf,"Der Bundestag hat namentlich über die vorzeitige Verlängerung zweier Auslandseinsätze der Bundeswehr im Mittelmeer abgestimmt. Beide Mandate wären im Frühjahr 2025 ausgelaufen und wurden nun bis November 2025 verlängert. In einem entsprechenden Antrag schlägt die Bundesregierung vor, sich weiterhin mit bis zu 550 Soldat:innen an der NATO-Operation SEA GUARDIAN im Mittelmeer zu beteiligen. Auftrag soll die Überwachung des Seegebiets im Mittelmeerraum, die Bekämpfung von Terrorismus und die Verhinderung von Waffenschmuggel sein. Zu dem Antrag lag eine Beschlussempfehlung des Auswärtigen Ausschusses vor, worin die Annahme des Antrages empfohlen wurde. Außerdem hat der Haushaltsausschuss einen Bericht zu der Vereinbarkeit des Antrages mit der Haushaltslage des Bundes veröffentlicht. Der Antrag der Bundesregierung wurden mit 516 Stimmen angenommen . 94 Abgeordente stimmten dagegen, es gab eine Enthaltung von Kathrin Henneberger (Fraktion B90/Grüne)."
5860,2025-01-30,Verlängerung des Bundeswehreinsatzes EUNAVFOR ASPIDES im Roten Meer,Außenpolitik und internationale Beziehungen|Verteidigung,Auswärtiger Ausschuss|Haushaltsausschuss,https://dserver.bundestag.de/btd/20/140/2014044.pdf,"Namentlich abgestimmt wurde im Bundestag über die frühzeitige Verlängerung zweier Mandate für Auslandseinsätze der Bundeswehr im Roten Meer und Südsudan. Beide Mandate wären im Frühjahr 2025 ausgelaufen und sollen nun bis Oktober 2025 fortgesetzt werden. Die Bundesregierung schlägt in einem entsprechenden Antrag vor, dass sich die Bundeswehr weiterhin mit bis zu 700 Soldat:innen an der EU-geführten Operation EUNAVFOR ASPIDES im Roten Meer beteiligt. Das Einsatzgebiet soll die Meerenge von Bab al-Mandab und die Straße von Hormus sowie die internationalen Gewässer im Roten Meer, im Golf von Aden, im Arabischen Meer, im Golf von Oman und im Persischen Golf umfassen. Die Bundesregierung begründet ihren Antrag mit den Angriffen der Huthi-Miliz auf die internationale Schiffahrt, die großen wirtschaftlichen Schaden verursachen. Zu dem Antrag lag eine Beschlussempfehlung des Auswärtigen Ausschusses vor, worin die Annahme des Antrages empfohlen wurde. Außerdem hat der Haushaltsausschuss einen Bericht zu der Vereinbarkeit des Antrages mit der Haushaltslage des Bundes veröffentlicht. Der Antrag wurde mit 594 Stimmen angenommen . 37 Abgeordnete stimmten dagegen. Es gab drei Enthaltungen von Kathrin Henneberger (Fraktion B90/Grüne), Steffen Janich und René Springer (beide AfD-Fraktion)."
5867,2025-01-30,Verlängerung des Bundeswehreinsatzes UNMISS im Südsudan,Außenpolitik und internationale Beziehungen|Verteidigung,Auswärtiger Ausschuss|Haushaltsausschuss,https://dserver.bundestag.de/btd/20/140/2014045.pdf,"Namentlich abgestimmt wurde im Bundestag über die frühzeitige Verlängerung zweier Mandate für Auslandseinsätze der Bundeswehr im Roten Meer und Südsudan. Beide Mandate wären im Frühjahr 2025 ausgelaufen und sollen nun bis Oktober 2025 fortgesetzt werden. Ein entsprechender Antrag der Bundesregierung sieht die Verlängerung des Bundeswehreinsatzes im Südsudan vor, welcher Teil der UN-Mission UNMISS (United Nations Mission in the Republic of South Sudan) ist. Ziel der Mission sei es, Zivilpersonen zu schützen, die Menschenrechtslage zu beobachten und bei der Umsetzung des Friedensabkommens und des Friedensprozesses zu unterstützen. Zu dem Antrag lag eine Beschlussempfehlung des Auswärtigen Ausschusses vor, worin die Annahme des Antrages empfohlen wurde. Außerdem hat der Haushaltsausschuss einen Bericht zu der Vereinbarkeit des Antrages mit der Haushaltslage des Bundes veröffentlicht. Der Antrag wurde mit 584 Stimmen angenommen . 34 Abgeordnete stimmten dagegen, es gab drei Enthaltungen von Jan Dieren (SPD-Fraktion), Mike Moncsek und Ulrike Schielke-Ziesing (beide AfD-Fraktion)."
5868,2025-01-30,Verlängerung des Bundeswehreinsatzes EUNAVFOR MED IRINI im Mittelmeer,Außenpolitik und internationale Beziehungen|Verteidigung,Auswärtiger Ausschuss|Haushaltsausschuss,https://dserver.bundestag.de/btd/20/140/2014047.pdf,"Der Bundestag hat namentlich über die vorzeitige Verlängerung zweier Auslandseinsätze der Bundeswehr im Mittelmeer abgestimmt. Beide Mandate wären im Frühjahr 2025 ausgelaufen und wurden nun bis November 2025 verlängert. Ein entsprechender Antrag der Bundesregierung sieht die Verlängerung des Einsatzes der Bundeswehr an der EU-Mission EUNAVFOR MED IRINI vor. Ziel der Operation sei unter anderem die Durchsetzung des Waffenembargos der Vereinten Nationen gegen Libyen und die Unterbindung von Menschenschmuggel und illegalen Öl-Exporten. Außerdem soll die Bundeswehr Aufgaben wie die Seeraumüberwachung und -aufklärung übernehmen. Zu dem Antrag lag eine Beschlussempfehlung des Auswärtigen Ausschusses vor, worin die Annahme des Antrages empfohlen wurde. Außerdem hat der Haushaltsausschuss einen Bericht zu der Vereinbarkeit des Antrages mit der Haushaltslage des Bundes veröffentlicht. Der Antrag der Bundesregierung wurden mit 519 Stimmen angenommen . 93 Abgeordente stimmten dagegen, es gab eine Enthaltung von Kathrin Henneberger (Fraktion B90/Grüne)."
5864,2025-01-31,Zustrombegrenzungsgesetz,Migration und Aufenthaltsrecht,Ausschuss für Inneres und Heimat,https://dserver.bundestag.de/btd/20/128/2012804.pdf,"Die Fraktion der CDU/CSU hat einen Gesetzentwurf zur ""Begrenzung des illegalen Zustroms von Drittstaatsangehörigen nach Deutschland"" eingebracht. Das sog. ""Zustrombegrenzungsgesetz"" sieht Verschärfungen in der Migrationspolitik vor und soll unter anderem den Familiennachzug zu Personen mit subsidiärem Schutz bis auf Weiteres beenden. Darüber hinaus soll die Bundespolizei laut Gesetzentwurf zukünftig eine eigene Kompetenz für Maßnahmen der Aufenthaltsbeendigung an bestimmten deutschen Bahnhöfen erhalten und das Wort ""Begrenzung"" soll wieder als übergeordnetes Ziel bezüglich des Zuzugs von Ausländer:innen in das Aufenthaltsgesetz aufgenommen werden. Der Gesetzentwurf wurde mit 349 Nein-Stimmen zu 338 Ja-Stimmen bei fünf Enthaltungen aus der Fraktion der FDP abgelehnt ."
5871,2025-01-31,Verlässliches Hilfesystem bei geschlechtsspezifischer und häuslicher Gewalt ,"Gesellschaftspolitik, soziale Gruppen|Recht","Ausschuss für Familie, Senioren, Frauen und Jugend",https://dserver.bundestag.de/btd/20/140/2014025.pdf,"Die Fraktionen der SPD und BÜNDNIS 90/DIE GRÜNEN wollen mit ihrem eingebrachten Gesetzentwurf Opfer geschlechtsspezifischer und häuslicher Gewalt besser unterstützen und dazu ein verlässliches Hilfesystem schaffen. Gewaltbetroffene Personen sollen demnach einen Rechtsanspruch auf Schutz und Beratung erhalten und die Länder sollen verpflichtet werden, ausreichend Schutz- und Beratungsmöglichkeiten sicherzustellen. Außerdem sollen Maßnahmen zur Prävention verbessert und auch das Umfeld gewaltbetroffener Personen besser unterstützt werden. Zu dem Gesetzentwurf lag eine Beschlussempfehlung des Ausschusses für Familie, Senioren, Frauen und Jugend vor. Darin wird die Annahme des Gesetzes in geänderter Fassung empfohlen. Der Gesetzentwurf wurde mit 390 Ja-Stimmen angenommen . Es gab keine Gegenstimmen und 70 Enthaltungen."
5957,2025-03-18,Lockerung der Schuldenbremse,"Öffentliche Finanzen, Steuern und Abgaben",Haushaltsausschuss,https://dserver.bundestag.de/btd/20/150/2015096.pdf,"Nach der Bundestagswahl am 23. Februar 2025 hat der alte Bundestag noch einmal namentlich über einen von den Fraktionen der SPD und CDU/CSU eingebrachten Gesetzentwurf zur Änderung des Grundgesetzes abgestimmt. Die Grundgesetzänderungen sollen Sonderausgaben für Verteidigung, Infrastruktur und Klimaschutz ermöglichen. Verteidigungs- und weitere sicherheitspolitische Ausgaben sollen demnach nur noch bis zu einer Grenze von einem Prozent des Bruttoinlandsprodukts unter die Schuldenbremse fallen. Weiterhin soll ein durch Kredite finanziertes Sondervermögen von bis zu 500 Milliarden Euro „für zusätzliche Investitionen in die Infrastruktur und für zusätzliche Investitionen zur Erreichung der Klimaneutralität bis 2045“ eingerichtet werden, welches ebenfalls von den Schuldenregeln ausgenommen sein soll. Auch der Spielraum der Länder für eigene Verschuldungen soll zukünftig erhöht werden. Für die Annahme des Entwurfes zur Änderung des Grundgesetzes war eine Zweidrittelmehrheit im Bundestag erforderlich. Der Entwurf wurde mit 512 Stimmen angenommen und hat demnach die erforderliche Mehrheit erreicht. 206 Abgeordnete stimmten dagegen, darunter auch Jan Dieren (SPD-Fraktion), Mario Czaja (CDU/CSU-Fraktion) und Canan Bayram (Fraktion BÜNDNIS 90/DIE GRÜNEN). Enthaltungen gab es keine. Im Kontext der Abstimmung hat die Fraktion der FDP einen Änderungsantrag zur namentlichten Abstimmung eingebracht. Darin schlägt die Fraktion ein Sondervermögen für die Bundeswehr mit eigener Kreditermächtigung in Höhe von einmalig bis zu 300 Milliarden Euro vor. Der Änderungsantrag wurde mit 85 Ja-Stimmen zu 630 Nein-Stimmen bei zwei Enthaltungen abgelehnt . Ebenfalls namentlich abgestimmt wurde über einen Gesetzentwurf der Fraktion der FDP zur „Errichtung eines Verteidigungsfonds für Deutschland und zur Änderung des Grundgesetzes (Artikel 87a)“. Der Gesetzentwurf wurde mit 87 Ja-Stimmen zu 626 Nein-Stimmen bei drei Enthaltungen abgelehnt ."
6147,2025-06-25,Fortsetzung des Bundeswehreinsatzes in Bosnien und Herzegowina (EUFOR ALTHEA),Außenpolitik und internationale Beziehungen|Verteidigung,Auswärtiger Ausschuss|Haushaltsausschuss,https://dserver.bundestag.de/btd/21/002/2100228.pdf,"Die Bundesregierung hat einen Antrag vorgelegt, der die Fortführung der Beteiligung bewaffneter deutscher Streitkräfte an der EU-geführten Mission EUFOR ALTHEA in Bosnien und Herzegowina bis Juni 2026 vorsieht. Das bestehende Mandat war zuletzt am 27. Juni 2024 durch eine namentliche Abstimmung verlängert worden. Auch künftig sollen bis zu 50 Soldat:innen entsendet werden, um vor Ort zur Schaffung eines sicheren und stabilen Umfelds beizutragen sowie die Ausbildung der bosnisch-herzegowinischen Streitkräfte zu koordinieren. Die einsatzbedingten Zusatzausgaben beziffert die Bundesregierung im Antrag auf rund 11,6 Millionen Euro. Zu dem Antrag lag eine entsprechende Beschlussempfehlung des Auswärtigen Ausschusses vor, worin die Annahme empfohlen wird. Über die Beschlussempfehlung wurde namentlich abgestimmt. Außerdem hat der Haushaltsausschuss einen Bericht vorgelegt, wonach der Antrag mit der Haushaltslage des Bundes vereinbar sei. Die Beschlussempfehlung und somit der Antrag der Bundesregierung wurden mit 386 Ja-Stimmen zu 187 Nein-Stimmen bei vier Enthaltungen angenommen ."
6165,2025-06-25,Ablehnung des Grünen-Antrags gegen die Weiterführung der Nord-Stream-Pipelines,Energie|Wirtschaft,Ausschuss für Wirtschaft und Energie,https://dserver.bundestag.de/btd/21/004/2100468.pdf,"Im Bundestag wurde über einen Antrag der Fraktion BÜNDNIS 90/DIE GRÜNEN debattiert, der sich gegen eine Rückkehr zu Energieimporten aus Russland richtet. Der Antrag fordert unter anderem, die Inbetriebnahme der Nord-Stream-Pipelines dauerhaft auszuschließen, kritische Infrastruktur in europäischer Hand zu sichern, russische Energieimporte bis spätestens 2027 zu beenden und die Energieabhängigkeit von Autokratien weltweit zu reduzieren. Zudem soll die Energiewende durch den Ausbau erneuerbarer Energien, grünen Wasserstoffs und mehr Energieeffizienz beschleunigt werden, um Sicherheit, Klimaschutz und stabile Energiepreise zu gewährleisten. Zu dem Antrag lag eine Beschlussempfehlung des Ausschusses für Wirtschaft und Energie vor, über welche namentlich abgestimmt wurde. Darin wurde die Ablehnung des Antrags empfohlen. Die Beschlussempfehlung wurde mit 443 Ja-Stimmen zu 85 Nein-Stimmen bei 55 Enthaltungen angenommen. Der Antrag der Fraktion BÜNDNIS 90/DIE GRÜNEN wurde demnach abgelehnt ."
6146,2025-06-26,Fortsetzung des Bundeswehreinsatzes vor der libanesischen Küste (UNIFIL),Außenpolitik und internationale Beziehungen|Verteidigung,Auswärtiger Ausschuss|Haushaltsausschuss,https://dserver.bundestag.de/btd/21/002/2100229.pdf,"Der Bundestag hat über einen Antrag der Bundesregierung abgestimmt, der die Fortsetzung der Beteiligung bewaffneter deutscher Streitkräfte an der „United Nations Interim Force in Lebanon“ (UNIFIL) zum Ziel hat. Das Mandat war zuletzt im Juni 2024 per namentlicher Abstimmung um ein Jahr verlängert worden. Mit dem neuen Beschluss soll es bis Ende Juni 2026 fortgesetzt werden. Die einsatzbedingten Zusatzausgaben sollen laut Bundesregierung bei ca. 61,6 Millionen Euro liegen. Wie bisher sollen bis zu 300 Soldat:innen der Bundeswehr entsendet werden, um insbesondere seegestützte Aufgaben, wie die Überwachung des See- und Luftraums, im Einsatzgebiet zu übernehmen. Ziel des Einsatzes sei laut Bundesregierung weiterhin die Unterstützung bei der Sicherung der libanesischen Grenzen und Einreisepunkte, um den Zufluss von Rüstungsgütern und sonstigem Wehrmaterial nach Libanon ohne Zustimmung der libanesischen Regierung zu unterbinden. Zu dem Antrag der Bundesregierung lag eine Beschlussempfehlung des Auswärtigen Ausschusses vor, worin die Annahme empfohlen und über welche namentlich abgestimmt wurde. Außerdem hatte der Haushaltsausschuss einen Bericht vorgelegt, wonach der Antrag mit der Haushaltslage des Bundes vereinbar sei. Die Beschlussempfehlung und damit der Antrag der Bundesregierung wurden mit 390 Ja-Stimmen angenommen . 179 Abgeordnete stimmten dagegen, es gab zwei Enthaltungen von Simone Fischer und Corinna Rüffer (beide BÜNDNIS 90/DIE GRÜNEN)."
6148,2025-06-26,Weitere Beteiligung der Bundeswehr im Kosovo (KFOR),Außenpolitik und internationale Beziehungen|Verteidigung,Auswärtiger Ausschuss|Haushaltsausschuss,https://dserver.bundestag.de/btd/21/002/2100230.pdf,"Die Bundesregierung schlägt in ihrem Antrag die Verlängerung des Bundeswehreinsatzes im Kosovo um ein weiteres Jahr vor. Zuletzt hatte der Bundestag im Juni 2024 darüber abgestimmt . Wie bisher sollen bis zu 400 deutsche Soldat:innen die NATO-geführte KFOR-Mission unterstützen. Zu ihren Aufgaben zählen laut Antrag die Aufrechterhaltung von Sicherheit und Ordnung, die Koordination internationaler humanitärer Hilfe, die Unterstützung ziviler Missionen sowie die Ausbildung lokaler Sicherheitskräfte zur Förderung eines stabilen, demokratischen und multiethnischen Kosovos. Zentrales Anliegen der Bundesregierung sei eine „umfassende, nachhaltige, rechtsverbindliche Normalisierung der Beziehungen zwischen Kosovo und Serbien“ und bilateral in Bezug auf Kosovo eine politische, rechtsstaatliche und wirtschaftlich-soziale Stabilisierung sowie die Unterstützung der EU-Annäherung. Insbesondere im überwiegend ethnisch serbischen Norden des Kosovo gibt es wachsende Spannungen. Der Einsatz soll dabei helfen, die Sicherheit zu gewährleisten und den Ausbruch bewaffneter Auseinandersetzungen zu verhindern. Die Kosten für die einsatzbedingten Zusatzausgaben beziffert die Bundesregierung auf insgesamt rund 38,9 Millionen Euro. Zu dem Antrag der Bundesregierung lag eine Beschlussempfehlung des Auswärtigen Ausschusses vor, worin die Zustimmung empfohlen wurde. Namentlich abgestimmt wurde im Bundestag über die Beschlussempfehlung. Zudem lag ein Bericht des Haushaltsausschusses vor, demzufolge der Antrag mit der aktuellen Haushaltslage vereinbar sei. Die Beschlussempfehlung wurde mit 391 Ja-Stimmen angenommen . 189 Abgeordnete stimmten dagegen, es gab zwei Enthaltungen aus der Fraktion BÜNDNIS 90/DIE GRÜNEN. Damit wurde auch dem Antrag der Bundesregierung zugestimmt."
6151,2025-06-26,Änderung des Allgemeinen Eisenbahngesetzes,"Raumordnung, Bau- und Wohnungswesen|Verkehr",Verkehrsausschuss,https://dserver.bundestag.de/btd/21/003/2100326.pdf,"Der Bundestag hat namentlich über einen Gesetzentwurf der Fraktionen von CDU/CSU und SPD zur Änderung des Allgemeinen Eisenbahngesetzes abgestimmt. Ziel des Gesetzes ist es, die im Jahr 2023 verschärften Bedingungen für die Freistellung von Bahnflächen vom Bahnbetriebszweck zu lockern. Künftig soll das überragende öffentliche Interesse am Bahnbetriebszweck nur dann bestehen, wenn ein tatsächliches Verkehrsbedürfnis oder langfristiger Nutzungsbedarf erkennbar ist. Damit sollen insbesondere kommunale Vorhaben wie Wohnungsbauprojekte erleichtert werden, die bislang an den strengen Freistellungsvorgaben scheiterten. Gleichzeitig wird klargestellt, dass Bahnflächen nicht freigestellt werden dürfen, wenn eine Reaktivierung der Strecke möglich erscheint. Eine Übergangsregelung ermöglicht es zudem, vor dem 29. Dezember 2023 gestellte Anträge nach der alten Rechtslage zu bearbeiten. Der Entwurf schafft so einen Ausgleich zwischen Infrastrukturerhalt und kommunalen Entwicklungszielen. Zu dem Gesetzentwurf lag eine Beschlussempfehlung des Verkehrsausschusses vor, worin die Annahme des Gesetzes in geänderter Fassung empfohlen wurde. Der Gesetzentwurf der Koalitionsfraktionen wurde in der vom Verkehrsausschuss geänderten Fassung mit 305 Ja-Stimmen angenommen . 172 Abgeordnete stimmten dagegen, es gab 67 Enthaltungen."
6155,2025-06-27,Aussetzung des Familiennachzugs für subsidiär Schutzberechtigte,"Gesellschaftspolitik, soziale Gruppen|Migration und Aufenthaltsrecht",Innenausschuss|Haushaltsausschuss,https://dserver.bundestag.de/btd/21/003/2100321.pdf,"Der Bundestag hat über einen Gesetzentwurf der Fraktionen von CDU/CSU und SPD zur vorübergehenden Aussetzung des Familiennachzugs für subsidiär Schutzberechtigte* abgestimmt. Der Gesetzentwurf sieht vor, den Familiennachzug für zwei Jahre auszusetzen, um die Aufnahme- und Integrationskapazitäten von Ländern und Kommunen zu entlasten. Hintergrund seien laut Entwurf die konstant hohen Zahlen an Schutzsuchenden und die vollständige Ausschöpfung des bisherigen Kontingents von monatlich 1.000 Visa. In Härtefällen soll es weiterhin möglich bleiben Ehepartner:innen, minderjährige Kinder und im Fall unbegleiteter Minderjähriger die Eltern nacholen zu können. Zudem soll neben der ""Steuerung"" auch der Begriff „Begrenzung“ wieder explizit in die Zielbestimmung des Aufenthaltsgesetzes aufgenommen werden. Die Maßnahme ist laut Gesetzentwurf mit verfassungs-, völker- und europarechtlichen Vorgaben vereinbar und soll zu deutlichen Entlastungen bei Verwaltung und Finanzen führen. Zu dem Gesetzentwurf lag eine Beschlussempfehlung des Innenausschusses vor, in der die Annahme empfohlen wurde. * Subsidiär schutzberechtigt sind Menschen, wenn weder der Flüchtlingsschutz noch die Asylberechtigung gewährt, aber stichhaltige Gründe dafür vorgebracht werden können, dass ihnen in ihrem Herkunftsland ein ernsthafter Schaden droht und sie den Schutz ihres Herkunftslands nicht in Anspruch nehmen können oder wegen der Bedrohung nicht in Anspruch nehmen wollen (Quelle: Bundesministerium für Migration und Flüchtlinge) . Der Gesetzentwurf wurde mit 444 Ja-Stimmen angenommen . 133 Abgeordntete stimmten mit Nein, darunter neben den Abgeordneten der Fraktionen BÜNDNIS 90/DIE GRÜNEN und DIE LINKE auch Hakan Demir und Maja Wallstein aus der SPD-Fraktion. Enthaltungen gab es keine."
6170,2025-07-10,Keinen Untersuchungsausschuss zur Aufarbeitung der Corona-Pandemie einsetzen (Beschlussempfehlung),Bundestag|Gesundheit,"Ausschuss für Wahlprüfung, Immunität und Geschäftsordnung",https://dserver.bundestag.de/btd/21/005/2100573.pdf,"Im Bundestag wurde der Antrag der AfD-Fraktion behandelt, worin die Einsetzung eines parlamentarischen Untersuchungsausschusses zur Aufarbeitung der Corona-Pandemie gefordert wird. Ziel des Ausschusses sei es laut Fraktion, die politischen Entscheidungen und Maßnahmen während der Pandemie, insbesondere hinsichtlich ihrer Verhältnismäßigkeit und Auswirkungen auf die Gesellschaft, zu untersuchen. Die Antragsteller:innen betonen die Notwendigkeit einer umfassenden Aufklärung, um Lehren für zukünftige Krisen zu ziehen. Gemäß Artikel 44 des Grundgesetzes kann der Bundestag einen Untersuchungsausschuss einsetzen, wenn ein Viertel seiner Mitglieder dies verlangt. Der Antrag sieht vor, dass der Ausschuss aus neun ordentlichen Mitgliedern besteht. Zu dem Antrag lag eine Beschlussempfehlung des Ausschusses für Wahlprüfung, Immunität und Geschäftsordnung vor, worin empfohlen wird, den Antrag abzulehnen. Über die Beschlussempfehlung wurde namentlich abgestimmt. Die Beschlussempfehlung wurde mit 450 Stimmen angenommen . 146 Abgeordnete stimmten dagegen, darunter entgegen seiner Fraktionslinie Jürgen Coße (SPD) . Es gab eine Enthaltung von Saskia Ludwig (CDU) ."
6249,2025-09-11,Kein Stopp des Rückbaus abgeschalteter Kernkraftwerke (Beschlussempfehlung),Energie,"Ausschuss für Umwelt, Klimaschutz, Naturschutz und nukleare Sicherheit",https://dserver.bundestag.de/btd/21/002/2100220.pdf,"Die AfD-Fraktion hat im Bundestag einen Antrag eingebracht, worin die Fraktion fordert, den Rückbau stillgelegter Atomkraftwerke sofort zu stoppen und die Reaktoren möglichst schnell wieder in Betrieb zu nehmen. In dem Antrag wird der Atomausstieg als Fehler bezeichnet, der die Stromversorgung unsicher mache. Die Fraktion will das Atomgesetz daher so ändern, dass die Stromproduktion aus Kernkraft wieder erlaubt wird. Außerdem solle Deutschland der internationalen „Atomallianz“ für mehr Atomstrom beitreten. Zu dem Antrag lag eine Beschlussempfehlung des Ausschusses für Umwelt, Klimaschutz, Naturschutz und nukleare Sicherheit vor, worin die Ablehnung empfohlen wird. Namentlich abgestimmt wurde über die Beschlussempfehlung, welche mit 449 Ja-Stimmen zu 131 Nein-Stimmen bei keiner Enthaltung angenommen wurde. Der Antrag der AfD-Fraktion wurde somit abgelehnt."
6250,2025-09-17,Etat von Bundeskanzler und Bundeskanzleramt,"Bundestag|Öffentliche Finanzen, Steuern und Abgaben",Haushaltsausschuss,https://dserver.bundestag.de/btd/21/005/2100500.pdf,"Namentlich abgestimmt wurde im Rahmen der Abschlussberatungen zum Bundeshaushalt 2025 über den Etat von Bundeskanzler und Bundeskanzleramt. Vorgesehen sind unter anderem Ausgaben in Höhe von 4,04 Milliarden Euro, während es im Jahr 2024 noch 3,87 Milliarden Euro waren. 2,03 Milliarden Euro davon soll der Beauftragte der Bundesregierung für Kultur und Medien, Wolfram Weimer, erhalten sowie 18,22 Millionen Euro die Beauftragte der Bundesregierung für Ostdeutschland, Elisabeth Kaiser. Der Zuschuss an den Bundesnachrichtendienst soll 1,19 Milliarden Euro betragen, während die Ausgaben der Beauftragen der Bundesregierung für Migration, Flüchtlinge und Integration zukünftig dem Etat des Bundesministeriums für Arbeit und Soziales zugeordnet werden sollen. In der Debatte um den Etat des Bundeskanzleramtes ging es jedoch auch um den Kurs der Bundesregierung insgesamt. Zu dem Einzelplan lagen eine Beschlussempfehlung und ein Bericht des Haushaltsausschusses vor. Die Abstimmung zum Etat von Bundeskanzler und Bundeskanzleramt wurde mit 322 Stimmen angenommen . 273 Abgeordnete stimmten dagegen, es gab keine Enthaltungen."
6251,2025-09-18,Haushaltsgesetz 2025,"Öffentliche Finanzen, Steuern und Abgaben",Haushaltsausschuss,https://dserver.bundestag.de/btd/21/005/2100500.pdf,"Im Bundestag wurde namentlich über den Gesetzentwurf der Bundesregierung zum Haushaltsgesetz 2025 abgestimmt. Darin vorgesehen sind insgesamt Ausgaben des Bundes in Höhe von 502,55 Milliarden Euro. Für Investitionen sollen unter anderem 62,73 Milliarden Euro ausgegeben werden dürfen, die Nettokreditaufnahme soll bei 81,8 Milliarden Euro liegen. Vor allem möchte die Bundesregierung zukünftig in die Bereiche Mobilität, Digitalisierung, Innovation, Bildung und Forschung sowie Klimaschutz investieren. Dafür soll unter anderem auch ein Sondervermögen Infrastruktur und Klimaneutralität in Höhe von 37,2 Milliarden Euro eingerichtet werden. Zu dem Haushaltsgesetz 2025 lagen ein Bericht und mehrere Beschlussempfehlungen des Haushaltsausschusses zu den Einzelplänen sowie eine Stellungnahme des Bundesrates vor. Der Gesetzentwurf der Bundesregierung über die Feststellung des Bundeshaushaltsplans für das Haushaltsjahr 2025 wurde mit 324 Ja-Stimmen angenommen . 268 Abgeordnete stimmten dagegen, es gab keine Enthaltungen."
6280,2025-10-08,Änderung des Staatsangehörigkeitsgesetzes,Migration und Aufenthaltsrecht,Innenausschuss,https://dserver.bundestag.de/btd/21/005/2100537.pdf,"Der Bundestag hat über die von der Bundesregierung geplante Änderung des Staatsangehörigkeitsgesetzes abgestimmt. Zentral ist dabei die Rücknahme der durch die Ampel-Regierung eingeführten ""Tourboeinbürgerung"". Demnach ist eine Einbürgerung ausländischer Staatsbürger:innen bei Erfüllung bestimmter Voraussetzungen wie besonderer Integrationsleistungen bereits nach drei Jahren regulären Aufenthalts in Deutschland möglich. Der Gesetzentwurf der Bundesregierung sieht vor, dass künftig keine Verkürzung der Aufenthaltszeit mehr möglich ist und somit mindestens fünf Jahre regulärer Aufenthalt in Deutschland als Bedingung für die Erlangung der deutschen Staatsbürgerschaft festgelegt wird. Begründet wird der Schritt damit, dass die Integration in die Lebensverhältnisse in Deutschland Zeit benötige. Zu dem Antrag lag eine Beschlussempfehlung des Innenausschusses vor, in dem die Annahme des Gesetzentwurfes empfohlen wird. Der Gesetzentwurf in einer vom Innenausschuss geänderten Fassung wurde mit 450 Ja-Stimmen zu 134 Nein-Stimmen angenommen. Es gab zwei Enthaltungen von Knuth Meyer-Soltau (AfD) und Uwe Schulz (AfD)."
6284,2025-10-16,Fortsetzung des Bundeswehreinsatzes im Roten Meer (EUNAVFOR ASPIDES),Außenpolitik und internationale Beziehungen|Verteidigung,Auswärtiger Ausschuss|Haushaltsausschuss,https://dserver.bundestag.de/btd/21/013/2101372.pdf,"Der Bundestag hat die Verlängerung der Bundeswehrbeteiligung an der EU-geführten Operation EUNAVFOR ASPIDES im Roten Meer angenommen. Das Mandat ist befristet bis Oktober 2026 und war in namentlicher Abstimmung zuletzt im Januar 2025 verlängert worden. In ihrem Antrag schlägt die Bundesregierung vor, dass sich die Bundeswehr zukünftig nur noch mit bis zu 350 Soldat:innen beteiligt statt wie bisher mit bis zu 700 Soldat:innen. Das Einsatzgebiet umfasst die Meerenge von Bab al-Mandab, die Straße von Hormus sowie internationale Gewässer im Roten Meer, im Golf von Aden, im Arabischen Meer, im Golf von Oman und im Persischen Golf. Zur Begründung der Verlängerung verweist die Bundesregierung auf anhaltende Angriffe der Huthi-Miliz auf die internationale Schifffahrt, die erhebliche wirtschaftliche Schäden verursachen. 15 Prozent des weltweiten Handels verlaufen entlang der gefährdeten Route, weshalb die Sicherung des Frachtverkehrs von wirtschaftlicher und geostrategischer Bedeutung sei. Es wird mit einsatzbedingten Zusatzausgaben von rund 23,9 Millionen Euro gerechnet. Der Auswärtige Ausschuss empfiehlt in einer entsprechenden Beschlussempfehlung die Annahme des Antrags. Zudem hat der Haushaltsausschuss einen Bericht zur Vereinbarkeit des Einsatzes mit der Haushaltslage des Bundes vorgelegt. Namentlich abgestimmt wurde über die Beschlussempfehlung. Diese wurde mit 435 Ja-Stimmen zu 69 Nein-Stimmen bei 77 Enthaltungen angenommen . Aus der SPD-Fraktion enthielten sich Jan Dieren und Ruppert Stüwe . In der AfD-Fraktion gab es überwiegend Zustimmung, aber auch Nein-Stimmen und Enthaltungen."
6285,2025-10-16,Verlängerung des Bundeswehreinsatzes im Südsudan (UNMISS),Außenpolitik und internationale Beziehungen|Verteidigung,Auswärtiger Ausschuss|Haushaltsausschuss,https://dserver.bundestag.de/btd/21/013/2101371.pdf,"Der Bundestag hat der Fortsetzung der Bundeswehrbeteiligung mit bis zu 50 Soldat:innen an der von den Vereinten Nationen geführten Mission im Südsudan (UNMISS) zugestimmt. Das Mandat ist bis Ende Oktober 2026 befristet und war zuletzt in namentlicher Abstimmung im Januar 2025 verlängert worden. Ziel der Mission sei es laut Antrag , Zivilpersonen zu schützen, die Menschenrechtslage zu überwachen sowie die Umsetzung des Friedensabkommens und den Friedensprozess zu unterstützen. Für den Zeitraum belaufen sich die einsatzbedingten Zusatzkosten auf rund eine Million Euro. Der Auswärtige Ausschuss empfiehlt in seiner Beschlussempfehlung die Annahme des Antrags. Zudem hat der Haushaltsausschuss einen Bericht vorgelegt, in dem die Vereinbarkeit des Vorhabens mit der Haushaltslage des Bundes bewertet wird. Die entsprechende Beschlussempfehlung und damit die Verlängerung des Einsatzes wurden mit 494 Stimmen angenommen . 72 Abgeordnete stimmten dagegen, es gab vier Enthaltungen von Jan Dieren (SPD) sowie den drei AfD-Abgeordneten Torben Braga , Jan Feser , Rainer Rothfuß . Entgegen ihrer Fraktion stimmte Simone Fischer (BÜNDNIS 90/DIE GRÜNEN) gegen den Antrag."
6286,2025-10-16,Keine Abschaffung des Verbrenner-Verbots (Beschlussempfehlung),Umwelt|Verkehr|Wirtschaft,Ausschuss für Wirtschaft und Energie,https://dserver.bundestag.de/btd/21/002/2100225.pdf,"Die AfD-Fraktion hat im Bundestag einen Antrag eingebracht, der die Rücknahme des sogenannten Verbrenner-Verbots fordert. Ab 2035 sollen in der gesamten EU nur noch emissionsfreie PKW neu zugelassen werden, um die Schadstoffbelastung, insbesondere durch CO2-Ausstoß, im Verkehrssektor zu senken. Derzeit gibt es Diskussionen über das Aufweichen der strikten Vorschriften auf EU-Ebene. Die AfD-Fraktion sieht im Verbrenner-Verbot die Ursache für sinkende Produktion und die Gefährdung von Arbeitsplätzen in Deutschland. Der Antrag sieht die vollständige Abschaffung des Verbrenner-Verbots vor, um die gesamtwirtschaftliche Lage Deutschlands zu verbessern. Zu dem Antrag lag eine Beschlussempfehlung des Ausschusses für Wirtschaft und Energie vor, worin die Ablehnung des Antrags empfohlen wird. Namentlich abgestimmt wurde über die Beschlussempfehlung, welche mit 433 Ja-Stimmen zu 138 Nein-Stimmen bei keiner Enthaltung angenommen wurde. Der Antrag der AfD-Fraktion wurde somit abgelehnt."
6278,2025-11-06,Keine Wiedereinführung der Agrardieselrückerstattung (Beschlussempfehlung),Landwirtschaft und Ernährung,Finanzausschuss,https://dserver.bundestag.de/btd/21/006/2100604.pdf,"Die AfD-Fraktion hat im Bundestag einen Antrag eingebracht, in dem eine Wiedereinführung der Agrardieselrückerstattung gefordert wird. So soll rückwirkend zum 1. Januar 2024 die Agrardieselrückerstattung von 21,48 Cent pro Liter ausgezahlt werden. Außerdem soll die CO2-Bepreisung auf Diselkraftstoffe ersatzlos gestrichen werden. Durch die Maßnahmen soll die Wettebewerbsfähigkeit der deutschen Landwirtschaft im europäischen Binnenmarkt gestärkt werden. Aufgrund der im Jahr 2023 beschlossenen schrittweisen Reduktion der Rückvergütung bis 2026, gerieten mittlerweile laut Antrag vor allem kleine und mittlere Betriebe in finanzielle Schwierigkeiten, da diese im hohem Maße auf Agrardiesel angewiesen seien. Viele Betriebe, die ohnehin unter wirtschaftlichem Druck stünden, seien durch die Maßnahmen in ihrer Existenz bedroht. Zu dem Antrag lag eine Beschlussempfehlung des Finanzausschusses vor, worin die Ablehnung empfohlen wird. Namentlich abgestimmt wurde über die Beschlussempfehlung, welche mit 436 Ja-Stimmen zu 126 Nein-Stimmen bei keiner Enthaltung angenommen wurde. Der Antrag der AfD-Fraktion wurde somit abgelehnt."
6311,2025-11-06,Mietwuchergesetz,"Raumordnung, Bau- und Wohnungswesen|Recht",Ausschuss für Recht und Verbraucherschutz,https://dserver.bundestag.de/btd/21/001/2100134.pdf,"Der Gesetzentwurf der Fraktion Die Linke für ein ""Mietwuchergesetz“ wurde im Bundestag abgelehnt. Empfohlen wurde die Ablehnung auch in einer entsprechenden Beschlussempfehlung des Ausschusses für Recht und Verbraucherschutz . Die Linksfraktion begründet den Gesetzentwurf mit der anhaltend hohen Wohnungsnachfrage vor allem in Ballungsräumen, die vielerorts zu Mieten deutlich oberhalb der ortsüblichen Vergleichsmiete führe und Mieter:innen mangels Alternativen in Verträge mit unangemessen hohen Mietpreisen dränge. Da die bisherigen zivilrechtlichen Mittel nicht ausreichen würden, müsse unter anderem § 5 des Wirtschaftsstrafgesetzes verschärft werden. Das schwer nachweisbare Tatbestandsmerkmal der „Ausnutzung“ eines geringen Angebots solle entfallen und die Unangemessenheit der Miete stattdessen an einem objektiven Kriterium, dem geringen Angebot, festgemacht werden. Zugleich solle der Bußgeldrahmen von derzeit maximal 50.000 Euro auf 100.000 Euro steigen. Der Gesetzentwurf wurde mit 440 Gegenstimmen abgelehnt . 131 Abgeordnete stimmten dafür, es gab keine Enthaltungen."
6315,2025-11-06,Änderung der internationalen Gesundheitsvorschriften,Gesundheit,Ausschuss für Gesundheit,https://dserver.bundestag.de/btd/21/015/2101508.pdf,"Der Gesetzentwurf der Bundesregierung zur Änderung der Internationalen Gesundheitsvorschriften wurde im Bundestag angenommen. Zum Gesetzentwurf lag eine Beschlussempfehlung des Gesundheitsausschusses vor, der die Annahme des Gesetzentwurfs empfiehlt. Der Gesetzentwurf zielt darauf ab, dass Deutschland an die Änderungen der Internationalen Gesundheitsvorschriften (IGV) der Weltgesundheitsorganisation (WHO) rechtlich gebunden wird, die von der 77. Weltgesundheitsversammlung beschlossen wurden. Diese Vorschriften gelten als zentrales internationales Instrument zur Bekämpfung grenzüberschreitender Gesundheitsgefahren. Erfahrungen aus jüngsten Gesundheitskrisen, insbesondere der Covid-19-Pandemie, hätten gezeigt, dass die bestehenden IGV in Hinblick auf die internationale Koordinierung von Pandemiereaktionen überarbeitet werden müssen. Zu den wesentlichen Änderungen zählt die Einführung des neuen Begriffs „pandemische Notlage“. Zudem sollen „Gerechtigkeit“ und „Solidarität“ als grundlegende Prinzipien in die IGV aufgenommen werden. Ziel der Reformen ist es, die Unterstützung der WHO für die Mitgliedsstaaten bei Gesundheitsschutzmaßnahmen zu stärken, beispielsweise durch leichteren Zugang zu wichtigen Medikamenten und medizinischen Produkten. Außerdem soll die Zusammenarbeit und gegenseitige Unterstützung der Staaten im Rahmen der von der WHO koordinierten Schutzmaßnahmen verbessert werden. Der Gesetzentwurf wurde mit 428 Ja-Stimmen angenommen . 131 Abgeordnete stimmten dagegen, darunter neben den Abgeordneten aus der AfD-Fraktion auch Saskia Ludwig aus der Fraktion der CDU. Es gab keine Enthaltungen."
6316,2025-11-06,Keine Einschränkung der medizinischen Versorgung von Ausländer:innen (Beschlussempfehlung),Gesundheit|Migration und Aufenthaltsrecht,Ausschuss für Gesundheit,https://dserver.bundestag.de/btd/21/017/2101750.pdf,"Der Antrag der AfD-Fraktion mit dem Namen ""Zurückführung der medizinischen Versorgung von Ausländern auf das verfassungsrechtlich gebotene Minimum – Orientierung am dänischen Modell"" wurde vom Bundestag abgelehnt. Namentlich abgestimmt wurde über eine Beschlussempfehlung des Gesundheitsausschusses , in der die Ablehnung des Antrags empfohlen wurde. In ihrem Antrag fordert die AfD-Fraktion, dass Asylbewerber:innen künftig keine Gesundheitsleistungen mehr erhalten sollen, die über die Sicherung der Gesundheit in akuten Notfällen hinausgehen. Darunter fallen beispielsweise psychotherapeutische Angebote und die Behandlung chronischer Erkrankungen. Als Vorbild diene Dänemark, wo nur noch akute Notfallbehandlungen, Schmerztherapie und lebensbedrohliche oder nicht aufschiebbare medizinische Maßnahmen für Asylsuchende ergriffen werden. Die Reduktion auf ein Minimum der medizinischen Leistungen soll laut Antrag künftig unabhängig von der Dauer des Aufenthalts in Deutschland für alle Asylbewerber:innen gelten. Die Beschlussempfehlung wurde mit 434 Gegenstimmen angenommen . 126 Abgeordnete stimmten dafür, es gab keine Enthaltungen. Der Antrag wurde somit abgelehnt."
6318,2025-11-13,Beteiligung der Bundeswehr an der Operation SEA GUARDIAN im Mittelmeer verlängern,Außenpolitik und internationale Beziehungen|Verteidigung,Auswärtiger Ausschuss|Haushaltsausschuss,https://dserver.bundestag.de/btd/21/020/2102069.pdf,"Der Bundestag hat einer Verlängerung des Ende November auslaufenden Mandats für die weitere Beteiligung der Bundeswehr an der NATO-Operation SEA GUARDIAN im Mittelmeer zugestimmt. Zuletzt war über eine Verlängerung um ein Jahr im Januar 2025 namentlich abgestimmt worden. Wie bisher sollen bis zu 550 Soldat:innen für die Überwachung des Seegebiets im Mittelmeerraum, die Bekämpfung von Terrorismus und die Verhinderung von Waffenschmuggel eingesetzt werden. Zu dem Antrag der Bundesregierung lag eine Beschlussempfehlung des Auswärtigen Ausschusses vor, über die namentlich abgestimmt wurde. Die Beschlussempfehlung schlägt die Annahme des Antrags vor. Außerdem hat der Haushaltsausschuss einen Bericht zu der Vereinbarkeit des Antrages mit der Haushaltslage des Bundes veröffentlicht. Die Beschlussempfehlung und damit auch der Antrag wurden mit 387 Stimmen angenommen . 169 Abgeordnete stimmten dagegen, es gab drei Enthaltungen von Jan Dieren (SPD), Ruppert Stüwe (SPD) sowie Corinna Rüffer (BÜNDNIS 90/DIE GRÜNEN). Der Grünen-Abgeordnete Max Lucks stimmte als einziger seiner Fraktion mit Nein."
6319,2025-11-13,Weitere Bundes­wehrbeteiligung an der EU-Mission EUNAVFOR MED IRINI im Mittelmeer,Außenpolitik und internationale Beziehungen|Verteidigung,Auswärtiger Ausschuss|Haushaltsausschuss,https://dserver.bundestag.de/btd/21/020/2102068.pdf,"Der Bundestag hat der Fortsetzung der Beteiligung bewaffneter deutscher Streitkräfte an der durch die EU geführten Operation EUNAVFOR MED IRINI im Mittelmeer um ein weiteres Jahr zugestimmt. Das aktuelle Mandat läuft im November 2025 aus und war zuletzt im Januar 2025 in namentlicher Abstimmung verlängert worden. Ziel der Operation sei weiterhin die Durchsetzung des Waffenembargos der Vereinten Nationen gegen Libyen und die Unterbindung von Menschenschmuggel und illegalen Öl-Exporten. Außerdem soll die Bundeswehr mit bis zu 300 Soldat:innen Aufgaben wie die Seeraumüberwachung und -aufklärung übernehmen. Zu dem Antrag der Bundesregierung lag eine Beschlussempfehlung des Auswärtigen Ausschusses vor, über welche namentlich abgestimmt und worin die Annahme des Antrags empfohlen wurde. Außerdem hat der Haushaltsausschuss einen Bericht zu der Vereinbarkeit des Antrags mit der Haushaltslage des Bundes veröffentlicht. Die Beschlussempfehlung und damit auch der Antrag wurden mit 313 Ja-Stimmen zu 182 Nein-Stimmen bei 69 Enthaltungen angenommen . Enthalten haben sich bis auf neun Abgeordnete die gesamte Fraktion von BÜNDNIS 90/DIE GRÜNEN sowie die SPD-Abgeordneten Jan Dieren und Ruppert Stüwe ."
6323,2025-11-13,Modernisierung und Digitalisierung der Bekämpfung von Schwarzarbeit,"Arbeit und Beschäftigung|Innere Sicherheit|Wissenschaft, Forschung und Technologie",Finanzausschuss|Haushaltsausschuss,https://dserver.bundestag.de/btd/21/019/2101930.pdf,"Im Bundestag wurde ein Gesetzentwurf der Bundesregierung zur Modernisierung und Digitalisierung der Schwarzarbeitsbekämpfung verabschiedet. Der Gesetzentwurf zielt darauf ab, die Finanzkontrolle Schwarzarbeit (FKS) der Zollverwaltung effizienter und wirksamer zu gestalten. Kern soll dabei ein stärker risikobasierter Ansatz mit automatisiertem Datenabgleich sein, indem große Datenmengen ausgewertet werden, um mögliche Risiken für das Auftreten von Schwarzarbeit besser erkennen und rechtstreue Betriebe entlasten zu können. Dazu soll auch KI von den Behörden eingesetzt werden. Prüfungen und Identitätskontrollen werden laut Gesetzentwurf zukünftig digitaler und schneller ablaufen. Die FKS soll ihre Ressourcen stärker auf organisierte Kriminalität und organisierte Formen der Schwarzarbeit ausrichten und dafür in den polizeilichen Informationsverbund eingebunden werden. Zudem sollen die Straf- und Bußgeldregeln praxistauglicher und die Ermittlungsbefugnisse der Zollverwaltung erweitert werden. Erweiterte Befugnisse für den Kampf gegen Schwarzarbeit erhalten zukünftig auch die Landesbehörden. Die durch die neuen Maßnahmen entstehenden Mehreinnahmen für die öffentlichen Haushalte werden bis 2029 auf rund 858,4 Mio. Euro geschätzt. Zu dem Gesetzentwurf lag eine Beschlussempfehlung des Finanzausschusses vor, worin die Annahme des Gesetzentwurfs in geänderter Fassung empfohlen wurde. Außerdem hat der Haushaltsausschuss einen Bericht zur Finanzierbarkeit vorgelegt. Der Gesetzentwurf der Bundesregierung wurde mit 322 Stimmen angenommen . 50 Abgeordnete stimmten dagegen, es gab 207 Enthaltungen aus den Fraktionen von BÜNDNIS 90/DIE GRÜNEN und AfD . Gerrit Huy (AfD) stimmte für den Gesetzentwurf, Ronald Gläser (AfD) und Georg Schroeter (AfD) stimmten mit Nein."
6324,2025-11-13,Energiesteuer- und Stromsteuergesetz (Änderungsantrag),"Energie|Öffentliche Finanzen, Steuern und Abgaben",,https://dserver.bundestag.de/btd/21/027/2102760.pdf,"Ein Änderungsantrag der Fraktion BÜNDNIS 90/DIE GRÜNEN zu dem Gesetzentwurf der Bundesregierung zur Änderung des Energiesteuer- und Stromsteuergesetzes wurde im Bundestag abgelehnt. Der ursprüngliche Gesetzentwurf der Bundesregierung sieht unter anderem vor, die Fortsetzung der Stromsteuersenkung auf das EU-rechtliche Minimum für Unternehmen des produzierenden Gewerbes und der Land- und Forstwirtschaft weiterhin zu gewährleisten. Außerdem sollen durch den Gesetzentwurf Vereinfachungen im Bereich der Elektromobilität ermöglicht werden. Viele Gesetzesänderungen werden damit begründet, Bürokratie abzubauen. Der Änderungsantrag der Grünen schlägt eine Reihe von Änderungen am Gesetz der Bundesregierung vor. Es wird die im Koalitionsvertrag angekündigte Absenkung der Stromsteuer gefordert. Durch die allgemeine Absenkung des Strompreises entfielen laut Antrag zahlreiche Ausnahmen und Entlastungsregelungen, wodurch das Stromsteuerrecht erheblich vereinfacht werde, was wiederum Verwaltung und Wirtschaft entlasten würde. Zudem würden alle Verbraucher:innen von der Absenkung profitieren und die Elektrifizierung der Wirtschaft werde vorangetrieben. Der Änderungsantrag wurde mit 313 Gegenstimmen der Regierungsfraktionen abgelehnt . Mit Ja stimmten 244 Abgeordnete der Fraktionen BÜNDNIS/DIE GRÜNEN , Die Linke und AfD . Es gab keine Enthaltungen."
6326,2025-11-13,Gesetz zur Beseitigung der Klimaschutzfolgen und Wiederherstellung der Energieinfrastruktur,Energie|Umwelt,Ausschuss für Wirtschaft und Energie,https://dserver.bundestag.de/btd/21/017/2101725.pdf,"Zwei Gesetzentwürfe der AfD-Fraktion zur Beseitigung von Klimaschutzfolgen und Wiederherstellung der Energieinfrastruktur in Deutschland wurden im Bundestag in namentlicher Abstimmung abgelehnt. In einer entsprechenden Beschlussempfehlung des Ausschusses für Wirtschaft und Energie wurde die Ablehnung beider Entwürfe ebenfalls empfohlen. Der Gesetzentwurf der AfD für ein „Klimaschutzfolgenbereinigungsgesetz“ sieht vor, das Atomgesetz zu ändern sowie zahlreiche klima- und energiepolitische Gesetze aufzuheben, darunter das Erneuerbare-Energien-Gesetz (EEG), den Zertifikatehandel, das Gebäudeenergiegesetz (GEG), den Klima- und Transformationsfonds sowie die Gesetze zum Atom- und Kohlestromausstieg. Zudem fordert die Fraktion, das Kyoto-Protokoll von 1997 zu kündigen und aus dem Pariser Klimaabkommen von 2015 auszusteigen. Statt Emissionsminderung will die AfD auf eine Anpassung an Klimafolgen, mehr Vorsorge für Notlagen und eine Energieversorgung aus „nicht volatilen“ Quellen, insbesondere fossilen und nuklearen Kraftwerken setzen. Die AfD-Fraktion bezweifelt einen nennenswerten menschlichen Einfluss auf das Klima und widerspricht damit dem wissenschaftlichen Konsens der Klimawandelforschung. Der „Entwurf eines Gesetzes zur Beseitigung der Klimaschutzfolgen und Wiederherstellung der Energieinfrastruktur in Deutschland - Klimaschutzfolgenbereinigungsgesetz“ wurde mit 443 Nein-Stimmen zu 131 Ja-Stimmen bei keiner Enthaltung abgelehnt . Der zweite Gesetzentwurf zur "" Änderung des Grundgesetzes zur Klimaschutzfolgenbereinigung"" wurde ebenfalls in namentlicher Abstimmung abgelehnt."
6327,2025-11-13,Änderung des Grundgesetzes zur Klimaschutzfolgenbereinigung,Energie|Recht|Umwelt,Ausschuss für Wirtschaft und Energie,https://dserver.bundestag.de/btd/21/017/2101725.pdf,"Zwei Gesetzentwürfe der AfD-Fraktion zur Beseitigung von Klimaschutzfolgen und Wiederherstellung der Energieinfrastruktur in Deutschland wurden im Bundestag in namentlicher Abstimmung abgelehnt. In einer entsprechenden Beschlussempfehlung des Ausschusses für Wirtschaft und Energie wurde die Ablehnung beider Entwürfe ebenfalls empfohlen. Vorgelegt hat die AfD unter anderem einen Gesetzentwurf zur Änderung des Grundgesetzes . Artikel 143h, der erst seit einigen Monaten in Kraft ist, soll dabei ersetzt werden. Das Ziel der Klimaneutralität bis 2045 soll laut Entwurf gestrichen und die dafür vorgesehenen Sondervermögen (bis zu 500 Mrd. Euro für Infrastruktur und Klimaneutralität sowie 100 Mrd. Euro für den Klima- und Transformationsfonds) aufgehoben werden. Zugleich soll für Maßnahmen des Klimaschutzes, wie z.B. die CO₂-Bepreisung sowie die Förderung und Genehmigung von Wind-, Solar-, Bioenergie, Geothermie und Wasserkraft ausdrücklich kein öffentliches Interesse gelten. Stattdessen will die AfD Infrastruktur, Versorgungssicherheit und anpassungsorientierte Umweltpolitik priorisieren, inklusive wetterunabhängiger Energiequellen wie Kernenergie und Kohle. Für zielgenaue Infrastrukturausgaben stünden im Kernhaushalt ausreichende Mittel zur Verfügung. Laut Fraktion seien die Klimaschutzmaßnahmen nicht gerechtfertigt und stellten eine unzulässige Einschränkung von Grundrechten dar. Der Gesetzentwurf zur Änderung des Grundgesetzes wurde mit 432 Nein-Stimmen zu 128 Ja-Stimmen bei keiner Enthaltung abgelehnt . Der zweite Gesetzentwurf zur ""Beseitigung der Klimaschutzfolgen und Wiederherstellung der Energieinfrastruktur"" wurde ebenfalls in namentlicher Abstimmung abgelehnt."
6329,2025-11-13,Zuschuss zu den Übertragungsnetzkosten für das Jahr 2026,"Energie|Öffentliche Finanzen, Steuern und Abgaben",Ausschuss für Wirtschaft und Energie|Haushaltsausschuss,https://dserver.bundestag.de/btd/21/018/2101863.pdf,"Der Bundestag hat einen Gesetzentwurf der Bundesregierung für einen Zuschuss zu den Übertragungsnetzkosten im Jahr 2026 angenommen. Netzbetreiber erhalten dafür insgesamt 6,5 Milliarden Euro aus dem Klima- und Transformationsfonds, damit die Entgelte für die Nutzung der Übertragungsnetze und damit auch die Strompreise für Verbraucher:innen sinken. Der Zuschuss wird durch einen neuen Paragrafen 24c im Energiewirtschaftsgesetz geregelt und soll die Kostenbelastung der Stromkund:innen spürbar dämpfen. Zu dem Gesetzentwurf lag eine Beschlussempfehlung des Ausschusses für Wirtschaft und Energie vor, worin die Annahme in geänderter Fassung empfohlen wurde. Zudem lag ein Bericht des Haushaltsausschusses zur Finanzierbarkeit vor. Der Gesetzentwurf der Bundesregierung wurde mit 309 Ja-Stimmen angenommen . Dagegen stimmte niemand, jedoch gab es 238 Enthaltungen aus der Opposition."
6330,2025-11-13,Änderung des Tierarzneimittelgesetzes und des Apothekengesetzes,Gesundheit,"Ausschuss für Landwirtschaft, Ernährung und Heimat",https://dserver.bundestag.de/btd/21/019/2101938.pdf,"Der Bundestag hat einen Gesetzentwurf der Bundesregierung zur Änderung des Tierarzneimittelgesetzes und des Apothekengesetzes in geänderter Fassung angenommen. Kern des Gesetzes ist es, EU-Vorgaben zur Erfassung des Antibiotikaverbrauchs bei Tieren in Deutschland mit möglichst wenig zusätzlicher Bürokratie umzusetzen. So wird das bislang auf 2026 vorgezogene erste Erfassungsjahr für Antibiotikamengen bei Hunden und Katzen auf das von der EU vorgesehene Jahr 2029 verschoben. Außerdem werden die bisher halbjährlichen Mitteilungspflichten von Tierhalter:innen und Tierärzt:innen im Rahmen des deutschen Antibiotikaminimierungskonzepts auf einen jährlichen Turnus umgestellt. Zugleich wird die Datenerfassung auf bislang nicht erfasste lebensmittelliefernde Tierarten sowie auf Hunde, Katzen, Füchse und Nerze in Pelztierhaltung ausgeweitet. Durch die neuen Regelungen soll eine bessere Datengrundlage zur Verwendung von Antibiotika in der Tierhaltung geschaffen werden. Damit lassen sich Entwicklungen und mögliche Risikofaktoren bei der Antibiotikaanwendung genauer erkennen. Laut Bundesregierung trägt dies zu einem umsichtigeren Einsatz von Antibiotika und damit zur Bekämpfung antibiotikaresistenter Erreger bei. Zugleich bedeutet die Umstellung auf jährliche Meldungen eine Entlastung für Tierärzt:innen sowie Tierhalter:innen. Zu dem Gesetzentwurf lag eine Beschlussempfehlung des Ausschusses für Landwirtschaft, Ernährung und Heimat vor, worin die Annahme des Gesetzes in geänderter Fassung empfohlen wurde. Auf Grundlage der Beschlussempfehlung wurde der Gesetzentwurf der Bundesregierung mit 238 Ja-Stimmen zu 120 Nein-Stimmen bei 28 Enthaltungen angenommen ."
6346,2025-11-26,Etat von Bundeskanzler und Bundeskanzleramt 2026,"Bundestag|Öffentliche Finanzen, Steuern und Abgaben",Haushaltsausschuss,https://dserver.bundestag.de/btd/21/006/2100600.pdf,"Im Rahmen der viertägigen Schlussberatungen zum Bundeshaushalt 2026 fand auch die große Generaldebatte zur Regierungspolitik statt. In der anschließenden namentlichen Abstimmung nahm der Bundestag den Etat des Bundeskanzlers und des Bundeskanzleramts (Einzelplan 04) in namentlicher Abstimmung an. Der Haushalt solle demnach für das Jahr 2026 5,0 Milliarden Euro umfassen, rund 100 Millionen Euro mehr als ursprünglich vorgesehen. Der Beauftragte der Bundesregierung für Kultur und Medien, Wolfram Weimer, soll mit 2,2 Milliarden Euro knapp 200 Millionen mehr ausgeben können als 2025. Mit 18,3 Millionen Euro bleiben die Mittel der Beauftragten der Bundesregierung für Ostdeutschland, Elisabeth Kaiser, nahezu unverändert im Vergleich zum Vorjahr. Neu enthalten im Kanzleretat sind Ausgaben für Sport und Ehrenamt. Dem neu geschaffenen Amt der Staatsministerin für Sport und Ehrenamt stehen 386,5 Millionen Euro zur Verfügung. Zu dem Einzelplan lagen eine Beschlussempfehlung des Haushaltsausschusses sowie eine Ergänzung zu den Beschlussempfehlungen des Haushaltsausschusses vor. Für den Einzelplan zum Etat von Bundeskanzler und Bundeskanzleramt stimmten 324 Abgeordnete, 274 votierten dagegen. Es gab keine Enthaltungen."
6351,2025-11-28,Schlussabstimmung zum Haushaltsgesetz 2026,"Öffentliche Finanzen, Steuern und Abgaben",Haushaltsausschuss,https://dserver.bundestag.de/btd/21/006/2100600.pdf,"In der namentlichen Schlussabstimmung wurde das Haushaltsgesetz 2026 mit einigen Änderungen angenommen. Geplant sind für das Haushaltsjahr 2026 insgesamt Ausgaben in Höhe von 524,54 Milliarden Euro - ein Plus von 21,54 Milliarden Euro im Vergleich zu 2025 und 4,4 Prozent mehr als ursprünglich im Gesetzentwurf der Bundesregierung vorgesehen. 58,35 Milliarden Euro der geplanten Ausgaben sollen dabei auf Investitionen und 449,91 Milliarden Euro auf Verpflichtungsermächtigungen, also Auszahlungen, die erst in den kommenden Haushaltsjahren erfolgen, entfallen. Die Nettokreditaufnahme soll 2026 bei 97,96 Milliarden Euro liegen, auch hier werden höhere Ausgaben angenommen, als ursprünglich von der Regierung angesetzt. Die Einnahmen aus Steuern und steuerähnlichen Abgaben werden mit 387,21 Milliarden Euro veranschlagt (2025: 386,84 Milliarden Euro). Zu dem Regierungsentwurf lagen mehrere Beschlussempfehlungen vor, darunter auch diverse Beschlussempfehlungen zu bestimmten Einzelplänen. Außerdem hat der Haushaltsausschuss einen Bericht zu dem Gesetzentwurf vorgelegt. Das Haushaltsgesetz 2026 wurde in geänderter Fassung mit 322 Ja-Stimmen zu 252 Nein-Stimmen bei keiner Enthaltung angenommen ."
6353,2025-12-03,Visa für afghanische Staatsangehörige mit Aufnahmezusage erteilen,Migration und Aufenthaltsrecht,Innenausschuss,https://dserver.bundestag.de/btd/21/030/2103031.pdf,"In einer namentlichen Abstimmung wurde ein Antrag der Fraktion BÜNDNIS 90/DIE GRÜNEN abgelehnt, in welchem die Bundesregierung dazu aufgefordert wurde, alle bestehenden Aufnahmezusagen für afghanische Staatsangehörige konsequent umzusetzen. Laut Antrag sollen Menschen, die über das Bundesaufnahmeprogramm, die Menschenrechtsliste, das Überbrückungsprogramm oder das Ortskräfteverfahren eine Zusage erhalten haben und sicherheitsgeprüft sind, umgehend ein Visum bekommen und nach Deutschland ausgeflogen werden. Auch Afghan:innen, die trotz Aufnahmezusage abgeschoben wurden, sollen nach Pakistan zurückgeholt, ihre Verfahren abgeschlossen und anschließend ebenfalls nach Deutschland gebracht werden. Zudem verlangen die Abgeordeten Klarheit für die Betroffenen. Die Bundesregierung soll ihnen mitteilen, ob ihre Unterbringung in Pakistan sowie die Bearbeitung ihrer Fälle im kommenden Jahr fortgesetzt werden könne und ob weiterhin Visa erteilt werden. Gleichzeitig soll sie mit Pakistan darüber verhandeln, die Frist für die Bearbeitung und Ausreise über den 31. Dezember 2025 hinaus zu verlängern. Die Fraktion begründet ihren Antrag mit einer deutlichen Verschlechterung der Menschenrechtslage und tiefgreifenden Verletzungen der Grundrechte in Afghanistan seit der Machtübernahme der Taliban im August 2021. Der Antrag der Fraktion BÜNDNIS 90/DIE GRÜNEN wurde mit 440 Nein-Stimmen zu 130 Ja-Stimmen bei keiner Enthaltung abgelehnt ."
6354,2025-12-04,Besteuerung von Luxusflügen,"Öffentliche Finanzen, Steuern und Abgaben|Umwelt",,https://dserver.bundestag.de/btd/21/030/2103035.pdf,"Im Rahmen der Bundestagsdebatte zur Klimapolitik wurde in namentlicher Abstimmung ein Antrag der Fraktion BÜNDNIS 90/DIE GRÜNEN mit dem Titel „Luxusflüge besteuern – Klimaschutz-Lücke im Verkehr endlich angehen“ abgelehnt. In ihrem Antrag weist die Fraktion auf die große Klimaschutzlücke im Verkehrssektor hin. Besonders klimaschädlich seien demnach Luxusflüge und Privatjets, die von einem sehr kleinen Teil der Bevölkerung genutzt werden, aber einen erheblichen Anteil der Flugemissionen verursachen würden. Im Antrag heißt es, dass ein Langstreckenflug in der First Class ungefähr neunmal so klimaschädlich wie in der Economyclass sei. Eine Reiseim Privatjet verursach sogar bis zu 80-mal so hohe Emissionen. Daher fordern die Abgeordneten die Bundesregierung auf, sich der von Frankreich geführten internationalen Allianz anzuschließen und eine progressive Zusatzabgabe auf Privatjetflüge und Premium-Flugtickets einzuführen. Damit sollen CO₂-Emissionen reduziert und Hunderte Millionen Euro zusätzliche Staatseinnahmen erzielt werden. Gegen den Antrag der Grünen stimmten 451 Abgeordnete. Mit Ja stimmten 134 Abgeordnete, es gab keine Enthaltungen."
6355,2025-12-04,Keine Abschaffung der CO2-Bepreisung (Beschlussempfehlung),"Energie|Öffentliche Finanzen, Steuern und Abgaben","Ausschuss für Umwelt, Klimaschutz, Naturschutz und nukleare Sicherheit",https://dserver.bundestag.de/btd/21/002/2100227.pdf,"In einer namentlichen Abstimmung hat sich der Bundestag mit einem Antrag der AfD-Fraktion befasst, die das Gesetz zur Einsparung von Energie und zur Nutzung erneuerbarer Energien zur Wärme- und Kälteerzeugung in Gebäuden (Gebäudeenergiegesetz, GEG) vollständig abschaffen und die CO₂-Bepreisung von Heizöl und Gas ersatzlos streichen möchte. Auch die Umsetzung entsprechender EU-Vorgaben wie der Green Deal sowie der CO₂-Grenzausgleich sollen sofort beendet werden. Die AfD bezweifelt, dass es, wie von der Koalition angekündigt, tatsächlich zu seiner Abschaffung des Heizungsgesetzes kommen werde. Stattdessen werde aus Sicht der Fraktion versucht, Öl- und Gasheizungen indirekt über steigende CO₂-Kosten aus dem Markt zu drängen und so teuer zu machen, dass sich die Besitzer:innen der Heizungen deren Nutzung nicht mehr leisten können. Zu dem Antrag hat der Ausschuss für Umwelt, Klimaschutz, Naturschutz und nukleare Sicherheit eine Beschlussempfehlung abgegeben, worin die Ablehnung empfohlen wird. Die Beschlussempfehlung, die die Ablehnung des Antrags der AfD-Fraktion empfiehlt, wurde mit 442 Ja-Stimmen angenommen . Mit Nein stimmten 138 Abgeordnete, es gab keine Enthaltungen."
6356,2025-12-05,Stabilisierung des Rentenniveaus und Gleichstellung der Kindererziehungszeiten,"Gesellschaftspolitik, soziale Gruppen",Ausschuss für Arbeit und Soziales|Haushaltsausschuss,https://dserver.bundestag.de/btd/21/019/2101929.pdf,"Im Bundestag wurde das Rentenpaket der Bundesregierung angenommen. Namentlich abgestimmt wurde dabei über einen Gesetzentwurf der Bundesregierung , der zentrale Elemente der gesetzlichen Rentenversicherung stabilisieren und weiterentwickeln soll. Hintergrund ist, dass die bisherige Haltelinie für das Rentenniveau (Verhältnis der Rente zum Durchschnittsverdienst) von 48 Prozent Ende 2025 ausläuft und ohne neue Regelung eine Absenkung des Rentenniveaus eintritt. Um dies zu verhindern, soll das Rentenniveau bis 2031 bei 48 Prozent gesichert bleiben. Die daraus entstehenden Mehrkosten soll der Bund übernehmen, sodass der Beitragssatz weitgehend stabil bleiben kann. Ein weiterer Kernpunkt des Gesetzentwurfs ist die vollständige Gleichstellung von Kindererziehungszeiten (auch unter dem Begriff ""Mütterrente"" bekannt). Kindererziehungszeiten erhöhen die Rente, indem sie als Beitragszeiten angerechnet und dafür Rentenpunkte erhalten werden. Für vor 1992 geborene Kinder soll die Anrechnungszeit deshalb um ein weiteres halbes Jahr auf insgesamt drei Jahre verlängert werden – genauso wie bei nach 1992 geborenen Kindern. Auch diese Mehrkosten soll der Bund tragen. Zudem enthält der Entwurf Maßnahmen zur besseren finanziellen Stabilität der Rentenversicherung, etwa durch eine höhere Mindestreserve und vereinfachte Regeln für Bundeszuschüsse. Darüber hinaus sollen Menschen, die die Regelaltersgrenze erreicht haben, künftig leichter zu ihrem bisherigen Arbeitgeber zurückkehren können. Für sie soll das Anschlussverbot bei befristeten Arbeitsverträgen entfallen, um eine freiwillige Weiterarbeit zu erleichtern und den Arbeitsmarkt zu entlasten. Zu dem Gesetzentwurf hat der Ausschuss für Arbeit und Soziales eine Beschlussempfehlung ausgearbeitet, worin die Annahme empfohlen wird. Außerdem hat der Haushaltsausschuss einen Bericht zur Finanzierbarkeit vorgelegt. Der Gesetzentwurf der Bundesregierung zur Stabilisierung des Rentenniveaus und zur vollständigen Gleichstellung der Kindererziehungszeiten wurde mit 318 Stimmen angenommen . 224 Abgeordnete stimmten dagegen, es gab 53 Enthaltungen aus der Fraktion Die Linke sowie von Stefan Seidler (SSW), Nicklas Kappe (CDU) und Konrad Körner (CDU). Folgende sieben Abgeordnete aus der CDU/CSU-Fraktion stimmten gegen den Gesetzentwurf der Bundesregierung: Johannes Winkel , Yannick Bury , Pascal Reddig , Johannes Volkmann , Marvin Schulz , Johannes Wiegelmann und Nicolas Zippelius ."
6357,2025-12-05,Neuregelung zu sicheren Herkunftsstaaten und Abschaffung anwaltlicher Vertretung bei Abschiebehaft,Migration und Aufenthaltsrecht|Recht,Innenausschuss,https://dserver.bundestag.de/btd/21/007/2100780.pdf,"Der Bundestag hat einen Gesetzentwurf der Bundesregierung angenommen, der vorsieht, dass künftig sichere Herkunftsstaaten für den internationalen Schutz, also für Asyl nach der Genfer Flüchtlingskonvention oder subsidiären Schutz, per Rechtsverordnung festgelegt werden können. Die bisherigen Regeln für sichere Herkunftsstaaten nach Artikel 16a des Grundgesetzes bleiben davon allerdings unberührt. Nach Darstellung der Koalitionsfraktionen soll die Einstufung eines Landes als ""sicher"" Asylverfahren deutlich beschleunigen. Menschen aus diesen Staaten hätten in der Regel keine Aussicht auf Schutz in Deutschland, was ihre Verfahren beim Bundesamt für Migration und Flüchtlinge schneller macht und im Falle einer Ablehnung eine zügigere Rückführung ermöglicht. Die individuelle Prüfung jedes einzelnen Antrags bleibt jedoch bestehen. Gleichzeitig soll Deutschland dadurch für Antragsteller:innen weniger attraktiv werden, die aus nicht asylrelevanten Gründen einen Schutzstatus beantragen. Der Gesetzentwurf soll damit eine Vorgabe des Koalitionsvertrags umsetzen und die Grundlage schaffen, künftig schneller auf steigende Asylanträge aus bestimmten Staaten reagieren zu können. Außerdem soll eine Regelung aufgehoben werden, die seit 2024 in Abschiebehaft- und Gewahrsamsverfahren zwingend einen Rechtsbeistand vorschreibt. Der Innenausschuss hat zu dem Gesetzentwurf eine Beschlussempfehlung mit einigen Änderungen vorgelegt. So soll unter anderem das Staatsangehörigkeitsgesetz ergänzt werden: Wer im Einbürgerungsverfahren bewusst täuscht, besticht, droht oder falsche Angaben macht, kann für zehn Jahre von einer Einbürgerung ausgeschlossen werden. Der Gesetzentwurf der Bundesregierung wurde in geänderter Fassung mit 457 Ja-Stimmen angenommen . 130 Abgeordnete stimmten mit Nein, es gab drei Enthaltungen von Jan Dieren (SPD), Annika Klose (SPD) und Knuth Meyer-Soltau (AfD)."
6359,2025-12-05,Modernisierung des Wehrdienstes,Verteidigung,Verteidigungsausschuss|Haushaltsausschuss,https://dserver.bundestag.de/btd/21/018/2101853.pdf,"Der Bundestag hat in namentlicher Abstimmung einen Gesetzentwurf der Bundesregierung zur Modernisierung des Wehrdienstes verabschiedet. Angestrebt wird laut Bundesregierung die Einführung eines neuen, attraktiven und grundsätzlich freiwilligen Wehrdienstes. Ab 2026 sollen deshalb alle 18-Jährigen einen Fragebogen zur Motivation und Eignung erhalten. Für Männer soll dieser verpflichtend, für Frauen freiwillig sein. Zudem soll für Männer ab Jahrgang 2008 die Musterung wieder zur Pflicht werden. Der neue Wehrdienst soll zwar freiwillig geleistet werden, doch falls die angestrebte Zahl von Bewerber:innen nicht erreicht wird, kann der Bundestag später eine „Bedarfswehrpflicht“ beschließen. Wer sich freiwillig meldet, soll eine moderne Ausbildung, eine Vergütung von mindestens 2.600 Euro brutto und möglichst wohnortnahe Einsatzmöglichkeiten erhalten. Soldat:innen auf Zeit sollen 2.700 Euro brutto verdienen inklusive Unterbringung und Zuschüssen für den Auto- oder Lkw-Führerschein ab mindestens einem Jahr Dienst. Der Wehrdienst soll mindestens sechs Monate dauern, kann aber individuell verlängert werden. Mit dem neuen Wehrdienst-Modernisierungsgesetz sollen drei Ziele verfolgt werden: Erstens soll ein besseres Lagebild darüber entstehen, wie viele Wehrpflichtige in den betroffenen Jahrgängen tatsächlich zur Verfügung stehen. Zweitens will die Bundesregierung deutlich mehr Freiwillige für die Bundeswehr gewinnen und damit auch das Reservist:innenpotenzial erhöhen. Drittens soll die Möglichkeit geschaffen werden, außerhalb eines Spannungs- oder Verteidigungsfalls per Rechtsverordnung eine Verpflichtung zum Grundwehrdienst einzuführen, allerdings nur, wenn der Bundestag zustimmt. Zu dem Gesetzentwurf der Bundesregierung hat der Verteidigungsausschuss eine Beschlussempfehlung vorgelegt. Außerdem hat der Haushaltsausschuss einen Bericht zur Finanzierbarkeit erarbeitet. Der Gesetzentwurf für ein Wehrdienst-Modernisierungsgesetz wurde mit 323 Ja-Stimmen zu 272 Nein-Stimmen bei einer Enthaltung von Paula Piechotta (BÜNDNIS 90/DIE GRÜNEN) angenommen . Gegen den Gesetzentwurf stimmte auch Jan Dieren aus der SPD-Fraktion, während die anderen Mitglieder der Koalitionsfraktionen für das Modernisierungsgesetz stimmten."
6360,2025-12-05,Eingefrorenes russisches Staatsvermögen nicht der Ukraine zur Verfügung stellen (Beschlussempfehlung),"Außenpolitik und internationale Beziehungen|Öffentliche Finanzen, Steuern und Abgaben",Finanzausschuss,https://dserver.bundestag.de/btd/21/005/2100572.pdf,"Im Bundestag wurden zwei Anträge der Fraktion BÜNDNIS 90/DIE GRÜNEN in Bezug auf den Wiederaufbau der Ukraine durch eingefrorene russische Staatsvermögen abgelehnt. Da die Ukraine dringend Mittel für Verteidigung, Versorgung der Bevölkerung und Wiederaufbau – einschließlich zerstörter kultureller Infrastruktur – benötigt, fordert die Fraktion die Bundesregierung in ihrem ersten Antrag auf, sich innerhalb der G7-Staaten dafür einzusetzen, die eingefrorenen russischen Staatsvermögen der Ukraine zur Verfügung zu stellen. Die eingefrorenen Vermögenswerte betragen 260 Milliarden Euro, wovon rund 210 Milliarden Euro innerhalb der EU liegen. Deutschland müsse seine umfassende militärische, humanitäre und finanzielle Unterstützung für die Ukraine bekräftigen und klarstellen, dass nur die Wiederherstellung von Souveränität und territorialer Integrität einen dauerhaften Frieden ermöglichen könne. Zugleich betonen die Abgeordneten, dass eine zögerliche Unterstützung den Krieg nicht beenden könne und entschlosseneres Handeln notwendig sei. Zu dem Antrag lag eine Beschlussempfehlung des Finanzausschusses vor, worin die Ablehnung des Antrags empfohlen wird. Abgestimmt wurde über die Beschlussempfehlung, indem die Ablehnung des Antrags empfohlen wurde. Diese wurde mit 455 Ja-Stimmen zu 77 Nein-Stimmen bei 53 Enthaltungen angenommen ."
6361,2025-12-05,Russische Atomgeschäfte in Deutschland nicht unterbinden (Beschlussempfehlung),Außenpolitik und internationale Beziehungen|Energie,"Ausschuss für Umwelt, Klimaschutz, Naturschutz und nukleare Sicherheit",https://dserver.bundestag.de/btd/21/003/2100354.pdf,"Im Bundestag wurden zwei Anträge der Fraktion BÜNDNIS 90/DIE GRÜNEN in Bezug auf den Wiederaufbau der Ukraine durch eingefrorene russische Staatsvermögen abgelehnt. In ihrem zweiten Antrag fordert die Fraktion, dass Atomgeschäfte mit Russland in Deutschland beendet werden. Konkret soll der Brennelementefabrik Lingen untersagt werden, Brennelemente für Reaktoren russischer Bauart herzustellen, sofern dabei Sicherheitsrisiken nicht eindeutig ausgeschlossen werden können. Hintergrund ist ein geplantes Projekt von ANF und der Rosatom-Tochter Tvel, spezielle Brennelemente für ältere sowjetische Reaktoren in Mittel- und Osteuropa zu produzieren – ermöglicht durch die bisherige Ausnahmestellung des russischen Atomsektors in den EU-Sanktionen. Die Grünen kritisieren, dass dadurch nicht nur der Weiterbetrieb teils unsicherer europäischer Reaktoren unterstützt würde, sondern auch erhebliche Spionage- und Sabotagegefahren entstünden. Mitarbeitenden russischer Staatskonzerne dürfe kein unmittelbarer oder mittelbarer Zugang zu sensibler nuklearer Infrastruktur in Deutschland oder den belieferten Auslandsreaktoren ermöglicht werden. Zudem fordert die Fraktion, auf EU-Ebene ein schnelles Importverbot für russische Kernbrennstoffe durchzusetzen und ein nationales Gesetz vorzulegen, das den vollständigen Ausstieg Deutschlands aus der nuklearen Wertschöpfungskette rechtlich absichert. Zu dem zweiten Antrag lag eine Beschlussempfehlung des Ausschusses für Umwelt, Klimaschutz, Naturschutz und nukleare Sicherheit vor, worin die Ablehnung des Antrags empfohlen wird. Abgestimmt wurde über die Beschlussempfehlung, indem die Ablehnung des Antrags empfohlen wurde. Diese wurde mit 454 Ja-Stimmen zu 130 Nein-Stimmen bei keiner Enthaltung angenommen ."
6371,2025-12-18,Zurückweisung von Einsprüchen gegen die Bundestagswahl 2025 (Beschlussempfehlung),Bundestag,"Ausschuss für Wahlprüfung, Immunität und Geschäftsordnung",https://dserver.bundestag.de/btd/21/031/2103100.pdf,"Der Bundestag hat einer Beschlussempfehlung des Wahlprüfungsausschusses folgend zwei Einsprüche gegen die Bundestagswahl vom 23. Februar 2025 zurückgewiesen. Die Einsprüche richteten sich gegen das festgestellte Wahlergebnis der Partei „Bündnis Sahra Wagenknecht – Vernunft und Gerechtigkeit“ (BSW), die mit 4,981 Prozent der gültigen Zweitstimmen knapp an der Fünf-Prozent-Hürde gescheitert war. Für den Einzug in den Bundestag fehlten der Partei 9.529 Stimmen. Das BSW hatte geltend gemacht, es habe zahlreiche Auszählungsfehler gegeben, und eine Neuauszählung oder zumindest eine Neubewertung ungültiger Stimmen gefordert. Der Wahlprüfungsausschuss wies die Einsprüche als unbegründet zurück. Es lägen keine mandatsrelevanten Verstöße gegen Wahlrechtsvorschriften vor, die einen Wahlfehler begründen oder eine Änderung des Wahlergebnisses rechtfertigen würden. Die Beschlussempfehlung und somit die Zurückweisung der Einsprüche wurden mit 426 Stimmen angenommen . 129 Abgeordnete der AfD-Fraktion stimmten für eine Neuauszählung, es gab eine Enthaltung von Pascal Meiser (Fraktion Die Linke)."
6372,2025-12-19,Ablehnung der Streichung von Steuerprivilegien für höchste Erbschaften (Beschlussempfehlung),"Öffentliche Finanzen, Steuern und Abgaben",Finanzausschuss,https://dserver.bundestag.de/btd/21/006/2100627.pdf,"Der Bundestag hat einen Antrag der Linksfraktion mit dem Titel „Steuerprivilegien für höchste Erbschaften streichen“ abgelehnt. Die Linksfraktion fordert darin, zentrale Steuervergünstigungen im Erbschaftsteuerrecht abzuschaffen. Dazu zählen insbesondere die sogenannte Verschonungsbedarfsprüfung nach Paragraf 28a des Erbschaftsteuergesetzes sowie weitere Begünstigungen in den Paragrafen 13a bis d und 19a. Nach Ansicht der Fraktion führen diese Regelungen dazu, dass sehr große Erbschaften und Schenkungen faktisch kaum besteuert werden. Zur Begründung verweist sie darauf, dass im Jahr 2023 auf Erbschaften und Schenkungen im Wert von über sechs Milliarden Euro lediglich acht Millionen Euro Steuern angefallen seien, was einem Steuersatz von rund 0,13 Prozent entspreche. Von diesen Regelungen würden vor allem sehr vermögende Erb:innen profitieren, während kleine Erbschaften und insbesondere die neuen Bundesländer kaum begünstigt würden. Zudem kritisiert die Linksfraktion weitere Möglichkeiten zur Steuergestaltung, etwa durch die wiederholte Nutzung von Freibeträgen, spezielle Regelungen für große Immobilienbestände sowie Stiftungsmodelle. Dies führe aus ihrer Sicht zu einer Ungleichbehandlung, bei der kleinere Erbschaften höher besteuert würden als sehr große Vermögen. Zu dem Antrag der Fraktion Die Linke lag eine Beschlussempfehlung des Finanzausschusses vor, worin die Abehnung des Antrags empfohlen wird. Namentlich abgestimmt wurde über die Beschlussempfehlung. Diese wurde mit 507 Ja-Stimmen zu 47 Nein-Stimmen bei keiner Enthaltung angenommen . Damit wurde der Antrag der Linksfraktion abgelehnt."
6373,2025-12-19,Stärkung von Verbraucherrechten im digitalen Vertragsabschluss,Recht,Ausschuss für Recht und Verbraucherschutz,https://dserver.bundestag.de/btd/21/018/2101856.pdf,"Der Bundestag hat einen Gesetzentwurf der Bundesregierung zur Änderung des Verbraucher-, Versicherungs- und Behandlungsvertragsrechts angenommen. Mit dem Gesetz sollen zwei EU-Richtlinien umgesetzt werden, die die Verbraucherrechte-Richtlinie weiterentwickeln. Die neuen Vorgaben müssen bis spätestens 19. Dezember 2025 beziehungsweise 27. März 2026 in deutsches Recht übertragen werden. Zentraler Bestandteil des Entwurfs ist die Einführung einer elektronischen Widerrufsfunktion, eines sogenannten Widerrufsbuttons, für online geschlossene Fernabsatzverträge. Verbraucher:innen sollen Verträge damit zukünftig ebenso einfach widerrufen können, wie sie sie abgeschlossen haben. Zudem wird im Bereich der Finanzdienstleistungs- und Versicherungsverträge das bislang mögliche zeitlich unbegrenzte Widerrufsrecht eingeschränkt und das Versicherungsvertragsgesetz in weiteren Punkten angepasst. Darüber hinaus sieht der Gesetzentwurf erweiterte Informationspflichten für Unternehmen vor. Verbraucher:innen sollen künftig klarer über ihre gesetzlichen Gewährleistungsrechte und über Haltbarkeitsgarantien informiert werden. Bei Waren mit digitalen Elementen kommen zusätzliche Angaben etwa zur Reparierbarkeit und zu verfügbaren Software-Updates hinzu. Für Finanzdienstleistungsverträge wird der Katalog der Informationspflichten neu geordnet und um Vorgaben zu „angemessenen Erläuterungen“ ergänzt. Der Ausschuss für Recht und Verbraucherschutz hat zu dem Gesetzentwurf eine Beschlussempfehlung ausgearbeitet, welche einige Änderungen an dem ursprünglichen Entwurf vorsieht. Ergänzt wurden unter anderem Vorgaben zur Gestaltung von Online-Benutzeroberflächen beim Abschluss von Finanzdienstleistungsverträgen, um Verbraucher:innen vor manipulativen Gestaltungsmethoden, sogenannten „Dark Patterns“, zu schützen und ihre freie und informierte Entscheidungsfindung sicherzustellen. Der Gesetzentwurf der Bundesregierung wurde in geänderter Fassung mit 306 Ja-Stimmen zu 242 Nein-Stimmen bei keiner Enthaltung angenommen . Dafür stimmten die Koalitionsfraktionen CDU/CSU und SPD. Die Fraktion Bündnis 90/Die Grünen, die AfD-Fraktion und die Fraktion Die Linke stimmten dagegen."
6388,2026-01-29,Verlängerung des Bundeswehreinsatzes im Irak (Beschlussempfehlung),Außenpolitik und internationale Beziehungen|Verteidigung,Auswärtiger Ausschuss|Haushaltsausschuss,https://dserver.bundestag.de/btd/21/032/2103206.pdf,"Der Bundestag hat über die Fortsetzung des Bundeswehreinsatzes im Irak entschieden und einem Antrag der Bundesregierung mit dem Titel „Fortsetzung des Einsatzes bewaffneter deutscher Streitkräfte – Stabilisierung sichern, Wiedererstarken des IS verhindern, Versöhnung in Irak fördern“ zugestimmt. Der Antrag sieht vor, den Einsatz im Rahmen der Nato-Mission Iraq (NMI) um ein weiteres Jahr zu verlängern (zuletzt war dies in namentlicher Abstimmung am 17. Oktober 2024 geschehen). Ziel ist es, zur Stabilisierung des Landes beizutragen und ein Wiedererstarken der Terrororganisation „Islamischer Staat“ (IS) zu verhindern. Vorgesehen ist der Einsatz von weiterhin bis zu 500 Soldat:innen, die unter anderem die irakischen Streit- und Sicherheitskräfte ausbilden und beraten sowie Aufgaben wie Lufttransport, Luftraumüberwachung und Aufklärung übernehmen sollen. Die Bundesregierung verweist darauf, dass die internationale Präsenz weiterhin notwendig und von der irakischen Regierung ausdrücklich gewünscht sei. Insbesondere in Grenz- und umstrittenen Regionen im Nordirak versuche die Terrororganisation, neue Rückzugsräume zu schaffen. Die einsatzbedingten Zusatzausgaben für den Zeitraum vom 1. Februar 2026 bis 31. Januar 2027 beziffert die Bundesregierung auf rund 109 Millionen Euro. Der Auswärtige Ausschuss empfiehlt in seiner Beschlussempfehlung die Zustimmung zu dem Antrag. Zudem liegt ein Bericht des Haushaltsausschusses vor, dem zufolge der Einsatz mit der Haushaltslage des Bundes vereinbar ist. Namentlich abgestimmt wurde über die Beschlussempfehlung des Auswärtigen Ausschusses. Diese wurde mit 389 Ja-Stimmen angenommen . Es gab 187 Gegenstimmen und eine Enthaltung von Rainer Rothfuß (AfD-Fraktion). Damit wurde die Verlängerung des Bundeswehreinsatzes im Irak beschlossen."
6391,2026-01-29,Streichung des Straftatbestandes der Politikerbeleidigung,"Politisches Leben, Parteien|Recht",Ausschuss für Recht und Verbraucherschutz,https://dserver.bundestag.de/btd/21/006/2100652.pdf,"Der Bundestag hat den Gesetzentwurf der AfD-Fraktion zur Abschaffung des Straftatbestands der Politikerbeleidigung abgelehnt. Mit dem Gesetzentwurf „Stärkung der Meinungsfreiheit und Gleichheit vor dem Gesetz“ hatte die AfD-Fraktion die Streichung des Paragrafen 188 des Strafgesetzbuches (StGB) gefordert. Dieser Paragraf regelt Beleidigung, üble Nachrede und Verleumdung gegen Personen des politischen Lebens und sieht hierfür einen besonderen strafrechtlichen Schutz vor. Zur Begründung ihres Antrags führte die Fraktion an, dass § 188 StGB zu einer Ungleichbehandlung führe, da identische Beleidigungen je nach betroffener Person unterschiedlich bestraft würden. Seit einer Gesetzesänderung im Jahr 2021 enthält der Paragraf eine Qualifikation für die Beleidigung von Politiker:innen. Dies widerspreche nach Auffassung der Fraktion dem demokratischen Selbstverständnis der Bundesrepublik Deutschland. In seiner Beschlussempfehlung hatte der Ausschuss für Recht und Verbraucherschutz empfohlen, den Gesetzentwurf abzulehnen. Dieser Empfehlung folgte die Mehrheit des Parlaments und der Gesetzentwurf wurde mit 440 Nein-Stimmen abgelehnt . 133 Abgeordnete stimmten dafür, Enthaltungen gab es keine."
6419,2026-02-27,Anpassung des nationalen Rechts an die Reform des Gemeinsamen Europäischen Asylsystems (GEAS-Anpassungsgesetz),Europapolitik und Europäische Union|Migration und Aufenthaltsrecht,Innenausschuss,https://dserver.bundestag.de/btd/21/018/2101848.pdf,"Der Bundestag hat in namentlicher Abstimmung den Weg für die Reform des Gemeinsamen Europäischen Asylsystems (GEAS) in Deutschland freigemacht. Mit dem Gesetz der Bundesregierung wird das deutsche Asyl- und Aufenthaltsrecht an elf EU-Rechtsakte angepasst, die das Europäische Parlament und der Rat bereits am 14. Mai 2024 beschlossen hatten. Die Reform umfasst eine Richtlinie und zehn Verordnungen und tritt Mitte 2026 vollständig in Kraft. Ziel ist es, das europäische Asylsystem einheitlicher zu gestalten, Verfahren zu beschleunigen, humanitäre Standards zu sichern und irreguläre Migration besser zu steuern. Zugleich soll ein neuer Solidaritätsmechanismus sicherstellen, dass Mitgliedstaaten bei hoher Migrationsbelastung entlastet werden. Kernstück der Reform ist unter anderem die neue Asylverfahrens-Verordnung. Sie führt verpflichtende Asylgrenzverfahren für bestimmte Personengruppen ein. Künftig sollen Asylanträge von Personen, bei denen ein Schutzanspruch voraussichtlich nicht besteht, bereits an den EU-Außengrenzen in einem beschleunigten Verfahren geprüft werden. Das betrifft nach Angaben der Bundesregierung etwa Menschen, die über ihre Identität getäuscht haben, eine Gefahr für die nationale Sicherheit oder öffentliche Ordnung darstellen oder aus Herkunftsstaaten mit einer EU-weiten Schutzquote von 20 Prozent oder weniger kommen. Von diesen Grenzverfahren ausgenommen sind unbegleitete Minderjährige, sofern sie keine Sicherheitsgefahr darstellen. Auch Minderjährige und ihre Familien sollen nicht vorrangig in diese Verfahren einbezogen werden. Obwohl Deutschland keine landseitigen EU-Außengrenzen hat, müssen entsprechende Verfahren an Flughäfen und Seehäfen eingeführt werden. Weitere Bestandteile der Reform betreffen unter anderem die Zuständigkeitsregeln zwischen den Mitgliedstaaten (Nachfolge der Dublin-III-Verordnung), eine Reform der Eurodac-Datenbank zur besseren Registrierung von Asylsuchenden, ein neues Verfahren zur Identitäts- und Sicherheitsüberprüfung bei irregulärer Einreise sowie Sonderregelungen für Krisensituationen mit außergewöhnlich hoher Belastung der Asylsysteme. Mit dem Anpassungsgesetz werden zahlreiche nationale Vorschriften geändert oder gestrichen, um sie an das unmittelbar geltende EU-Recht anzupassen. Zudem werden Zuständigkeiten neu geregelt und rechtliche Grundlagen für die praktische Umsetzung geschaffen. Die Bundesregierung betont, dass eine frühzeitige Anpassung des nationalen Rechts notwendig sei, um Bund, Ländern und Kommunen Planungssicherheit für die organisatorische Umsetzung der neuen Vorgaben zu geben. Für das sogenannte GEAS-Anpassungsgesetz stimmten 309 Abgeordnete, 260 votierten dagegen, darunter auch Carolin Wagner (SPD-Fraktion). Jan Dieren und Rasha Nasr (beide SPD-Fraktion) enthielten sich."
6422,2026-03-05,Umge­staltung des Bürgergelds zur neuen Grundsicherung (SGB II),Arbeit und Beschäftigung|Soziale Sicherung,Ausschuss für Arbeit und Soziales,https://dserver.bundestag.de/btd/21/035/2103541.pdf,"Der Bundestag hat in namentlicher Abstimmung dem Gesetzentwurf zur Umgestaltung des Bürgergelds zu einer neuen Grundsicherung zugestimmt. Ziel der Reform ist laut Regierung ein Sozialstaat mit klareren Regeln, in dem staatliche Unterstützung stärker an Eigenverantwortung und Mitwirkung der Leistungsbeziehenden gekoppelt wird. Ein zentraler Bestandteil der Bürgergeld-Reform ist die stärkere Verpflichtung zur Arbeitsaufnahme für erwerbsfähige Leistungsberechtigte. Künftig sollen sie ihre Arbeitskraft im maximal zumutbaren Umfang einsetzen. Vor allem alleinstehende Empfängerinnen und Empfänger der Grundsicherung sollen grundsätzlich verpflichtet werden, eine Vollzeitbeschäftigung aufzunehmen, wenn dies zur Beendigung der Hilfebedürftigkeit erforderlich und zumutbar ist. Gleichzeitig soll die Vermittlung in Arbeit oder Ausbildung Vorrang vor anderen Maßnahmen erhalten. Qualifizierung und Weiterbildung bleiben jedoch wichtige Instrumente für eine dauerhafte Integration in den Arbeitsmarkt – insbesondere für Menschen unter 30 Jahren. Auch für Eltern in der Grundsicherung gelten künftig strengere Vorgaben. Sobald eine Kinderbetreuung sichergestellt ist, sollen sie in der Regel ab dem 14. Lebensmonat des Kindes eine Erwerbstätigkeit aufnehmen oder an Maßnahmen zur Eingliederung in den Arbeitsmarkt teilnehmen. Darüber hinaus sieht die Reform Änderungen bei Vermögen und Wohnkosten vor. Die bisherige Karenzzeit beim Schonvermögen soll entfallen; stattdessen wird das Schonvermögen nach Altersstufen gestaffelt. Zudem werden die übernommenen Kosten für Unterkunft und Miete stärker begrenzt, um die Ausgaben in der Grundsicherung zu reduzieren. Ein weiterer Schwerpunkt der Reform sind strengere Sanktionen im Bürgergeld-System. Wer etwa eine Fördermaßnahme abbricht oder sich nicht auf vorgeschlagene Stellen bewirbt, muss mit Leistungskürzungen von bis zu 30 Prozent des Regelbedarfs für drei Monate rechnen. Auch bei wiederholtem Nichterscheinen zu Terminen im Jobcenter sind Kürzungen vorgesehen. Im Extremfall kann der Anspruch auf Grundsicherungsleistungen vollständig entfallen. Gleichzeitig sollen jedoch die Schutzmechanismen für Menschen mit psychischen Erkrankungen gestärkt werden. Der Gesetzentwurf der Bundesregierung wurde mit 320 Stimmen angenommen . 268 Abgeordnete stimmten mit Nein, es gab zwei Enthaltungen von Jan Dieren und Ruppert Stüwe (beide SPD). Zu dem Tagesordnungspunkt lagen mehrere Anträge der Oppositionsfraktionen vor, die jedoch nicht namentlich abgestimmt wurden."
6452,2026-03-25,Keine weitere Reform des Staatsbürgerschaftsrechts (Beschlussempfehlung),Migration und Aufenthaltsrecht,Innenausschuss,https://dserver.bundestag.de/btd/21/047/2104792.pdf,"Im Bundestag wurde über eine Beschlussempfehlung zu einem Antrag der AfD-Fraktion namentlich abgestimmt. In ihrem Antrag fordert die AfD-Fraktion eine umfassende Reform des Staatsbürgerschaftsrechts, wodurch Entscheidungen der Ampel-Koalition von 2024 wieder rückgängig gemacht werden sollen. Eine Einbürgerung soll erst nach acht Jahren möglich sein. Außerdem sollen jegliche Ausnahmen bei Anforderungen an das Sprachniveau und der Pflicht, den eigenen Lebensunterhalt zu bestreiten, entfernt werden. Bei illegaler Einreise soll eine spätere Einbürgerung nicht möglich sein. Bereits im Oktober 2025 wurden das Staatsangehörigkeitsrecht durch die schwarz-rote Bundesregierung geändert und verschärft. Hier geht es zur namentlichen Abstimmung dazu. Namentlich abgestimmt wurde über die Beschlussempfehlung des Innenausschusses zu dem Antrag der AfD-Fraktion. Mit Annahme der Beschlussempfehlung wurde der Antrag mit 439 Ja-Stimmen zu 135 Nein-Stimmen bei keiner Enthaltung abgelehnt."
6451,2026-03-26,Antrag zu Energiepreisschocks aufgrund des Irankriegs (Beschlussempfehlung),Energie,Ausschuss für Wirtschaft und Energie,https://dserver.bundestag.de/btd/21/049/2104984.pdf,"Im Bundestag wurde namentlich über eine Beschlussempfehlung zu einem Antrag der AfD-Fraktion abgestimmt, der sich mit möglichen Energiepreisschocks infolge eines eskalierenden Konflikts im Nahen Osten befasst. Hintergrund des Antrags ist die Sorge, dass eine Unterbrechung wichtiger Transportwege wie der Straße von Hormus zu einer Verknappung von Öl und Gas auf dem Weltmarkt und damit zu weiter deutlich steigenden Energiepreisen führen könnte. Die Antragstellenden sehen darin erhebliche Risiken für Verbraucher:innen und Unternehmen in Deutschland, da steigende Energiepreise die Inflation verstärken und die wirtschaftliche Entwicklung belasten könnten. Zudem wird auf bereits hohe Energiekosten und mögliche negative Auswirkungen auf Industrie, Investitionen und Konsum hingewiesen. Konkret wird ein vorbereitetes Entlastungspaket für den Fall einer Energieverknappung gefordert. Dazu zählen insbesondere Steuersenkungen auf Energie, eine Reduzierung der Stromsteuer, die Absenkung von Energiesteuern auf EU-Mindestniveaus sowie eine Aussetzung der nationalen CO₂-Bepreisung. Um weitere Preisanstiege zu vermeiden, soll beispielsweise die Umsatzsteuer auf Erdgas, Fernwärme sowie auf Benzin, Diesel und Strom zeitlich begrenzt auf den ermäßigten Satz von sieben Prozent reduziert werden. Außerdem sollen Maßnahmen auf EU-Ebene zur Senkung von CO₂-Zertifikatspreisen geprüft und sichergestellt werden, dass Entlastungen tatsächlich bei den Verbraucher:innen ankommen. Namentlich abgestimmt wurde über die Beschlussempfehlung des Ausschusses für Wirtschaft und Energie zu dem Antrag der AfD-Fraktion. Mit Annahme der Beschlussempfehlung wurde der Antrag mit 445 Ja-Stimmen zu 138 Nein-Stimmen bei keiner Enthaltung abgelehnt."
6455,2026-03-26,Anhebung des Schwellenwerts in Betrieben für die Bestellung von Sicherheitsbeauftragten,Arbeit und Beschäftigung|Staat und Verwaltung|Wirtschaft,Ausschuss für Arbeit und Soziales,https://dserver.bundestag.de/btd/21/032/2103204.pdf,"Im Bundestag wurde namentlich über einen Teil eines Gesetzentwurfs der Bundesregierung zur Durchführung der EU-Verordnung 2024/2748 in Bezug auf Notfallverfahren aufgrund eines Binnenmarkt-Notfalls bei Gasgeräten und persönlicher Schutzausrüstung abgestimmt, konkret über Artikel 3 zur Änderung des Siebten Buches Sozialgesetzbuch. Die Abstimmung erfolgte auf Grundlage der Beschlussempfehlung des Ausschusses für Arbeit und Soziales , der die Annahme des Gesetzentwurfs in geänderter Fassung empfohlen hatte. Hintergrund des Gesetzentwurfs ist die Umsetzung von EU-Vorgaben zu sogenannten Notfallverfahren im Binnenmarkt. Diese sollen in Krisensituationen sicherstellen, dass bestimmte Produkte, wie etwa Gasgeräte oder persönliche Schutzausrüstung, schneller auf den Markt gebracht werden können, um Versorgungsengpässe zu vermeiden. Die namentliche Abstimmung bezog sich explizit auf einen Teil des Gesetzentwurfs (Artikel 3), mit dem Regelungen im Siebten Buch Sozialgesetzbuch geändert werden sollen. Dabei geht es um die Bestellung von Sicherheitsbeauftragten in Unternehmen. Künftig soll die Pflicht hierzu stärker von der Unternehmensgröße und der konkreten Gefährdungslage abhängen. Eine feste Verpflichtung gilt erst ab 50 Beschäftigten, während sie für kleinere Betriebe nur noch bei besonderer Gefährdung vorgesehen ist. Artikel 3 des Gesetzentwurfes der Bundesregierung zur Änderung des Siebten Buches Sozialgesetzbuch (Sicherheitsbeauftragte) wurde mit 430 Ja-Stimmen angenommen . 132 Abgeordnete stimmten dagegen, Enthaltungen gab es keine."
6495,2026-04-24,Temporäre Absenkung der Energiesteuer für Kraftstoffe,"Energie|Öffentliche Finanzen, Steuern und Abgaben",Finanzausschuss|Haushaltsausschuss,https://dserver.bundestag.de/btd/21/053/2105321.pdf,"Der Bundestag hat namentlich über einen Gesetzentwurf der Fraktionen von CDU/CSU und SPD abgestimmt, der eine befristete Senkung der Energiesteuer auf Kraftstoffe vorsieht. Ziel des sogenannten „Zweiten Energiesteuersenkungsgesetzes“ ist es, die Auswirkungen stark gestiegener Energiepreise infolge internationaler Krisen, insbesondere des Iran-Krieges, kurzfristig abzufedern. Konkret soll die Energiesteuer auf Benzin und Diesel für einen begrenzten Zeitraum vom 1. Mai bis zum 30. Juni 2026 gesenkt werden. Die Steuer wird dabei um 14,04 Cent pro Liter reduziert, was einschließlich Umsatzsteuer zu einer möglichen Entlastung von bis zu rund 17 Cent pro Liter führen kann. Dadurch sollen sowohl Verbraucher:innen als auch Unternehmen, etwa im Handwerk oder in der Logistik, finanziell entlastet werden. Da die Energiesteuer eine indirekte Steuer ist, besteht die Erwartung, dass die Senkung über niedrigere Preise an den Tankstellen an die Endkund:innen weitergegeben wird. Gleichzeitig wird darauf hingewiesen, dass dieser Effekt zeitlich verzögert eintreten kann, da bereits versteuerte Kraftstoffe zunächst weiter verkauft werden. Der Gesetzentwurf betont zudem, dass die Maßnahme befristet ist und keine dauerhafte Abkehr von energie- oder klimapolitischen Zielen darstellen soll. Vielmehr soll sie kurzfristig wirtschaftliche Belastungen abmildern, ohne die langfristige Transformation hin zu einer geringeren Abhängigkeit von fossilen Energieträgern grundsätzlich in Frage zu stellen. Für den Bundeshaushalt bedeutet die Steuersenkung Mindereinnahmen in Höhe von rund 1,45 Milliarden Euro bei der Energiesteuer sowie zusätzliche Ausfälle bei der Umsatzsteuer. Insgesamt wird jedoch mit einer Entlastung von etwa 1,6 Milliarden Euro gerechnet. Das sogenannte zweite Energiesteuersenkungsgesetz wurde mit 451 Ja-Stimmen angenommen . 134 Abgeordnete stimmten dagegen, es gab eine Enthaltung von Lutz Brinkmann (CDU-Fraktion)."
6496,2026-04-24,Ablehnung eines Antrag gegen eine Übergewinnsteuer (Beschlussempfehlung),"Energie|Öffentliche Finanzen, Steuern und Abgaben",Finanzausschuss,https://dserver.bundestag.de/btd/21/053/2105326.pdf,"Im Bundestag wurde ein Antrag der AfD-Fraktion abgelehnt, der sich mit Maßnahmen gegen hohe Kraftstoffpreise befasst und sich insbesondere gegen die Einführung einer sogenannten Übergewinnsteuer richtet. Hintergrund des Antrags ist die aktuelle Debatte innerhalb der Bundesregierung und auf EU-Ebene über mögliche Eingriffe in den Energiemarkt, etwa durch eine Sondersteuer auf hohe Gewinne von Energiekonzernen. Die AfD argumentiert, dass steigende Kraftstoffpreise vor allem auf internationale Krisen und daraus resultierende Lieferengpässe zurückzuführen seien. Eine Übergewinnsteuer würde nach ihrer Einschätzung nicht zur Senkung der Preise beitragen, sondern könnte Investitionen hemmen und langfristig das Angebot verknappen. Stattdessen fordert die Fraktion alternative Maßnahmen zur Entlastung von Verbraucher:innen. Dazu zählen unter anderem eine Absenkung der Energiesteuer auf das europäische Mindestniveau, eine Reduzierung der Mehrwertsteuer auf Kraftstoffe sowie die Abschaffung der CO₂-Abgabe. Zudem wird argumentiert, dass ein erheblicher Teil des Kraftstoffpreises bereits aus staatlichen Steuern und Abgaben besteht. Zu dem Antrag lag auch eine Beschlussempfehlung des Finanzausschusses vor, in welchem die Ablehnung empfohlen wird. Die Beschlussempfehlung wurde mit 499 Ja-Stimmen zu 136 Nein-Stimmen bei keinen Enthaltungen angenommen ."
6497,2026-04-24,Ablehnung eines Antrags zur Erhöhung der Pendlerpauschale (Beschlussempfehlung),"Arbeit und Beschäftigung|Energie|Öffentliche Finanzen, Steuern und Abgaben",Finanzausschuss,https://dserver.bundestag.de/btd/21/023/2102363.pdf,"Ein weitere Antrag der AfD-Fraktion wurde im Bundestag abgelehnt, der eine umfassende steuerliche Entlastung von Berufspendler:innen vorsieht. Kern des Antrags ist eine deutliche Erhöhung der sogenannten Pendlerpauschale (Entfernungspauschale) für Fahrten zwischen Wohnort und Arbeitsplatz. Für Fahrten mit dem Auto soll diese Pauschale bereits ab dem ersten Kilometer auf 50 Cent pro Kilometer angehoben werden. Zudem soll die bisherige Obergrenze von 4.500€ für den steuerlichen Abzug entfallen, sodass auch längere regelmäßige Pendelstrecken vollständig berücksichtigt werden können. Darüber hinaus sieht der Antrag vor, die Pauschalen stärker nach Verkehrsmitteln zu differenzieren. Während Autofahrende stärker entlastet werden sollen, sollen Pauschalen für andere Verkehrsmittel angepasst werden; für Fußwege ist keine Pauschale mehr vorgesehen. Außerdem sollen die Pauschalen künftig automatisch an die Preisentwicklung angepasst werden, um steigende Kosten, etwa durch Inflation oder höhere Energiepreise, zu berücksichtigen. Auch Geringverdienende sollen von den Änderungen profitieren, indem die sogenannte Mobilitätsprämie ausgeweitet und bereits ab dem ersten Kilometer gewährt wird. Zu dem Antrag lag auch eine Beschlussempfehlung des Finanzausschusses vor, in welchem die Ablehnung empfohlen wird. Die Beschlussempfehlung wurde mit 448 Ja-Stimmen zu 136 Nein-Stimmen bei keiner Enthaltung angenommen ."
6498,2026-04-24,Änderung des Stromsteuergesetzes und weiterer Vorschriften,Energie|Recht,Finanzausschuss,https://dserver.bundestag.de/btd/21/053/2105320.pdf,"Im Bundestag wurde ein Gesetzentwurf der Fraktion Bündnis 90/Die Grünen abgelehnt, der eine grundlegende Senkung der Stromsteuer vorsieht. Ziel des Entwurfs ist es, Verbraucher:innen angesichts gestiegener Energiepreise zu entlasten und zugleich Anreize für eine stärkere Nutzung von Strom anstelle fossiler Energieträger zu schaffen. Konkret sieht der Gesetzentwurf vor, die Stromsteuer für alle auf das europarechtlich zulässige Mindestmaß zu senken. Dieses liegt bei 1 Euro pro Megawattstunde für private Haushalte und 50 Cent für betriebliche Nutzung. Die Absenkung soll dauerhaft gelten und alle Verbrauchergruppen gleichermaßen betreffen. Ein zentrales Ziel ist dabei die soziale Entlastung, insbesondere für Haushalte mit geringem Einkommen, die von steigenden Energiepreisen besonders betroffen sind. Gleichzeitig soll die Maßnahme die Elektrifizierung von Bereichen wie Wärme und Mobilität fördern und damit langfristig die Abhängigkeit von fossilen Energieträgern reduzieren. Darüber hinaus sieht der Entwurf vor, zahlreiche bisherige Ausnahmen und Steuerermäßigungen im Stromsteuerrecht zu streichen. Dies soll das System vereinfachen und Bürokratie abbauen. Die jährlichen Mindereinnahmen für den Staat werden auf rund 6 Milliarden Euro geschätzt, die den Verbraucher:innen entsprechend zugutekommen sollen. Der Gesetzentwurf der Grünen wurde mit 310 Nein-Stimmen abgelehnt . 270 Abgeordnete stimmten mit Ja, es gab keine Enthaltungen."
6511,2026-05-08,Keine stärkere Absicherung des EU-Förderprogramms LEADER (Beschlussempfehlung),"Europapolitik und Europäische Union|Öffentliche Finanzen, Steuern und Abgaben|Sport, Freizeit und Tourismus","Ausschuss für Landwirtschaft, Ernährung und Heimat",https://dserver.bundestag.de/btd/21/047/2104762.pdf,"Der Antrag der Fraktion Bündnis 90/Die Grünen befasst sich mit der Zukunft des EU-Förderprogramms LEADER im Mehrjährigen Finanzrahmen der Europäischen Union für die Jahre 2028 bis 2034. Über den Finanzrahmen wurde am 28.04.2026 im EU-Parlament abgestimmt . Die Grünen fordern die Bundesregierung auf, sich auf europäischer Ebene für den dauerhaften Erhalt und eine verbindliche Verankerung des Programms einzusetzen. LEADER ist ein Förderprogramm zur Entwicklung ländlicher Räume. Seit mehreren Jahrzehnten unterstützt es Projekte, die von lokalen Akteur:innen vor Ort initiiert werden. Dazu zählen etwa Dorfläden, Jugendangebote, Natur- und Tourismusprojekte oder regionale Vermarktungskonzepte. Nach Auffassung der Grünen hat LEADER wesentlich zur Verbesserung der Lebensqualität sowie zur wirtschaftlichen Entwicklung ländlicher Regionen beigetragen. Zudem sehen sie in dem Programm ein wichtiges Instrument für regionale Beteiligung und europäische Sichtbarkeit vor Ort. Die Grünen befürchten, dass LEADER nach dem Vorschlag der EU-Kommission für den neuen EU-Finanzrahmen künftig nur noch eingeschränkt Teil der Gemeinsamen Agrarpolitik (GAP) sein könnte. Aus Sicht der Grünen fehlt eine verbindliche Mindestquote für die Finanzierung. Zudem sei der Ansatz zu stark auf Landwirtschaft fokussiert und berücksichtige die vielfältigen Herausforderungen ländlicher Räume nicht ausreichend. Der Antrag fordert daher unter anderem, dass sich die Bundesregierung für eine verpflichtende Umsetzung von LEADER in allen Mitgliedstaaten einsetzt. Außerdem soll die bisherige finanzielle Ausstattung des Programms mindestens erhalten bleiben. Die Grünen sprechen sich darüber hinaus für einen sektorübergreifenden Förderansatz aus, der neben der Landwirtschaft auch Bereiche wie Daseinsvorsorge, gesellschaftliches Engagement und regionale Entwicklung umfasst. Zudem fordern sie eine stärkere Beteiligung von Kommunen, Ländern, Sozialpartner:innen und zivilgesellschaftlichen Organisationen bei der Planung und Umsetzung der Förderprogramme. Zu dem Antrag lag eine Beschlussempfehlung des Ausschusses für Landwirtschaft, Ernährung und Heimat vor, worin die Ablehnung empfohlen wurde. Namentlich abgestimmt wurde über die Beschlussempfehlung. Diese wurde mit 417 Ja-Stimmen zu 73 Nein-Stimmen bei 53 Enthaltungen angenommen . Der Antrag der Grünen wurde somit abgelehnt."
6528,2026-05-22,Vorstoß zur Zukunft der Apothekenversorgung abgelehnt (Beschlussempfehlung),"Gesundheit|Raumordnung, Bau- und Wohnungswesen",Ausschuss für Gesundheit,https://dserver.bundestag.de/btd/21/025/2102553.pdf,"Der Bundestag hat einen Antrag der AfD-Fraktion zur Zukunft der Arzneimittelversorgung und zur Stärkung von Apotheken abgelehnt. Die Antragsteller:innen begründen ihren Vorstoß mit der sinkenden Zahl an Apotheken in Deutschland sowie Problemen wie steigenden Kosten, Lieferengpässen, Fachkräftemangel und wachsender Bürokratie. Besonders kleinere Apotheken im ländlichen Raum seien aus Sicht der AfD für eine wohnortnahe Versorgung wichtig. Der Antrag fordert unter anderem eine deutliche Erhöhung der Apothekenvergütung sowie eine regelmäßige Anpassung an die Inflation. Außerdem sollen Zuschläge für verschreibungspflichtige Arzneimittel, Notdienste und Lieferengpässe angehoben werden. Die Bundesregierung wird zudem aufgefordert, Maßnahmen gegen Bürokratie in Apotheken zu erarbeiten und den Fachkräftemangel durch mehr Ausbildungsplätze sowie eine kostenfreie PTA-Ausbildung zu bekämpfen. Weitere Forderungen betreffen eine stärkere Zusammenarbeit von Apotheken bei Labor- und Rezepturarbeiten sowie eine klare Trennung der Aufgaben von Ärzt:innen und Apotheker:innen. Zu dem Antrag der AfD-Fraktion lag eine Beschlussempfehlung des Ausschusses für Gesundheit vor, worin die Ablehnung empfohlen wird. Namentlich abgestimmt wurde über die Beschlussempfehlung. Diese wurde mit 440 Ja-Stimmen angenommen . 126 Abgeordnete stimmten dagegen, es gab keine Enthaltungen. Entsprechend wurde der Antrag der AfD abgelehnt."
6540,2026-06-11,Fortsetzung der Bundeswehrbeteiligung an EUFOR ALTHEA in Bosnien und Herzegowina,Außenpolitik und internationale Beziehungen|Wirtschaft,Auswärtiger Ausschuss|Haushaltsausschuss,https://dserver.bundestag.de/btd/21/055/2105512.pdf,"Die Bundesregierung hat einen Antrag vorgelegt, mit dem die Beteiligung bewaffneter deutscher Streitkräfte an der EU-geführten Mission EUFOR ALTHEA in Bosnien und Herzegowina bis zum 30. Juni 2027 verlängert werden soll. Das bestehende Mandat war zuletzt am 25. Juni 2025 durch eine namentliche Abstimmung verlängert worden. Ziel der Mission ist es, zu einem sicheren und stabilen Umfeld im Land beizutragen und die Umsetzung des Dayton-Friedensabkommens zu fördern. Die Bundeswehr übernimmt dabei insbesondere Führungs-, Beratungs-, Beobachtungs- und Unterstützungsaufgaben sowie Beiträge zur Ausbildung der bosnisch-herzegowinischen Streitkräfte. Die Personalobergrenze bleibt unverändert bei bis zu 50 Soldat:innen. Die einsatzbedingten Zusatzausgaben werden für den Mandatszeitraum auf rund 16,1 Millionen Euro geschätzt. In der Begründung verweist die Bundesregierung auf die weiterhin angespannte politische Lage in Bosnien und Herzegowina. Insbesondere ethnische Spannungen, politische Blockaden sowie mögliche Destabilisierungsversuche von außen stellten das Land weiterhin vor erhebliche Herausforderungen. EUFOR ALTHEA leiste daher unverändert einen wichtigen Beitrag zur Stabilisierung des Landes und zur Unterstützung des EU-Beitrittskandidaten Bosnien und Herzegowina. Dem Antrag lag eine Beschlussempfehlung des Auswärtigen Ausschusses vor, der die Annahme empfahl. Außerdem legte der Haushaltsausschuss einen Bericht vor, wonach die vorgesehenen Ausgaben mit der Haushaltslage des Bundes vereinbar sind. Der Deutsche Bundestag folgte der Beschlussempfehlung des Auswärtigen Ausschusses und nahm den Antrag der Bundesregierung in namentlicher Abstimmung mit 386 Ja-Stimmen gegen 193 Nein-Stimmen bei drei Enthaltungen von Jan Dieren (SPD), Corinna Rüffer (BÜNDNIS 90/DIE GRÜNEN) und Zada Salihović (Die Linke) an."
6541,2026-06-11,Fortsetzung des Bundeswehreinsatzes KFOR im Kosovo,Außenpolitik und internationale Beziehungen|Verteidigung,Auswärtiger Ausschuss|Haushaltsausschuss,https://dserver.bundestag.de/btd/21/055/2105513.pdf,"Die Bundesregierung hat einen Antrag zur Fortsetzung der Beteiligung bewaffneter deutscher Streitkräfte an der internationalen Sicherheitspräsenz KFOR im Kosovo vorgelegt. Zuletzt hatte der Bundestag im Juni 2025 darüber abgestimmt . Die Bundeswehr beteiligt sich bereits seit 1999 an der NATO-geführten Mission. Wie bisher sollen bis zu 400 Soldat:innen eingesetzt werden. Zu ihren Aufgaben zählen die Unterstützung eines sicheren Umfelds und der öffentlichen Ordnung, die Koordination internationaler humanitärer Hilfe, die Unterstützung ziviler Akteure sowie die Beratung beim Aufbau der kosovarischen Sicherheitskräfte. Die einsatzbedingten Zusatzausgaben werden von der Bundesregierung für den Zeitraum bis Juni 2027 auf rund 35,7 Millionen Euro geschätzt. In der Begründung verweist die Bundesregierung auf die weiterhin angespannte Lage im mehrheitlich serbisch geprägten Norden des Kosovo. Zwar habe sich die Sicherheitslage nach den gewaltsamen Zwischenfällen der vergangenen Jahre insgesamt stabilisiert, politische Spannungen und ein mögliches Eskalationspotenzial bestünden jedoch fort. KFOR werde von beiden Konfliktparteien als wichtiger Garant für Sicherheit angesehen. Darüber hinaus verfolgt die Bundesregierung das Ziel einer nachhaltigen Normalisierung der Beziehungen zwischen Kosovo und Serbien sowie die weitere politische, rechtsstaatliche und wirtschaftliche Stabilisierung des Kosovo und dessen Annäherung an die Europäische Union. Dem Antrag lag eine Beschlussempfehlung des Auswärtigen Ausschusses vor, der die Annahme empfahl. Zudem stellte der Haushaltsausschuss in einem Bericht fest, dass die vorgesehenen Ausgaben mit der Haushaltslage des Bundes vereinbar sind. Der Deutsche Bundestag folgte der Beschlussempfehlung des Auswärtigen Ausschusses und nahm den Antrag der Bundesregierung in namentlicher Abstimmung mit 382 Ja-Stimmen gegen 192 Nein-Stimmen bei zwei Enthaltungen von Corinna Rüffer (BÜNDNIS 90/DIE GRÜNE) und Zada Salihović (Die Linke) an. Auch Jan Dieren (SPD) stimmte entgegen der Fraktionslinie gegen den Antrag."
6551,2026-06-11,Ablehnung einer umfassenden BAföG-Reform (Beschlussempfehlung),"Bildung und Erziehung|Gesellschaftspolitik, soziale Gruppen|Öffentliche Finanzen, Steuern und Abgaben","Ausschuss für Forschung, Technologie, Raumfahrt und Technikfolgenabschätzung",https://dserver.bundestag.de/btd/21/022/2102234.pdf,"Der Bundestag befasste sich mit einem Antrag der Fraktion BÜNDNIS 90/DIE GRÜNEN zur grundlegenden Reform des Bundesausbildungsförderungsgesetzes (BAföG). Ziel des Vorhabens war es, die Ausbildungsförderung an veränderte Lebensrealitäten anzupassen und die finanzielle Unterstützung von Studierenden sowie Auszubildenden auszuweiten. Der Antrag sah verschiedene Maßnahmen vor, darunter eine Erhöhung der Bedarfssätze auf das Niveau des Bürgergeldes, eine Anpassung der Wohnkostenpauschale sowie die Einführung einer zusätzlichen monatlichen Unterstützung für ausbildungsbezogene Ausgaben. Zudem sollten die Einkommensfreibeträge der Eltern angehoben und das Antragsverfahren durch stärkere Digitalisierung vereinfacht werden. Zur Begründung verwies die Grünen-Fraktion auf gestiegene Lebenshaltungskosten und die sinkende Zahl von BAföG-Empfänger:innen. Nach ihrer Einschätzung werde das BAföG seinem Anspruch, gleiche Bildungschancen unabhängig von der sozialen Herkunft zu gewährleisten, zunehmend nicht mehr gerecht. Die vorgeschlagenen Änderungen sollten daher sowohl die soziale Teilhabe im Bildungsbereich stärken als auch bürokratische Hemmnisse abbauen. Zu dem Antrag lag eine Beschlussempfehlung des Ausschusses für Forschung, Technologie, Raumfahrt und Technikfolgenabschätzung vor, in der die Ablehnung empfohlen wurde. Über diese Beschlussempfehlung wurde namentlich abgestimmt. Die Beschlussempfehlung wurde mit 442 Ja-Stimmen zu 141 Nein-Stimmen angenommen . Enthaltungen gab es keine. Damit lehnte der Bundestag den Antrag „Bildung bezahlbar machen – BAföG-Reform jetzt“ ab."
6552,2026-06-11,Neue Emissionsobergrenzen für die Jahre 2031 bis 2040,Energie|Umwelt,"Ausschuss für Umwelt, Klimaschutz, Naturschutz und nukleare Sicherheit",https://dserver.bundestag.de/btd/21/050/2105069.pdf,"Die Bundesregierung hat eine Verordnung vorgelegt, die die im Bundes-Klimaschutzgesetz verankerten jährlichen Minderungsziele für die Jahre 2031 bis 2040 in verbindliche Jahresemissionsgesamtmengen überführt. Statt nur prozentualer Vorgaben werden nun konkrete Höchstmengen für den Ausstoß von Treibhausgasen festgelegt. Diese sollen von 409 Millionen Tonnen CO₂-Äquivalenten im Jahr 2031 schrittweise auf 150 Millionen Tonnen im Jahr 2040 sinken. Ziel ist es, den Weg zur Klimaneutralität im Jahr 2045 klarer und besser planbar zu machen. Nach Angaben der Bundesregierung schafft die Festlegung der Jahresemissionsgesamtmengen eine verbindliche Grundlage für die künftige Klimapolitik und macht sichtbar, welche Emissionsminderungen in den einzelnen Jahren erreicht werden müssen. Zu der Verordnung lag eine Beschlussempfehlung des Ausschusses für Umwelt, Klimaschutz, Naturschutz und nukleare Sicherheit vor, in der die Zustimmung empfohlen wurde. Über die Beschlussempfehlung wurde im Bundestag namentlich abgestimmt. Die Beschlussempfehlung wurde mit 303 Ja-Stimmen zu 188 Nein-Stimmen bei 74 Enthaltungen aus der Fraktion BÜNDNIS 90/DIE GRÜNE angenommen . Damit stimmte der Bundestag der Verordnung zur Festlegung der Jahresemissionsgesamtmengen für die Jahre 2031 bis 2040 zu."
6566,2026-06-12,Strengere Regeln bei Vaterschaftsanerkennung,"Gesellschaftspolitik, soziale Gruppen|Gesundheit",Innenausschuss,https://dserver.bundestag.de/btd/21/040/2104081.pdf,"Ein von der Bundesregierung eingebrachter Gesetzentwurf soll künftig dazu beitragen, missbräuchliche Vaterschaftsanerkennungen wirksamer zu verhindern. Ziel des Gesetzes ist es, Fälle einzudämmen, in denen die Vaterschaft für ein Kind anerkannt wird, ohne dass eine tatsächliche familiäre Beziehung besteht, um aufenthaltsrechtliche Vorteile zu erlangen. Nach Angaben der Bundesregierung kommt es vereinzelt vor, dass Männer mit deutscher Staatsangehörigkeit oder gesichertem Aufenthaltsstatus die Vaterschaft für ein ausländisches Kind anerkennen, um dem Kind die deutsche Staatsangehörigkeit zu verschaffen und dadurch zugleich die aufenthaltsrechtliche Situation der Mutter zu verbessern. Die bisherigen gesetzlichen Regelungen seien nicht ausreichend, um solche Fälle wirksam zu verhindern. Künftig soll deshalb in bestimmten Fällen die Zustimmung der Ausländerbehörde erforderlich sein. Dies gilt insbesondere dann, wenn zwischen den Beteiligten ein sogenanntes aufenthaltsrechtliches Gefälle besteht, etwa wenn der Anerkennende deutscher Staatsbürger ist, die Mutter jedoch nur über eine Duldung oder Aufenthaltsgestattung verfügt. Ohne die erforderliche Zustimmung soll das Standesamt die Eintragung der Vaterschaft ablehnen können. Keine zusätzliche Zustimmung soll hingegen notwendig sein, wenn der Anerkennende nachweislich der leibliche Vater des Kindes ist oder eine tatsächliche sozial-familiäre Beziehung zum Kind besteht. Zudem sollen falsche Angaben zur Erlangung einer behördlichen Zustimmung künftig unter Strafe gestellt werden. Zuvor war der Gesetzentwurf im Innenausschuss noch geändert worden. Ein angenommener Änderungsantrag der Koalitionsfraktionen enthält darüber hinaus sachfremde Regelungen zum Schutz kritischer Infrastrukturen und zur IT-Sicherheit, die mitbeschlossen wurden. Teile des Gesetzentwurfs der Bundesregierung wurden in geänderter Fassung mit 297 Ja-Stimmen angenommen . 130 Abgeordente stimmten dagegen, es gab 134 Enthaltungen. Konkret wurde über die Artikel eins bis sechs, die Artikel zehn bis zwölf sowie die Einleitung und Überschrift des Gesetzentwurfes abgestimmt."
6575,2026-06-25,Letzte Verlängerung des Bundeswehreinsatzes im Libanon,Außenpolitik und internationale Beziehungen|Verteidigung,Auswärtiger Ausschuss|Haushaltsausschuss,https://dserver.bundestag.de/btd/21/057/2105778.pdf,"Der Bundestag hat die letztmalige Fortsetzung der Beteiligung bewaffneter deutscher Streitkräfte an der „United Nations Interim Force in Lebanon“ (UNIFIL) beschlossen. Die Mission unterstützt den Libanon unter anderem bei der Sicherung seiner Seegrenzen und soll verhindern, dass Rüstungsgüter und sonstiges Wehrmaterial ohne Zustimmung der libanesischen Regierung ins Land gelangen. Zuletzt war das Mandat im Juni 2025 verlängert worden. Bis zum 31. Dezember 2026 sollen weiterhin bis zu 300 Soldat:innen eingesetzt werden können. Zu ihren Aufgaben gehören insbesondere die seegestützte Aufklärung und Überwachung, die Sicherung der libanesischen Küste und Küstengewässer, die Kontrolle des Seeverkehrs sowie die Unterstützung und Ausbildung der libanesischen Streitkräfte. Nach dem Auslaufen des operativen UNIFIL-Mandats Ende 2026 ist eine Abwicklungsphase vorgesehen. Für diesen Zeitraum bis zum 30. Juni 2027 sollen noch bis zu 80 Soldat:innen eingesetzt werden können, um die Rückverlegung deutscher Kräfte und die Übergabe von Material und Infrastruktur zu unterstützen. Die einsatzbedingten Zusatzausgaben werden von der Bundesregierung für den Zeitraum vom 1. Juli 2026 bis zum 30. Juni 2027 auf rund 42,8 Millionen Euro geschätzt. Zu dem Antrag der Bundesregierung liegt eine Beschlussempfehlung des Auswärtigen Ausschusses vor, über die namentlich abgestimmt wurde und worin die Annahme des Antrags empfohlen wird. Außerdem hat sich der Haushaltsausschuss mit den finanziellen Auswirkungen des Einsatzes befasst. Die Beschlussempfehlung und damit die Verlängerung des Einsatzes wurden mit 511 Ja-Stimmen angenommen . 67 Abgeordnete stimmten dagegen. Es gab vier Enthaltungen, drei aus der Fraktion der AfD und eine von Corinna Rüffer aus der Fraktion BÜNDNIS 90/DIE GRÜNEN ."
6598,2026-07-08,Ukraine zusätzlich militärisch und humanitär unterstützen,Verteidigung,,https://dserver.bundestag.de/btd/21/069/2106912.pdf,"Der Bundestag stimmt über einen Antrag der Fraktion Bündnis 90/Die Grünen mit dem Titel „Den russischen Krieg gegen die Ukraine beenden – Die Ukraine jetzt zusätzlich militärisch und humanitär stärken“ ab. Der Antrag fordert die Bundesregierung unter anderem auf, die militärische Unterstützung der Ukraine auszuweiten, die Luftverteidigung und Munitionsversorgung zu stärken, die humanitäre Hilfe fortzuführen sowie den politischen und wirtschaftlichen Druck auf Russland durch Sanktionen und internationale Zusammenarbeit aufrechtzuerhalten. Zudem spricht sich der Antrag für den weiteren Wiederaufbau der Ukraine und ihre Annäherung an die Europäische Union aus. Der Antrag der Grünen wurde mit 510 Nein-Stimmen zu 79 Ja-Stimmen und einer Enthaltung von Corinna Rüffer abgelehnt ."
6600,2026-07-09,Einführung eines allgemeinen Tempolimits,Energie|Verkehr,Verkehrsausschuss,https://dserver.bundestag.de/btd/21/053/2105319.pdf,"Der Bundestag hat einen Gesetzentwurf der Fraktion Bündnis 90/Die Grünen abgelehnt, welcher vorsieht, auf Autobahnen und ähnlichen mehrspurigen Straßen ein allgemeines Tempolimit von 130 km/h einzuführen. Dafür hätten das Straßenverkehrsgesetz und die Straßenverkehrs-Ordnung geändert werden müssen. Auf Landstraßen außerhalb geschlossener Ortschaften sollte weiterhin grundsätzlich eine Höchstgeschwindigkeit von 100 km/h gelten. Außerdem sollte die Bundesregierung dem Bundestag spätestens fünf Monate nach Einführung der Regelung einen Bericht vorlegen. Darin sollten unter anderem die Auswirkungen auf den Kraftstoffverbrauch, die Energiepreise, den CO₂-Ausstoß, die Luftqualität sowie die Zahl der Verkehrstoten und Schwerverletzten untersucht werden. Nach Ansicht der Grünen würde ein Tempolimit den Kraftstoffverbrauch senken und so die Belastung durch hohe Energiepreise verringern. Außerdem könnte es das Klima und die Luftqualität schützen sowie die Verkehrssicherheit verbessern. Sie begründen dies damit, dass höhere Geschwindigkeiten mehr Kraftstoff verbrauchen, mehr CO₂ verursachen und das Risiko schwerer Verkehrsunfälle erhöhen. Zu dem Gesetzentwurf lag eine Beschlussempfehlung des Verkehrsausschusses vor, worin die Ablehnung empfohlen wird. Der Gesetzentwurf wurde der Beschlussempfehlung folgend mit 467 Gegenstimmen abgelehnt . 137 Abgeordente stimmten dafür, es gab keine Enthaltungen."
6601,2026-07-10,GKV-Reform,"Gesundheit|Öffentliche Finanzen, Steuern und Abgaben",Ausschuss für Gesundheit|Haushaltsausschuss,https://dserver.bundestag.de/btd/21/061/2106130.pdf,"In der letzten Sitzungswoche vor der Sommerpause hat der Bundestag über das GKV-Beitragssatzstabilisierungsgesetz abgestimmt. Ziel des Gesetzes ist es, die Finanzlage der gesetzlichen Krankenversicherung (GKV) zu verbessern und einen weiteren Anstieg der Krankenkassenbeiträge zu begrenzen. Nach Angaben der Bundesregierung droht der GKV ab 2027 eine Finanzierungslücke von mehr als 15 Milliarden Euro. Zur Stabilisierung der Beiträge sieht das Gesetz Einsparungen bei Krankenhäusern, Arztpraxen und Arzneimitteln vor. Außerdem sollen die Verwaltungsausgaben der Krankenkassen begrenzt und der Bund stärker an den Gesundheitskosten von Bürgergeldempfänger:innen beteiligt werden. Für Versicherte gibt es ebenfalls Änderungen: Die beitragsfreie Familienversicherung für Ehe- und Lebenspartner:innen wird in bestimmten Fällen eingeschränkt, Zuzahlungen werden erhöht und Zuschüsse beim Zahnersatz reduziert. Mit diesen Maßnahmen sollen die gesetzlichen Krankenkassen in den kommenden Jahren finanziell entlastet werden. In einer entsprechenden Beschlussempfehlung des Gesundheitsausschusses wird die Annahme des Gesetzentwurfes mit umfassenden Änderungen empfohlen. Außerdem hat der Haushaltssausschuss zu dem Gesetzentwurf der Bundesregierung einen Bericht zur Finanzierbarkeit vorgelegt. Das GKV-Beitragsstabilisierungsgesetz wurde in der vom Gesundheitsausschuss geänderten Fassung mit 318 Ja-Stimmen angenommen . 284 Abgeordnete stimmten dagegen, es gab vier Enthaltungen aus der Fraktion der SPD von Adis Ahmetović , Rasha Nasr , Truels Reichardt und Nina Scheer . Außerdem stimmten Jan Dieren , Sabine Dittmar , Martin Kröber (alle SPD-Fraktion) gegen den Gesetzentwurf ebenso wie Kai Whittaker ( Fraktion CDU/CSU ). Neben der namentlichen Abstimmung über das GKV-Gesetz wurde auch namentlich über vier Entschließungsanträge der Fraktion Die Linke abgestimmt. Vor der Abstimmung hatten Bündnis 90/Die Grünen und Die Linke erfolglos versucht, die Abstimmung wegen der aus ihrer Sicht zu kurzen Beratungszeit zu verschieben. Auch Eilanträge beim Bundesverfassungsgericht blieben ohne Erfolg. Die weiteren namentlichen Abstimmungen zu dem Thema findest du weiter unten unter ""Weitere namentliche Abstimmungen""."
6605,2026-07-10,Gebäudemodernisierungsgesetz,Energie,Ausschuss für Wirtschaft und Energie,https://dserver.bundestag.de/btd/21/062/2106278.pdf,"Der Bundestag hat über das Gebäudemodernisierungsgesetz abgestimmt. Mit dem Gesetz werden zentrale Regelungen des bisherigen Heizungsgesetzes (Gebäudeenergiegesetz) geändert. Die bisherige Pflicht, dass neue Heizungen zu mindestens 65 Prozent mit erneuerbaren Energien betrieben werden müssen, entfällt. Stattdessen können Eigentümer:innen künftig selbst entscheiden, ob sie beispielsweise eine Wärmepumpe, eine Gasheizung, eine Ölheizung oder andere Heizsysteme einbauen. Neue Gas- und Ölheizungen müssen jedoch künftig schrittweise mit klimafreundlicheren Brennstoffen betrieben werden. Außerdem werden die kommunale Wärmeplanung sowie die staatliche Förderung für den Einbau klimafreundlicher Heizungen und für energetische Sanierungen fortgeführt. Bei der namentlichen Abstimmung stimmten 323 Abgeordnete für den Gesetzentwurf der Bundesregierung, 271 dagegen. Es gab keine Enthaltungen."
6606,2026-07-10,Sportfördergesetz,"Sport, Freizeit und Tourismus",Ausschuss für Sport und Ehrenamt,https://dserver.bundestag.de/btd/21/059/2105921.pdf,"Der Bundestag hat über das Sportfördergesetz abgestimmt. Mit dem Gesetz wird die Förderung des Spitzensports in Deutschland erstmals in einem eigenen Gesetz geregelt. Ziel ist es, die Sportförderung transparenter, effizienter und weniger bürokratisch zu gestalten sowie Athlet:innen gezielter zu unterstützen. Kern des Gesetzes ist die Gründung einer unabhängigen Spitzensport-Agentur. Sie soll künftig die Fördermittel des Bundes vergeben und die sportfachliche Steuerung der Spitzensportförderung übernehmen. Zudem sollen die Förderungen stärker an den Bedürfnissen der Athlet:innen sowie an sportlichem Potenzial und Leistung ausgerichtet werden. Der Gesetzentwurf wurde in einer vom Ausschuss für Sport und Ehrenamt geänderten Fassung mit 519 Ja-Stimmen bei 43 Nein-Stimmen angenommen . Es gab keine Enthaltungen."
