poll_id,date,legislature_id,legislature,title,accepted,url
652,2006-05-19,67,Bundestag 2005 - 2009,Erhöhung der Mehrwertsteuer,True,https://www.abgeordnetenwatch.de/bundestag/16/abstimmungen/erhoehung-der-mehrwertsteuer
658,2006-06-01,67,Bundestag 2005 - 2009,Bundeswehreinsatz im Kongo,True,https://www.abgeordnetenwatch.de/bundestag/16/abstimmungen/bundeswehreinsatz-im-kongo
660,2006-06-01,67,Bundestag 2005 - 2009,Anpassung und Veränderung von Hartz IV,True,https://www.abgeordnetenwatch.de/bundestag/16/abstimmungen/anpassung-und-veraenderung-von-hartz-iv
654,2006-06-29,67,Bundestag 2005 - 2009,Antidiskriminierungsgesetz,True,https://www.abgeordnetenwatch.de/bundestag/16/abstimmungen/antidiskriminierungsgesetz
655,2006-06-30,67,Bundestag 2005 - 2009,Föderalismusreform,True,https://www.abgeordnetenwatch.de/bundestag/16/abstimmungen/foederalismusreform
661,2006-09-28,67,Bundestag 2005 - 2009,Verlängerung des Afghanistan-Einsatzes (ISAF),True,https://www.abgeordnetenwatch.de/bundestag/16/abstimmungen/verlaengerung-des-afghanistan-einsatzes-isaf
663,2006-10-26,67,Bundestag 2005 - 2009,EU-Beitritt Bulgariens und Rumäniens,True,https://www.abgeordnetenwatch.de/bundestag/16/abstimmungen/eu-beitritt-bulgariens-und-rumaeniens
659,2006-11-10,67,Bundestag 2005 - 2009,Verlängerung des Anti-Terror-Einsatzes (OEF),True,https://www.abgeordnetenwatch.de/bundestag/16/abstimmungen/verlaengerung-des-anti-terror-einsatzes-oef
662,2007-02-02,67,Bundestag 2005 - 2009,Gesundheitsreform,True,https://www.abgeordnetenwatch.de/bundestag/16/abstimmungen/gesundheitsreform
664,2007-03-09,67,Bundestag 2005 - 2009,Tornado-Einsatz,True,https://www.abgeordnetenwatch.de/bundestag/16/abstimmungen/tornado-einsatz
665,2007-03-09,67,Bundestag 2005 - 2009,Rente mit 67,True,https://www.abgeordnetenwatch.de/bundestag/16/abstimmungen/rente-mit-67
668,2007-05-25,67,Bundestag 2005 - 2009,Unternehmenssteuerreform,True,https://www.abgeordnetenwatch.de/bundestag/16/abstimmungen/unternehmenssteuerreform
667,2007-06-14,67,Bundestag 2005 - 2009,Mindestlöhne (Antrag Die Linke.),False,https://www.abgeordnetenwatch.de/bundestag/16/abstimmungen/mindestloehne-antrag-die-linke
669,2007-06-14,67,Bundestag 2005 - 2009,Fortsetzung des Bundeswehreinsatzes in Darfur,True,https://www.abgeordnetenwatch.de/bundestag/16/abstimmungen/fortsetzung-des-bundeswehreinsatzes-in-darfur
670,2007-06-14,67,Bundestag 2005 - 2009,Aufenthalts- und Asylrecht,True,https://www.abgeordnetenwatch.de/bundestag/16/abstimmungen/aufenthalts-und-asylrecht
653,2007-06-21,67,Bundestag 2005 - 2009,Verlängerung Kosovo-Einsatz,True,https://www.abgeordnetenwatch.de/bundestag/16/abstimmungen/verlaengerung-kosovo-einsatz
671,2007-06-22,67,Bundestag 2005 - 2009,Emissionshandel,True,https://www.abgeordnetenwatch.de/bundestag/16/abstimmungen/emissionshandel
682,2007-09-12,67,Bundestag 2005 - 2009,Verlängerung Libanon-Einsatz,True,https://www.abgeordnetenwatch.de/bundestag/16/abstimmungen/verlaengerung-libanon-einsatz
679,2007-10-12,67,Bundestag 2005 - 2009,"Verlängerung Afghanistan-Einsatz (ISAF, Tornado)",True,https://www.abgeordnetenwatch.de/bundestag/16/abstimmungen/verlaengerung-afghanistan-einsatz-isaf-tornado
685,2007-11-09,67,Bundestag 2005 - 2009,Vorratsdatenspeicherung,True,https://www.abgeordnetenwatch.de/bundestag/16/abstimmungen/vorratsdatenspeicherung
687,2007-11-15,67,Bundestag 2005 - 2009,Verlängerung des Anti-Terror-Einsatzes (OEF),True,https://www.abgeordnetenwatch.de/bundestag/16/abstimmungen/verlaengerung-des-anti-terror-einsatzes-oef-0
686,2007-11-16,67,Bundestag 2005 - 2009,Diätenerhöhung,True,https://www.abgeordnetenwatch.de/bundestag/16/abstimmungen/diaetenerhoehung
666,2007-12-14,67,Bundestag 2005 - 2009,Postmindestlohn,True,https://www.abgeordnetenwatch.de/bundestag/16/abstimmungen/postmindestlohn
688,2008-02-06,67,Bundestag 2005 - 2009,Änderung des Stammzellgesetzes,True,https://www.abgeordnetenwatch.de/bundestag/16/abstimmungen/aenderung-des-stammzellgesetzes
689,2008-04-24,67,Bundestag 2005 - 2009,EU-Vertrag von Lissabon,True,https://www.abgeordnetenwatch.de/bundestag/16/abstimmungen/eu-vertrag-von-lissabon
690,2008-05-30,67,Bundestag 2005 - 2009,Bahnprivatisierung,True,https://www.abgeordnetenwatch.de/bundestag/16/abstimmungen/bahnprivatisierung
691,2008-06-05,67,Bundestag 2005 - 2009,Verlängerung Kosovo-Einsatz,True,https://www.abgeordnetenwatch.de/bundestag/16/abstimmungen/verlaengerung-kosovo-einsatz-0
695,2008-09-17,67,Bundestag 2005 - 2009,Verlängerung Libanon-Einsatz,True,https://www.abgeordnetenwatch.de/bundestag/16/abstimmungen/verlaengerung-libanon-einsatz-0
696,2008-09-17,67,Bundestag 2005 - 2009,Fortsetzung des Darfur-Einsatzes,True,https://www.abgeordnetenwatch.de/bundestag/16/abstimmungen/fortsetzung-des-darfur-einsatzes
697,2008-09-25,67,Bundestag 2005 - 2009,Rückkehr zur alten Pendlerpauschale,False,https://www.abgeordnetenwatch.de/bundestag/16/abstimmungen/rueckkehr-zur-alten-pendlerpauschale
699,2008-10-16,67,Bundestag 2005 - 2009,Verlängerung Afghanistan-Einsatz (ISAF),True,https://www.abgeordnetenwatch.de/bundestag/16/abstimmungen/verlaengerung-afghanistan-einsatz-isaf
700,2008-10-17,67,Bundestag 2005 - 2009,Banken-Rettungspaket,True,https://www.abgeordnetenwatch.de/bundestag/16/abstimmungen/banken-rettungspaket
702,2008-11-12,67,Bundestag 2005 - 2009,BKA-Gesetz,True,https://www.abgeordnetenwatch.de/bundestag/16/abstimmungen/bka-gesetz
701,2008-11-13,67,Bundestag 2005 - 2009,Verlängerung des Anti-Terror-Einsatzes (OEF),True,https://www.abgeordnetenwatch.de/bundestag/16/abstimmungen/verlaengerung-des-anti-terror-einsatzes-oef-1
703,2008-11-26,67,Bundestag 2005 - 2009,Erbschaftssteuerreform,True,https://www.abgeordnetenwatch.de/bundestag/16/abstimmungen/erbschaftssteuerreform
704,2008-11-28,67,Bundestag 2005 - 2009,Haushalt 2009,True,https://www.abgeordnetenwatch.de/bundestag/16/abstimmungen/haushalt-2009
706,2008-12-04,67,Bundestag 2005 - 2009,Familienleistungsgesetz,False,https://www.abgeordnetenwatch.de/bundestag/16/abstimmungen/familienleistungsgesetz
707,2008-12-19,67,Bundestag 2005 - 2009,Kampf gegen Piraten,True,https://www.abgeordnetenwatch.de/bundestag/16/abstimmungen/kampf-gegen-piraten
708,2009-01-22,67,Bundestag 2005 - 2009,Mindestlohn für sechs weitere Branchen,True,https://www.abgeordnetenwatch.de/bundestag/16/abstimmungen/mindestlohn-fuer-sechs-weitere-branchen
711,2009-01-22,67,Bundestag 2005 - 2009,Mindestarbeitsbedingungen,True,https://www.abgeordnetenwatch.de/bundestag/16/abstimmungen/mindestarbeitsbedingungen
715,2009-03-20,67,Bundestag 2005 - 2009,Enteignung von Banken,True,https://www.abgeordnetenwatch.de/bundestag/16/abstimmungen/enteignung-von-banken
716,2009-05-13,67,Bundestag 2005 - 2009,Beratungspflicht bei Spätabtreibungen,True,https://www.abgeordnetenwatch.de/bundestag/16/abstimmungen/beratungspflicht-bei-spaetabtreibungen
717,2009-05-13,67,Bundestag 2005 - 2009,Anbauverbot von Genmais,False,https://www.abgeordnetenwatch.de/bundestag/16/abstimmungen/anbauverbot-von-genmais
718,2009-05-28,67,Bundestag 2005 - 2009,Verlängerung Kosovo-Einsatz,True,https://www.abgeordnetenwatch.de/bundestag/16/abstimmungen/verlaengerung-kosovo-einsatz-1
720,2009-05-28,67,Bundestag 2005 - 2009,Abgabe von künstlichem Heroin an Schwerstabhängige,True,https://www.abgeordnetenwatch.de/bundestag/16/abstimmungen/abgabe-von-kuenstlichem-heroin-an-schwerstabhaengige
719,2009-05-29,67,Bundestag 2005 - 2009,Schuldenbremse,True,https://www.abgeordnetenwatch.de/bundestag/16/abstimmungen/schuldenbremse
721,2009-06-18,67,Bundestag 2005 - 2009,Internetsperren,True,https://www.abgeordnetenwatch.de/bundestag/16/abstimmungen/internetsperren
722,2009-06-18,67,Bundestag 2005 - 2009,Patientenverfügung (Stünker-Antrag),True,https://www.abgeordnetenwatch.de/bundestag/16/abstimmungen/patientenverfuegung-stuenker-antrag
723,2009-07-02,67,Bundestag 2005 - 2009,AWACS-Einsatz in Afghanistan,True,https://www.abgeordnetenwatch.de/bundestag/16/abstimmungen/awacs-einsatz-in-afghanistan
724,2009-07-03,67,Bundestag 2005 - 2009,Bundestagswahlrecht,False,https://www.abgeordnetenwatch.de/bundestag/16/abstimmungen/bundestagswahlrecht
731,2009-12-03,83,Bundestag 2009 - 2013,Verlängerung Afghanistaneinsatz (ISAF),True,https://www.abgeordnetenwatch.de/bundestag/17/abstimmungen/verlaengerung-afghanistaneinsatz-isaf-0
733,2009-12-03,83,Bundestag 2009 - 2013,Verlängerung des Anti-Terror-Kampfes (OEF),True,https://www.abgeordnetenwatch.de/bundestag/17/abstimmungen/verlaengerung-des-anti-terror-kampfes-oef
734,2009-12-03,83,Bundestag 2009 - 2013,Verlängerung Libanon-Einsatz (UNFIL),True,https://www.abgeordnetenwatch.de/bundestag/17/abstimmungen/verlaengerung-libanon-einsatz-unfil
732,2009-12-04,83,Bundestag 2009 - 2013,Wachstumsbeschleunigungsgesetz,True,https://www.abgeordnetenwatch.de/bundestag/17/abstimmungen/wachstumsbeschleunigungsgesetz
761,2009-12-04,83,Bundestag 2009 - 2013,Verzicht auf Mehrwertsteuersenkung für das Hotelgewerbe,False,https://www.abgeordnetenwatch.de/bundestag/17/abstimmungen/verzicht-auf-mehrwertsteuersenkung-fuer-das-hotelgewerbe
759,2009-12-18,83,Bundestag 2009 - 2013,Kampf gegen Piraten (ATALANTA),True,https://www.abgeordnetenwatch.de/bundestag/17/abstimmungen/kampf-gegen-piraten-atalanta
760,2009-12-18,83,Bundestag 2009 - 2013,Bundeswehreinsatz in Bosnien Herzegowina,True,https://www.abgeordnetenwatch.de/bundestag/17/abstimmungen/bundeswehreinsatz-in-bosnien-herzegowina
766,2010-02-26,83,Bundestag 2009 - 2013,Verlängerung Afghanistaneinsatz (ISAF),True,https://www.abgeordnetenwatch.de/bundestag/17/abstimmungen/verlaengerung-afghanistaneinsatz-isaf-1
834,2010-03-19,83,Bundestag 2009 - 2013,Bundeshaushalt 2010,True,https://www.abgeordnetenwatch.de/bundestag/17/abstimmungen/bundeshaushalt-2010
836,2010-03-25,83,Bundestag 2009 - 2013,Abschaffung der reduzierten Mehrwertsteuer für Hotels,False,https://www.abgeordnetenwatch.de/bundestag/17/abstimmungen/abschaffung-der-reduzierten-mehrwertsteuer-fuer-hotels
838,2010-04-22,83,Bundestag 2009 - 2013,Beibehaltung der Steuerfreiheit bei Feiertags- und Nachtarbeit,False,https://www.abgeordnetenwatch.de/bundestag/17/abstimmungen/beibehaltung-der-steuerfreiheit-bei-feiertags-und-nachtarbeit
777,2010-05-06,83,Bundestag 2009 - 2013,Schnellere Absenkung der Einspeisevergütung im EEG,True,https://www.abgeordnetenwatch.de/bundestag/17/abstimmungen/schnellere-absenkung-der-einspeiseverguetung-im-eeg
839,2010-05-06,83,Bundestag 2009 - 2013,Mindestsicherung statt Hartz IV,False,https://www.abgeordnetenwatch.de/bundestag/17/abstimmungen/mindestsicherung-statt-hartz-iv
776,2010-05-07,83,Bundestag 2009 - 2013,Notkredit für Griechenland,True,https://www.abgeordnetenwatch.de/bundestag/17/abstimmungen/notkredit-fuer-griechenland
787,2010-05-21,83,Bundestag 2009 - 2013,Euro-Rettungsschirm,True,https://www.abgeordnetenwatch.de/bundestag/17/abstimmungen/euro-rettungsschirm
794,2010-06-10,83,Bundestag 2009 - 2013,Verlängerung Kosovo-Einsatz (KFOR),True,https://www.abgeordnetenwatch.de/bundestag/17/abstimmungen/verlaengerung-kosovo-einsatz-kfor
803,2010-06-10,83,Bundestag 2009 - 2013,Austritt aus der Kernfusion (ITER),False,https://www.abgeordnetenwatch.de/bundestag/17/abstimmungen/austritt-aus-der-kernfusion-iter
805,2010-06-17,83,Bundestag 2009 - 2013,Reform der Jobcenter,True,https://www.abgeordnetenwatch.de/bundestag/17/abstimmungen/reform-der-jobcenter
806,2010-06-17,83,Bundestag 2009 - 2013,Verlängerung des Libanon-Einsatzes (UNFIL),True,https://www.abgeordnetenwatch.de/bundestag/17/abstimmungen/verlaengerung-des-libanon-einsatzes-unfil
807,2010-06-17,83,Bundestag 2009 - 2013,Verlängerung des Darfur-Einsatzes (UNAMID),True,https://www.abgeordnetenwatch.de/bundestag/17/abstimmungen/verlaengerung-des-darfur-einsatzes-unamid
809,2010-06-17,83,Bundestag 2009 - 2013,Verlängerung des Sudan-Einsatzes (UNMIS),True,https://www.abgeordnetenwatch.de/bundestag/17/abstimmungen/verlaengerung-des-sudan-einsatzes-unmis
811,2010-06-17,83,Bundestag 2009 - 2013,Bundeswehr ohne Wehrpflicht,False,https://www.abgeordnetenwatch.de/bundestag/17/abstimmungen/bundeswehr-ohne-wehrpflicht
808,2010-06-18,83,Bundestag 2009 - 2013,Reduzierung der Wehrpflicht,True,https://www.abgeordnetenwatch.de/bundestag/17/abstimmungen/reduzierung-der-wehrpflicht
829,2010-10-28,83,Bundestag 2009 - 2013,Verlängerung von AKW-Laufzeiten,True,https://www.abgeordnetenwatch.de/bundestag/17/abstimmungen/verlaengerung-von-akw-laufzeiten
830,2010-10-28,83,Bundestag 2009 - 2013,Abschöpfung von Zusatzgewinnen aus AKW-Laufzeitverlängerung,True,https://www.abgeordnetenwatch.de/bundestag/17/abstimmungen/abschoepfung-von-zusatzgewinnen-aus-akw-laufzeitverlaengerung
831,2010-10-28,83,Bundestag 2009 - 2013,Brennelementesteuer,True,https://www.abgeordnetenwatch.de/bundestag/17/abstimmungen/brennelementesteuer
832,2010-10-28,83,Bundestag 2009 - 2013,Sparpaket (Haushaltsbegleitgesetz),True,https://www.abgeordnetenwatch.de/bundestag/17/abstimmungen/sparpaket-haushaltsbegleitgesetz
841,2010-11-11,83,Bundestag 2009 - 2013,Neuordnung am Arzneimittelmarkt,True,https://www.abgeordnetenwatch.de/bundestag/17/abstimmungen/neuordnung-am-arzneimittelmarkt
842,2010-11-12,83,Bundestag 2009 - 2013,Einführung bundesweiter Volksentscheide,False,https://www.abgeordnetenwatch.de/bundestag/17/abstimmungen/einfuehrung-bundesweiter-volksentscheide
843,2010-11-12,83,Bundestag 2009 - 2013,Gesundheitsreform,True,https://www.abgeordnetenwatch.de/bundestag/17/abstimmungen/gesundheitsreform
848,2010-11-26,83,Bundestag 2009 - 2013,Haushalt 2011,True,https://www.abgeordnetenwatch.de/bundestag/17/abstimmungen/haushalt-2011
846,2010-12-02,83,Bundestag 2009 - 2013,Kampf gegen Piraten (ATALANTA),True,https://www.abgeordnetenwatch.de/bundestag/17/abstimmungen/kampf-gegen-piraten-atalanta-0
851,2010-12-02,83,Bundestag 2009 - 2013,Verlängerung Bosnien-Einsatz (ALTHEA),True,https://www.abgeordnetenwatch.de/bundestag/17/abstimmungen/verlaengerung-bosnien-einsatz-althea
852,2010-12-02,83,Bundestag 2009 - 2013,Verlängerung des Anti-Terror-Einsatzes im Mittelmeer (OAE),True,https://www.abgeordnetenwatch.de/bundestag/17/abstimmungen/verlaengerung-des-anti-terror-einsatzes-im-mittelmeer-oae
853,2010-12-03,83,Bundestag 2009 - 2013,Anpassung und Veränderung von Hartz IV,True,https://www.abgeordnetenwatch.de/bundestag/17/abstimmungen/anpassung-und-veraenderung-von-hartz-iv
854,2010-12-03,83,Bundestag 2009 - 2013,Vorläufiger Bau- und Vergabestopp bei Stuttgart 21,False,https://www.abgeordnetenwatch.de/bundestag/17/abstimmungen/vorlaeufiger-bau-und-vergabestopp-bei-stuttgart-21
712,2011-01-28,83,Bundestag 2009 - 2013,Verlängerung Afghanistaneinsatz (ISAF),True,https://www.abgeordnetenwatch.de/bundestag/17/abstimmungen/verlaengerung-afghanistaneinsatz-isaf
866,2011-03-17,83,Bundestag 2009 - 2013,Unverzügliche Abschaltung aller deutschen AKW,False,https://www.abgeordnetenwatch.de/bundestag/17/abstimmungen/unverzuegliche-abschaltung-aller-deutschen-akw
867,2011-03-17,83,Bundestag 2009 - 2013,Vorübergehende Aussetzung von AKW-Laufzeiten (Moratorium),True,https://www.abgeordnetenwatch.de/bundestag/17/abstimmungen/voruebergehende-aussetzung-von-akw-laufzeiten-moratorium
869,2011-03-17,83,Bundestag 2009 - 2013,Sofortige Abschaltung von Alt-AKW,False,https://www.abgeordnetenwatch.de/bundestag/17/abstimmungen/sofortige-abschaltung-von-alt-akw
871,2011-03-25,83,Bundestag 2009 - 2013,AWACS-Einsatz in Afghanistan,True,https://www.abgeordnetenwatch.de/bundestag/17/abstimmungen/awacs-einsatz-in-afghanistan
735,2011-05-26,83,Bundestag 2009 - 2013,Schwarzarbeiterbekämpfungsgesetz,True,https://www.abgeordnetenwatch.de/bundestag/17/abstimmungen/schwarzarbeiterbekaempfungsgesetz
870,2011-06-09,83,Bundestag 2009 - 2013,Verlängerung Kosovo-Einsatz (KFOR),True,https://www.abgeordnetenwatch.de/bundestag/17/abstimmungen/verlaengerung-kosovo-einsatz-kfor-0
872,2011-06-09,83,Bundestag 2009 - 2013,Verlängerung des Libanon-Einsatzes (UNIFIL),True,https://www.abgeordnetenwatch.de/bundestag/17/abstimmungen/verlaengerung-des-libanon-einsatzes-unifil
878,2011-06-30,83,Bundestag 2009 - 2013,Atomausstieg bis 2022,True,https://www.abgeordnetenwatch.de/bundestag/17/abstimmungen/atomausstieg-bis-2022
879,2011-07-07,83,Bundestag 2009 - 2013,Eingeschränkte Zulassung der Präimplantationsdiagnostik,True,https://www.abgeordnetenwatch.de/bundestag/17/abstimmungen/eingeschraenkte-zulassung-der-praeimplantationsdiagnostik
881,2011-07-07,83,Bundestag 2009 - 2013,Unterirdische Speicherung von CO2,True,https://www.abgeordnetenwatch.de/bundestag/17/abstimmungen/unterirdische-speicherung-von-co2
884,2011-07-07,83,Bundestag 2009 - 2013,Abschiebestopp für syrische Flüchtlinge,False,https://www.abgeordnetenwatch.de/bundestag/17/abstimmungen/abschiebestopp-fuer-syrische-fluechtlinge
880,2011-07-08,83,Bundestag 2009 - 2013,Keine Panzer an Saudi-Arabien verkaufen,False,https://www.abgeordnetenwatch.de/bundestag/17/abstimmungen/keine-panzer-an-saudi-arabien-verkaufen
882,2011-07-08,83,Bundestag 2009 - 2013,Verlängerung des Darfur-Einsatzes,True,https://www.abgeordnetenwatch.de/bundestag/17/abstimmungen/verlaengerung-des-darfur-einsatzes
883,2011-07-08,83,Bundestag 2009 - 2013,Deutsche Beteiligung an UN-Aufbaumission in Südsudan,True,https://www.abgeordnetenwatch.de/bundestag/17/abstimmungen/deutsche-beteiligung-an-un-aufbaumission-in-suedsudan
887,2011-09-29,83,Bundestag 2009 - 2013,Euro-Stabilisierungsfonds EFSF,True,https://www.abgeordnetenwatch.de/bundestag/17/abstimmungen/euro-stabilisierungsfonds-efsf
889,2011-09-29,83,Bundestag 2009 - 2013,Verlängerung des Bundeswehreinsatzes in Südsudan (UNMISS),True,https://www.abgeordnetenwatch.de/bundestag/17/abstimmungen/verlaengerung-des-bundeswehreinsatzes-in-suedsudan-unmiss
890,2011-09-29,83,Bundestag 2009 - 2013,Reform des Bundestagswahlrechts,True,https://www.abgeordnetenwatch.de/bundestag/17/abstimmungen/reform-des-bundestagswahlrechts
903,2011-10-26,83,Bundestag 2009 - 2013,Ausweitung des Euro-Rettungsschirms (EFSF),True,https://www.abgeordnetenwatch.de/bundestag/17/abstimmungen/ausweitung-des-euro-rettungsschirms-efsf
905,2011-12-01,83,Bundestag 2009 - 2013,Verlängerung des Anti-Terror-Einsatzes im Mittelmeer (OAE),True,https://www.abgeordnetenwatch.de/bundestag/17/abstimmungen/verlaengerung-des-anti-terror-einsatzes-im-mittelmeer-oae-0
907,2011-12-01,83,Bundestag 2009 - 2013,Verlängerung des Bundeswehreinsatzes gegen Piraterie (Atalanta),True,https://www.abgeordnetenwatch.de/bundestag/17/abstimmungen/verlaengerung-des-bundeswehreinsatzes-gegen-piraterie-atalanta
910,2012-01-26,83,Bundestag 2009 - 2013,Verlängerung Afghanistan-Einsatz (ISAF),True,https://www.abgeordnetenwatch.de/bundestag/17/abstimmungen/verlaengerung-afghanistan-einsatz-isaf
911,2012-02-27,83,Bundestag 2009 - 2013,Zweites Rettungspaket für Griechenland,True,https://www.abgeordnetenwatch.de/bundestag/17/abstimmungen/zweites-rettungspaket-fuer-griechenland
913,2012-03-29,83,Bundestag 2009 - 2013,Pläne für ein Betreuungsgeld aufgeben,False,https://www.abgeordnetenwatch.de/bundestag/17/abstimmungen/plaene-fuer-ein-betreuungsgeld-aufgeben
914,2012-03-29,83,Bundestag 2009 - 2013,Abbau der kalten Progression,True,https://www.abgeordnetenwatch.de/bundestag/17/abstimmungen/abbau-der-kalten-progression
915,2012-03-29,83,Bundestag 2009 - 2013,Kürzungen der Solarförderungen,True,https://www.abgeordnetenwatch.de/bundestag/17/abstimmungen/kuerzungen-der-solarfoerderungen
917,2012-05-10,83,Bundestag 2009 - 2013,Verlängerung des Bundeswehreinsatzes gegen Piraterie (Atalanta),True,https://www.abgeordnetenwatch.de/bundestag/17/abstimmungen/verlaengerung-des-bundeswehreinsatzes-gegen-piraterie-atalanta-0
918,2012-05-24,83,Bundestag 2009 - 2013,Verbesserter Rechtsschutz in Wahlsachen (Art. 93 GG),True,https://www.abgeordnetenwatch.de/bundestag/17/abstimmungen/verbesserter-rechtsschutz-in-wahlsachen-art-93-gg
919,2012-05-25,83,Bundestag 2009 - 2013,Verlängerung Kosovo-Einsatz (KFOR),True,https://www.abgeordnetenwatch.de/bundestag/17/abstimmungen/verlaengerung-kosovo-einsatz-kfor-1
925,2012-06-14,83,Bundestag 2009 - 2013,Nachtragshaushalt 2012,True,https://www.abgeordnetenwatch.de/bundestag/17/abstimmungen/nachtragshaushalt-2012
929,2012-06-28,83,Bundestag 2009 - 2013,Recht auf Eheschließung für gleichgeschlechtliche Paare,False,https://www.abgeordnetenwatch.de/bundestag/17/abstimmungen/recht-auf-eheschliessung-fuer-gleichgeschlechtliche-paare
930,2012-06-28,83,Bundestag 2009 - 2013,Fortsetzung des Libanon-Einsatzes,True,https://www.abgeordnetenwatch.de/bundestag/17/abstimmungen/fortsetzung-des-libanon-einsatzes
927,2012-06-29,83,Bundestag 2009 - 2013,Fiskalpakt,True,https://www.abgeordnetenwatch.de/bundestag/17/abstimmungen/fiskalpakt
928,2012-06-29,83,Bundestag 2009 - 2013,Dauerhafter Euro-Rettungsschirm ESM,True,https://www.abgeordnetenwatch.de/bundestag/17/abstimmungen/dauerhafter-euro-rettungsschirm-esm
931,2012-06-29,83,Bundestag 2009 - 2013,Neuausrichtung der Pflegeversicherung,True,https://www.abgeordnetenwatch.de/bundestag/17/abstimmungen/neuausrichtung-der-pflegeversicherung
933,2012-07-19,83,Bundestag 2009 - 2013,Bankenhilfe für Spanien (EFSF),True,https://www.abgeordnetenwatch.de/bundestag/17/abstimmungen/bankenhilfe-fuer-spanien-efsf
957,2012-11-08,83,Bundestag 2009 - 2013,Verlängerung des Darfur-Einsatzes (UNAMID),True,https://www.abgeordnetenwatch.de/bundestag/17/abstimmungen/verlaengerung-des-darfur-einsatzes-unamid-0
958,2012-11-08,83,Bundestag 2009 - 2013,Verlängerung des Bundeswehreinsatzes in Südsudan (UNMISS),True,https://www.abgeordnetenwatch.de/bundestag/17/abstimmungen/verlaengerung-des-bundeswehreinsatzes-in-suedsudan-unmiss-0
959,2012-11-08,83,Bundestag 2009 - 2013,Offenlegung von Nebeneinkünften auf Euro und Cent,False,https://www.abgeordnetenwatch.de/bundestag/17/abstimmungen/offenlegung-von-nebeneinkuenften-auf-euro-und-cent
960,2012-11-09,83,Bundestag 2009 - 2013,Einführung eines Betreuungsgeldes,True,https://www.abgeordnetenwatch.de/bundestag/17/abstimmungen/einfuehrung-eines-betreuungsgeldes
962,2012-11-30,83,Bundestag 2009 - 2013,Finanzhilfe für Griechenland,True,https://www.abgeordnetenwatch.de/bundestag/17/abstimmungen/finanzhilfe-fuer-griechenland
963,2012-12-12,83,Bundestag 2009 - 2013,Beschneidung von Jungen aus religiösen Gründen,True,https://www.abgeordnetenwatch.de/bundestag/17/abstimmungen/beschneidung-von-jungen-aus-religioesen-gruenden
965,2012-12-13,83,Bundestag 2009 - 2013,Mietrechtsreform,True,https://www.abgeordnetenwatch.de/bundestag/17/abstimmungen/mietrechtsreform
964,2012-12-14,83,Bundestag 2009 - 2013,Patriot-Einsatz in der Türkei,True,https://www.abgeordnetenwatch.de/bundestag/17/abstimmungen/patriot-einsatz-in-der-tuerkei
977,2013-01-31,83,Bundestag 2009 - 2013,Verlängerung Afghanistan-Einsatz (ISAF),True,https://www.abgeordnetenwatch.de/bundestag/17/abstimmungen/verlaengerung-afghanistan-einsatz-isaf-0
980,2013-02-28,83,Bundestag 2009 - 2013,Mali-Einsatz (internationale Unterstützungsmission),True,https://www.abgeordnetenwatch.de/bundestag/17/abstimmungen/mali-einsatz-internationale-unterstuetzungsmission
981,2013-02-28,83,Bundestag 2009 - 2013,Mali-Einsatz (militärische Ausbildungsmission),True,https://www.abgeordnetenwatch.de/bundestag/17/abstimmungen/mali-einsatz-militaerische-ausbildungsmission
982,2013-02-28,83,Bundestag 2009 - 2013,Privatisierung der Wasserversorgung verhindern (Linken-Antrag),False,https://www.abgeordnetenwatch.de/bundestag/17/abstimmungen/privatisierung-der-wasserversorgung-verhindern-linken-antrag
983,2013-02-28,83,Bundestag 2009 - 2013,Privatisierung der Wasserversorgung verhindern (Grünen-Antrag),False,https://www.abgeordnetenwatch.de/bundestag/17/abstimmungen/privatisierung-der-wasserversorgung-verhindern-gruenen-antrag
978,2013-03-01,83,Bundestag 2009 - 2013,Leistungsschutzrecht,True,https://www.abgeordnetenwatch.de/bundestag/17/abstimmungen/leistungsschutzrecht
986,2013-04-18,83,Bundestag 2009 - 2013,Frauenquote in Aufsichtsräten,False,https://www.abgeordnetenwatch.de/bundestag/17/abstimmungen/frauenquote-in-aufsichtsraeten
987,2013-04-18,83,Bundestag 2009 - 2013,Finanzhilfen für Zypern (ESM),True,https://www.abgeordnetenwatch.de/bundestag/17/abstimmungen/finanzhilfen-fuer-zypern-esm
999,2013-04-23,83,Bundestag 2009 - 2013,Verbot der NPD,False,https://www.abgeordnetenwatch.de/bundestag/17/abstimmungen/verbot-der-npd
990,2013-05-16,83,Bundestag 2009 - 2013,EU-Operation Atalanta,True,https://www.abgeordnetenwatch.de/bundestag/17/abstimmungen/eu-operation-atalanta
998,2013-06-05,83,Bundestag 2009 - 2013,Verlängerung des Bundeswehreinsatzes in Mali,True,https://www.abgeordnetenwatch.de/bundestag/17/abstimmungen/verlaengerung-des-bundeswehreinsatzes-in-mali
996,2013-06-26,83,Bundestag 2009 - 2013,Betreuungsgeld verhindern (Änderungsantrag),False,https://www.abgeordnetenwatch.de/bundestag/17/abstimmungen/betreuungsgeld-verhindern-aenderungsantrag
993,2013-06-27,83,Bundestag 2009 - 2013,Schärfere Regeln gegen Abgeordnetenbestechung,False,https://www.abgeordnetenwatch.de/bundestag/17/abstimmungen/schaerfere-regeln-gegen-abgeordnetenbestechung
995,2013-06-27,83,Bundestag 2009 - 2013,Bundeswehr auch in Zukunft an Libanon-Einsatz UNIFIL beteiligt,True,https://www.abgeordnetenwatch.de/bundestag/17/abstimmungen/bundeswehr-auch-in-zukunft-an-libanon-einsatz-unifil-beteiligt
1004,2013-11-28,97,Bundestag 2013 - 2017,Verlängerung des Bundeswehreinsatzes in Südsudan (UNMISS) (2013),True,https://www.abgeordnetenwatch.de/bundestag/18/abstimmungen/verlaengerung-des-bundeswehreinsatzes-in-suedsudan-unmiss-2013
1005,2013-11-28,97,Bundestag 2013 - 2017,Verlängerung des Darfur-Einsatzes (UNAMID) (2013),True,https://www.abgeordnetenwatch.de/bundestag/18/abstimmungen/verlaengerung-des-darfur-einsatzes-unamid-2013
1007,2014-01-29,97,Bundestag 2013 - 2017,Fortsetzung des Patriot-Einsatzes in der Türkei (2013),True,https://www.abgeordnetenwatch.de/bundestag/18/abstimmungen/fortsetzung-des-patriot-einsatzes-in-der-tuerkei-2013
1008,2014-01-29,97,Bundestag 2013 - 2017,Verlängerung des Anti-Terror-Einsatzes im Mittelmeer (OAE) (2013),True,https://www.abgeordnetenwatch.de/bundestag/18/abstimmungen/verlaengerung-des-anti-terror-einsatzes-im-mittelmeer-oae-2013
1009,2014-01-30,97,Bundestag 2013 - 2017,Anbau von Genmais in der EU verhindern,False,https://www.abgeordnetenwatch.de/bundestag/18/abstimmungen/anbau-von-genmais-in-der-eu-verhindern
1011,2014-02-20,97,Bundestag 2013 - 2017,Fortsetzung des Afghanistan-Einsatzes (ISAF) (2014),True,https://www.abgeordnetenwatch.de/bundestag/18/abstimmungen/fortsetzung-des-afghanistan-einsatzes-isaf-2014
1012,2014-02-20,97,Bundestag 2013 - 2017,Verlängerung des Bundeswehreinsatzes in Mali (2014),True,https://www.abgeordnetenwatch.de/bundestag/18/abstimmungen/verlaengerung-des-bundeswehreinsatzes-in-mali-2014
1013,2014-02-21,97,Bundestag 2013 - 2017,Gesetz zur Strafbarkeit von Abgeordnetenbestechung,True,https://www.abgeordnetenwatch.de/bundestag/18/abstimmungen/gesetz-zur-strafbarkeit-von-abgeordnetenbestechung
1014,2014-02-21,97,Bundestag 2013 - 2017,Diätenerhöhung 2014,True,https://www.abgeordnetenwatch.de/bundestag/18/abstimmungen/diaetenerhoehung-2014
1020,2014-03-13,97,Bundestag 2013 - 2017,Kennzeichnungspflicht von Gen-Honig,False,https://www.abgeordnetenwatch.de/bundestag/18/abstimmungen/kennzeichnungspflicht-von-gen-honig
953,2014-04-03,97,Bundestag 2013 - 2017,Deutsche Beteiligung an Ausbildungsmission in Somalia,True,https://www.abgeordnetenwatch.de/bundestag/18/abstimmungen/deutsche-beteiligung-an-ausbildungsmission-in-somalia
1038,2014-04-03,97,Bundestag 2013 - 2017,Rechte der parlamentarischen Minderheit stärken,True,https://www.abgeordnetenwatch.de/bundestag/18/abstimmungen/rechte-der-parlamentarischen-minderheit-staerken
1040,2014-04-09,97,Bundestag 2013 - 2017,Beteiligung der Bundeswehr bei Vernichtung syrischer Chemiewaffen,True,https://www.abgeordnetenwatch.de/bundestag/18/abstimmungen/beteiligung-der-bundeswehr-bei-vernichtung-syrischer-chemiewaffen
1039,2014-04-10,97,Bundestag 2013 - 2017,Beteiligung der Bundeswehr an EUFOR-Einsatz Zentralafrika,True,https://www.abgeordnetenwatch.de/bundestag/18/abstimmungen/beteiligung-der-bundeswehr-an-eufor-einsatz-zentralafrika
1042,2014-05-08,97,Bundestag 2013 - 2017,Mindestlohn in der Fleischwirtschaft,True,https://www.abgeordnetenwatch.de/bundestag/18/abstimmungen/mindestlohn-in-der-fleischwirtschaft
1044,2014-05-08,97,Bundestag 2013 - 2017,Transparenz bei Rüstungsexportentscheidungen,False,https://www.abgeordnetenwatch.de/bundestag/18/abstimmungen/transparenz-bei-ruestungsexportentscheidungen
1045,2014-05-08,97,Bundestag 2013 - 2017,Kündigung der Atom-Abkommen mit Indien und Brasilien,False,https://www.abgeordnetenwatch.de/bundestag/18/abstimmungen/kuendigung-der-atom-abkommen-mit-indien-und-brasilien
1047,2014-05-22,97,Bundestag 2013 - 2017,Verlängerung des Bundeswehreinsatzes gegen Piraterie (Operation Atalanta) (2014),True,https://www.abgeordnetenwatch.de/bundestag/18/abstimmungen/verlaengerung-des-bundeswehreinsatzes-gegen-piraterie-operation-atalanta-2014
1048,2014-05-22,97,Bundestag 2013 - 2017,Änderungsantrag zum Gesetz zur Sukzessivadoption durch Lebenspartner,False,https://www.abgeordnetenwatch.de/bundestag/18/abstimmungen/aenderungsantrag-zum-gesetz-zur-sukzessivadoption-durch-lebenspartner
1068,2014-05-22,97,Bundestag 2013 - 2017,Nationale Ausnahmeregelungen zu den EU-Richtlinien beim Anbau von Gentechnik,True,https://www.abgeordnetenwatch.de/bundestag/18/abstimmungen/nationale-ausnahmeregelungen-zu-den-eu-richtlinien-beim-anbau-von-gentechnik
1046,2014-05-23,97,Bundestag 2013 - 2017,Rentenpaket,True,https://www.abgeordnetenwatch.de/bundestag/18/abstimmungen/rentenpaket
1049,2014-06-05,97,Bundestag 2013 - 2017,2014: Verlängerung des Bundeswehreinsatzes im Kosovo (KFOR),True,https://www.abgeordnetenwatch.de/bundestag/18/abstimmungen/2014-verlaengerung-des-bundeswehreinsatzes-im-kosovo-kfor
1051,2014-06-25,97,Bundestag 2013 - 2017,Fortsetzung des Libanon-Einsatzes (UNFIL) (2014),True,https://www.abgeordnetenwatch.de/bundestag/18/abstimmungen/fortsetzung-des-libanon-einsatzes-unfil-2014
1053,2014-06-25,97,Bundestag 2013 - 2017,Verlängerung der Bundeswehrbeteiligung an UN-Mission in Mali (Unterstützungsmission) (2014),True,https://www.abgeordnetenwatch.de/bundestag/18/abstimmungen/verlaengerung-der-bundeswehrbeteiligung-an-un-mission-in-mali-unterstuetzungsmission-2014
1054,2014-06-27,97,Bundestag 2013 - 2017,Reform zur Reduzierung der Kosten der EEG-Umlage,True,https://www.abgeordnetenwatch.de/bundestag/18/abstimmungen/reform-zur-reduzierung-der-kosten-der-eeg-umlage
1069,2014-06-27,97,Bundestag 2013 - 2017,Länderöffnungsklausel zur Regelungen über Mindestabstände zwischen Windenergieanlagen und Wohnbebauungen,True,https://www.abgeordnetenwatch.de/bundestag/18/abstimmungen/laenderoeffnungsklausel-zur-regelungen-ueber-mindestabstaende-zwischen-windenergieanlagen-und-wohnbebauungen
1052,2014-07-03,97,Bundestag 2013 - 2017,"Flächendeckender Mindestlohn von 8,50 Euro",True,https://www.abgeordnetenwatch.de/bundestag/18/abstimmungen/flaechendeckender-mindestlohn-von-850-euro
1055,2014-07-03,97,Bundestag 2013 - 2017,Entfall der Optionspflicht im Staatsangehörigkeitsgesetz,True,https://www.abgeordnetenwatch.de/bundestag/18/abstimmungen/entfall-der-optionspflicht-im-staatsangehoerigkeitsgesetz
1056,2014-07-03,97,Bundestag 2013 - 2017,Abschaffung der sachgrundlosen Befristung von Arbeitsverträgen,False,https://www.abgeordnetenwatch.de/bundestag/18/abstimmungen/abschaffung-der-sachgrundlosen-befristung-von-arbeitsvertraegen
1057,2014-07-03,97,Bundestag 2013 - 2017,Angleichung der Renten in Ostdeutschland an Westniveau,False,https://www.abgeordnetenwatch.de/bundestag/18/abstimmungen/angleichung-der-renten-in-ostdeutschland-an-westniveau
1070,2014-09-25,97,Bundestag 2013 - 2017,Ablehnung von Schiedsgerichten bei TTIP und CETA,False,https://www.abgeordnetenwatch.de/bundestag/18/abstimmungen/ablehnung-von-schiedsgerichten-bei-ttip-und-ceta
1076,2014-11-13,97,Bundestag 2013 - 2017,BAföG-Reform zur Erhöhung der Bedarfssätze,True,https://www.abgeordnetenwatch.de/bundestag/18/abstimmungen/bafoeg-reform-zur-erhoehung-der-bedarfssaetze
1077,2014-11-13,97,Bundestag 2013 - 2017,Verlängerung des Bundeswehreinsatzes in Darfur (UNAMID) (2014),True,https://www.abgeordnetenwatch.de/bundestag/18/abstimmungen/verlaengerung-des-bundeswehreinsatzes-in-darfur-unamid-2014
1078,2014-11-13,97,Bundestag 2013 - 2017,Lockerung des Kooperationsverbotes von Bund und Ländern bei der Hochschulfinanzierung,True,https://www.abgeordnetenwatch.de/bundestag/18/abstimmungen/lockerung-des-kooperationsverbotes-von-bund-und-laendern-bei-der-hochschulfinanzierung
1079,2014-11-13,97,Bundestag 2013 - 2017,Fortsetzung des Bundeswehreinsatzes im Südsudan (2014),True,https://www.abgeordnetenwatch.de/bundestag/18/abstimmungen/fortsetzung-des-bundeswehreinsatzes-im-suedsudan-2014
1080,2014-11-28,97,Bundestag 2013 - 2017,Bundeshaushaltsplan 2015,True,https://www.abgeordnetenwatch.de/bundestag/18/abstimmungen/bundeshaushaltsplan-2015
865,2014-12-18,97,Bundestag 2013 - 2017,Stärkung der Unabhängigkeit der Datenschutzaufsicht,True,https://www.abgeordnetenwatch.de/bundestag/18/abstimmungen/staerkung-der-unabhaengigkeit-der-datenschutzaufsicht
1083,2014-12-18,97,Bundestag 2013 - 2017,Fortsetzung des Bundeswehreinsatzes im Mittelmeer (ACTIVE ENDEAVOUR) (2014),True,https://www.abgeordnetenwatch.de/bundestag/18/abstimmungen/fortsetzung-des-bundeswehreinsatzes-im-mittelmeer-active-endeavour-2014
1082,2014-12-19,97,Bundestag 2013 - 2017,Bundeswehreinsatz in Afghanistan (2014),True,https://www.abgeordnetenwatch.de/bundestag/18/abstimmungen/bundeswehreinsatz-in-afghanistan-2014
1084,2015-01-29,97,Bundestag 2013 - 2017,Bundeswehreinsatz zur Luftüberwachung in der Türkei (2015),True,https://www.abgeordnetenwatch.de/bundestag/18/abstimmungen/bundeswehreinsatz-zur-luftueberwachung-in-der-tuerkei-2015
1085,2015-01-29,97,Bundestag 2013 - 2017,Ausbildungsunterstützungseinsatz Kurdistan-Irak (2015),True,https://www.abgeordnetenwatch.de/bundestag/18/abstimmungen/ausbildungsunterstuetzungseinsatz-kurdistan-irak-2015
1087,2015-02-26,97,Bundestag 2013 - 2017,Verlängerung des Bundeswehreinsatzes in Mali (EUTM Mali) (2015),True,https://www.abgeordnetenwatch.de/bundestag/18/abstimmungen/verlaengerung-des-bundeswehreinsatzes-in-mali-eutm-mali-2015
1086,2015-02-27,97,Bundestag 2013 - 2017,Finanzhilfen für Griechenland 2015,True,https://www.abgeordnetenwatch.de/bundestag/18/abstimmungen/finanzhilfen-fuer-griechenland-2015
1090,2015-03-26,97,Bundestag 2013 - 2017,Private- und kommunale Holzvermarktung auf Landesebene erlauben,False,https://www.abgeordnetenwatch.de/bundestag/18/abstimmungen/private-und-kommunale-holzvermarktung-auf-landesebene-erlauben
1088,2015-03-27,97,Bundestag 2013 - 2017,PKW-Maut,True,https://www.abgeordnetenwatch.de/bundestag/18/abstimmungen/pkw-maut
1089,2015-03-27,97,Bundestag 2013 - 2017,Für eine nachhaltigere Liegenschaftspolitik des Bundes,False,https://www.abgeordnetenwatch.de/bundestag/18/abstimmungen/fuer-eine-nachhaltigere-liegenschaftspolitik-des-bundes
1091,2015-05-21,97,Bundestag 2013 - 2017,Verlängerung Bundeswehreinsatz Liberia (2015),True,https://www.abgeordnetenwatch.de/bundestag/18/abstimmungen/verlaengerung-bundeswehreinsatz-liberia-2015
1092,2015-05-21,97,Bundestag 2013 - 2017,Verlängerung Bundeswehreinsatz Somalia (Operation Atalanta) (2015),True,https://www.abgeordnetenwatch.de/bundestag/18/abstimmungen/verlaengerung-bundeswehreinsatz-somalia-operation-atalanta-2015
1093,2015-05-22,97,Bundestag 2013 - 2017,Beschluss des Tarifeinheitsgesetzes,True,https://www.abgeordnetenwatch.de/bundestag/18/abstimmungen/beschluss-des-tarifeinheitsgesetzes
1096,2015-06-18,97,Bundestag 2013 - 2017,Rückwirkende Erhöhung von Kinderfreibetrag und Kindergeld,False,https://www.abgeordnetenwatch.de/bundestag/18/abstimmungen/rueckwirkende-erhoehung-von-kinderfreibetrag-und-kindergeld
1094,2015-06-19,97,Bundestag 2013 - 2017,Verlängerung Bundeswehreinsatz Libanon (UNIFIL) (2015),True,https://www.abgeordnetenwatch.de/bundestag/18/abstimmungen/verlaengerung-bundeswehreinsatz-libanon-unifil-2015
1095,2015-06-19,97,Bundestag 2013 - 2017,Verlängerung des Bundeswehreinsatzes in Kosovo (KFOR) (2015),True,https://www.abgeordnetenwatch.de/bundestag/18/abstimmungen/verlaengerung-des-bundeswehreinsatzes-in-kosovo-kfor-2015
1097,2015-06-19,97,Bundestag 2013 - 2017,Verlängerung des Bundeswehreinsatzes in Mali (MINUSMA) (2015),True,https://www.abgeordnetenwatch.de/bundestag/18/abstimmungen/verlaengerung-des-bundeswehreinsatzes-in-mali-minusma-2015
1104,2015-07-02,97,Bundestag 2013 - 2017,Neubestimmung Bleiberecht und Aufenthaltsbeendigung für Flüchtlinge (Entschließungsantrag Die Linke),False,https://www.abgeordnetenwatch.de/bundestag/18/abstimmungen/neubestimmung-bleiberecht-und-aufenthaltsbeendigung-fuer-fluechtlinge-entschliessungsantrag-die-linke
1105,2015-07-02,97,Bundestag 2013 - 2017,Neubausubventionen für Atomkraftwerke in der EU verhindern,False,https://www.abgeordnetenwatch.de/bundestag/18/abstimmungen/neubausubventionen-fuer-atomkraftwerke-in-der-eu-verhindern
1103,2015-07-17,97,Bundestag 2013 - 2017,Verhandlungsmandat für Griechenland-Finanzhilfen,True,https://www.abgeordnetenwatch.de/bundestag/18/abstimmungen/verhandlungsmandat-fuer-griechenland-finanzhilfen
1106,2015-08-19,97,Bundestag 2013 - 2017,Gewährung eines 86 Mrd. Euro Kreditpakets für Griechenland,True,https://www.abgeordnetenwatch.de/bundestag/18/abstimmungen/gewaehrung-eines-86-mrd-euro-kreditpakets-fuer-griechenland
1143,2015-10-01,97,Bundestag 2013 - 2017,Bundeswehreinsatz zur Bekämpfung von Menschenschmuggel im Mittelmeer (EUNAFOR MED) (2015),True,https://www.abgeordnetenwatch.de/bundestag/18/abstimmungen/bundeswehreinsatz-zur-bekaempfung-von-menschenschmuggel-im-mittelmeer-eunafor-med-2015
1144,2015-10-15,97,Bundestag 2013 - 2017,Verschärfung des Asylrechts (Asylpaket I),True,https://www.abgeordnetenwatch.de/bundestag/18/abstimmungen/verschaerfung-des-asylrechts-asylpaket-i
1145,2015-10-16,97,Bundestag 2013 - 2017,Wiedereinführung der Vorratsdatenspeicherung (2015),True,https://www.abgeordnetenwatch.de/bundestag/18/abstimmungen/wiedereinfuehrung-der-vorratsdatenspeicherung-2015
1142,2015-11-06,97,Bundestag 2013 - 2017,Verbot von geschäftsmäßiger Sterbehilfe,True,https://www.abgeordnetenwatch.de/bundestag/18/abstimmungen/verbot-von-geschaeftsmaessiger-sterbehilfe
1147,2015-11-12,97,Bundestag 2013 - 2017,Verlängerung des Bundeswehreinsatzes im Südsudan (UNMISS) (2016),True,https://www.abgeordnetenwatch.de/bundestag/18/abstimmungen/verlaengerung-des-bundeswehreinsatzes-im-suedsudan-unmiss-2016
1148,2015-11-12,97,Bundestag 2013 - 2017,Verlängerung Bundeswehr-Einsatz in Darfur (UNAMID) (2015),True,https://www.abgeordnetenwatch.de/bundestag/18/abstimmungen/verlaengerung-bundeswehr-einsatz-in-darfur-unamid-2015
1150,2015-12-03,97,Bundestag 2013 - 2017,Umsetzung Aktionsprogramm Klimaschutz 2020,False,https://www.abgeordnetenwatch.de/bundestag/18/abstimmungen/umsetzung-aktionsprogramm-klimaschutz-2020
1149,2015-12-04,97,Bundestag 2013 - 2017,Bundeswehreinsatz gegen den IS in Syrien (2015),True,https://www.abgeordnetenwatch.de/bundestag/18/abstimmungen/bundeswehreinsatz-gegen-den-is-in-syrien-2015
1146,2015-12-17,97,Bundestag 2013 - 2017,Verlängerung des Afghanistan-Einsatzes der Bundeswehr (2016),True,https://www.abgeordnetenwatch.de/bundestag/18/abstimmungen/verlaengerung-des-afghanistan-einsatzes-der-bundeswehr-2016
1151,2015-12-17,97,Bundestag 2013 - 2017,Verlängerung des Bundeswehreinsatzes im Mittelmeer (OAE) (2016),True,https://www.abgeordnetenwatch.de/bundestag/18/abstimmungen/verlaengerung-des-bundeswehreinsatzes-im-mittelmeer-oae-2016
1152,2016-01-28,97,Bundestag 2013 - 2017,2016: Verlängerung des Bundeswehreinsatzes in Mali (MINUSMA),True,https://www.abgeordnetenwatch.de/bundestag/18/abstimmungen/2016-verlaengerung-des-bundeswehreinsatzes-in-mali-minusma
1153,2016-01-28,97,Bundestag 2013 - 2017,Verlängerung des Bundeswehreinsatzes in Nord-Irak (2016),True,https://www.abgeordnetenwatch.de/bundestag/18/abstimmungen/verlaengerung-des-bundeswehreinsatzes-in-nord-irak-2016
1156,2016-02-17,97,Bundestag 2013 - 2017,Verlängerung des Bundeswehreinsatzes in Somalia (EUTM) (2016),True,https://www.abgeordnetenwatch.de/bundestag/18/abstimmungen/verlaengerung-des-bundeswehreinsatzes-in-somalia-eutm-2016
1154,2016-02-25,97,Bundestag 2013 - 2017,Verschärfung des Asylrechts (Asylpaket II),True,https://www.abgeordnetenwatch.de/bundestag/18/abstimmungen/verschaerfung-des-asylrechts-asylpaket-ii
1155,2016-02-25,97,Bundestag 2013 - 2017,Neuzulassung von Glyphosat verhindern,False,https://www.abgeordnetenwatch.de/bundestag/18/abstimmungen/neuzulassung-von-glyphosat-verhindern
1157,2016-04-13,97,Bundestag 2013 - 2017,Bekämpfung von Korruption im Gesundheitswesen,True,https://www.abgeordnetenwatch.de/bundestag/18/abstimmungen/bekaempfung-von-korruption-im-gesundheitswesen
1158,2016-04-28,97,Bundestag 2013 - 2017,Grundsätzliches Fracking-Verbot,False,https://www.abgeordnetenwatch.de/bundestag/18/abstimmungen/grundsaetzliches-fracking-verbot
1159,2016-05-12,97,Bundestag 2013 - 2017,Verlängerung des Bundeswehreinsatzes in Mali (2016),True,https://www.abgeordnetenwatch.de/bundestag/18/abstimmungen/verlaengerung-des-bundeswehreinsatzes-in-mali-2016
1160,2016-05-12,97,Bundestag 2013 - 2017,Verlängerung des Bundeswehreinsatzes in Somalia (Atalanta) (2016),True,https://www.abgeordnetenwatch.de/bundestag/18/abstimmungen/verlaengerung-des-bundeswehreinsatzes-in-somalia-atalanta-2016
1453,2016-05-12,97,Bundestag 2013 - 2017,Höhere Regionalisierungsmittel für den Bahnverkehr,False,https://www.abgeordnetenwatch.de/bundestag/18/abstimmungen/hoehere-regionalisierungsmittel-fuer-den-bahnverkehr
1161,2016-05-13,97,Bundestag 2013 - 2017,"Einstufung von Algerien, Marokko und Tunesien als sichere Herkunftsstaaten (2016)",True,https://www.abgeordnetenwatch.de/bundestag/18/abstimmungen/einstufung-von-algerien-marokko-und-tunesien-als-sichere-herkunftsstaaten-2016
1162,2016-06-23,97,Bundestag 2013 - 2017,Verlängerung des Bundeswehreinsatzes im Libanon (UNIFIL) (2016),True,https://www.abgeordnetenwatch.de/bundestag/18/abstimmungen/verlaengerung-des-bundeswehreinsatzes-im-libanon-unifil-2016
1165,2016-06-23,97,Bundestag 2013 - 2017,Verlängerung des Bundeswehreinsatzes im Kosovo (KFOR) (2016),True,https://www.abgeordnetenwatch.de/bundestag/18/abstimmungen/verlaengerung-des-bundeswehreinsatzes-im-kosovo-kfor-2016
1163,2016-06-24,97,Bundestag 2013 - 2017,Fracking-Neuregelung: Verbot von unkonventionellem Fracking,True,https://www.abgeordnetenwatch.de/bundestag/18/abstimmungen/fracking-neuregelung-verbot-von-unkonventionellem-fracking
1164,2016-06-24,97,Bundestag 2013 - 2017,Erbschaftssteuerreform bzg. Firmenerbe,True,https://www.abgeordnetenwatch.de/bundestag/18/abstimmungen/erbschaftssteuerreform-bzg-firmenerbe
1166,2016-07-07,97,Bundestag 2013 - 2017,Reform des Sexualstrafrechts (Nein heißt Nein),True,https://www.abgeordnetenwatch.de/bundestag/18/abstimmungen/reform-des-sexualstrafrechts-nein-heisst-nein
1167,2016-07-08,97,Bundestag 2013 - 2017,Reform des Erneuerbare-Energien-Gesetzes (EEG),True,https://www.abgeordnetenwatch.de/bundestag/18/abstimmungen/reform-des-erneuerbare-energien-gesetzes-eeg
1196,2016-09-22,97,Bundestag 2013 - 2017,CETA weiterverfolgen,True,https://www.abgeordnetenwatch.de/bundestag/18/abstimmungen/ceta-weiterverfolgen
1195,2016-09-29,97,Bundestag 2013 - 2017,Bundeswehrbeteiligung an NATO-Operation SEA GUARDIAN (2016),True,https://www.abgeordnetenwatch.de/bundestag/18/abstimmungen/bundeswehrbeteiligung-an-nato-operation-sea-guardian-2016
1197,2016-09-29,97,Bundestag 2013 - 2017,Mietrechtsreform 2016,False,https://www.abgeordnetenwatch.de/bundestag/18/abstimmungen/mietrechtsreform-2016
1198,2016-09-29,97,Bundestag 2013 - 2017,Privatisierung von Bundesliegenschaften stoppen,False,https://www.abgeordnetenwatch.de/bundestag/18/abstimmungen/privatisierung-von-bundesliegenschaften-stoppen
1200,2016-11-10,97,Bundestag 2013 - 2017,Einsatz deutscher Streitkräfte gegen den IS in Syrien (2016),True,https://www.abgeordnetenwatch.de/bundestag/18/abstimmungen/einsatz-deutscher-streitkraefte-gegen-den-is-in-syrien-2016
1199,2016-11-11,97,Bundestag 2013 - 2017,Arzneimittelreform,True,https://www.abgeordnetenwatch.de/bundestag/18/abstimmungen/arzneimittelreform
1201,2016-11-25,97,Bundestag 2013 - 2017,Haushalt 2017,True,https://www.abgeordnetenwatch.de/bundestag/18/abstimmungen/haushalt-2017
1202,2016-12-01,97,Bundestag 2013 - 2017,Anpassung des Seefischereigesetzes an das EU-Recht,True,https://www.abgeordnetenwatch.de/bundestag/18/abstimmungen/anpassung-des-seefischereigesetzes-an-das-eu-recht
1203,2016-12-01,97,Bundestag 2013 - 2017,Aktualisierung des Regelbedarfs und der Regelbedarfsstufen,True,https://www.abgeordnetenwatch.de/bundestag/18/abstimmungen/aktualisierung-des-regelbedarfs-und-der-regelbedarfsstufen
1204,2016-12-15,97,Bundestag 2013 - 2017,Gesetzesentwurf zur Verantwortung für die kerntechnische Entsorgung,True,https://www.abgeordnetenwatch.de/bundestag/18/abstimmungen/gesetzesentwurf-zur-verantwortung-fuer-die-kerntechnische-entsorgung
1205,2016-12-15,97,Bundestag 2013 - 2017,Verlängerung des Bundeswehreinsatzes in Südsudan (2016),True,https://www.abgeordnetenwatch.de/bundestag/18/abstimmungen/verlaengerung-des-bundeswehreinsatzes-in-suedsudan-2016
1206,2016-12-15,97,Bundestag 2013 - 2017,Verlängerung des Bundeswehreinsatzes in Darfur (2016),True,https://www.abgeordnetenwatch.de/bundestag/18/abstimmungen/verlaengerung-des-bundeswehreinsatzes-in-darfur-2016
1207,2016-12-15,97,Bundestag 2013 - 2017,Gesetz zur Bekämpfung der Schwarzarbeit,True,https://www.abgeordnetenwatch.de/bundestag/18/abstimmungen/gesetz-zur-bekaempfung-der-schwarzarbeit
1208,2016-12-15,97,Bundestag 2013 - 2017,Verlängerung des Bundeswehreinsatz in Afghanistan (2016),True,https://www.abgeordnetenwatch.de/bundestag/18/abstimmungen/verlaengerung-des-bundeswehreinsatz-in-afghanistan-2016
1194,2017-01-19,97,Bundestag 2013 - 2017,Antrag auf Verkauf des Dragoner-Areals,False,https://www.abgeordnetenwatch.de/bundestag/18/abstimmungen/antrag-auf-verkauf-des-dragoner-areals
1209,2017-01-19,97,Bundestag 2013 - 2017,Angleichung der Rentenansprüche von DDR-Bergleuten,False,https://www.abgeordnetenwatch.de/bundestag/18/abstimmungen/angleichung-der-rentenansprueche-von-ddr-bergleuten
1210,2017-01-19,97,Bundestag 2013 - 2017,Angleichung der Rentenansprüche von DDR-Krankenschwestern,False,https://www.abgeordnetenwatch.de/bundestag/18/abstimmungen/angleichung-der-rentenansprueche-von-ddr-krankenschwestern
1211,2017-01-26,97,Bundestag 2013 - 2017,Fortsetzung des Bundeswehreinsatzes in Mali,True,https://www.abgeordnetenwatch.de/bundestag/18/abstimmungen/fortsetzung-des-bundeswehreinsatzes-in-mali
1212,2017-01-26,97,Bundestag 2013 - 2017,Fortsetzung der Ausbildungsunterstützung im Irak (2017),True,https://www.abgeordnetenwatch.de/bundestag/18/abstimmungen/fortsetzung-der-ausbildungsunterstuetzung-im-irak-2017
1218,2017-03-09,97,Bundestag 2013 - 2017,Verbesserung der Mietpreisbremse,False,https://www.abgeordnetenwatch.de/bundestag/18/abstimmungen/verbesserung-der-mietpreisbremse
1219,2017-03-09,97,Bundestag 2013 - 2017,Keine Erhöhung der Verteidigungsausgaben auf 2 Prozent des BIP,False,https://www.abgeordnetenwatch.de/bundestag/18/abstimmungen/keine-erhoehung-der-verteidigungsausgaben-auf-2-prozent-des-bip
1220,2017-03-24,97,Bundestag 2013 - 2017,Anpassung der PKW-Maut,True,https://www.abgeordnetenwatch.de/bundestag/18/abstimmungen/anpassung-der-pkw-maut
1221,2017-03-30,97,Bundestag 2013 - 2017,Bundeswehreinsatz in Somalia (EUTM) (2017),True,https://www.abgeordnetenwatch.de/bundestag/18/abstimmungen/bundeswehreinsatz-in-somalia-eutm-2017
1222,2017-03-30,97,Bundestag 2013 - 2017,Einführung eines Verbandsklagerechts im Lohngerechtigkeitsgesetz,False,https://www.abgeordnetenwatch.de/bundestag/18/abstimmungen/einfuehrung-eines-verbandsklagerechts-im-lohngerechtigkeitsgesetz
1223,2017-05-18,97,Bundestag 2013 - 2017,Verlängerung des Bundeswehreinsatzes in Mali (EUTM) (2017),True,https://www.abgeordnetenwatch.de/bundestag/18/abstimmungen/verlaengerung-des-bundeswehreinsatzes-in-mali-eutm-2017
1224,2017-05-18,97,Bundestag 2013 - 2017,Verlängerung des Bundeswehreinsatzes in Somalia (Atalanta) (2017),True,https://www.abgeordnetenwatch.de/bundestag/18/abstimmungen/verlaengerung-des-bundeswehreinsatzes-in-somalia-atalanta-2017
1217,2017-06-01,97,Bundestag 2013 - 2017,Schaffung einer zentralen Gesellschaft für Autobahnen und Bundesstraßen,True,https://www.abgeordnetenwatch.de/bundestag/18/abstimmungen/schaffung-einer-zentralen-gesellschaft-fuer-autobahnen-und-bundesstrassen
1225,2017-06-01,97,Bundestag 2013 - 2017,Neuregelung des bundesstaatlichen Finanzausgleichs,True,https://www.abgeordnetenwatch.de/bundestag/18/abstimmungen/neuregelung-des-bundesstaatlichen-finanzausgleichs
1226,2017-06-01,97,Bundestag 2013 - 2017,Vorläufiger Abschiebestopp nach Afghanistan,True,https://www.abgeordnetenwatch.de/bundestag/18/abstimmungen/vorlaeufiger-abschiebestopp-nach-afghanistan
1227,2017-06-08,97,Bundestag 2013 - 2017,Rentenüberleitungsgesetz,True,https://www.abgeordnetenwatch.de/bundestag/18/abstimmungen/rentenueberleitungsgesetz
1228,2017-06-21,97,Bundestag 2013 - 2017,Verlegung der Bundeswehr aus der Türkei nach Jordanien,True,https://www.abgeordnetenwatch.de/bundestag/18/abstimmungen/verlegung-der-bundeswehr-aus-der-tuerkei-nach-jordanien
1230,2017-06-22,97,Bundestag 2013 - 2017,Verlängerung des Bundeswehreinsatzes im Kosovo (KFOR) (2017),True,https://www.abgeordnetenwatch.de/bundestag/18/abstimmungen/verlaengerung-des-bundeswehreinsatzes-im-kosovo-kfor-2017
1231,2017-06-22,97,Bundestag 2013 - 2017,Ausschluss extremistischer Parteien von der Parteienfinanzierung,True,https://www.abgeordnetenwatch.de/bundestag/18/abstimmungen/ausschluss-extremistischer-parteien-von-der-parteienfinanzierung
1229,2017-06-23,97,Bundestag 2013 - 2017,Abschaffung der sachgrundlosen Befristung,False,https://www.abgeordnetenwatch.de/bundestag/18/abstimmungen/abschaffung-der-sachgrundlosen-befristung
1233,2017-06-29,97,Bundestag 2013 - 2017,Verlängerung des Bundeswehreinsatzes im Mittelmeer (EUNAVFOR MED) (2017),True,https://www.abgeordnetenwatch.de/bundestag/18/abstimmungen/verlaengerung-des-bundeswehreinsatzes-im-mittelmeer-eunavfor-med-2017
1234,2017-06-29,97,Bundestag 2013 - 2017,Verlängerung des Bundeswehreinsatzes im Libanon (UNIFIL) (2017),True,https://www.abgeordnetenwatch.de/bundestag/18/abstimmungen/verlaengerung-des-bundeswehreinsatzes-im-libanon-unifil-2017
1232,2017-06-30,97,Bundestag 2013 - 2017,Ehe für Alle,True,https://www.abgeordnetenwatch.de/bundestag/18/abstimmungen/ehe-fuer-alle
1237,2017-12-12,111,Bundestag 2017 - 2021,Verlängerung Ausbildungsfortsetzung Irak,True,https://www.abgeordnetenwatch.de/bundestag/19/abstimmungen/verlaengerung-ausbildungsfortsetzung-irak
1240,2017-12-12,111,Bundestag 2017 - 2021,Verlängerung des Bundeswehreinsatzes in Mali (MINUSMA 2017/2018),True,https://www.abgeordnetenwatch.de/bundestag/19/abstimmungen/verlaengerung-des-bundeswehreinsatzes-in-mali-minusma-2017/2018
1241,2017-12-12,111,Bundestag 2017 - 2021,Verlängerung der Bundeswehrbeteiligung an NATO-Operation SEA GUARDIAN (2017),True,https://www.abgeordnetenwatch.de/bundestag/19/abstimmungen/verlaengerung-der-bundeswehrbeteiligung-an-nato-operation-sea-guardian-2017
1244,2017-12-12,111,Bundestag 2017 - 2021,Einsatz deutscher Streitkräfte gegen den IS in Syrien (2017),True,https://www.abgeordnetenwatch.de/bundestag/19/abstimmungen/einsatz-deutscher-streitkraefte-gegen-den-is-in-syrien-2017
1245,2017-12-12,111,Bundestag 2017 - 2021, Verlängerung des Bundeswehreinsatzes in Afghanistan (2017),True,https://www.abgeordnetenwatch.de/bundestag/19/abstimmungen/verlaengerung-des-bundeswehreinsatzes-in-afghanistan-2017
1238,2017-12-13,111,Bundestag 2017 - 2021,Verlängerung des Bundeswehreinsatzes im Südsudan (UNMISS 2017),True,https://www.abgeordnetenwatch.de/bundestag/19/abstimmungen/verlaengerung-des-bundeswehreinsatzes-im-suedsudan-unmiss-2017
1239,2017-12-13,111,Bundestag 2017 - 2021,Verlängerung des Darfur-Einsatzes (UNAMID 2017),True,https://www.abgeordnetenwatch.de/bundestag/19/abstimmungen/verlaengerung-des-darfur-einsatzes-unamid-2017
1246,2017-12-13,111,Bundestag 2017 - 2021,Diätenanpassung der Abgeordneten,True,https://www.abgeordnetenwatch.de/bundestag/19/abstimmungen/diaetenanpassung-der-abgeordneten
1261,2018-02-01,111,Bundestag 2017 - 2021,Gesetzesentwurf der Union zum Familiennachzug,True,https://www.abgeordnetenwatch.de/bundestag/19/abstimmungen/gesetzesentwurf-der-union-zum-familiennachzug
1262,2018-02-01,111,Bundestag 2017 - 2021,Gesetzesentwurf der Linksfraktion zum Familiennachzug,False,https://www.abgeordnetenwatch.de/bundestag/19/abstimmungen/gesetzesentwurf-der-linksfraktion-zum-familiennachzug
1263,2018-02-01,111,Bundestag 2017 - 2021,Gesetzesentwurf der AfD zum Familiennachzug,False,https://www.abgeordnetenwatch.de/bundestag/19/abstimmungen/gesetzesentwurf-der-afd-zum-familiennachzug
1279,2018-02-22,111,Bundestag 2017 - 2021,Antrag auf inhaltliche Distanzierung des Bundestages von Deniz Yücel,False,https://www.abgeordnetenwatch.de/bundestag/19/abstimmungen/antrag-auf-inhaltliche-distanzierung-des-bundestages-von-deniz-yuecel
1282,2018-03-16,111,Bundestag 2017 - 2021,Verstärkung der Grenzkontrollen,False,https://www.abgeordnetenwatch.de/bundestag/19/abstimmungen/verstaerkung-der-grenzkontrollen
1283,2018-03-22,111,Bundestag 2017 - 2021,Anti-IS-Einsatz der Bundeswehr im Irak,True,https://www.abgeordnetenwatch.de/bundestag/19/abstimmungen/anti-is-einsatz-der-bundeswehr-im-irak
1284,2018-03-22,111,Bundestag 2017 - 2021,Ausweitung des Ausbildungseinsatzes der Bundeswehr in Afghanistan,True,https://www.abgeordnetenwatch.de/bundestag/19/abstimmungen/ausweitung-des-ausbildungseinsatzes-der-bundeswehr-in-afghanistan
1285,2018-03-22,111,Bundestag 2017 - 2021,Verlängerung des Bundeswehreinsatzes im Mittelmeer (SEA GUARDIAN 2018/2019),True,https://www.abgeordnetenwatch.de/bundestag/19/abstimmungen/verlaengerung-des-bundeswehreinsatzes-im-mittelmeer-sea-guardian-2018/2019
1286,2018-03-22,111,Bundestag 2017 - 2021,Verlängerung des Bundeswehreinsatzes in Darfur (UNAMID 2018/19),True,https://www.abgeordnetenwatch.de/bundestag/19/abstimmungen/verlaengerung-des-bundeswehreinsatzes-in-darfur-unamid-2018/19
1287,2018-03-22,111,Bundestag 2017 - 2021,Verlängerung des Bundeswehreinsatzes im Südsudan (UNMISS 2018/19),True,https://www.abgeordnetenwatch.de/bundestag/19/abstimmungen/verlaengerung-des-bundeswehreinsatzes-im-suedsudan-unmiss-2018/19
1305,2018-04-26,111,Bundestag 2017 - 2021,Ausschluss der NPD von der Parteienfinanzierung,True,https://www.abgeordnetenwatch.de/bundestag/19/abstimmungen/ausschluss-der-npd-von-der-parteienfinanzierung
1306,2018-04-26,111,Bundestag 2017 - 2021,Verlängerung des Bundeswehreinsatzes in Mali (MINUSMA 2018/2019),True,https://www.abgeordnetenwatch.de/bundestag/19/abstimmungen/verlaengerung-des-bundeswehreinsatzes-in-mali-minusma-2018/2019
1307,2018-04-26,111,Bundestag 2017 - 2021,Verlängerung des Bundeswehreinsatzes in Somalia (Atalanta 2018/2019),True,https://www.abgeordnetenwatch.de/bundestag/19/abstimmungen/verlaengerung-des-bundeswehreinsatzes-in-somalia-atalanta-2018/2019
1308,2018-04-26,111,Bundestag 2017 - 2021, Verlängerung des Bundeswehreinsatzes in Mali (EUTM) (2018/2019),True,https://www.abgeordnetenwatch.de/bundestag/19/abstimmungen/verlaengerung-des-bundeswehreinsatzes-in-mali-eutm-2018/2019
1333,2018-05-17,111,Bundestag 2017 - 2021,Einspruch gegen den an Alice Weidel erteilten Ordnungsruf,False,https://www.abgeordnetenwatch.de/bundestag/19/abstimmungen/einspruch-gegen-den-an-alice-weidel-erteilten-ordnungsruf
1354,2018-06-07,111,Bundestag 2017 - 2021,Verschärfung der Mietpreisbremse,False,https://www.abgeordnetenwatch.de/bundestag/19/abstimmungen/verschaerfung-der-mietpreisbremse
1506,2018-06-14,111,Bundestag 2017 - 2021,Verlängerung des Bundeswehreinsatzes im Kosovo (KFOR),True,https://www.abgeordnetenwatch.de/bundestag/19/abstimmungen/verlaengerung-des-bundeswehreinsatzes-im-kosovo-kfor
1508,2018-06-14,111,Bundestag 2017 - 2021, Verlängerung des Bundeswehreinsatzes im Mittelmeer (EUNAVFOR MED) (2018),True,https://www.abgeordnetenwatch.de/bundestag/19/abstimmungen/verlaengerung-des-bundeswehreinsatzes-im-mittelmeer-eunavfor-med-2018
1509,2018-06-14,111,Bundestag 2017 - 2021, Verlängerung des Bundeswehreinsatzes im Libanon (UNIFIL) (2018),True,https://www.abgeordnetenwatch.de/bundestag/19/abstimmungen/verlaengerung-des-bundeswehreinsatzes-im-libanon-unifil-2018
1507,2018-06-15,111,Bundestag 2017 - 2021,Neuregelung des Familiennachzugs zu subsidiär Schutzberechtigten,True,https://www.abgeordnetenwatch.de/bundestag/19/abstimmungen/neuregelung-des-familiennachzugs-zu-subsidiaer-schutzberechtigten
1510,2018-06-15,111,Bundestag 2017 - 2021, Änderung des Parteiengesetzes (PartG),True,https://www.abgeordnetenwatch.de/bundestag/19/abstimmungen/aenderung-des-parteiengesetzes-partg
1524,2018-06-28,111,Bundestag 2017 - 2021,Abschaffung der Sanktionen bei Hartz IV und Sozialhilfe,False,https://www.abgeordnetenwatch.de/bundestag/19/abstimmungen/abschaffung-der-sanktionen-bei-hartz-iv-und-sozialhilfe
1530,2018-06-28,111,Bundestag 2017 - 2021,Weidetierprämie einführen,False,https://www.abgeordnetenwatch.de/bundestag/19/abstimmungen/weidetierpraemie-einfuehren
1525,2018-06-29,111,Bundestag 2017 - 2021,Abschließende Finanzhilfen für Griechenland,True,https://www.abgeordnetenwatch.de/bundestag/19/abstimmungen/abschliessende-finanzhilfen-fuer-griechenland
1540,2018-07-04,111,Bundestag 2017 - 2021,Haushalt 2018 - Geschäftsbereich der Bundeskanzlerin und des Bundeskanzleramtes,True,https://www.abgeordnetenwatch.de/bundestag/19/abstimmungen/haushalt-2018-geschaeftsbereich-der-bundeskanzlerin-und-des-bundeskanzleramtes
1541,2018-07-04,111,Bundestag 2017 - 2021,Haushalt 2018 - Geschäftsbereich des Verteidigungsministeriums,False,https://www.abgeordnetenwatch.de/bundestag/19/abstimmungen/haushalt-2018-geschaeftsbereich-des-verteidigungsministeriums
1532,2018-07-05,111,Bundestag 2017 - 2021,Bundeshaushalt 2018,True,https://www.abgeordnetenwatch.de/bundestag/19/abstimmungen/bundeshaushalt-2018
1565,2018-10-18,111,Bundestag 2017 - 2021,Erweiterung der sicheren Herkunftsländer,False,https://www.abgeordnetenwatch.de/bundestag/19/abstimmungen/erweiterung-der-sicheren-herkunftslaender
1570,2018-10-18,111,Bundestag 2017 - 2021,Änderungsantrag zur Brückenteilzeit,False,https://www.abgeordnetenwatch.de/bundestag/19/abstimmungen/aenderungsantrag-zur-brueckenteilzeit
1571,2018-10-18,111,Bundestag 2017 - 2021,Anpassung des Kindergeldes für im Ausland lebende Kinder,False,https://www.abgeordnetenwatch.de/bundestag/19/abstimmungen/anpassung-des-kindergeldes-fuer-im-ausland-lebende-kinder
1572,2018-10-18,111,Bundestag 2017 - 2021,Verlängerung des Anti-IS-Einsatzes der Bundeswehr im Irak,True,https://www.abgeordnetenwatch.de/bundestag/19/abstimmungen/verlaengerung-des-anti-is-einsatzes-der-bundeswehr-im-irak
1568,2018-10-19,111,Bundestag 2017 - 2021,Stärkung des Menschenrechts auf Religionsfreiheit,True,https://www.abgeordnetenwatch.de/bundestag/19/abstimmungen/staerkung-des-menschenrechts-auf-religionsfreiheit
1569,2018-10-19,111,Bundestag 2017 - 2021,Überprüfung des Jahresmittelgrenzwerts für Stickoxid,False,https://www.abgeordnetenwatch.de/bundestag/19/abstimmungen/ueberpruefung-des-jahresmittelgrenzwerts-fuer-stickoxid
1584,2018-11-08,111,Bundestag 2017 - 2021,Leistungsverbesserungen und Stabilisierung in der gesetzlichen Rentenversicherung ,True,https://www.abgeordnetenwatch.de/bundestag/19/abstimmungen/leistungsverbesserungen-und-stabilisierung-in-der-gesetzlichen-rentenversicherung
1585,2018-11-08,111,Bundestag 2017 - 2021,Familienentlastungsgesetz - Änderungsantrag der AfD-Fraktion,False,https://www.abgeordnetenwatch.de/bundestag/19/abstimmungen/familienentlastungsgesetz-aenderungsantrag-der-afd-fraktion
1586,2018-11-08,111,Bundestag 2017 - 2021,Zwei-Prozent-Rüstungsziel der NATO (Antrag der Fraktion DIE LINKE),False,https://www.abgeordnetenwatch.de/bundestag/19/abstimmungen/zwei-prozent-ruestungsziel-der-nato-antrag-der-fraktion-die-linke
1587,2018-11-08,111,Bundestag 2017 - 2021,Vermeidung von Umsatzsteuerausfällen - Änderungsantrag der FDP,False,https://www.abgeordnetenwatch.de/bundestag/19/abstimmungen/vermeidung-von-umsatzsteuerausfaellen-aenderungsantrag-der-fdp
1592,2018-11-08,111,Bundestag 2017 - 2021,Familienentlastungsgesetz - Änderungsantrag der FDP-Fraktion,False,https://www.abgeordnetenwatch.de/bundestag/19/abstimmungen/familienentlastungsgesetz-aenderungsantrag-der-fdp-fraktion
1591,2018-11-21,111,Bundestag 2017 - 2021,Bundeshaushalt 2019: Etat des Bundeskanzleramtes,True,https://www.abgeordnetenwatch.de/bundestag/19/abstimmungen/bundeshaushalt-2019-etat-des-bundeskanzleramtes
1593,2018-11-23,111,Bundestag 2017 - 2021,Bundeshaushalt 2019,True,https://www.abgeordnetenwatch.de/bundestag/19/abstimmungen/bundeshaushalt-2019
1604,2018-11-23,111,Bundestag 2017 - 2021,Bundeshaushalt 2019 - Einzelplan 60,False,https://www.abgeordnetenwatch.de/bundestag/19/abstimmungen/bundeshaushalt-2019-einzelplan-60
1596,2018-11-29,111,Bundestag 2017 - 2021,"Änderung des Grundgesetzes - Bildung, Bau und Verkehr",True,https://www.abgeordnetenwatch.de/bundestag/19/abstimmungen/aenderung-des-grundgesetzes-bildung-bau-und-verkehr
1597,2018-11-29,111,Bundestag 2017 - 2021,Verlängerung der Ferkelkastration ohne Betäubung,True,https://www.abgeordnetenwatch.de/bundestag/19/abstimmungen/verlaengerung-der-ferkelkastration-ohne-betaeubung
1598,2018-11-29,111,Bundestag 2017 - 2021,Globaler Pakt für Migration,True,https://www.abgeordnetenwatch.de/bundestag/19/abstimmungen/globaler-pakt-fuer-migration
1599,2018-11-29,111,Bundestag 2017 - 2021,Mietrechtsanpassungsgesetz,False,https://www.abgeordnetenwatch.de/bundestag/19/abstimmungen/mietrechtsanpassungsgesetz
1600,2018-11-29,111,Bundestag 2017 - 2021,Änderungsantrag zum Gesetzentwurf zur steuerlichen Förderung des Mietwohnungsneubaus,False,https://www.abgeordnetenwatch.de/bundestag/19/abstimmungen/aenderungsantrag-zum-gesetzentwurf-zur-steuerlichen-foerderung-des-mietwohnungsneubaus
1601,2018-11-30,111,Bundestag 2017 - 2021,UN-Migrationspakt (Antrag der AfD-Fraktion),False,https://www.abgeordnetenwatch.de/bundestag/19/abstimmungen/un-migrationspakt-antrag-der-afd-fraktion
1603,2018-12-13,111,Bundestag 2017 - 2021,Abschaffung des Solidaritätszuschlags,False,https://www.abgeordnetenwatch.de/bundestag/19/abstimmungen/abschaffung-des-solidaritaetszuschlags
1627,2019-01-18,111,Bundestag 2017 - 2021,Einstufung als sichere Herkunftsstaaten: Maghreb-Staaten und Georgien,True,https://www.abgeordnetenwatch.de/bundestag/19/abstimmungen/einstufung-als-sichere-herkunftsstaaten-maghreb-staaten-und-georgien
1636,2019-02-21,111,Bundestag 2017 - 2021,Digitalpakt - Änderung des Grundgesetzes,True,https://www.abgeordnetenwatch.de/bundestag/19/abstimmungen/digitalpakt-aenderung-des-grundgesetzes
1637,2019-02-21,111,Bundestag 2017 - 2021,Kostenloser Zugang zu Verhütungsmitteln für Menschen mit geringem Einkommen,False,https://www.abgeordnetenwatch.de/bundestag/19/abstimmungen/kostenloser-zugang-zu-verhuetungsmitteln-fuer-menschen-mit-geringem-einkommen
1638,2019-02-21,111,Bundestag 2017 - 2021,Reform des §219a - Informationen zum Schwangerschaftsabbruch ,True,https://www.abgeordnetenwatch.de/bundestag/19/abstimmungen/reform-des-ss219a-informationen-zum-schwangerschaftsabbruch
1639,2019-02-21,111,Bundestag 2017 - 2021,Aufhebung von § 219a StGB,False,https://www.abgeordnetenwatch.de/bundestag/19/abstimmungen/aufhebung-von-ss-219a-stgb
1640,2019-02-21,111,Bundestag 2017 - 2021,Aufhebung des Werbeverbots für Schwangerschaftsabbrüche,False,https://www.abgeordnetenwatch.de/bundestag/19/abstimmungen/aufhebung-des-werbeverbots-fuer-schwangerschaftsabbrueche
1641,2019-02-21,111,Bundestag 2017 - 2021,Wölfe - Unkontrollierte Population stoppen?,False,https://www.abgeordnetenwatch.de/bundestag/19/abstimmungen/woelfe-unkontrollierte-population-stoppen
1661,2019-02-21,111,Bundestag 2017 - 2021,"Verlängerung des Bundeswehreinsatzes im Mittelmeer (""Sea Guardian"")",True,https://www.abgeordnetenwatch.de/bundestag/19/abstimmungen/verlaengerung-des-bundeswehreinsatzes-im-mittelmeer-sea-guardian
1654,2019-03-14,111,Bundestag 2017 - 2021,Fahrverbote für Dieselfahrzeuge einschränken,True,https://www.abgeordnetenwatch.de/bundestag/19/abstimmungen/fahrverbote-fuer-dieselfahrzeuge-einschraenken
1655,2019-03-14,111,Bundestag 2017 - 2021,Fahrverbote für Dieselfahrzeuge einschränken (Antrag der AfD-Fraktion),False,https://www.abgeordnetenwatch.de/bundestag/19/abstimmungen/fahrverbote-fuer-dieselfahrzeuge-einschraenken-antrag-der-afd-fraktion
1656,2019-03-14,111,Bundestag 2017 - 2021,Verstärkte Unterstützung Israels bei Abstimmungen im Rahmen der UN,False,https://www.abgeordnetenwatch.de/bundestag/19/abstimmungen/verstaerkte-unterstuetzung-israels-bei-abstimmungen-im-rahmen-der-un
1657,2019-03-15,111,Bundestag 2017 - 2021,Wahlrecht für benachteiligte Personengruppen durchsetzen (Gesetzentwurf der FDP-Fraktion),False,https://www.abgeordnetenwatch.de/bundestag/19/abstimmungen/wahlrecht-fuer-benachteiligte-personengruppen-durchsetzen-gesetzentwurf-der-fdp-fraktion
1658,2019-03-15,111,Bundestag 2017 - 2021,Wahlrecht für benachteiligte Personengruppen durchsetzen (Gesetzentwurf der Fraktionen B90/Grüne und Die Linke),False,https://www.abgeordnetenwatch.de/bundestag/19/abstimmungen/wahlrecht-fuer-benachteiligte-personengruppen-durchsetzen-gesetzentwurf-der-fraktionen-b90/gruene-und-die-linke
1659,2019-03-15,111,Bundestag 2017 - 2021,Einführung eines inklusiveren Wahlrechts,True,https://www.abgeordnetenwatch.de/bundestag/19/abstimmungen/einfuehrung-eines-inklusiveren-wahlrechts
1667,2019-03-20,111,Bundestag 2017 - 2021,Verstärkte deutsch-französische parlamentarische Zusammenarbeit,True,https://www.abgeordnetenwatch.de/bundestag/19/abstimmungen/verstaerkte-deutsch-franzoesische-parlamentarische-zusammenarbeit
1660,2019-03-21,111,Bundestag 2017 - 2021,Einsatz der Bundeswehr in Afghanistan verlängern,True,https://www.abgeordnetenwatch.de/bundestag/19/abstimmungen/einsatz-der-bundeswehr-in-afghanistan-verlaengern
1662,2019-03-21,111,Bundestag 2017 - 2021,Fortsetzung des Bundeswehreinsatzes in Darfur,True,https://www.abgeordnetenwatch.de/bundestag/19/abstimmungen/fortsetzung-des-bundeswehreinsatzes-in-darfur
1663,2019-03-21,111,Bundestag 2017 - 2021,"Verlängerung des Bundeswehreinsatzes in Südsudan (""Unmiss"")",True,https://www.abgeordnetenwatch.de/bundestag/19/abstimmungen/verlaengerung-des-bundeswehreinsatzes-in-suedsudan-unmiss
1665,2019-03-21,111,Bundestag 2017 - 2021,Änderung des Marktorganisationsgesetzes,True,https://www.abgeordnetenwatch.de/bundestag/19/abstimmungen/aenderung-des-marktorganisationsgesetzes
1669,2019-03-21,111,Bundestag 2017 - 2021,Friedensprozess in Afghanistan unterstützen - Antrag der FDP-Fraktion,False,https://www.abgeordnetenwatch.de/bundestag/19/abstimmungen/friedensprozess-in-afghanistan-unterstuetzen-antrag-der-fdp-fraktion
1671,2019-04-11,111,Bundestag 2017 - 2021,Zugang zum Sozialschutz für Arbeitnehmer und Selbstständige verbessern,True,https://www.abgeordnetenwatch.de/bundestag/19/abstimmungen/zugang-zum-sozialschutz-fuer-arbeitnehmer-und-selbststaendige-verbessern
1677,2019-05-09,111,Bundestag 2017 - 2021,Verlängerung des Bundeswehreinsatzes in Mali (EUTM Mali) 2019/2020,True,https://www.abgeordnetenwatch.de/bundestag/19/abstimmungen/verlaengerung-des-bundeswehreinsatzes-in-mali-eutm-mali-2019/2020
1678,2019-05-09,111,Bundestag 2017 - 2021,Verlängerung des Bundeswehreinsatzes in Somalia (Atalanta) 2019/2020,True,https://www.abgeordnetenwatch.de/bundestag/19/abstimmungen/verlaengerung-des-bundeswehreinsatzes-in-somalia-atalanta-2019/2020
1679,2019-05-09,111,Bundestag 2017 - 2021,Verlängerung des Bundeswehreinsatzes in Mali (MINUSMA) 2019/2020,True,https://www.abgeordnetenwatch.de/bundestag/19/abstimmungen/verlaengerung-des-bundeswehreinsatzes-in-mali-minusma-2019/2020
1680,2019-05-09,111,Bundestag 2017 - 2021,Konzerntransparenz gegen Steuerflucht einführen,False,https://www.abgeordnetenwatch.de/bundestag/19/abstimmungen/konzerntransparenz-gegen-steuerflucht-einfuehren
1681,2019-05-16,111,Bundestag 2017 - 2021,Erhöhung des BAföGs,True,https://www.abgeordnetenwatch.de/bundestag/19/abstimmungen/erhoehung-des-bafoegs
1683,2019-05-17,111,Bundestag 2017 - 2021,BDS-Bewegung entgegentreten - Antisemitismus bekämpfen,False,https://www.abgeordnetenwatch.de/bundestag/19/abstimmungen/bds-bewegung-entgegentreten-antisemitismus-bekaempfen
1684,2019-06-06,111,Bundestag 2017 - 2021,Bekämpfung illegaler Beschäftigung verstärken,True,https://www.abgeordnetenwatch.de/bundestag/19/abstimmungen/bekaempfung-illegaler-beschaeftigung-verstaerken
1687,2019-06-06,111,Bundestag 2017 - 2021,Erreichung der Klimaziele,False,https://www.abgeordnetenwatch.de/bundestag/19/abstimmungen/erreichung-der-klimaziele
1685,2019-06-07,111,Bundestag 2017 - 2021,Asyl- und Aufenthaltsrecht: Durchsetzung der Ausreisepflicht ,True,https://www.abgeordnetenwatch.de/bundestag/19/abstimmungen/asyl-und-aufenthaltsrecht-durchsetzung-der-ausreisepflicht
1686,2019-06-07,111,Bundestag 2017 - 2021,Gezielte Einwanderung in den deutschen Arbeitsmarkt,True,https://www.abgeordnetenwatch.de/bundestag/19/abstimmungen/gezielte-einwanderung-in-den-deutschen-arbeitsmarkt
1688,2019-06-28,111,Bundestag 2017 - 2021,Verlängerung des Bundeswehreinsatzes im Kosovo (2019-2020),True,https://www.abgeordnetenwatch.de/bundestag/19/abstimmungen/verlaengerung-des-bundeswehreinsatzes-im-kosovo-2019-2020
1689,2019-06-28,111,Bundestag 2017 - 2021,Verlängerung des Bundeswehreinsatzes im Libanon (2019-2020),True,https://www.abgeordnetenwatch.de/bundestag/19/abstimmungen/verlaengerung-des-bundeswehreinsatzes-im-libanon-2019-2020
1690,2019-06-28,111,Bundestag 2017 - 2021,Betrieb von Kohlekraftwerken zur Stromerzeugung beenden,False,https://www.abgeordnetenwatch.de/bundestag/19/abstimmungen/betrieb-von-kohlekraftwerken-zur-stromerzeugung-beenden
1692,2019-06-28,111,Bundestag 2017 - 2021,Klimanotstand ausrufen (Antrag der Linksfraktion),False,https://www.abgeordnetenwatch.de/bundestag/19/abstimmungen/klimanotstand-ausrufen-antrag-der-linksfraktion
1713,2019-09-26,111,Bundestag 2017 - 2021,Intensivierung der Maßnahmen zur Aufforstung und zur nachhaltigen Holzgewinnung (Antrag der FDP-Fraktion),False,https://www.abgeordnetenwatch.de/bundestag/19/abstimmungen/intensivierung-der-massnahmen-zur-aufforstung-und-zur-nachhaltigen-holzgewinnung-antrag-der-fdp-fraktion
1715,2019-09-26,111,Bundestag 2017 - 2021,Stärkung der deutsch-französischen Zusammenarbeit,True,https://www.abgeordnetenwatch.de/bundestag/19/abstimmungen/staerkung-der-deutsch-franzoesischen-zusammenarbeit
1716,2019-09-26,111,Bundestag 2017 - 2021,Aufnahme von EU-Beitrittsverhandlungen mit Nordmazedonien,True,https://www.abgeordnetenwatch.de/bundestag/19/abstimmungen/aufnahme-von-eu-beitrittsverhandlungen-mit-nordmazedonien
1717,2019-09-26,111,Bundestag 2017 - 2021,Aufnahme von EU-Beitrittsverhandlungen mit Albanien,True,https://www.abgeordnetenwatch.de/bundestag/19/abstimmungen/aufnahme-von-eu-beitrittsverhandlungen-mit-albanien
1724,2019-10-17,111,Bundestag 2017 - 2021,Tempolimit auf deutschen Autobahnen,False,https://www.abgeordnetenwatch.de/bundestag/19/abstimmungen/tempolimit-auf-deutschen-autobahnen
1725,2019-10-17,111,Bundestag 2017 - 2021,Aufnahme von Flüchtlingen von den Ägäischen Inseln,False,https://www.abgeordnetenwatch.de/bundestag/19/abstimmungen/aufnahme-von-fluechtlingen-von-den-aegaeischen-inseln
1726,2019-10-18,111,Bundestag 2017 - 2021,Mehr Länderkompetenz bezüglich der Grundsteuer,True,https://www.abgeordnetenwatch.de/bundestag/19/abstimmungen/mehr-laenderkompetenz-bezueglich-der-grundsteuer
1727,2019-10-24,111,Bundestag 2017 - 2021,Verlängerung des Anti-IS-Einsatzes der Bundeswehr im Irak und Syrien,True,https://www.abgeordnetenwatch.de/bundestag/19/abstimmungen/verlaengerung-des-anti-is-einsatzes-der-bundeswehr-im-irak-und-syrien
1728,2019-10-24,111,Bundestag 2017 - 2021,Europäisch einheitliche Rahmenbedingungen für die Landwirtschaft,False,https://www.abgeordnetenwatch.de/bundestag/19/abstimmungen/europaeisch-einheitliche-rahmenbedingungen-fuer-die-landwirtschaft
1734,2019-11-07,111,Bundestag 2017 - 2021,Änderungsantrag der FDP zur Erhöhung der GWG-Grenze,False,https://www.abgeordnetenwatch.de/bundestag/19/abstimmungen/aenderungsantrag-der-fdp-zur-erhoehung-der-gwg-grenze
1735,2019-11-13,111,Bundestag 2017 - 2021,Höhere Förderung biologischer und umweltgerechter Landwirtschaft,True,https://www.abgeordnetenwatch.de/bundestag/19/abstimmungen/hoehere-foerderung-biologischer-und-umweltgerechter-landwirtschaft
1736,2019-11-14,111,Bundestag 2017 - 2021,Erhöhung der Freigrenze beim Solidaritätszuschlag,True,https://www.abgeordnetenwatch.de/bundestag/19/abstimmungen/erhoehung-der-freigrenze-beim-solidaritaetszuschlag
1737,2019-11-14,111,Bundestag 2017 - 2021,Gewerbesteuer abschaffen und Körperschaftssteuer senken,False,https://www.abgeordnetenwatch.de/bundestag/19/abstimmungen/gewerbesteuer-abschaffen-und-koerperschaftssteuer-senken
1738,2019-11-14,111,Bundestag 2017 - 2021,Masernimpfpflicht in Gemeinschaftseinrichtungen,True,https://www.abgeordnetenwatch.de/bundestag/19/abstimmungen/masernimpfpflicht-in-gemeinschaftseinrichtungen
1739,2019-11-15,111,Bundestag 2017 - 2021,Erhöhung der Luftverkehrssteuer,True,https://www.abgeordnetenwatch.de/bundestag/19/abstimmungen/erhoehung-der-luftverkehrssteuer
1743,2019-11-27,111,Bundestag 2017 - 2021,Haushalt für die Bundeskanzlerin und das Bundeskanzleramt,True,https://www.abgeordnetenwatch.de/bundestag/19/abstimmungen/haushalt-fuer-die-bundeskanzlerin-und-das-bundeskanzleramt
1745,2019-11-29,111,Bundestag 2017 - 2021,Bundeshaushalt 2020,True,https://www.abgeordnetenwatch.de/bundestag/19/abstimmungen/bundeshaushalt-2020
1752,2019-12-19,111,Bundestag 2017 - 2021,Umsetzung des Klimaschutzprogramms 2030,True,https://www.abgeordnetenwatch.de/bundestag/19/abstimmungen/umsetzung-des-klimaschutzprogramms-2030
1753,2019-12-19,111,Bundestag 2017 - 2021,Einsetzung einer Kommission zur Reform der förderalen Sicherheitsarchitektur,False,https://www.abgeordnetenwatch.de/bundestag/19/abstimmungen/einsetzung-einer-kommission-zur-reform-der-foerderalen-sicherheitsarchitektur
1754,2019-12-19,111,Bundestag 2017 - 2021,Abschuss von Wölfen erleichtern,True,https://www.abgeordnetenwatch.de/bundestag/19/abstimmungen/abschuss-von-woelfen-erleichtern
1758,2020-01-16,111,Bundestag 2017 - 2021,Organspenden-Reform: Widerspruchslösung,False,https://www.abgeordnetenwatch.de/bundestag/19/abstimmungen/organspenden-reform-widerspruchsloesung
1761,2020-01-16,111,Bundestag 2017 - 2021,Organspenden-Reform: Zustimmungslösung,True,https://www.abgeordnetenwatch.de/bundestag/19/abstimmungen/organspenden-reform-zustimmungsloesung
1762,2020-01-17,111,Bundestag 2017 - 2021,EU-Freisetzungsrichtlinie von genetisch veränderten Organismen stärken,False,https://www.abgeordnetenwatch.de/bundestag/19/abstimmungen/eu-freisetzungsrichtlinie-von-genetisch-veraenderten-organismen-staerken
1769,2020-01-30,111,Bundestag 2017 - 2021,Einführung einer Stiftung für Engagment und Ehrenamt,True,https://www.abgeordnetenwatch.de/bundestag/19/abstimmungen/einfuehrung-einer-stiftung-fuer-engagment-und-ehrenamt
3558,2020-03-04,111,Bundestag 2017 - 2021,Aufnahme besonders schutzbedürftiger Geflüchteter aus den griechischen Lagern,False,https://www.abgeordnetenwatch.de/bundestag/19/abstimmungen/aufnahme-besonders-schutzbeduerftiger-gefluechteter-aus-den-griechischen-lagern
3568,2020-03-13,111,Bundestag 2017 - 2021,"Fortsetzung des Bundeswehreinsatzes im Rahmen der NATO-Operation ""SEA GUARDIAN"" im Mittelmeer",True,https://www.abgeordnetenwatch.de/bundestag/19/abstimmungen/fortsetzung-des-bundeswehreinsatzes-im-rahmen-der-nato-operation-sea-guardian-im-mittelmeer
3571,2020-03-13,111,Bundestag 2017 - 2021,Fortsetzung des Bundeswehreinsatzes in Afghanistan,True,https://www.abgeordnetenwatch.de/bundestag/19/abstimmungen/fortsetzung-des-bundeswehreinsatzes-in-afghanistan-0
3572,2020-03-25,111,Bundestag 2017 - 2021,Corona-Maßnahmen: Aussetzung der Schuldenbremse - erster Nachtragshaushalt,True,https://www.abgeordnetenwatch.de/bundestag/19/abstimmungen/corona-massnahmen-aussetzung-der-schuldenbremse-erster-nachtragshaushalt
3599,2020-05-07,111,Bundestag 2017 - 2021,"Beteiligung der Bundeswehr an der EU-Mission ""IRINI"" im Mittelmeer",True,https://www.abgeordnetenwatch.de/bundestag/19/abstimmungen/beteiligung-der-bundeswehr-an-der-eu-mission-irini-im-mittelmeer
3602,2020-05-14,111,Bundestag 2017 - 2021,Corona-Maßnahmen zum Schutz der Bevölkerung,True,https://www.abgeordnetenwatch.de/bundestag/19/abstimmungen/corona-massnahmen-zum-schutz-der-bevoelkerung
3629,2020-05-14,111,Bundestag 2017 - 2021,Regelsatz der Grundsicherung erhöhen,False,https://www.abgeordnetenwatch.de/bundestag/19/abstimmungen/regelsatz-der-grundsicherung-erhoehen
3631,2020-05-14,111,Bundestag 2017 - 2021,Beteiligung am Europäischen Corona-Stabilitätsmechanismus,True,https://www.abgeordnetenwatch.de/bundestag/19/abstimmungen/beteiligung-am-europaeischen-corona-stabilitaetsmechanismus
3667,2020-05-27,111,Bundestag 2017 - 2021,Verlängerung des Bundeswehreinsatzes in Somalia (Atalanta 2020/2021),True,https://www.abgeordnetenwatch.de/bundestag/19/abstimmungen/verlaengerung-des-bundeswehreinsatzes-in-somalia-atalanta-2020/2021
3668,2020-05-29,111,Bundestag 2017 - 2021,Verlängerung des Bundeswehreinsatzes in Mali (MINUSMA 2020/2021),True,https://www.abgeordnetenwatch.de/bundestag/19/abstimmungen/verlaengerung-des-bundeswehreinsatzes-in-mali-minusma-2020/2021
3669,2020-05-29,111,Bundestag 2017 - 2021,Verlängerung des Bundeswehreinsatzes in Mali (EUTM Mali 2020/2021),True,https://www.abgeordnetenwatch.de/bundestag/19/abstimmungen/verlaengerung-des-bundeswehreinsatzes-in-mali-eutm-mali-2020/2021
3710,2020-06-17,111,Bundestag 2017 - 2021,Verlängerung des Bundeswehreinsatzes vor der libanesischen Küste (UNIFIL 2020/2021),True,https://www.abgeordnetenwatch.de/bundestag/19/abstimmungen/verlaengerung-des-bundeswehreinsatzes-vor-der-libanesischen-kueste-unifil-2020/2021
3714,2020-06-18,111,Bundestag 2017 - 2021,Umsetzung der EU-Richtlinie: mehr Rechte für Arbeitnehmer:innen aus dem EU-Ausland,True,https://www.abgeordnetenwatch.de/bundestag/19/abstimmungen/umsetzung-der-eu-richtlinie-mehr-rechte-fuer-arbeitnehmerinnen-aus-dem-eu-ausland
3749,2020-07-02,111,Bundestag 2017 - 2021,Nachtragshaushalt 2020: Corona Konjunktur- und Krisenbewältigungspaket,True,https://www.abgeordnetenwatch.de/bundestag/19/abstimmungen/nachtragshaushalt-2020-corona-konjunktur-und-krisenbewaeltigungspaket
3760,2020-07-03,111,Bundestag 2017 - 2021,Änderungsantrag zum Kohleausstieggesetz: keine neue Inbetriebnahme ohne Rechtssicherheit,False,https://www.abgeordnetenwatch.de/bundestag/19/abstimmungen/aenderungsantrag-zum-kohleausstieggesetz-keine-neue-inbetriebnahme-ohne-rechtssicherheit
3769,2020-07-03,111,Bundestag 2017 - 2021,Wahlrechtsreform: Verkleinerung des Bundestages,False,https://www.abgeordnetenwatch.de/bundestag/19/abstimmungen/wahlrechtsreform-verkleinerung-des-bundestages
3914,2020-09-17,111,Bundestag 2017 - 2021,Grundgesetzänderung zur stärkeren Entlastung der Kommunen in der COVID-19-Pandemie,True,https://www.abgeordnetenwatch.de/bundestag/19/abstimmungen/grundgesetzaenderung-zur-staerkeren-entlastung-der-kommunen-in-der-covid-19-pandemie
3936,2020-09-18,111,Bundestag 2017 - 2021,Geflüchtete aus Moria in Deutschland aufnehmen,False,https://www.abgeordnetenwatch.de/bundestag/19/abstimmungen/gefluechtete-aus-moria-in-deutschland-aufnehmen
3942,2020-10-08,111,Bundestag 2017 - 2021,Änderung des Bundeswahlgesetzes,True,https://www.abgeordnetenwatch.de/bundestag/19/abstimmungen/aenderung-des-bundeswahlgesetzes
3947,2020-10-09,111,Bundestag 2017 - 2021,Änderung der Abgabenordnung,False,https://www.abgeordnetenwatch.de/bundestag/19/abstimmungen/aenderung-der-abgabenordnung
3948,2020-10-29,111,Bundestag 2017 - 2021,Weiterführung des Bundeswehreinsatzes im Irak,True,https://www.abgeordnetenwatch.de/bundestag/19/abstimmungen/weiterfuehrung-des-bundeswehreinsatzes-im-irak
3950,2020-11-18,111,Bundestag 2017 - 2021,Änderung des Infektionsschutzgesetzes,True,https://www.abgeordnetenwatch.de/bundestag/19/abstimmungen/aenderung-des-infektionsschutzgesetzes
3959,2020-11-25,111,Bundestag 2017 - 2021,Übereinkommen über ein europäisches Patentgericht,True,https://www.abgeordnetenwatch.de/bundestag/19/abstimmungen/uebereinkommen-ueber-ein-europaeisches-patentgericht
3957,2020-11-26,111,Bundestag 2017 - 2021,Europäische Bank für nachhaltige Entwicklung und internationalen Klimaschutz,False,https://www.abgeordnetenwatch.de/bundestag/19/abstimmungen/europaeische-bank-fuer-nachhaltige-entwicklung-und-internationalen-klimaschutz
3965,2020-12-11,111,Bundestag 2017 - 2021,Bundeshaushalt 2021,True,https://www.abgeordnetenwatch.de/bundestag/19/abstimmungen/bundeshaushalt-2021
3973,2020-12-16,111,Bundestag 2017 - 2021,Arbeitsschutzkontrollgesetz,True,https://www.abgeordnetenwatch.de/bundestag/19/abstimmungen/arbeitsschutzkontrollgesetz
3972,2020-12-17,111,Bundestag 2017 - 2021,Erneuerbare-Energien-Gesetz (EEG),True,https://www.abgeordnetenwatch.de/bundestag/19/abstimmungen/erneuerbare-energien-gesetz-eeg
4018,2021-02-25,111,Bundestag 2017 - 2021,Internetportal Indymedia verbieten,False,https://www.abgeordnetenwatch.de/bundestag/19/abstimmungen/internetportal-indymedia-verbieten
4027,2021-03-03,111,Bundestag 2017 - 2021,"Fortsetzung des Bundeswehreinsatzes im Rahmen der NATO-Operation ""SEA GUARDIAN"" im Mittelmeer",True,https://www.abgeordnetenwatch.de/bundestag/19/abstimmungen/fortsetzung-des-bundeswehreinsatzes-im-rahmen-der-nato-operation-sea-guardian-im-mittelmeer-0
4034,2021-03-03,111,Bundestag 2017 - 2021,Verlängerung des Bundeswehreinsatzes in Südsudan (Friedensmission UNMISS) ,True,https://www.abgeordnetenwatch.de/bundestag/19/abstimmungen/verlaengerung-des-bundeswehreinsatzes-in-suedsudan-friedensmission-unmiss
4082,2021-03-25,111,Bundestag 2017 - 2021,Bundesgesetz zum Eigenmittelsystem der Europäischen Union ,True,https://www.abgeordnetenwatch.de/bundestag/19/abstimmungen/bundesgesetz-zum-eigenmittelsystem-der-europaeischen-union
4083,2021-03-25,111,Bundestag 2017 - 2021,Änderung des BND-Gesetzes,False,https://www.abgeordnetenwatch.de/bundestag/19/abstimmungen/aenderung-des-bnd-gesetzes
4085,2021-03-25,111,Bundestag 2017 - 2021,Fortsetzung des Bundeswehreinsatzes in Afghanistan,True,https://www.abgeordnetenwatch.de/bundestag/19/abstimmungen/fortsetzung-des-bundeswehreinsatzes-in-afghanistan
4088,2021-03-26,111,Bundestag 2017 - 2021,Transparenzregelungen für Abgeordnete,False,https://www.abgeordnetenwatch.de/bundestag/19/abstimmungen/transparenzregelungen-fuer-abgeordnete
4093,2021-04-14,111,Bundestag 2017 - 2021,Energieversorgung in Deutschland,True,https://www.abgeordnetenwatch.de/bundestag/19/abstimmungen/energieversorgung-in-deutschland
4096,2021-04-21,111,Bundestag 2017 - 2021,Verlängerung des Bundeswehreinsatzes in Somalia (Atalanta 2021/2022),True,https://www.abgeordnetenwatch.de/bundestag/19/abstimmungen/verlaengerung-des-bundeswehreinsatzes-in-somalia-atalanta-2021/2022
4097,2021-04-21,111,Bundestag 2017 - 2021,"Verlängerung der Beteiligung der Bundeswehr an der EU-Mission ""IRINI"" im Mittelmeer",True,https://www.abgeordnetenwatch.de/bundestag/19/abstimmungen/verlaengerung-der-beteiligung-der-bundeswehr-an-der-eu-mission-irini-im-mittelmeer
4098,2021-04-21,111,Bundestag 2017 - 2021,Änderung des Infektionsschutzgesetzes,True,https://www.abgeordnetenwatch.de/bundestag/19/abstimmungen/aenderung-des-infektionsschutzgesetzes-0
4099,2021-04-23,111,Bundestag 2017 - 2021,Nachtragshaushalt 2021,True,https://www.abgeordnetenwatch.de/bundestag/19/abstimmungen/nachtragshaushalt-2021
4119,2021-05-06,111,Bundestag 2017 - 2021,Ab­lösung der Staats­leistun­gen an die Kirchen,False,https://www.abgeordnetenwatch.de/bundestag/19/abstimmungen/ab-loesung-der-staats-leistun-gen-an-die-kirchen
4122,2021-05-06,111,Bundestag 2017 - 2021,Bevölkerungsschutzgesetz – Normenkontrolle,False,https://www.abgeordnetenwatch.de/bundestag/19/abstimmungen/bevoelkerungsschutzgesetz-normenkontrolle
4123,2021-05-06,111,Bundestag 2017 - 2021,Patente für Impfstoffe freigeben,False,https://www.abgeordnetenwatch.de/bundestag/19/abstimmungen/patente-fuer-impfstoffe-freigeben
4124,2021-05-06,111,Bundestag 2017 - 2021,COVID-19-Schutzmaßnahmen-Ausnahmenverordnung ,True,https://www.abgeordnetenwatch.de/bundestag/19/abstimmungen/covid-19-schutzmassnahmen-ausnahmenverordnung
4126,2021-05-07,111,Bundestag 2017 - 2021,Mobilisierung von Bauland,False,https://www.abgeordnetenwatch.de/bundestag/19/abstimmungen/mobilisierung-von-bauland
4140,2021-05-19,111,Bundestag 2017 - 2021,Verlängerung des Bundeswehreinsatzes in Mali (MINUSMA 2021/2022),True,https://www.abgeordnetenwatch.de/bundestag/19/abstimmungen/verlaengerung-des-bundeswehreinsatzes-in-mali-minusma-2021/2022
4142,2021-05-19,111,Bundestag 2017 - 2021,Verlängerung des Bundeswehreinsatzes in Mali (EUTM Mali 2021/2022),True,https://www.abgeordnetenwatch.de/bundestag/19/abstimmungen/verlaengerung-des-bundeswehreinsatzes-in-mali-eutm-mali-2021/2022
4146,2021-05-19,111,Bundestag 2017 - 2021,Aufhebung des Transsexuellengesetzes und Einführung des Selbstbestimmungsgesetzes,False,https://www.abgeordnetenwatch.de/bundestag/19/abstimmungen/aufhebung-des-transsexuellengesetzes-und-einfuehrung-des-selbstbestimmungsgesetzes
4193,2021-06-10,111,Bundestag 2017 - 2021,Auf­hebung des Vermögen­steuergesetzes,False,https://www.abgeordnetenwatch.de/bundestag/19/abstimmungen/auf-hebung-des-vermoegen-steuergesetzes
4197,2021-06-10,111,Bundestag 2017 - 2021,Mehr Rechte für den Verfassungsschutz,True,https://www.abgeordnetenwatch.de/bundestag/19/abstimmungen/mehr-rechte-fuer-den-verfassungsschutz
4198,2021-06-10,111,Bundestag 2017 - 2021,Änderung des Atomgesetzes,True,https://www.abgeordnetenwatch.de/bundestag/19/abstimmungen/aenderung-des-atomgesetzes
4199,2021-06-11,111,Bundestag 2017 - 2021,Unternehmerische Sorgfaltspflichten in Lieferketten,True,https://www.abgeordnetenwatch.de/bundestag/19/abstimmungen/unternehmerische-sorgfaltspflichten-in-lieferketten
4201,2021-06-11,111,Bundestag 2017 - 2021,Epidemische Lage von nationaler Tragweite bleibt weiter bestehen,True,https://www.abgeordnetenwatch.de/bundestag/19/abstimmungen/epidemische-lage-von-nationaler-tragweite-bleibt-weiter-bestehen
4209,2021-06-24,111,Bundestag 2017 - 2021,Änderung des Klimaschutzgesetzes,True,https://www.abgeordnetenwatch.de/bundestag/19/abstimmungen/aenderung-des-klimaschutzgesetzes
4212,2021-06-24,111,Bundestag 2017 - 2021,Verlängerung des Bundeswehreinsatzes im Kosovo (KFOR 2021/2022),True,https://www.abgeordnetenwatch.de/bundestag/19/abstimmungen/verlaengerung-des-bundeswehreinsatzes-im-kosovo-kfor-2021/2022
4213,2021-06-24,111,Bundestag 2017 - 2021,Änderungen des Bundes­naturschutzgesetzes,True,https://www.abgeordnetenwatch.de/bundestag/19/abstimmungen/aenderungen-des-bundes-naturschutzgesetzes
4214,2021-06-24,111,Bundestag 2017 - 2021,Verlängerung des Bundeswehreinsatzes vor der libanesischen Küste (UNIFIL 2021/2022),True,https://www.abgeordnetenwatch.de/bundestag/19/abstimmungen/verlaengerung-des-bundeswehreinsatzes-vor-der-libanesischen-kueste-unifil-2021/2022
4215,2021-06-24,111,Bundestag 2017 - 2021,Keine Verwendung von geschlechtergerechter Sprache,False,https://www.abgeordnetenwatch.de/bundestag/19/abstimmungen/keine-verwendung-von-geschlechtergerechter-sprache
4217,2021-06-24,111,Bundestag 2017 - 2021,Änderung im Infektions­schutz­gesetz,True,https://www.abgeordnetenwatch.de/bundestag/19/abstimmungen/aenderung-im-infektions-schutz-gesetz
4283,2021-08-25,111,Bundestag 2017 - 2021,Einsatz deutscher Streitkräfte zur militärischen Evakuierung aus Afghanistan,True,https://www.abgeordnetenwatch.de/bundestag/19/abstimmungen/einsatz-deutscher-streitkraefte-zur-militaerischen-evakuierung-aus-afghanistan
4284,2021-08-25,111,Bundestag 2017 - 2021,Fortbestand der epidemischen Lage von nationaler Tragweite,True,https://www.abgeordnetenwatch.de/bundestag/19/abstimmungen/fortbestand-der-epidemischen-lage-von-nationaler-tragweite
4293,2021-09-07,111,Bundestag 2017 - 2021,Änderung des Infektionsschutzgesetzes und Grundrechtseinschränkungen,True,https://www.abgeordnetenwatch.de/bundestag/19/abstimmungen/aenderung-des-infektionsschutzgesetzes-und-grundrechtseinschraenkungen
4370,2021-11-18,132,Bundestag 2021 - 2025,Änderung des Infektionsschutzgesetzes (Ende der epidemischen Lage),True,https://www.abgeordnetenwatch.de/bundestag/20/abstimmungen/aenderung-des-infektionsschutzgesetzes-ende-der-epidemischen-lage
4372,2021-11-18,132,Bundestag 2021 - 2025,CDU/CSU-Antrag: Verlängerung der epidemischen Lage nationaler Tragweite,False,https://www.abgeordnetenwatch.de/bundestag/20/abstimmungen/cdu/csu-antrag-verlaengerung-der-epidemischen-lage-nationaler-tragweite
4386,2021-12-10,132,Bundestag 2021 - 2025,Impfpflicht für bestimmte Berufsgruppen und weitere Änderungen im Infektionsschutzgesetz,True,https://www.abgeordnetenwatch.de/bundestag/20/abstimmungen/impfpflicht-fuer-bestimmte-berufsgruppen-und-weitere-aenderungen-im-infektionsschutzgesetz
4388,2021-12-10,132,Bundestag 2021 - 2025,DIE LINKE-Antrag: Prämie für Beschäftigte im Gesundheits- und Pflegesystem,False,https://www.abgeordnetenwatch.de/bundestag/20/abstimmungen/die-linke-antrag-praemie-fuer-beschaeftigte-im-gesundheits-und-pflegesystem
4446,2022-01-27,132,Bundestag 2021 - 2025,Zweiter Nachtrag zum Bundeshaushalt 2021,True,https://www.abgeordnetenwatch.de/bundestag/20/abstimmungen/zweiter-nachtrag-zum-bundeshaushalt-2021
4449,2022-01-27,132,Bundestag 2021 - 2025,Ausnahme von der „Schuldenbremse“,True,https://www.abgeordnetenwatch.de/bundestag/20/abstimmungen/ausnahme-von-der-schuldenbremse
4447,2022-01-28,132,Bundestag 2021 - 2025,Fortsetzung des Einsatzes der Bundeswehr im Irak,True,https://www.abgeordnetenwatch.de/bundestag/20/abstimmungen/fortsetzung-des-einsatzes-der-bundeswehr-im-irak
4514,2022-03-17,132,Bundestag 2021 - 2025,CDU/CSU-Antrag: Sicherung einer bezahlbaren und souveränen Energieversorgung,False,https://www.abgeordnetenwatch.de/bundestag/20/abstimmungen/cdu/csu-antrag-sicherung-einer-bezahlbaren-und-souveraenen-energieversorgung
4515,2022-03-18,132,Bundestag 2021 - 2025,Änderung des Infektionsschutzgesetzes (Ende weitreichender Corona-Maßnahmen),True,https://www.abgeordnetenwatch.de/bundestag/20/abstimmungen/aenderung-des-infektionsschutzgesetzes-ende-weitreichender-corona-massnahmen
4516,2022-03-18,132,Bundestag 2021 - 2025,Verlängerung des Bundeswehreinsatzes im Südsudan (UNMISS 2022/23),True,https://www.abgeordnetenwatch.de/bundestag/20/abstimmungen/verlaengerung-des-bundeswehreinsatzes-im-suedsudan-unmiss-2022/23
4517,2022-03-18,132,Bundestag 2021 - 2025,Verlängerung der Bundeswehrbeteiligung an NATO-Operation SEA GUARDIAN im Mittelmeer (2022/23),True,https://www.abgeordnetenwatch.de/bundestag/20/abstimmungen/verlaengerung-der-bundeswehrbeteiligung-an-nato-operation-sea-guardian-im-mittelmeer-2022/23
4539,2022-04-07,132,Bundestag 2021 - 2025,Impfpflicht ab 60,False,https://www.abgeordnetenwatch.de/bundestag/20/abstimmungen/impfpflicht-ab-60
4540,2022-04-07,132,Bundestag 2021 - 2025,CDU/CSU-Antrag: Impfvorsorgegesetz,False,https://www.abgeordnetenwatch.de/bundestag/20/abstimmungen/cdu/csu-antrag-impfvorsorgegesetz
4541,2022-04-07,132,Bundestag 2021 - 2025,Impfbereitschaft ohne allgemeine Impfpflicht erhöhen,False,https://www.abgeordnetenwatch.de/bundestag/20/abstimmungen/impfbereitschaft-ohne-allgemeine-impfpflicht-erhoehen
4542,2022-04-07,132,Bundestag 2021 - 2025,AfD-Antrag: Keine Impfpflicht gegen COVID-19,False,https://www.abgeordnetenwatch.de/bundestag/20/abstimmungen/afd-antrag-keine-impfpflicht-gegen-covid-19
4570,2022-04-28,132,Bundestag 2021 - 2025,Umfassende Unterstützung für die Ukraine ,True,https://www.abgeordnetenwatch.de/bundestag/20/abstimmungen/umfassende-unterstuetzung-fuer-die-ukraine
4568,2022-04-29,132,Bundestag 2021 - 2025,Verlängerung des Bundeswehreinsatzes im Mittelmeer (Operation EUNAVFOR MED IRINI),True,https://www.abgeordnetenwatch.de/bundestag/20/abstimmungen/verlaengerung-des-bundeswehreinsatzes-im-mittelmeer-operation-eunavfor-med-irini
4595,2022-05-19,132,Bundestag 2021 - 2025,CDU/CSU-Antrag: Sicherung der Nahrungsmittelversorgung der Ukraine,False,https://www.abgeordnetenwatch.de/bundestag/20/abstimmungen/cdu/csu-antrag-sicherung-der-nahrungsmittelversorgung-der-ukraine
4596,2022-05-19,132,Bundestag 2021 - 2025,AfD-Antrag: Einrichtungsbezogene Impfpflicht abschaffen,False,https://www.abgeordnetenwatch.de/bundestag/20/abstimmungen/afd-antrag-einrichtungsbezogene-impfpflicht-abschaffen
4592,2022-05-20,132,Bundestag 2021 - 2025,Verlängerung des Bundeswehreinsatzes in Mali (MINUSMA 2022/2023),True,https://www.abgeordnetenwatch.de/bundestag/20/abstimmungen/verlaengerung-des-bundeswehreinsatzes-in-mali-minusma-2022/2023
4593,2022-05-20,132,Bundestag 2021 - 2025,Fortsetzung des Bundeswehreinsatzes im Sahel mit Schwerpunkt Niger (EUTM Mali 2022/2023),True,https://www.abgeordnetenwatch.de/bundestag/20/abstimmungen/fortsetzung-des-bundeswehreinsatzes-im-sahel-mit-schwerpunkt-niger-eutm-mali-2022/2023
4594,2022-05-20,132,Bundestag 2021 - 2025,CDU/CSU-Antrag: Förderung der energie­effizienten Gebäude­sanierung ,False,https://www.abgeordnetenwatch.de/bundestag/20/abstimmungen/cdu/csu-antrag-foerderung-der-energie-effizienten-gebaeude-sanierung
4612,2022-06-01,132,Bundestag 2021 - 2025,Etat des Bundeskanzlers und des Bundeskanzleramtes 2022,True,https://www.abgeordnetenwatch.de/bundestag/20/abstimmungen/etat-des-bundeskanzlers-und-des-bundeskanzleramtes-2022
4613,2022-06-03,132,Bundestag 2021 - 2025, Bundeshaushaltsplan für das Haushaltsjahr 2022 (Haushaltsgesetz),True,https://www.abgeordnetenwatch.de/bundestag/20/abstimmungen/bundeshaushaltsplan-fuer-das-haushaltsjahr-2022-haushaltsgesetz
4614,2022-06-03,132,Bundestag 2021 - 2025,Schuldentilgung der Haushaltsjahre 2020-2022,True,https://www.abgeordnetenwatch.de/bundestag/20/abstimmungen/schuldentilgung-der-haushaltsjahre-2020-2022
4637,2022-06-03,132,Bundestag 2021 - 2025,Anhebung des Mindestlohns für Minijobs ,True,https://www.abgeordnetenwatch.de/bundestag/20/abstimmungen/anhebung-des-mindestlohns-fuer-minijobs
4643,2022-06-03,132,Bundestag 2021 - 2025,"AfD-Antrag zum ""Sondervermögen Bundeswehr""",False,https://www.abgeordnetenwatch.de/bundestag/20/abstimmungen/afd-antrag-zum-sondervermoegen-bundeswehr
4645,2022-06-03,132,Bundestag 2021 - 2025,Grundgesetzänderung (Artikel 87a),True,https://www.abgeordnetenwatch.de/bundestag/20/abstimmungen/grundgesetzaenderung-artikel-87a
4646,2022-06-03,132,Bundestag 2021 - 2025,Sondervermögen Bundeswehr,True,https://www.abgeordnetenwatch.de/bundestag/20/abstimmungen/sondervermoegen-bundeswehr
4649,2022-06-23,132,Bundestag 2021 - 2025,Beteiligung deutscher Streitkräfte an UNIFIL,True,https://www.abgeordnetenwatch.de/bundestag/20/abstimmungen/beteiligung-deutscher-streitkraefte-an-unifil
4661,2022-07-07,132,Bundestag 2021 - 2025,Bundeswehrbeschaffungsbeschleunigungsgesetz (Entschließungsantrag CDU/CSU-Fraktion),False,https://www.abgeordnetenwatch.de/bundestag/20/abstimmungen/bundeswehrbeschaffungsbeschleunigungsgesetz-entschliessungsantrag-cdu/csu-fraktion
4663,2022-07-07,132,Bundestag 2021 - 2025,Schnellerer Ausbau erneuerbarer Energien,True,https://www.abgeordnetenwatch.de/bundestag/20/abstimmungen/schnellerer-ausbau-erneuerbarer-energien
4666,2022-07-07,132,Bundestag 2021 - 2025,Änderung des Bundesnaturschutzgesetzes,True,https://www.abgeordnetenwatch.de/bundestag/20/abstimmungen/aenderung-des-bundesnaturschutzgesetzes
4667,2022-07-07,132,Bundestag 2021 - 2025,Bereithaltung von Ersatzkraftwerken (Änderungsantrag CDU/CSU-Fraktion),False,https://www.abgeordnetenwatch.de/bundestag/20/abstimmungen/bereithaltung-von-ersatzkraftwerken-aenderungsantrag-cdu/csu-fraktion
4668,2022-07-07,132,Bundestag 2021 - 2025,Ausbau von Windenergieanlagen an Land erhöhen und beschleunigen,True,https://www.abgeordnetenwatch.de/bundestag/20/abstimmungen/ausbau-von-windenergieanlagen-an-land-erhoehen-und-beschleunigen
4673,2022-07-07,132,Bundestag 2021 - 2025,Änderung des Windenergie-auf-See-Gesetzes,True,https://www.abgeordnetenwatch.de/bundestag/20/abstimmungen/aenderung-des-windenergie-auf-see-gesetzes
4674,2022-07-07,132,Bundestag 2021 - 2025,Beschleunigter Ausbau erneuerbarer Energien (Beschlussempfehlung),True,https://www.abgeordnetenwatch.de/bundestag/20/abstimmungen/beschleunigter-ausbau-erneuerbarer-energien-beschlussempfehlung
4655,2022-07-08,132,Bundestag 2021 - 2025,Verlängerung des Bundeswehreinsatzes im Kosovo (KFOR 2022/2023),True,https://www.abgeordnetenwatch.de/bundestag/20/abstimmungen/verlaengerung-des-bundeswehreinsatzes-im-kosovo-kfor-2022/2023
4657,2022-07-08,132,Bundestag 2021 - 2025,Beteiligung der Bundeswehr an der EU-geführten Sicherheitsoperation in Bosnien und Herzegowina (EUFOR ALTHEA),True,https://www.abgeordnetenwatch.de/bundestag/20/abstimmungen/beteiligung-der-bundeswehr-an-der-eu-gefuehrten-sicherheitsoperation-in-bosnien-und-herzegowina-eufor-althea
4719,2022-09-08,132,Bundestag 2021 - 2025,Stärkung des Schutzes der Bevölkerung vor COVID-19,True,https://www.abgeordnetenwatch.de/bundestag/20/abstimmungen/staerkung-des-schutzes-der-bevoelkerung-vor-covid-19
4767,2022-09-22,132,Bundestag 2021 - 2025,Weiterbetrieb von Kernkraftwerken (Änderungsantrag),False,https://www.abgeordnetenwatch.de/bundestag/20/abstimmungen/weiterbetrieb-von-kernkraftwerken-aenderungsantrag
4768,2022-09-22,132,Bundestag 2021 - 2025,Entschließungsantrag gegen Abschöpfung von Krisengewinnen,True,https://www.abgeordnetenwatch.de/bundestag/20/abstimmungen/entschliessungsantrag-gegen-abschoepfung-von-krisengewinnen
4770,2022-09-22,132,Bundestag 2021 - 2025,Aufhebung der Gaspreisanpassungsverordnung (Entschließungsantrag),False,https://www.abgeordnetenwatch.de/bundestag/20/abstimmungen/aufhebung-der-gaspreisanpassungsverordnung-entschliessungsantrag
4773,2022-09-28,132,Bundestag 2021 - 2025,Beschlussempfehlung gegen Entschließungsantrag zu Waffenlieferungen an die Ukraine,True,https://www.abgeordnetenwatch.de/bundestag/20/abstimmungen/beschlussempfehlung-gegen-entschliessungsantrag-zu-waffenlieferungen-an-die-ukraine
4776,2022-09-30,132,Bundestag 2021 - 2025,Wiedereinsetzung des Stabilitäts- und Wachstumspaktes auf EU-Ebene,False,https://www.abgeordnetenwatch.de/bundestag/20/abstimmungen/wiedereinsetzung-des-stabilitaets-und-wachstumspaktes-auf-eu-ebene
4798,2022-10-13,132,Bundestag 2021 - 2025,Verbot von Strom- und Gassperren,True,https://www.abgeordnetenwatch.de/bundestag/20/abstimmungen/verbot-von-strom-und-gassperren
4805,2022-10-20,132,Bundestag 2021 - 2025,Entschließungsantrag DIE LINKE: Finanz­reform der gesetzlichen Krankenversicherung,False,https://www.abgeordnetenwatch.de/bundestag/20/abstimmungen/entschliessungsantrag-die-linke-finanz-reform-der-gesetzlichen-krankenversicherung
4808,2022-10-20,132,Bundestag 2021 - 2025,Änderung des Bundeszentralregistergesetzes,True,https://www.abgeordnetenwatch.de/bundestag/20/abstimmungen/aenderung-des-bundeszentralregistergesetzes
4803,2022-10-21,132,Bundestag 2021 - 2025,Abwehrschirm gegen gestiegene Strom- und Gaspreise,True,https://www.abgeordnetenwatch.de/bundestag/20/abstimmungen/abwehrschirm-gegen-gestiegene-strom-und-gaspreise
4804,2022-10-21,132,Bundestag 2021 - 2025,Verlängerung des Bundeswehreinsatzes im Irak (2023),True,https://www.abgeordnetenwatch.de/bundestag/20/abstimmungen/verlaengerung-des-bundeswehreinsatzes-im-irak-2023
4826,2022-11-10,132,Bundestag 2021 - 2025,Einführung des Bürgergeldes,True,https://www.abgeordnetenwatch.de/bundestag/20/abstimmungen/einfuehrung-des-buergergeldes
4830,2022-11-10,132,Bundestag 2021 - 2025,Vermögensabgabe für Milliardär:innen und Multimillionär:innen (Antrag),False,https://www.abgeordnetenwatch.de/bundestag/20/abstimmungen/vermoegensabgabe-fuer-milliardaerinnen-und-multimillionaerinnen-antrag
4831,2022-11-10,132,Bundestag 2021 - 2025,Inflationsausgleichsgesetz,True,https://www.abgeordnetenwatch.de/bundestag/20/abstimmungen/inflationsausgleichsgesetz
4832,2022-11-10,132,Bundestag 2021 - 2025,Änderung des Infektionsschutzgesetzes (Triage-Entscheidungen),True,https://www.abgeordnetenwatch.de/bundestag/20/abstimmungen/aenderung-des-infektionsschutzgesetzes-triage-entscheidungen
4827,2022-11-11,132,Bundestag 2021 - 2025,Wahlwiederholung der Bundestagswahl in 431 Berliner Wahlbezirken,True,https://www.abgeordnetenwatch.de/bundestag/20/abstimmungen/wahlwiederholung-der-bundestagswahl-in-431-berliner-wahlbezirken
4828,2022-11-11,132,Bundestag 2021 - 2025,Weiterbetrieb deutscher Atomkraftwerke bis zum 15. April 2023,True,https://www.abgeordnetenwatch.de/bundestag/20/abstimmungen/weiterbetrieb-deutscher-atomkraftwerke-bis-zum-15-april-2023
4863,2022-11-23,132,Bundestag 2021 - 2025,Etat des Bundeskanzlers und des Bundeskanzleramtes 2023,True,https://www.abgeordnetenwatch.de/bundestag/20/abstimmungen/etat-des-bundeskanzlers-und-des-bundeskanzleramtes-2023
4861,2022-11-24,132,Bundestag 2021 - 2025,Änderung des Energiesicherungsgesetzes,True,https://www.abgeordnetenwatch.de/bundestag/20/abstimmungen/aenderung-des-energiesicherungsgesetzes
4862,2022-11-25,132,Bundestag 2021 - 2025,Der Bundeshaushalt 2023,True,https://www.abgeordnetenwatch.de/bundestag/20/abstimmungen/der-bundeshaushalt-2023
4864,2022-11-25,132,Bundestag 2021 - 2025,Einigungsvorschlag zum Bürgergeld-Gesetz,True,https://www.abgeordnetenwatch.de/bundestag/20/abstimmungen/einigungsvorschlag-zum-buergergeld-gesetz
4866,2022-12-01,132,Bundestag 2021 - 2025,Digitale Verkündung von Bundesgesetzen und Verordnungen,True,https://www.abgeordnetenwatch.de/bundestag/20/abstimmungen/digitale-verkuendung-von-bundesgesetzen-und-verordnungen
4871,2022-12-01,132,Bundestag 2021 - 2025,Vor­gezogener Braunkohle­ausstieg im Rheinischen Revier,True,https://www.abgeordnetenwatch.de/bundestag/20/abstimmungen/vor-gezogener-braunkohle-ausstieg-im-rheinischen-revier
4872,2022-12-01,132,Bundestag 2021 - 2025,Ratifizierung des CETA-Abkommens,True,https://www.abgeordnetenwatch.de/bundestag/20/abstimmungen/ratifizierung-des-ceta-abkommens
4876,2022-12-02,132,Bundestag 2021 - 2025,Chancen-Aufenthaltsrecht,True,https://www.abgeordnetenwatch.de/bundestag/20/abstimmungen/chancen-aufenthaltsrecht
4877,2022-12-02,132,Bundestag 2021 - 2025,Jahressteuergesetz 2022,True,https://www.abgeordnetenwatch.de/bundestag/20/abstimmungen/jahressteuergesetz-2022
4889,2022-12-15,132,Bundestag 2021 - 2025,Preisbremsen für leitungsgebundenes Erdgas und Wärme,True,https://www.abgeordnetenwatch.de/bundestag/20/abstimmungen/preisbremsen-fuer-leitungsgebundenes-erdgas-und-waerme
4890,2022-12-15,132,Bundestag 2021 - 2025,Einführung einer Strompreisbremse,True,https://www.abgeordnetenwatch.de/bundestag/20/abstimmungen/einfuehrung-einer-strompreisbremse
4936,2023-03-17,132,Bundestag 2021 - 2025,Wahlrechtsreform zur Verkleinerung des Bundestages ,True,https://www.abgeordnetenwatch.de/bundestag/20/abstimmungen/wahlrechtsreform-zur-verkleinerung-des-bundestages
4961,2023-03-29,132,Bundestag 2021 - 2025,Verlängerung des Bundeswehreinsatzes SEA GUARDIAN im Mittelmeer,True,https://www.abgeordnetenwatch.de/bundestag/20/abstimmungen/verlaengerung-des-bundeswehreinsatzes-sea-guardian-im-mittelmeer
4965,2023-03-30,132,Bundestag 2021 - 2025,Verlängerung des Bundeswehreinsatzes in Südsudan (UNMISS),True,https://www.abgeordnetenwatch.de/bundestag/20/abstimmungen/verlaengerung-des-bundeswehreinsatzes-in-suedsudan-unmiss
4967,2023-03-31,132,Bundestag 2021 - 2025,Laufzeitverlängerung der Kernkraftwerke ,False,https://www.abgeordnetenwatch.de/bundestag/20/abstimmungen/laufzeitverlaengerung-der-kernkraftwerke
4991,2023-04-19,132,Bundestag 2021 - 2025,"Untersuchungsausschuss ""Bekämpfung des Corona-Virus"" nicht einsetzen",True,https://www.abgeordnetenwatch.de/bundestag/20/abstimmungen/untersuchungsausschuss-bekaempfung-des-corona-virus-nicht-einsetzen
4992,2023-04-20,132,Bundestag 2021 - 2025,Änderung des Energiesicherungsgesetzes,True,https://www.abgeordnetenwatch.de/bundestag/20/abstimmungen/aenderung-des-energiesicherungsgesetzes-0
4999,2023-04-26,132,Bundestag 2021 - 2025,Bundeswehreinsatz im Mittelmeer verlängern (EUNAVFOR MED IRINI),True,https://www.abgeordnetenwatch.de/bundestag/20/abstimmungen/bundeswehreinsatz-im-mittelmeer-verlaengern-eunavfor-med-irini
5005,2023-04-26,132,Bundestag 2021 - 2025,Bewaffneter Streitkräfteeinsatz im Sudan,True,https://www.abgeordnetenwatch.de/bundestag/20/abstimmungen/bewaffneter-streitkraefteeinsatz-im-sudan
5006,2023-04-26,132,Bundestag 2021 - 2025,Keine Bejagung von Wölfen,True,https://www.abgeordnetenwatch.de/bundestag/20/abstimmungen/keine-bejagung-von-woelfen
5007,2023-04-28,132,Bundestag 2021 - 2025,Beteiligung der Bundeswehr in Niger (EUMPM Niger),True,https://www.abgeordnetenwatch.de/bundestag/20/abstimmungen/beteiligung-der-bundeswehr-in-niger-eumpm-niger
5011,2023-04-28,132,Bundestag 2021 - 2025,Neuregelung der deutschen Asyl- und Flüchtlingspolitik,False,https://www.abgeordnetenwatch.de/bundestag/20/abstimmungen/neuregelung-der-deutschen-asyl-und-fluechtlingspolitik
5030,2023-05-10,132,Bundestag 2021 - 2025,"Einsetzung des Bürgerrats ""Ernährung im Wandel""",True,https://www.abgeordnetenwatch.de/bundestag/20/abstimmungen/einsetzung-des-buergerrats-ernaehrung-im-wandel
5031,2023-05-10,132,Bundestag 2021 - 2025,Einführung von bundesweiten Volksentscheiden,False,https://www.abgeordnetenwatch.de/bundestag/20/abstimmungen/einfuehrung-von-bundesweiten-volksentscheiden
5032,2023-05-11,132,Bundestag 2021 - 2025,Keine sofortige Einleitung der Rückführungsoffensive ,True,https://www.abgeordnetenwatch.de/bundestag/20/abstimmungen/keine-sofortige-einleitung-der-rueckfuehrungsoffensive
5033,2023-05-12,132,Bundestag 2021 - 2025,Stärkung und Reform der Weltgesundheitsorganisation,True,https://www.abgeordnetenwatch.de/bundestag/20/abstimmungen/staerkung-und-reform-der-weltgesundheitsorganisation
5043,2023-05-26,132,Bundestag 2021 - 2025,Verlängerung des Bundeswehreinsatzes im Kosovo (KFOR),True,https://www.abgeordnetenwatch.de/bundestag/20/abstimmungen/verlaengerung-des-bundeswehreinsatzes-im-kosovo-kfor
5044,2023-05-26,132,Bundestag 2021 - 2025,Letztmalige Verlängerung des Bundeswehreinsatzes in Mali (MINUSMA),True,https://www.abgeordnetenwatch.de/bundestag/20/abstimmungen/letztmalige-verlaengerung-des-bundeswehreinsatzes-in-mali-minusma
5047,2023-05-26,132,Bundestag 2021 - 2025,Pflegereform,True,https://www.abgeordnetenwatch.de/bundestag/20/abstimmungen/pflegereform
5057,2023-06-15,132,Bundestag 2021 - 2025,LINKEN-Antrag ablehnen: Europäische Asylrechtsreform durchsetzen,True,https://www.abgeordnetenwatch.de/bundestag/20/abstimmungen/linken-antrag-ablehnen-europaeische-asylrechtsreform-durchsetzen
5058,2023-06-15,132,Bundestag 2021 - 2025,2-Prozent-Hürde zur Europawahl,True,https://www.abgeordnetenwatch.de/bundestag/20/abstimmungen/2-prozent-huerde-zur-europawahl
5059,2023-06-15,132,Bundestag 2021 - 2025,Grenzüberschreitendes Entsenderecht im Straßenverkehr ,True,https://www.abgeordnetenwatch.de/bundestag/20/abstimmungen/grenzueberschreitendes-entsenderecht-im-strassenverkehr
5061,2023-06-23,132,Bundestag 2021 - 2025,Fachkräfteeinwanderung,True,https://www.abgeordnetenwatch.de/bundestag/20/abstimmungen/fachkraefteeinwanderung
5063,2023-06-23,132,Bundestag 2021 - 2025,Beteiligung der Bundeswehr an der EU-geführten Sicherheitsoperation in Bosnien und Herzegowina (EUFOR ALTHEA),True,https://www.abgeordnetenwatch.de/bundestag/20/abstimmungen/beteiligung-der-bundeswehr-an-der-eu-gefuehrten-sicherheitsoperation-in-bosnien-und-herzegowina-eufor-althea-0
5064,2023-06-23,132,Bundestag 2021 - 2025,Verlängerung des Bundeswehreinsatzes vor der libanesischen Küste (UNIFIL),True,https://www.abgeordnetenwatch.de/bundestag/20/abstimmungen/verlaengerung-des-bundeswehreinsatzes-vor-der-libanesischen-kueste-unifil
5069,2023-06-23,132,Bundestag 2021 - 2025,Keine rückwirkende Besteuerung der Energiepreispauschale,False,https://www.abgeordnetenwatch.de/bundestag/20/abstimmungen/keine-rueckwirkende-besteuerung-der-energiepreispauschale
5091,2023-07-06,132,Bundestag 2021 - 2025,Förderung der geschäftsmäßigen Sterbehilfe grundsätzlich verbieten,False,https://www.abgeordnetenwatch.de/bundestag/20/abstimmungen/foerderung-der-geschaeftsmaessigen-sterbehilfe-grundsaetzlich-verbieten
5098,2023-07-06,132,Bundestag 2021 - 2025,Suizidhilfegesetz,False,https://www.abgeordnetenwatch.de/bundestag/20/abstimmungen/suizidhilfegesetz
5099,2023-07-06,132,Bundestag 2021 - 2025,Suizidprävention stärken,True,https://www.abgeordnetenwatch.de/bundestag/20/abstimmungen/suizidpraevention-staerken
5100,2023-07-06,132,Bundestag 2021 - 2025,Bundeswehreinsatz in Mali (MINUSMA) beenden,False,https://www.abgeordnetenwatch.de/bundestag/20/abstimmungen/bundeswehreinsatz-in-mali-minusma-beenden
5096,2023-07-07,132,Bundestag 2021 - 2025,Ausbau der LNG-Gas-Infrastruktur,True,https://www.abgeordnetenwatch.de/bundestag/20/abstimmungen/ausbau-der-lng-gas-infrastruktur
5162,2023-09-08,132,Bundestag 2021 - 2025,Gebäudeenergiegesetz,True,https://www.abgeordnetenwatch.de/bundestag/20/abstimmungen/gebaeudeenergiegesetz
5180,2023-09-20,132,Bundestag 2021 - 2025,Rücktritt von Bundesinnenministerin Nancy Faeser,False,https://www.abgeordnetenwatch.de/bundestag/20/abstimmungen/ruecktritt-von-bundesinnenministerin-nancy-faeser
5181,2023-09-21,132,Bundestag 2021 - 2025,Änderungsantrag zum Energieeffizienzgesetz ,False,https://www.abgeordnetenwatch.de/bundestag/20/abstimmungen/aenderungsantrag-zum-energieeffizienzgesetz
5182,2023-09-21,132,Bundestag 2021 - 2025,Umsatzsteuergesetz,False,https://www.abgeordnetenwatch.de/bundestag/20/abstimmungen/umsatzsteuergesetz
5190,2023-09-28,132,Bundestag 2021 - 2025,Ablehnung des Elf-Punkte-Plans zum Schutz der Grenzen (Beschlussempfehlung),True,https://www.abgeordnetenwatch.de/bundestag/20/abstimmungen/ablehnung-des-elf-punkte-plans-zum-schutz-der-grenzen-beschlussempfehlung
5217,2023-10-18,132,Bundestag 2021 - 2025,Fortsetzung des Bundeswehreinsatzes im Irak,True,https://www.abgeordnetenwatch.de/bundestag/20/abstimmungen/fortsetzung-des-bundeswehreinsatzes-im-irak
5230,2023-10-20,132,Bundestag 2021 - 2025,Änderung des Straßenverkehrsgesetzes,True,https://www.abgeordnetenwatch.de/bundestag/20/abstimmungen/aenderung-des-strassenverkehrsgesetzes
5242,2023-11-10,132,Bundestag 2021 - 2025,Stiftungsfinanzierungsgesetz,True,https://www.abgeordnetenwatch.de/bundestag/20/abstimmungen/stiftungsfinanzierungsgesetz
5243,2023-11-10,132,Bundestag 2021 - 2025,Änderung des Atomgesetzes,False,https://www.abgeordnetenwatch.de/bundestag/20/abstimmungen/aenderung-des-atomgesetzes
5251,2023-11-16,132,Bundestag 2021 - 2025,Moldau und Georgien als sichere Herkunftsstaaten (Entschließungsantrag),False,https://www.abgeordnetenwatch.de/bundestag/20/abstimmungen/moldau-und-georgien-als-sichere-herkunftsstaaten-entschliessungsantrag
5263,2023-11-16,132,Bundestag 2021 - 2025,Reform des Nachrichtendienstrechts,True,https://www.abgeordnetenwatch.de/bundestag/20/abstimmungen/reform-des-nachrichtendienstrechts
5252,2023-11-17,132,Bundestag 2021 - 2025,Videokonferenzen in der Zivil- und Fachgerichtsbarkeit,True,https://www.abgeordnetenwatch.de/bundestag/20/abstimmungen/videokonferenzen-in-der-zivil-und-fachgerichtsbarkeit
5289,2023-11-30,132,Bundestag 2021 - 2025,Kein Stopp der EU-Gebäuderichtlinie (Beschlussempfehlung),True,https://www.abgeordnetenwatch.de/bundestag/20/abstimmungen/kein-stopp-der-eu-gebaeuderichtlinie-beschlussempfehlung
5295,2023-11-30,132,Bundestag 2021 - 2025,Keine Streichung von Erbschaftssteuervergünstigungen (Beschlussempfehlung),True,https://www.abgeordnetenwatch.de/bundestag/20/abstimmungen/keine-streichung-von-erbschaftssteuerverguenstigungen-beschlussempfehlung
5302,2023-12-01,132,Bundestag 2021 - 2025,Erweiterter Tätigkeitsbereich der Europäischen Bank für Wiederaufbau und Entwicklung,True,https://www.abgeordnetenwatch.de/bundestag/20/abstimmungen/erweiterter-taetigkeitsbereich-der-europaeischen-bank-fuer-wiederaufbau-und-entwicklung
5315,2023-12-15,132,Bundestag 2021 - 2025,Nachtragshaushaltsgesetz 2023,True,https://www.abgeordnetenwatch.de/bundestag/20/abstimmungen/nachtragshaushaltsgesetz-2023
5319,2023-12-15,132,Bundestag 2021 - 2025,Änderung des Erneuerbare-Energien-Gesetzes,True,https://www.abgeordnetenwatch.de/bundestag/20/abstimmungen/aenderung-des-erneuerbare-energien-gesetzes
5323,2023-12-15,132,Bundestag 2021 - 2025,Artikel 115 II GG - Aussetzen der Schuldenbremse für 2023,True,https://www.abgeordnetenwatch.de/bundestag/20/abstimmungen/artikel-115-ii-gg-aussetzen-der-schuldenbremse-fuer-2023
5324,2023-12-15,132,Bundestag 2021 - 2025,Änderung des Parteiengesetzes,True,https://www.abgeordnetenwatch.de/bundestag/20/abstimmungen/aenderung-des-parteiengesetzes
5367,2024-01-17,132,Bundestag 2021 - 2025,Lieferung von TAURUS-Marschflugkörpern an die Ukraine,False,https://www.abgeordnetenwatch.de/bundestag/20/abstimmungen/lieferung-von-taurus-marschflugkoerpern-an-die-ukraine
5368,2024-01-18,132,Bundestag 2021 - 2025,Friedensinitiative für die Ukraine und Russland (Beschlussempfehlung zur Ablehnung des Antrags),True,https://www.abgeordnetenwatch.de/bundestag/20/abstimmungen/friedensinitiative-fuer-die-ukraine-und-russland-beschlussempfehlung-zur-ablehnung-des-antrags
5370,2024-01-18,132,Bundestag 2021 - 2025,Entlastung der Landwirtschaft,False,https://www.abgeordnetenwatch.de/bundestag/20/abstimmungen/entlastung-der-landwirtschaft
5369,2024-01-19,132,Bundestag 2021 - 2025,Modernisierung des Staatsangehörigkeitsrechts,True,https://www.abgeordnetenwatch.de/bundestag/20/abstimmungen/modernisierung-des-staatsangehoerigkeitsrechts
5382,2024-01-31,132,Bundestag 2021 - 2025,Haushalt 2024 - Etat des Bundeskanzlers,True,https://www.abgeordnetenwatch.de/bundestag/20/abstimmungen/haushalt-2024-etat-des-bundeskanzlers
5381,2024-02-01,132,Bundestag 2021 - 2025,Änderung des Bundeswahlgesetzes ,True,https://www.abgeordnetenwatch.de/bundestag/20/abstimmungen/aenderung-des-bundeswahlgesetzes
5384,2024-02-02,132,Bundestag 2021 - 2025,Haushaltsgesetz 2024,True,https://www.abgeordnetenwatch.de/bundestag/20/abstimmungen/haushaltsgesetz-2024
5413,2024-02-22,132,Bundestag 2021 - 2025,Veränderungen in der deutschen Außen- und Sicherheitspolitik erforderlich,False,https://www.abgeordnetenwatch.de/bundestag/20/abstimmungen/veraenderungen-in-der-deutschen-aussen-und-sicherheitspolitik-erforderlich
5414,2024-02-22,132,Bundestag 2021 - 2025,Militärische Unterstützung für die Ukraine,True,https://www.abgeordnetenwatch.de/bundestag/20/abstimmungen/militaerische-unterstuetzung-fuer-die-ukraine
5397,2024-02-23,132,Bundestag 2021 - 2025,Einsatz der Bundeswehr im Roten Meer ,True,https://www.abgeordnetenwatch.de/bundestag/20/abstimmungen/einsatz-der-bundeswehr-im-roten-meer
5418,2024-02-23,132,Bundestag 2021 - 2025,Cannabisgesetz,True,https://www.abgeordnetenwatch.de/bundestag/20/abstimmungen/cannabisgesetz
5421,2024-02-23,132,Bundestag 2021 - 2025,Vermittlungs­ergebnis zum Wachstums­chancengesetz,True,https://www.abgeordnetenwatch.de/bundestag/20/abstimmungen/vermittlungsergebnis-zum-wachstumschancengesetz
5459,2024-03-14,132,Bundestag 2021 - 2025,Keine Lieferung von Taurus-Marschflugkörpern an die Ukraine (Beschlussempfehlung),True,https://www.abgeordnetenwatch.de/bundestag/20/abstimmungen/keine-lieferung-von-taurus-marschflugkoerpern-an-die-ukraine-beschlussempfehlung
5469,2024-03-20,132,Bundestag 2021 - 2025,Forderung nach Steuervergünstigung für Agrardiesel ablehnen,True,https://www.abgeordnetenwatch.de/bundestag/20/abstimmungen/forderung-nach-steuerverguenstigung-fuer-agrardiesel-ablehnen
5465,2024-03-22,132,Bundestag 2021 - 2025,Verlängerung des Bundes­wehreinsatzes in Südsudan (UNMISS),True,https://www.abgeordnetenwatch.de/bundestag/20/abstimmungen/verlaengerung-des-bundes-wehreinsatzes-in-suedsudan-unmiss
5466,2024-03-22,132,Bundestag 2021 - 2025,Verlängerung des Bundeswehreinsatzes SEA GUARDIAN im Mittelmeer,True,https://www.abgeordnetenwatch.de/bundestag/20/abstimmungen/verlaengerung-des-bundeswehreinsatzes-sea-guardian-im-mittelmeer-0
5489,2024-04-12,132,Bundestag 2021 - 2025,Änderung des Energiewirtschaftsgesetzes,True,https://www.abgeordnetenwatch.de/bundestag/20/abstimmungen/aenderung-des-energiewirtschaftsgesetzes
5496,2024-04-12,132,Bundestag 2021 - 2025,Selbstbestimmungsgesetz,True,https://www.abgeordnetenwatch.de/bundestag/20/abstimmungen/selbstbestimmungsgesetz
5507,2024-04-25,132,Bundestag 2021 - 2025,Verlängerung des Bundeswehreinsatzes im Mittelmeer (EUNAVFOR MED IRINI),True,https://www.abgeordnetenwatch.de/bundestag/20/abstimmungen/verlaengerung-des-bundeswehreinsatzes-im-mittelmeer-eunavfor-med-irini
5522,2024-04-26,132,Bundestag 2021 - 2025,Änderung des Erneuerbare-Energien-Gesetzes,True,https://www.abgeordnetenwatch.de/bundestag/20/abstimmungen/aenderung-des-erneuerbare-energien-gesetzes-0
5540,2024-05-16,132,Bundestag 2021 - 2025,Keine Ablehnung des WHO-Pandemievertrags,True,https://www.abgeordnetenwatch.de/bundestag/20/abstimmungen/keine-ablehnung-des-who-pandemievertrags
5568,2024-06-05,132,Bundestag 2021 - 2025,Keine Ab­schaf­fung des Solidaritäts­zuschlags,True,https://www.abgeordnetenwatch.de/bundestag/20/abstimmungen/keine-abschaffung-des-solidaritaetszuschlags
5569,2024-06-06,132,Bundestag 2021 - 2025,Verbesserung des Klimaschutzes beim Immissionsschutz,True,https://www.abgeordnetenwatch.de/bundestag/20/abstimmungen/verbesserung-des-klimaschutzes-beim-immissionsschutz
5570,2024-06-06,132,Bundestag 2021 - 2025,Ablehnung eines Antrags zur Bekämpfung der Gefahr durch den politischen Islam ,True,https://www.abgeordnetenwatch.de/bundestag/20/abstimmungen/ablehnung-eines-antrags-zur-bekaempfung-der-gefahr-durch-den-politischen-islam
5591,2024-06-13,132,Bundestag 2021 - 2025,Konsequenzen aus der tödlichen Messerattacke in Mannheim,False,https://www.abgeordnetenwatch.de/bundestag/20/abstimmungen/konsequenzen-aus-der-toedlichen-messerattacke-in-mannheim
5592,2024-06-13,132,Bundestag 2021 - 2025,"Ablehnung eines Antrags zum Verbot des Vereins ""Muslim Interaktiv""",True,https://www.abgeordnetenwatch.de/bundestag/20/abstimmungen/ablehnung-eines-antrags-zum-verbot-des-vereins-muslim-interaktiv
5593,2024-06-13,132,Bundestag 2021 - 2025,Zweite Beratung zur Aufhebung des Lieferkettengesetzes ohne Beratung in den Ausschüssen,False,https://www.abgeordnetenwatch.de/bundestag/20/abstimmungen/zweite-beratung-zur-aufhebung-des-lieferkettengesetzes-ohne-beratung-in-den-ausschuessen
5602,2024-06-27,132,Bundestag 2021 - 2025,Verlängerung des Bundeswehreinsatzes im Kosovo (KFOR 2024/2025),True,https://www.abgeordnetenwatch.de/bundestag/20/abstimmungen/verlaengerung-des-bundeswehreinsatzes-im-kosovo-kfor-2024/2025
5603,2024-06-27,132,Bundestag 2021 - 2025,Weitere Beteiligung der Bundeswehr an der EU-geführten Sicherheitsoperation in Bosnien und Herzegowina (EUFOR ALTHEA),True,https://www.abgeordnetenwatch.de/bundestag/20/abstimmungen/weitere-beteiligung-der-bundeswehr-an-der-eu-gefuehrten-sicherheitsoperation-in-bosnien-und-herzegowina-eufor-althea
5604,2024-06-27,132,Bundestag 2021 - 2025,Verlängerung der Bundeswehrbeteiligung im Libanon (UNIFIL),True,https://www.abgeordnetenwatch.de/bundestag/20/abstimmungen/verlaengerung-der-bundeswehrbeteiligung-im-libanon-unifil
5628,2024-07-05,132,Bundestag 2021 - 2025,Änderung des Schwangerschaftskonfliktgesetzes,True,https://www.abgeordnetenwatch.de/bundestag/20/abstimmungen/aenderung-des-schwangerschaftskonfliktgesetzes
5773,2024-10-17,132,Bundestag 2021 - 2025,Fortsetzung des Einsatzes bewaffneter deutscher Streitkräfte im Irak,True,https://www.abgeordnetenwatch.de/bundestag/20/abstimmungen/fortsetzung-des-einsatzes-bewaffneter-deutscher-streitkraefte-im-irak
5774,2024-10-17,132,Bundestag 2021 - 2025,Aufhebung des Lieferkettensorgfaltspflichtengesetzes,False,https://www.abgeordnetenwatch.de/bundestag/20/abstimmungen/aufhebung-des-lieferkettensorgfaltspflichtengesetzes
5777,2024-10-17,132,Bundestag 2021 - 2025,Gesetzentwurf zum Krankenhausversorgungsverbesserungsgesetz,True,https://www.abgeordnetenwatch.de/bundestag/20/abstimmungen/gesetzentwurf-zum-krankenhausversorgungsverbesserungsgesetz
5779,2024-10-18,132,Bundestag 2021 - 2025,Abstimmungen zum Sicherheitspaket,True,https://www.abgeordnetenwatch.de/bundestag/20/abstimmungen/abstimmungen-zum-sicherheitspaket
5829,2024-12-16,132,Bundestag 2021 - 2025,Vertrauensfrage des Bundeskanzlers,False,https://www.abgeordnetenwatch.de/bundestag/20/abstimmungen/vertrauensfrage-des-bundeskanzlers
5841,2024-12-19,132,Bundestag 2021 - 2025,Regelungen zum Bundesverfassungsgericht ins Grundgesetz,True,https://www.abgeordnetenwatch.de/bundestag/20/abstimmungen/regelungen-zum-bundesverfassungsgericht-ins-grundgesetz
5861,2025-01-29,132,Bundestag 2021 - 2025,"Entschließungsantrag ""Fünf-Punkte-Plan"" zur Migrationspolitik",True,https://www.abgeordnetenwatch.de/bundestag/20/abstimmungen/entschliessungsantrag-fuenf-punkte-plan-zur-migrationspolitik
5865,2025-01-29,132,Bundestag 2021 - 2025,"Entschließungsantrag ""27 Maßnahmen zur Stärkung innerer Sicherheit""",False,https://www.abgeordnetenwatch.de/bundestag/20/abstimmungen/entschliessungsantrag-27-massnahmen-zur-staerkung-innerer-sicherheit
5859,2025-01-30,132,Bundestag 2021 - 2025,Verlängerung des Bundeswehreinsatzes SEA GUARDIAN im Mittelmeer,True,https://www.abgeordnetenwatch.de/bundestag/20/abstimmungen/verlaengerung-des-bundeswehreinsatzes-sea-guardian-im-mittelmeer-1
5860,2025-01-30,132,Bundestag 2021 - 2025,Verlängerung des Bundeswehreinsatzes EUNAVFOR ASPIDES im Roten Meer,True,https://www.abgeordnetenwatch.de/bundestag/20/abstimmungen/verlaengerung-des-bundeswehreinsatzes-eunavfor-aspides-im-roten-meer
5867,2025-01-30,132,Bundestag 2021 - 2025,Verlängerung des Bundeswehreinsatzes UNMISS im Südsudan,True,https://www.abgeordnetenwatch.de/bundestag/20/abstimmungen/verlaengerung-des-bundeswehreinsatzes-unmiss-im-suedsudan
5868,2025-01-30,132,Bundestag 2021 - 2025,Verlängerung des Bundeswehreinsatzes EUNAVFOR MED IRINI im Mittelmeer,True,https://www.abgeordnetenwatch.de/bundestag/20/abstimmungen/verlaengerung-des-bundeswehreinsatzes-eunavfor-med-irini-im-mittelmeer
5864,2025-01-31,132,Bundestag 2021 - 2025,Zustrombegrenzungsgesetz,False,https://www.abgeordnetenwatch.de/bundestag/20/abstimmungen/zustrombegrenzungsgesetz
5871,2025-01-31,132,Bundestag 2021 - 2025,Verlässliches Hilfesystem bei geschlechtsspezifischer und häuslicher Gewalt ,True,https://www.abgeordnetenwatch.de/bundestag/20/abstimmungen/verlaessliches-hilfesystem-bei-geschlechtsspezifischer-und-haeuslicher-gewalt
5957,2025-03-18,132,Bundestag 2021 - 2025,Lockerung der Schuldenbremse,True,https://www.abgeordnetenwatch.de/bundestag/20/abstimmungen/lockerung-der-schuldenbremse
6147,2025-06-25,161,Bundestag 2025 - 2029,Fortsetzung des Bundeswehreinsatzes in Bosnien und Herzegowina (EUFOR ALTHEA),True,https://www.abgeordnetenwatch.de/bundestag/21/abstimmungen/fortsetzung-des-bundeswehreinsatzes-in-bosnien-und-herzegowina-eufor-althea
6165,2025-06-25,161,Bundestag 2025 - 2029,Ablehnung des Grünen-Antrags gegen die Weiterführung der Nord-Stream-Pipelines,True,https://www.abgeordnetenwatch.de/bundestag/21/abstimmungen/ablehnung-des-gruenen-antrags-gegen-die-weiterfuehrung-der-nord-stream-pipelines
6146,2025-06-26,161,Bundestag 2025 - 2029,Fortsetzung des Bundeswehreinsatzes vor der libanesischen Küste (UNIFIL),True,https://www.abgeordnetenwatch.de/bundestag/21/abstimmungen/fortsetzung-des-bundeswehreinsatzes-vor-der-libanesischen-kueste-unifil
6148,2025-06-26,161,Bundestag 2025 - 2029,Weitere Beteiligung der Bundeswehr im Kosovo (KFOR),True,https://www.abgeordnetenwatch.de/bundestag/21/abstimmungen/weitere-beteiligung-der-bundeswehr-im-kosovo-kfor
6151,2025-06-26,161,Bundestag 2025 - 2029,Änderung des Allgemeinen Eisenbahngesetzes,True,https://www.abgeordnetenwatch.de/bundestag/21/abstimmungen/aenderung-des-allgemeinen-eisenbahngesetzes
6155,2025-06-27,161,Bundestag 2025 - 2029,Aussetzung des Familiennachzugs für subsidiär Schutzberechtigte,True,https://www.abgeordnetenwatch.de/bundestag/21/abstimmungen/aussetzung-des-familiennachzugs-fuer-subsidiaer-schutzberechtigte
6170,2025-07-10,161,Bundestag 2025 - 2029,Keinen Untersuchungsausschuss zur Aufarbeitung der Corona-Pandemie einsetzen (Beschlussempfehlung),True,https://www.abgeordnetenwatch.de/bundestag/21/abstimmungen/keinen-untersuchungsausschuss-zur-aufarbeitung-der-corona-pandemie-einsetzen-beschlussempfehlung
6249,2025-09-11,161,Bundestag 2025 - 2029,Kein Stopp des Rückbaus abgeschalteter Kernkraftwerke (Beschlussempfehlung),True,https://www.abgeordnetenwatch.de/bundestag/21/abstimmungen/kein-stopp-des-rueckbaus-abgeschalteter-kernkraftwerke-beschlussempfehlung
6250,2025-09-17,161,Bundestag 2025 - 2029,Etat von Bundeskanzler und Bundeskanzleramt,True,https://www.abgeordnetenwatch.de/bundestag/21/abstimmungen/etat-von-bundeskanzler-und-bundeskanzleramt
6251,2025-09-18,161,Bundestag 2025 - 2029,Haushaltsgesetz 2025,True,https://www.abgeordnetenwatch.de/bundestag/21/abstimmungen/haushaltsgesetz-2025
6280,2025-10-08,161,Bundestag 2025 - 2029,Änderung des Staatsangehörigkeitsgesetzes,True,https://www.abgeordnetenwatch.de/bundestag/21/abstimmungen/aenderung-des-staatsangehoerigkeitsgesetzes
6284,2025-10-16,161,Bundestag 2025 - 2029,Fortsetzung des Bundeswehreinsatzes im Roten Meer (EUNAVFOR ASPIDES),True,https://www.abgeordnetenwatch.de/bundestag/21/abstimmungen/fortsetzung-des-bundeswehreinsatzes-im-roten-meer-eunavfor-aspides
6285,2025-10-16,161,Bundestag 2025 - 2029,Verlängerung des Bundeswehreinsatzes im Südsudan (UNMISS),True,https://www.abgeordnetenwatch.de/bundestag/21/abstimmungen/verlaengerung-des-bundeswehreinsatzes-im-suedsudan-unmiss
6286,2025-10-16,161,Bundestag 2025 - 2029,Keine Abschaffung des Verbrenner-Verbots (Beschlussempfehlung),True,https://www.abgeordnetenwatch.de/bundestag/21/abstimmungen/keine-abschaffung-des-verbrenner-verbots-beschlussempfehlung
6278,2025-11-06,161,Bundestag 2025 - 2029,Keine Wiedereinführung der Agrardieselrückerstattung (Beschlussempfehlung),True,https://www.abgeordnetenwatch.de/bundestag/21/abstimmungen/keine-wiedereinfuehrung-der-agrardieselrueckerstattung-beschlussempfehlung
6311,2025-11-06,161,Bundestag 2025 - 2029,Mietwuchergesetz,False,https://www.abgeordnetenwatch.de/bundestag/21/abstimmungen/mietwuchergesetz
6315,2025-11-06,161,Bundestag 2025 - 2029,Änderung der internationalen Gesundheitsvorschriften,True,https://www.abgeordnetenwatch.de/bundestag/21/abstimmungen/aenderung-der-internationalen-gesundheitsvorschriften
6316,2025-11-06,161,Bundestag 2025 - 2029,Keine Einschränkung der medizinischen Versorgung von Ausländer:innen (Beschlussempfehlung),True,https://www.abgeordnetenwatch.de/bundestag/21/abstimmungen/keine-einschraenkung-der-medizinischen-versorgung-von-auslaenderinnen-beschlussempfehlung
6318,2025-11-13,161,Bundestag 2025 - 2029,Beteiligung der Bundeswehr an der Operation SEA GUARDIAN im Mittelmeer verlängern,True,https://www.abgeordnetenwatch.de/bundestag/21/abstimmungen/beteiligung-der-bundeswehr-an-der-operation-sea-guardian-im-mittelmeer-verlaengern
6319,2025-11-13,161,Bundestag 2025 - 2029,Weitere Bundes­wehrbeteiligung an der EU-Mission EUNAVFOR MED IRINI im Mittelmeer,True,https://www.abgeordnetenwatch.de/bundestag/21/abstimmungen/weitere-bundeswehrbeteiligung-an-der-eu-mission-eunavfor-med-irini-im-mittelmeer
6323,2025-11-13,161,Bundestag 2025 - 2029,Modernisierung und Digitalisierung der Bekämpfung von Schwarzarbeit,True,https://www.abgeordnetenwatch.de/bundestag/21/abstimmungen/modernisierung-und-digitalisierung-der-bekaempfung-von-schwarzarbeit
6324,2025-11-13,161,Bundestag 2025 - 2029,Energiesteuer- und Stromsteuergesetz (Änderungsantrag),False,https://www.abgeordnetenwatch.de/bundestag/21/abstimmungen/energiesteuer-und-stromsteuergesetz-aenderungsantrag
6326,2025-11-13,161,Bundestag 2025 - 2029,Gesetz zur Beseitigung der Klimaschutzfolgen und Wiederherstellung der Energieinfrastruktur,False,https://www.abgeordnetenwatch.de/bundestag/21/abstimmungen/gesetz-zur-beseitigung-der-klimaschutzfolgen-und-wiederherstellung-der-energieinfrastruktur
6327,2025-11-13,161,Bundestag 2025 - 2029,Änderung des Grundgesetzes zur Klimaschutzfolgenbereinigung,False,https://www.abgeordnetenwatch.de/bundestag/21/abstimmungen/aenderung-des-grundgesetzes-zur-klimaschutzfolgenbereinigung
6329,2025-11-13,161,Bundestag 2025 - 2029,Zuschuss zu den Übertragungsnetzkosten für das Jahr 2026,True,https://www.abgeordnetenwatch.de/bundestag/21/abstimmungen/zuschuss-zu-den-uebertragungsnetzkosten-fuer-das-jahr-2026
6330,2025-11-13,161,Bundestag 2025 - 2029,Änderung des Tierarzneimittelgesetzes und des Apothekengesetzes,True,https://www.abgeordnetenwatch.de/bundestag/21/abstimmungen/aenderung-des-tierarzneimittelgesetzes-und-des-apothekengesetzes
6346,2025-11-26,161,Bundestag 2025 - 2029,Etat von Bundeskanzler und Bundeskanzleramt 2026,True,https://www.abgeordnetenwatch.de/bundestag/21/abstimmungen/etat-von-bundeskanzler-und-bundeskanzleramt-2026
6351,2025-11-28,161,Bundestag 2025 - 2029,Schlussabstimmung zum Haushaltsgesetz 2026,True,https://www.abgeordnetenwatch.de/bundestag/21/abstimmungen/schlussabstimmung-zum-haushaltsgesetz-2026
6353,2025-12-03,161,Bundestag 2025 - 2029,Visa für afghanische Staatsangehörige mit Aufnahmezusage erteilen,False,https://www.abgeordnetenwatch.de/bundestag/21/abstimmungen/visa-fuer-afghanische-staatsangehoerige-mit-aufnahmezusage-erteilen
6354,2025-12-04,161,Bundestag 2025 - 2029,Besteuerung von Luxusflügen,False,https://www.abgeordnetenwatch.de/bundestag/21/abstimmungen/besteuerung-von-luxusfluegen
6355,2025-12-04,161,Bundestag 2025 - 2029,Keine Abschaffung der CO2-Bepreisung (Beschlussempfehlung),True,https://www.abgeordnetenwatch.de/bundestag/21/abstimmungen/keine-abschaffung-der-co2-bepreisung-beschlussempfehlung
6356,2025-12-05,161,Bundestag 2025 - 2029,Stabilisierung des Rentenniveaus und Gleichstellung der Kindererziehungszeiten,True,https://www.abgeordnetenwatch.de/bundestag/21/abstimmungen/stabilisierung-des-rentenniveaus-und-gleichstellung-der-kindererziehungszeiten
6357,2025-12-05,161,Bundestag 2025 - 2029,Neuregelung zu sicheren Herkunftsstaaten und Abschaffung anwaltlicher Vertretung bei Abschiebehaft,True,https://www.abgeordnetenwatch.de/bundestag/21/abstimmungen/neuregelung-zu-sicheren-herkunftsstaaten-und-abschaffung-anwaltlicher-vertretung-bei-abschiebehaft
6359,2025-12-05,161,Bundestag 2025 - 2029,Modernisierung des Wehrdienstes,True,https://www.abgeordnetenwatch.de/bundestag/21/abstimmungen/modernisierung-des-wehrdienstes
6360,2025-12-05,161,Bundestag 2025 - 2029,Eingefrorenes russisches Staatsvermögen nicht der Ukraine zur Verfügung stellen (Beschlussempfehlung),True,https://www.abgeordnetenwatch.de/bundestag/21/abstimmungen/eingefrorenes-russisches-staatsvermoegen-nicht-der-ukraine-zur-verfuegung-stellen-beschlussempfehlung
6361,2025-12-05,161,Bundestag 2025 - 2029,Russische Atomgeschäfte in Deutschland nicht unterbinden (Beschlussempfehlung),True,https://www.abgeordnetenwatch.de/bundestag/21/abstimmungen/russische-atomgeschaefte-in-deutschland-nicht-unterbinden-beschlussempfehlung
6371,2025-12-18,161,Bundestag 2025 - 2029,Zurückweisung von Einsprüchen gegen die Bundestagswahl 2025 (Beschlussempfehlung),True,https://www.abgeordnetenwatch.de/bundestag/21/abstimmungen/zurueckweisung-von-einspruechen-gegen-die-bundestagswahl-2025-beschlussempfehlung
6372,2025-12-19,161,Bundestag 2025 - 2029,Ablehnung der Streichung von Steuerprivilegien für höchste Erbschaften (Beschlussempfehlung),True,https://www.abgeordnetenwatch.de/bundestag/21/abstimmungen/ablehnung-der-streichung-von-steuerprivilegien-fuer-hoechste-erbschaften-beschlussempfehlung
6373,2025-12-19,161,Bundestag 2025 - 2029,Stärkung von Verbraucherrechten im digitalen Vertragsabschluss,True,https://www.abgeordnetenwatch.de/bundestag/21/abstimmungen/staerkung-von-verbraucherrechten-im-digitalen-vertragsabschluss
6388,2026-01-29,161,Bundestag 2025 - 2029,Verlängerung des Bundeswehreinsatzes im Irak (Beschlussempfehlung),True,https://www.abgeordnetenwatch.de/bundestag/21/abstimmungen/verlaengerung-des-bundeswehreinsatzes-im-irak-beschlussempfehlung
6391,2026-01-29,161,Bundestag 2025 - 2029,Streichung des Straftatbestandes der Politikerbeleidigung,False,https://www.abgeordnetenwatch.de/bundestag/21/abstimmungen/streichung-des-straftatbestandes-der-politikerbeleidigung
6419,2026-02-27,161,Bundestag 2025 - 2029,Anpassung des nationalen Rechts an die Reform des Gemeinsamen Europäischen Asylsystems (GEAS-Anpassungsgesetz),True,https://www.abgeordnetenwatch.de/bundestag/21/abstimmungen/anpassung-des-nationalen-rechts-an-die-reform-des-gemeinsamen-europaeischen-asylsystems-geas-anpassungsgesetz
6422,2026-03-05,161,Bundestag 2025 - 2029,Umge­staltung des Bürgergelds zur neuen Grundsicherung (SGB II),True,https://www.abgeordnetenwatch.de/bundestag/21/abstimmungen/umgestaltung-des-buergergelds-zur-neuen-grundsicherung-sgb-ii
6452,2026-03-25,161,Bundestag 2025 - 2029,Keine weitere Reform des Staatsbürgerschaftsrechts (Beschlussempfehlung),True,https://www.abgeordnetenwatch.de/bundestag/21/abstimmungen/keine-weitere-reform-des-staatsbuergerschaftsrechts-beschlussempfehlung
6451,2026-03-26,161,Bundestag 2025 - 2029,Antrag zu Energiepreisschocks aufgrund des Irankriegs (Beschlussempfehlung),True,https://www.abgeordnetenwatch.de/bundestag/21/abstimmungen/antrag-zu-energiepreisschocks-aufgrund-des-irankriegs-beschlussempfehlung
6455,2026-03-26,161,Bundestag 2025 - 2029,Anhebung des Schwellenwerts in Betrieben für die Bestellung von Sicherheitsbeauftragten,True,https://www.abgeordnetenwatch.de/bundestag/21/abstimmungen/anhebung-des-schwellenwerts-in-betrieben-fuer-die-bestellung-von-sicherheitsbeauftragten
6495,2026-04-24,161,Bundestag 2025 - 2029,Temporäre Absenkung der Energiesteuer für Kraftstoffe,True,https://www.abgeordnetenwatch.de/bundestag/21/abstimmungen/temporaere-absenkung-der-energiesteuer-fuer-kraftstoffe
6496,2026-04-24,161,Bundestag 2025 - 2029,Ablehnung eines Antrag gegen eine Übergewinnsteuer (Beschlussempfehlung),True,https://www.abgeordnetenwatch.de/bundestag/21/abstimmungen/ablehnung-eines-antrag-gegen-eine-uebergewinnsteuer-beschlussempfehlung
6497,2026-04-24,161,Bundestag 2025 - 2029,Ablehnung eines Antrags zur Erhöhung der Pendlerpauschale (Beschlussempfehlung),True,https://www.abgeordnetenwatch.de/bundestag/21/abstimmungen/ablehnung-eines-antrags-zur-erhoehung-der-pendlerpauschale-beschlussempfehlung
6498,2026-04-24,161,Bundestag 2025 - 2029,Änderung des Stromsteuergesetzes und weiterer Vorschriften,False,https://www.abgeordnetenwatch.de/bundestag/21/abstimmungen/aenderung-des-stromsteuergesetzes-und-weiterer-vorschriften
6511,2026-05-08,161,Bundestag 2025 - 2029,Keine stärkere Absicherung des EU-Förderprogramms LEADER (Beschlussempfehlung),True,https://www.abgeordnetenwatch.de/bundestag/21/abstimmungen/keine-staerkere-absicherung-des-eu-foerderprogramms-leader-beschlussempfehlung
6528,2026-05-22,161,Bundestag 2025 - 2029,Vorstoß zur Zukunft der Apothekenversorgung abgelehnt (Beschlussempfehlung),True,https://www.abgeordnetenwatch.de/bundestag/21/abstimmungen/vorstoss-zur-zukunft-der-apothekenversorgung-abgelehnt-beschlussempfehlung
6540,2026-06-11,161,Bundestag 2025 - 2029,Fortsetzung der Bundeswehrbeteiligung an EUFOR ALTHEA in Bosnien und Herzegowina,True,https://www.abgeordnetenwatch.de/bundestag/21/abstimmungen/fortsetzung-der-bundeswehrbeteiligung-an-eufor-althea-in-bosnien-und-herzegowina
6541,2026-06-11,161,Bundestag 2025 - 2029,Fortsetzung des Bundeswehreinsatzes KFOR im Kosovo,True,https://www.abgeordnetenwatch.de/bundestag/21/abstimmungen/fortsetzung-des-bundeswehreinsatzes-kfor-im-kosovo
6551,2026-06-11,161,Bundestag 2025 - 2029,Ablehnung einer umfassenden BAföG-Reform (Beschlussempfehlung),True,https://www.abgeordnetenwatch.de/bundestag/21/abstimmungen/ablehnung-einer-umfassenden-bafoeg-reform-beschlussempfehlung
6552,2026-06-11,161,Bundestag 2025 - 2029,Neue Emissionsobergrenzen für die Jahre 2031 bis 2040,True,https://www.abgeordnetenwatch.de/bundestag/21/abstimmungen/neue-emissionsobergrenzen-fuer-die-jahre-2031-bis-2040
6566,2026-06-12,161,Bundestag 2025 - 2029,Strengere Regeln bei Vaterschaftsanerkennung,True,https://www.abgeordnetenwatch.de/bundestag/21/abstimmungen/strengere-regeln-bei-vaterschaftsanerkennung
6575,2026-06-25,161,Bundestag 2025 - 2029,Letzte Verlängerung des Bundeswehreinsatzes im Libanon,True,https://www.abgeordnetenwatch.de/bundestag/21/abstimmungen/letzte-verlaengerung-des-bundeswehreinsatzes-im-libanon
6598,2026-07-08,161,Bundestag 2025 - 2029,Ukraine zusätzlich militärisch und humanitär unterstützen,False,https://www.abgeordnetenwatch.de/bundestag/21/abstimmungen/ukraine-zusaetzlich-militaerisch-und-humanitaer-unterstuetzen
6600,2026-07-09,161,Bundestag 2025 - 2029,Einführung eines allgemeinen Tempolimits,False,https://www.abgeordnetenwatch.de/bundestag/21/abstimmungen/einfuehrung-eines-allgemeinen-tempolimits
6601,2026-07-10,161,Bundestag 2025 - 2029,GKV-Reform,True,https://www.abgeordnetenwatch.de/bundestag/21/abstimmungen/gkv-reform
6605,2026-07-10,161,Bundestag 2025 - 2029,Gebäudemodernisierungsgesetz,True,https://www.abgeordnetenwatch.de/bundestag/21/abstimmungen/gebaeudemodernisierungsgesetz
6606,2026-07-10,161,Bundestag 2025 - 2029,Sportfördergesetz,True,https://www.abgeordnetenwatch.de/bundestag/21/abstimmungen/sportfoerdergesetz
