poll_id,mandate_id,politician,fraction,vote
5496,54095,Uwe Witt,fraktionslos,no_show
5496,53719,Thomas Seitz,fraktionslos,no_show
5496,54098,Stefan Seidler,fraktionslos,yes
5496,53620,Johannes Huber,fraktionslos,no
5496,53406,Matthias Helferich,fraktionslos,no
5496,53779,Robert Farle,fraktionslos,no
5496,53544,Joana Cotar,fraktionslos,no
5496,53436,Sahra Wagenknecht,BSW (Gruppe),no
5496,53591,Alexander Ulrich,BSW (Gruppe),no
5496,53723,Jessica Tatti,BSW (Gruppe),no
5496,53993,Zaklin Nastić,BSW (Gruppe),no
5496,53481,Amira Mohamed Ali,BSW (Gruppe),no
5496,53440,Christian Leye,BSW (Gruppe),no
5496,53438,Andrej Hunko,BSW (Gruppe),no
5496,53657,Klaus Ernst,BSW (Gruppe),no_show
5496,53437,Sevim Dağdelen,BSW (Gruppe),no
5496,54115,Ali Al-Dailami,BSW (Gruppe),no
5496,54114,Janine Wissler,Die Linke. (Gruppe),no_show
5496,53439,Kathrin Vogler,Die Linke. (Gruppe),yes
5496,53504,Petra Sitte,Die Linke. (Gruppe),yes
5496,53721,Bernd Riexinger,Die Linke. (Gruppe),yes
5496,53566,Martina Renner,Die Linke. (Gruppe),yes
5496,53483,Heidi Reichinnek,Die Linke. (Gruppe),yes
5496,53482,Victor Perli,Die Linke. (Gruppe),abstain
5496,53856,Sören Pellmann,Die Linke. (Gruppe),yes
5496,54105,Petra Pau,Die Linke. (Gruppe),yes
5496,54097,Cornelia Möhring,Die Linke. (Gruppe),no_show
5496,53791,Gesine Lötzsch,Die Linke. (Gruppe),yes
5496,53565,Ralph Lenkert,Die Linke. (Gruppe),yes
5496,53521,Caren Lay,Die Linke. (Gruppe),yes
5496,53987,Ina Latendorf,Die Linke. (Gruppe),yes
5496,53503,Jan Korte,Die Linke. (Gruppe),yes
5496,53564,Susanne Hennig-Wellsow,Die Linke. (Gruppe),yes
5496,53522,André Hahn,Die Linke. (Gruppe),abstain
5496,53789,Gregor Gysi,Die Linke. (Gruppe),no_show
5496,53659,Ates Gürpinar,Die Linke. (Gruppe),no_show
5496,53495,Christian Görke,Die Linke. (Gruppe),yes
5496,53656,Nicole Gohlke,Die Linke. (Gruppe),no_show
5496,53658,Susanne Ferschl,Die Linke. (Gruppe),no_show
5496,54104,Anke Domscheit-Berg,Die Linke. (Gruppe),yes
5496,60641,Jörg Cezanne,Die Linke. (Gruppe),yes
5496,54422,Clara Bünger,Die Linke. (Gruppe),yes
5496,54102,Matthias W. Birkwald,Die Linke. (Gruppe),abstain
5496,53986,Dietmar Bartsch,Die Linke. (Gruppe),yes
5496,53722,Gökay Akbulut,Die Linke. (Gruppe),yes
5496,53776,Kay-Uwe Ziegler,AfD,no_show
5496,53462,Joachim Wundrak,AfD,no
5496,54120,Christian Wirth,AfD,no
5496,53621,Wolfgang Wiehle,AfD,no
5496,53408,Harald Weyel,AfD,no_show
5496,53712,Alice Weidel,AfD,no_show
5496,53514,Beatrix von Storch,AfD,no
5496,53892,Klaus Stöber,AfD,no
5496,53492,René Springer,AfD,no_show
5496,53714,Dirk Spaniel,AfD,no
5496,53619,Martin Sichert,AfD,no
5496,53545,Uwe Schulz,AfD,no_show
5496,54046,Jörg Schneider,AfD,no
5496,53502,Jan Wenzel Schmidt,AfD,no
5496,53409,Eugen Schmidt,AfD,no
5496,53985,Ulrike Schielke-Ziesing,AfD,no
5496,53580,Bernd Schattner,AfD,no
5496,58166,Rainer Rothfuß,AfD,no
5496,53463,Frank Rinck,AfD,no
5496,54045,Martin Erwin Renner,AfD,no_show
5496,53501,Martin Reichardt,AfD,no
5496,53617,Stephan Protschka,AfD,no
5496,54116,Jürgen Pohl,AfD,no_show
5496,54118,Tobias Matthias Peterka,AfD,no
5496,53623,Gerold Otten,AfD,no
5496,53546,Jan Ralf Nolte,AfD,no
5496,53857,Edgar Naujok,AfD,no
5496,53577,Sebastian Münzenmaier,AfD,no
5496,53868,Matthias Moosdorf,AfD,no_show
5496,53866,Mike Moncsek,AfD,no
5496,54042,Rüdiger Lucassen,AfD,no_show
5496,53622,Rainer Kraft,AfD,no
5496,53493,Steffen Kotré,AfD,no
5496,53466,Jörn König,AfD,no
5496,53984,Enrico Komning,AfD,no_show
5496,53494,Norbert Kleinwächter,AfD,no
5496,53411,Stefan Keuter,AfD,no
5496,53896,Michael Kaufmann,AfD,no
5496,53717,Malte Kaufmann,AfD,no
5496,53715,Marc Jongen,AfD,no
5496,53861,Steffen Janich,AfD,no
5496,54044,Fabian Jacobi,AfD,no
5496,53625,Gerrit Huy,AfD,no_show
5496,53983,Leif-Erik Holm,AfD,no_show
5496,53578,Nicole Höchst,AfD,no
5496,53859,Karsten Hilse,AfD,no
5496,53713,Martin Hess,AfD,no
5496,53410,Jochen Haug,AfD,no
5496,53543,Mariana Harder-Kühnel,AfD,no
5496,54043,Kay Gottschalk,AfD,no
5496,54103,Hannes Gnauck,AfD,no
5496,53547,Albrecht Glaser,AfD,no
5496,53491,Alexander Gauland,AfD,no
5496,53516,Götz Frömming,AfD,no
5496,54124,Markus Frohnmaier,AfD,no
5496,53465,Dietmar Friedhoff,AfD,no_show
5496,53624,Peter Felser,AfD,no_show
5496,54047,Michael Espendiller,AfD,no_show
5496,53464,Thomas Ehrhorn,AfD,no
5496,53867,Thomas Dietz,AfD,no
5496,53515,Gottfried Curio,AfD,no
5496,53860,Tino Chrupalla,AfD,no
5496,53618,Petr Bystron,AfD,no_show
5496,53894,Marcus Bühl,AfD,no
5496,53720,Jürgen Braun,AfD,no
5496,54061,Stephan Brandner,AfD,no
5496,53467,Dirk Brandes,AfD,no
5496,54096,Gereon Bollmann,AfD,no
5496,53615,Peter Boehringer,AfD,no_show
5496,53854,René Bochmann,AfD,no
5496,53579,Andreas Bleck,AfD,no_show
5496,53716,Marc Bernhard,AfD,no
5496,53858,Barbara Benkstein,AfD,no
5496,53407,Roger Beckamp,AfD,no
5496,53994,Bernd Baumann,AfD,no
5496,53718,Christina Baum,AfD,no_show
5496,53864,Carolin Bachmann,AfD,no
5496,53581,Volker Wissing,FDP,no_show
5496,60126,Katharina Willkomm,FDP,yes
5496,54032,Nicole Westig,FDP,no_show
5496,53584,Sandra Weeser,FDP,abstain
5496,60616,Tim Wagner,FDP,no_show
5496,54027,Johannes Vogel,FDP,yes
5496,53569,Gerald Ullrich,FDP,abstain
5496,53635,Andrew Ullmann,FDP,yes
5496,53702,Florian Toncar,FDP,yes
5496,54041,Manfred Todtenhausen,FDP,yes
5496,53533,Nico Tippelt,FDP,no
5496,53631,Stephan Thomae,FDP,yes
5496,53698,Michael Theurer,FDP,yes
5496,54040,Jens Teutrine,FDP,yes
5496,53496,Linda Teuteberg,FDP,no
5496,53703,Benjamin Strasser,FDP,yes
5496,54024,Marie-Agnes Strack-Zimmermann,FDP,yes
5496,53710,Konrad Stockmeier,FDP,yes
5496,53548,Bettina Stark-Watzinger,FDP,yes
5496,53699,Judith Skudelny,FDP,yes
5496,53711,Rainer Semet,FDP,yes
5496,53708,Stephan Seiter,FDP,yes
5496,53460,Matthias Seestern-Pauly,FDP,no
5496,53456,Anja Schulz,FDP,yes
5496,53403,Ria Schröder,FDP,yes
5496,54031,Frank Schäffler,FDP,no_show
5496,54038,Christian Sauter,FDP,no
5496,54035,Bernd Reuther,FDP,no_show
5496,53486,Volker Redder,FDP,no_show
5496,54380,Claudia Raffelhüschen,FDP,abstain
5496,53530,Frank Müller-Rosentritt,FDP,no_show
5496,53551,Alexander Müller,FDP,yes
5496,54089,Max Mordhorst,FDP,yes
5496,54109,Christoph Meyer,FDP,yes
5496,53550,Till Mansmann,FDP,yes
5496,53637,Kristine Lütke,FDP,yes
5496,53663,Oliver Luksic,FDP,no_show
5496,53700,Michael Link,FDP,yes
5496,54023,Christian Lindner,FDP,no_show
5496,53549,Thorsten Lieb,FDP,yes
5496,53552,Jürgen Lenders,FDP,yes
5496,53633,Ulrich Lechte,FDP,yes
5496,53457,Konstantin Kuhle,FDP,yes
5496,54086,Wolfgang Kubicki,FDP,abstain
5496,53402,Michael Kruse,FDP,yes
5496,53582,Carina Konrad,FDP,yes
5496,53629,Lukas Köhler,FDP,yes
5496,53701,Pascal Kober,FDP,yes
5496,54110,Daniela Kluckert,FDP,yes
5496,53628,Karsten Klein,FDP,yes
5496,54122,Ann-Veruschka Jurisch,FDP,yes
5496,54087,Gyde Jensen-Bornhöft,FDP,yes
5496,54039,Olaf in der Beek,FDP,yes
5496,54030,Reinhard Houben,FDP,yes
5496,53706,Christoph Hoffmann,FDP,no_show
5496,53585,Manuel Höferlin,FDP,yes
5496,53459,Gero Hocker,FDP,no
5496,53627,Katja Hessel,FDP,yes
5496,53529,Torsten Herbst,FDP,yes
5496,54034,Markus Herbrand,FDP,no_show
5496,54037,Katrin Helling-Plahr,FDP,yes
5496,53554,Peter Heidt,FDP,yes
5496,53532,Ulrike Harzer,FDP,no_show
5496,53531,Philipp Hartewig,FDP,yes
5496,53638,Thomas Hacker,FDP,yes
5496,56410,Nils Gründer,FDP,yes
5496,53461,Anikó Glogowski-Merten,FDP,yes
5496,53458,Knut Gerschau,FDP,no
5496,54123,Martin Gassner-Herz,FDP,yes
5496,53636,Maximilian Funke-Kaiser,FDP,yes
5496,54029,Otto Fricke,FDP,yes
5496,53626,Daniel Föst,FDP,yes
5496,53506,Marcus Faber,FDP,yes
5496,53454,Christian Dürr,FDP,yes
5496,54028,Bijan Djir-Sarai,FDP,no_show
5496,54036,Carl-Julius Cronenberg,FDP,yes
5496,54033,Karlheinz Busen,FDP,yes
5496,54026,Marco Buschmann,FDP,yes
5496,53634,Sandra Bubendorfer-Licht,FDP,yes
5496,53583,Mario Brandenburg,FDP,yes
5496,53705,Jens Brandenburg,FDP,yes
5496,53497,Friedhelm Boginski,FDP,abstain
5496,53507,Ingo Bodtke,FDP,no
5496,53455,Jens Beeck,FDP,no
5496,53632,Nicole Bauer,FDP,yes
5496,60178,Christian Bartelt,FDP,yes
5496,54088,Christine Aschenberg-Dugnus,FDP,yes
5496,53704,Renata Alt,FDP,yes
5496,53639,Muhanad Al-Halak,FDP,yes
5496,53553,Katja Adler,FDP,no
5496,53709,Valentin Abel,FDP,yes
5496,53654,Tina Winklmann,BÜNDNIS 90/­DIE GRÜNEN,yes
5496,53477,Stefan Wenzel,BÜNDNIS 90/­DIE GRÜNEN,yes
5496,53648,Saskia Weishaupt,BÜNDNIS 90/­DIE GRÜNEN,no_show
5496,54377,Beate Walter-Rosenheimer,BÜNDNIS 90/­DIE GRÜNEN,yes
5496,53653,Johannes Wagner,BÜNDNIS 90/­DIE GRÜNEN,yes
5496,53418,Robin Wagener,BÜNDNIS 90/­DIE GRÜNEN,yes
5496,53651,Niklas Wagener,BÜNDNIS 90/­DIE GRÜNEN,yes
5496,53472,Julia Verlinden,BÜNDNIS 90/­DIE GRÜNEN,yes
5496,53801,Katrin Uhlig,BÜNDNIS 90/­DIE GRÜNEN,yes
5496,53561,Awet Tesfaiesus,BÜNDNIS 90/­DIE GRÜNEN,yes
5496,54135,Kassem Taher Saleh,BÜNDNIS 90/­DIE GRÜNEN,yes
5496,53557,Wolfgang Strengmann-Kuhn,BÜNDNIS 90/­DIE GRÜNEN,yes
5496,53780,Hanna Steinmüller,BÜNDNIS 90/­DIE GRÜNEN,yes
5496,54057,Till Steffen,BÜNDNIS 90/­DIE GRÜNEN,yes
5496,53536,Merle Spellerberg,BÜNDNIS 90/­DIE GRÜNEN,yes
5496,53428,Anne-Monika Spallek,BÜNDNIS 90/­DIE GRÜNEN,yes
5496,53419,Nyke Slawik,BÜNDNIS 90/­DIE GRÜNEN,yes
5496,53695,Melis Sekmen,BÜNDNIS 90/­DIE GRÜNEN,no_show
5496,53556,Kordula Schulz-Asche,BÜNDNIS 90/­DIE GRÜNEN,yes
5496,53470,Christina-Johanne Schröder,BÜNDNIS 90/­DIE GRÜNEN,no_show
5496,53652,Marlene Schönberger,BÜNDNIS 90/­DIE GRÜNEN,yes
5496,53647,Stefan Schmidt,BÜNDNIS 90/­DIE GRÜNEN,yes
5496,53417,Ulle Schauws,BÜNDNIS 90/­DIE GRÜNEN,no_show
5496,53696,Sebastian Schäfer,BÜNDNIS 90/­DIE GRÜNEN,yes
5496,54064,Jamila Anna Schäfer,BÜNDNIS 90/­DIE GRÜNEN,yes
5496,56408,Michael Sacher,BÜNDNIS 90/­DIE GRÜNEN,yes
5496,53588,Corinna Rüffer,BÜNDNIS 90/­DIE GRÜNEN,yes
5496,53643,Manuela Rottmann,BÜNDNIS 90/­DIE GRÜNEN,yes
5496,53640,Claudia Roth,BÜNDNIS 90/­DIE GRÜNEN,no_show
5496,53586,Tabea Rößner,BÜNDNIS 90/­DIE GRÜNEN,yes
5496,53697,Anja Reinalter,BÜNDNIS 90/­DIE GRÜNEN,yes
5496,53468,Filiz Polat,BÜNDNIS 90/­DIE GRÜNEN,yes
5496,53534,Paula Piechotta,BÜNDNIS 90/­DIE GRÜNEN,yes
5496,54134,Lisa Paus,BÜNDNIS 90/­DIE GRÜNEN,yes
5496,53479,Julian Pahlke,BÜNDNIS 90/­DIE GRÜNEN,yes
5496,53944,Cem Özdemir,BÜNDNIS 90/­DIE GRÜNEN,yes
5496,53476,Karoline Otte,BÜNDNIS 90/­DIE GRÜNEN,no_show
5496,54060,Omid Nouripour,BÜNDNIS 90/­DIE GRÜNEN,no_show
5496,54092,Konstantin von Notz,BÜNDNIS 90/­DIE GRÜNEN,yes
5496,53421,Ophelia Nick,BÜNDNIS 90/­DIE GRÜNEN,yes
5496,54091,Ingrid Nestle,BÜNDNIS 90/­DIE GRÜNEN,yes
5496,53424,Sara Nanni,BÜNDNIS 90/­DIE GRÜNEN,yes
5496,53688,Beate Müller-Gemmeke,BÜNDNIS 90/­DIE GRÜNEN,yes
5496,54138,Sascha Müller,BÜNDNIS 90/­DIE GRÜNEN,yes
5496,53989,Claudia Müller,BÜNDNIS 90/­DIE GRÜNEN,yes
5496,54113,Boris Mijatović,BÜNDNIS 90/­DIE GRÜNEN,yes
5496,53413,Irene Mihalic,BÜNDNIS 90/­DIE GRÜNEN,yes
5496,53478,Swantje Michaelsen,BÜNDNIS 90/­DIE GRÜNEN,yes
5496,53480,Susanne Menge,BÜNDNIS 90/­DIE GRÜNEN,yes
5496,53951,Zoe Mayer,BÜNDNIS 90/­DIE GRÜNEN,yes
5496,53558,Anna Lührmann,BÜNDNIS 90/­DIE GRÜNEN,no_show
5496,53422,Max Lucks,BÜNDNIS 90/­DIE GRÜNEN,yes
5496,54093,Denise Loop,BÜNDNIS 90/­DIE GRÜNEN,yes
5496,53587,Tobias Lindner,BÜNDNIS 90/­DIE GRÜNEN,yes
5496,53475,Helge Limburg,BÜNDNIS 90/­DIE GRÜNEN,yes
5496,53434,Anja Liebert,BÜNDNIS 90/­DIE GRÜNEN,yes
5496,53508,Steffi Lemke,BÜNDNIS 90/­DIE GRÜNEN,yes
5496,53799,Sven Lehmann,BÜNDNIS 90/­DIE GRÜNEN,yes
5496,53692,Ricarda Lang,BÜNDNIS 90/­DIE GRÜNEN,yes
5496,53429,Markus Kurth,BÜNDNIS 90/­DIE GRÜNEN,yes
5496,54108,Renate Künast,BÜNDNIS 90/­DIE GRÜNEN,yes
5496,60638,Franziska Krumwiede-Steiner,BÜNDNIS 90/­DIE GRÜNEN,yes
5496,60635,Jürgen Kretz,BÜNDNIS 90/­DIE GRÜNEN,yes
5496,53559,Philip Krämer,BÜNDNIS 90/­DIE GRÜNEN,yes
5496,53430,Laura Kraft,BÜNDNIS 90/­DIE GRÜNEN,yes
5496,53961,Chantal Kopf,BÜNDNIS 90/­DIE GRÜNEN,yes
5496,53834,Maria Klein-Schmeink,BÜNDNIS 90/­DIE GRÜNEN,yes
5496,53469,Sven-Christian Kindler,BÜNDNIS 90/­DIE GRÜNEN,yes
5496,53590,Misbah Khan,BÜNDNIS 90/­DIE GRÜNEN,yes
5496,53474,Katja Keul,BÜNDNIS 90/­DIE GRÜNEN,yes
5496,53499,Michael Kellner,BÜNDNIS 90/­DIE GRÜNEN,yes
5496,53485,Kirsten Kappert-Gonther,BÜNDNIS 90/­DIE GRÜNEN,yes
5496,53420,Lamya Kaddor,BÜNDNIS 90/­DIE GRÜNEN,yes
5496,54119,Dieter Janecek,BÜNDNIS 90/­DIE GRÜNEN,yes
5496,54094,Bruno Hönel,BÜNDNIS 90/­DIE GRÜNEN,yes
5496,60624,Ottmar von Holtz,BÜNDNIS 90/­DIE GRÜNEN,yes
5496,53641,Anton Hofreiter,BÜNDNIS 90/­DIE GRÜNEN,yes
5496,53555,Bettina Hoffmann,BÜNDNIS 90/­DIE GRÜNEN,yes
5496,53535,Bernhard Herrmann,BÜNDNIS 90/­DIE GRÜNEN,yes
5496,53427,Kathrin Henneberger,BÜNDNIS 90/­DIE GRÜNEN,yes
5496,53728,Linda Heitmann,BÜNDNIS 90/­DIE GRÜNEN,yes
5496,53412,Britta Haßelmann,BÜNDNIS 90/­DIE GRÜNEN,yes
5496,54125,Robert Habeck,BÜNDNIS 90/­DIE GRÜNEN,yes
5496,53432,Sabine Grützmacher,BÜNDNIS 90/­DIE GRÜNEN,yes
5496,53645,Erhard Grundl,BÜNDNIS 90/­DIE GRÜNEN,yes
5496,53589,Armin Grau,BÜNDNIS 90/­DIE GRÜNEN,yes
5496,54117,Katrin Göring-Eckardt,BÜNDNIS 90/­DIE GRÜNEN,yes
5496,53416,Jan-Niclas Gesenhues,BÜNDNIS 90/­DIE GRÜNEN,yes
5496,53781,Stefan Gelbhaar,BÜNDNIS 90/­DIE GRÜNEN,yes
5496,53423,Kai Gehring,BÜNDNIS 90/­DIE GRÜNEN,yes
5496,53691,Matthias Gastel,BÜNDNIS 90/­DIE GRÜNEN,yes
5496,53650,Tessa Ganserer,BÜNDNIS 90/­DIE GRÜNEN,yes
5496,53426,Schahina Gambir,BÜNDNIS 90/­DIE GRÜNEN,yes
5496,54101,Emilia Fester,BÜNDNIS 90/­DIE GRÜNEN,yes
5496,53693,Marcel Emmerich,BÜNDNIS 90/­DIE GRÜNEN,yes
5496,53655,Leon Eckert,BÜNDNIS 90/­DIE GRÜNEN,yes
5496,53689,Harald Ebner,BÜNDNIS 90/­DIE GRÜNEN,yes
5496,53560,Deborah Düring,BÜNDNIS 90/­DIE GRÜNEN,yes
5496,53414,Katharina Dröge,BÜNDNIS 90/­DIE GRÜNEN,yes
5496,53687,Sandra Detzer,BÜNDNIS 90/­DIE GRÜNEN,yes
5496,53642,Ekin Deligöz,BÜNDNIS 90/­DIE GRÜNEN,yes
5496,53431,Janosch Dahmen,BÜNDNIS 90/­DIE GRÜNEN,yes
5496,53690,Anna Christmann,BÜNDNIS 90/­DIE GRÜNEN,yes
5496,53473,Frank Bsirske,BÜNDNIS 90/­DIE GRÜNEN,yes
5496,53685,Agnieszka Brugger,BÜNDNIS 90/­DIE GRÜNEN,no_show
5496,53954,Franziska Brantner,BÜNDNIS 90/­DIE GRÜNEN,yes
5496,53433,Lukas Benner,BÜNDNIS 90/­DIE GRÜNEN,yes
5496,54100,Katharina Beck,BÜNDNIS 90/­DIE GRÜNEN,yes
5496,53788,Canan Bayram,BÜNDNIS 90/­DIE GRÜNEN,yes
5496,53649,Karl Bär,BÜNDNIS 90/­DIE GRÜNEN,yes
5496,53415,Felix Banaszak,BÜNDNIS 90/­DIE GRÜNEN,yes
5496,53498,Annalena Baerbock,BÜNDNIS 90/­DIE GRÜNEN,yes
5496,53646,Lisa Badum,BÜNDNIS 90/­DIE GRÜNEN,yes
5496,54121,Tobias B. Bacherle,BÜNDNIS 90/­DIE GRÜNEN,yes
5496,53425,Maik Außendorf,BÜNDNIS 90/­DIE GRÜNEN,yes
5496,53512,Andreas Audretsch,BÜNDNIS 90/­DIE GRÜNEN,yes
5496,54090,Luise Amtsberg,BÜNDNIS 90/­DIE GRÜNEN,yes
5496,53694,Stephanie Aeffner,BÜNDNIS 90/­DIE GRÜNEN,yes
5496,53952,Nicolas Zippelius,CDU/CSU,no
5496,53853,Paul Ziemiak,CDU/CSU,no
5496,53930,Emmi Zeulner,CDU/CSU,no
5496,53448,Mareike Lotte Wulf,CDU/CSU,no
5496,53942,Mechthilde Wittmann,CDU/CSU,no
5496,53933,Tobias Winkler,CDU/CSU,no
5496,53802,Elisabeth Winkelmeier-Becker,CDU/CSU,no
5496,53881,Klaus-Peter Willsch,CDU/CSU,no_show
5496,60632,Bettina Wiesmann,CDU/CSU,no
5496,53809,Klaus Wiener,CDU/CSU,no
5496,53970,Annette Widmann-Mauz,CDU/CSU,no
5496,53953,Kai Whittaker,CDU/CSU,no
5496,53405,Sabine Weiss,CDU/CSU,no
5496,53965,Maria-Lena Weiss,CDU/CSU,no
5496,54073,Anja Weisgerber,CDU/CSU,no
5496,53956,Nina Warken,CDU/CSU,no
5496,53517,Marco Wanderwitz,CDU/CSU,no
5496,54082,Johann Wadephul,CDU/CSU,no
5496,53991,Christoph de Vries,CDU/CSU,no
5496,54001,Oliver Vogt,CDU/CSU,no
5496,53999,Kerstin Vieregge,CDU/CSU,no
5496,54075,Volker Ullrich,CDU/CSU,no
5496,54370,Markus Uhl,CDU/CSU,no
5496,53996,Astrid Timmermann-Fechter,CDU/CSU,no_show
5496,53563,Antje Tillmann,CDU/CSU,no
5496,54081,Alexander Throm,CDU/CSU,no
5496,53849,Hans-Jürgen Thies,CDU/CSU,no
5496,53805,Hermann-Josef Tebroke,CDU/CSU,no
5496,54078,Christina Stumpp,CDU/CSU,no
5496,53923,Max Straubinger,CDU/CSU,no
5496,53943,Stephan Stracke,CDU/CSU,no
5496,53962,Diana Stöcker,CDU/CSU,no
5496,53778,Dieter Stier,CDU/CSU,no
5496,53948,Christian von Stetten,CDU/CSU,no
5496,53909,Johannes Steiniger,CDU/CSU,no
5496,53736,Albert Stegemann,CDU/CSU,no_show
5496,54063,Wolfgang Stefinger,CDU/CSU,no
5496,53916,Katrin Staffler,CDU/CSU,no
5496,53829,Jens Spahn,CDU/CSU,no
5496,53500,Tino Sorge,CDU/CSU,no
5496,53887,Björn Simon,CDU/CSU,no
5496,53927,Thomas Silberhorn,CDU/CSU,no
5496,53797,Detlef Seif,CDU/CSU,no
5496,53968,Felix Schreiner,CDU/CSU,no
5496,54369,Nadine Schön,CDU/CSU,no
5496,53903,Patrick Schnieder,CDU/CSU,no
5496,53489,Jana Schimke,CDU/CSU,no
5496,53518,Christiane Schenderlein,CDU/CSU,no
5496,53997,Catarina dos Santos-Wintz,CDU/CSU,no
5496,54071,Albert Rupprecht,CDU/CSU,no
5496,53898,Erwin Rüddel,CDU/CSU,no
5496,53484,Thomas Röwekamp,CDU/CSU,no
5496,53817,Stefan Rouenhoff,CDU/CSU,no
5496,53803,Norbert Röttgen,CDU/CSU,no_show
5496,53863,Lars Rohwer,CDU/CSU,no
5496,53972,Josef Rief,CDU/CSU,no
5496,53862,Markus Reichel,CDU/CSU,no
5496,53835,Henning Rehbaum,CDU/CSU,no
5496,53920,Peter Ramsauer,CDU/CSU,no
5496,54070,Alois Rainer,CDU/CSU,no
5496,54067,Alexander Radwan,CDU/CSU,no
5496,54002,Kerstin Radomski,CDU/CSU,no
5496,53795,Thomas Rachel,CDU/CSU,no
5496,53816,Martin Plum,CDU/CSU,no
5496,53990,Christoph Ploß,CDU/CSU,no
5496,54065,Stephan Pilsinger,CDU/CSU,no
5496,60617,Ingrid Pahlmann,CDU/CSU,no
5496,53749,Henning Otte,CDU/CSU,no_show
5496,53900,Josef Oster,CDU/CSU,no
5496,53922,Florian Oßner,CDU/CSU,no
5496,53957,Moritz Oppelt,CDU/CSU,no
5496,53794,Wilfried Oellers,CDU/CSU,no
5496,54084,Petra Nicolaisen,CDU/CSU,no
5496,54000,Stefan Nacke,CDU/CSU,no
5496,53932,Stefan Müller,CDU/CSU,no_show
5496,53447,Carsten Müller,CDU/CSU,no
5496,53775,Sepp Müller,CDU/CSU,no
5496,53852,Florian Müller,CDU/CSU,no
5496,53974,Axel Müller,CDU/CSU,no
5496,54076,Maximilian Mörseburg,CDU/CSU,no
5496,53981,Dietrich Monstadt,CDU/CSU,no
5496,53443,Mathias Middelberg,CDU/CSU,no_show
5496,53907,Jan Metzler,CDU/CSU,no
5496,53850,Friedrich Merz,CDU/CSU,no
5496,53890,Michael Meister,CDU/CSU,no
5496,53973,Volker Mayer-Lay,CDU/CSU,no
5496,53913,Stephan Mayer,CDU/CSU,no
5496,53739,Andreas Mattfeldt,CDU/CSU,no
5496,60631,Astrid Mannes,CDU/CSU,no
5496,53869,Yvonne Magwas,CDU/CSU,no
5496,53960,Klaus Mack,CDU/CSU,no
5496,53918,Daniela Ludwig,CDU/CSU,no_show
5496,53509,Jan-Marco Luczak,CDU/CSU,abstain
5496,54062,Bernhard Loos,CDU/CSU,no
5496,53538,Patricia Lips,CDU/CSU,no
5496,54131,Carsten Linnemann,CDU/CSU,no
5496,53937,Andrea Lindholz,CDU/CSU,no
5496,53914,Andreas Lenz,CDU/CSU,no
5496,53539,Katja Leikert,CDU/CSU,no_show
5496,54074,Paul Lehrieder,CDU/CSU,no
5496,53855,Jens Lehmann,CDU/CSU,no
5496,53928,Silke Launert,CDU/CSU,no
5496,53404,Armin Laschet,CDU/CSU,no_show
5496,53940,Ulrich Lange,CDU/CSU,no
5496,53446,Tilman Kuban,CDU/CSU,no
5496,53814,Günter Krings,CDU/CSU,no
5496,53959,Gunther Krichbaum,CDU/CSU,no
5496,53519,Carsten Körber,CDU/CSU,no
5496,53879,Markus Koob,CDU/CSU,no
5496,53831,Anne König,CDU/CSU,no
5496,53487,Jens Koeppen,CDU/CSU,no_show
5496,53738,Axel Knoerig,CDU/CSU,no
5496,53571,Julia Klöckner,CDU/CSU,no
5496,53851,Volkmar Klein,CDU/CSU,no
5496,54133,Ottilie Klein,CDU/CSU,no
5496,53796,Georg Kippels,CDU/CSU,no
5496,53919,Michael Kießling,CDU/CSU,no_show
5496,53950,Roderich Kiesewetter,CDU/CSU,no_show
5496,53971,Ronja Kemmer,CDU/CSU,no
5496,60622,Stefan Kaufmann,CDU/CSU,no
5496,53833,Anja Karliczek,CDU/CSU,no
5496,53967,Andreas Jung,CDU/CSU,no
5496,53811,Thomas Jarzombek,CDU/CSU,no
5496,53445,Anne Janssen,CDU/CSU,no
5496,53915,Erich Irlstorfer,CDU/CSU,no_show
5496,54003,Hubert Hüppe,CDU/CSU,no
5496,54099,Franziska Hoppermann,CDU/CSU,no
5496,53441,Hendrik Hoppenstedt,CDU/CSU,no_show
5496,53938,Alexander Hoffmann,CDU/CSU,no
5496,53562,Christian Hirte,CDU/CSU,no
5496,53924,Susanne Hierl,CDU/CSU,no
5496,53815,Ansgar Heveling,CDU/CSU,no
5496,53832,Marc Henrichmann,CDU/CSU,no
5496,54049,Mark Helfrich,CDU/CSU,no
5496,53784,Thomas Heilmann,CDU/CSU,no_show
5496,53899,Mechthild Heil,CDU/CSU,no_show
5496,53541,Stefan Heck,CDU/CSU,no
5496,53825,Matthias Hauer,CDU/CSU,no
5496,54378,Jürgen Hardt,CDU/CSU,no_show
5496,54066,Florian Hahn,CDU/CSU,no
5496,54130,Christian Haase,CDU/CSU,no
5496,53958,Olav Gutting,CDU/CSU,no
5496,53449,Fritz Güntzler,CDU/CSU,no
5496,53995,Serap Güler,CDU/CSU,no
5496,53782,Monika Grütters,CDU/CSU,no
5496,53735,Oliver Grundmann,CDU/CSU,no
5496,53891,Manfred Grund,CDU/CSU,no
5496,53945,Markus Grübel,CDU/CSU,no_show
5496,53442,Michael Grosse-Brömer,CDU/CSU,no
5496,53813,Hermann Gröhe,CDU/CSU,no
5496,53949,Inge Gräßle,CDU/CSU,no
5496,54080,Fabian Gramling,CDU/CSU,no
5496,54132,Jonas Geissler,CDU/CSU,no
5496,53572,Thomas Gebhart,CDU/CSU,no
5496,54083,Ingo Gädechens,CDU/CSU,no_show
5496,53935,Michael Frieser,CDU/CSU,no
5496,53929,Hans-Peter Friedrich,CDU/CSU,no_show
5496,53966,Thorsten Frei,CDU/CSU,no
5496,58167,Alexander Föhr,CDU/CSU,no
5496,53444,Enak Ferlemann,CDU/CSU,no
5496,53488,Uwe Feiler,CDU/CSU,no
5496,53947,Hermann Färber,CDU/CSU,no_show
5496,54068,Thomas Erndl,CDU/CSU,no
5496,53926,Martina Englhardt-Kopf,CDU/CSU,no
5496,53941,Alexander Engelhard,CDU/CSU,no
5496,53936,Ralph Edelhäußer,CDU/CSU,no
5496,53939,Hansjörg Durz,CDU/CSU,no
5496,53969,Michael Donth,CDU/CSU,no
5496,53921,Alexander Dobrindt,CDU/CSU,no
5496,54048,Astrid Damerow,CDU/CSU,no
5496,53790,Mario Czaja,CDU/CSU,no
5496,53730,Gitta Connemann,CDU/CSU,no
5496,53963,Yannick Bury,CDU/CSU,no
5496,53901,Marlon Bröhr,CDU/CSU,no
5496,53804,Carsten Brodesser,CDU/CSU,no
5496,53836,Ralph Brinkhaus,CDU/CSU,no
5496,53998,Michael Breilmann,CDU/CSU,no
5496,53773,Heike Brehmer,CDU/CSU,no
5496,53934,Sebastian Brehm,CDU/CSU,no_show
5496,53737,Silvia Breher,CDU/CSU,no
5496,53537,Helge Braun,CDU/CSU,no
5496,53917,Reinhard Brandl,CDU/CSU,no
5496,53877,Michael Brand,CDU/CSU,no_show
5496,53982,Simone Borchardt,CDU/CSU,no
5496,54079,Steffen Bilger,CDU/CSU,no
5496,54077,Marc Biadacz,CDU/CSU,no
5496,53810,Peter Beyer,CDU/CSU,no
5496,58127,Melanie Bernstein,CDU/CSU,no
5496,53975,Thomas Bareiß,CDU/CSU,no
5496,54072,Dorothee Bär,CDU/CSU,no
5496,53925,Peter Aumer,CDU/CSU,no
5496,53931,Artur Auernhammer,CDU/CSU,no
5496,53980,Philipp Amthor,CDU/CSU,no
5496,53884,Norbert Maria Altenkamp,CDU/CSU,no
5496,53450,Stephan Albani,CDU/CSU,no
5496,53490,Knut Abraham,CDU/CSU,no
5496,53725,Katrin Zschau,SPD,yes
5496,53885,Armand Zorn,SPD,yes
5496,53889,Jens Zimmermann,SPD,yes
5496,53762,Stefan Zierke,SPD,no_show
5496,54016,Gülistan Yüksel,SPD,no_show
5496,53771,Herbert Wollmann,SPD,no_show
5496,54007,Dirk Wiese,SPD,yes
5496,53753,Bernd Westphal,SPD,yes
5496,53576,Lena Werner,SPD,no_show
5496,53902,Joe Weingarten,SPD,no_show
5496,53886,Melanie Wegling,SPD,yes
5496,53611,Carmen Wegge,SPD,yes
5496,53770,Hannes Walter,SPD,yes
5496,53769,Maja Wallstein,SPD,yes
5496,53613,Carolin Wagner,SPD,yes
5496,53822,Dirk Vöpel,SPD,yes
5496,57246,Emily Vontz,SPD,yes
5496,53745,Marja-Liisa Völlers,SPD,yes
5496,53897,Frank Ullrich,SPD,no_show
5496,53681,Derya Türk-Nachbaur,SPD,yes
5496,53451,Anja Troff-Schaffarzyk,SPD,yes
5496,53594,Carsten Träger,SPD,yes
5496,53828,Markus Töns,SPD,yes
5496,53848,Michael Thews,SPD,yes
5496,53601,Claudia Tausend,SPD,yes
5496,54107,Ruppert Stüwe,SPD,yes
5496,53527,Nadja Sthamer,SPD,no_show
5496,54050,Mathias Stein,SPD,yes
5496,54051,Ralf Stegner,SPD,yes
5496,53609,Martina Stamm-Fibich,SPD,yes
5496,53741,Svenja Stadler,SPD,yes
5496,53678,Lina Seitzl,SPD,no_show
5496,53666,Rita Schwarzelühr-Sutter,SPD,yes
5496,54137,Andreas Schwarz,SPD,yes
5496,53838,Stefan Schwartze,SPD,yes
5496,53826,Frank Schwabe,SPD,yes
5496,54004,Svenja Schulze,SPD,yes
5496,53604,Michael Schrodi,SPD,yes
5496,53908,Christian Schreider,SPD,no_show
5496,53751,Johannes Schraps,SPD,yes
5496,53766,Olaf Scholz,SPD,no_show
5496,53895,Carsten Schneider,SPD,yes
5496,53734,Daniel Schneider,SPD,yes
5496,53875,Dagmar Schmidt,SPD,yes
5496,53760,Uwe Schmidt,SPD,yes
5496,53665,Nils Schmid,SPD,yes
5496,53600,Christoph Schmid,SPD,yes
5496,53841,Timo Schisanowski,SPD,yes
5496,53453,Peggy Schierenbeck,SPD,yes
5496,54008,Udo Schiefner,SPD,yes
5496,53603,Marianne Schieder,SPD,yes
5496,54129,Nina Scheer,SPD,yes
5496,53608,Johannes Schätzl,SPD,yes
5496,53748,Rebecca Schamber,SPD,yes
5496,53843,Axel Schäfer,SPD,yes
5496,53808,Ingo Schäfer,SPD,yes
5496,53729,Johann Saathoff,SPD,yes
5496,53759,Sarah Ryglewski,SPD,yes
5496,53598,Bernd Rützel,SPD,yes
5496,60633,Nadine Ruf,SPD,yes
5496,53568,Tina Rudolph,SPD,yes
5496,53573,Thorsten Rudolph,SPD,yes
5496,53872,Michael Roth,SPD,yes
5496,54014,Jessica Rosenthal,SPD,yes
5496,53667,Martin Rosemann,SPD,yes
5496,53596,Sebastian Roloff,SPD,yes
5496,53732,Dennis Rohde,SPD,yes
5496,54126,Sönke Rix,SPD,yes
5496,57091,Daniel Rinkert,SPD,yes
5496,53812,Andreas Rimkus,SPD,yes
5496,54021,Ye-One Rhie,SPD,yes
5496,60630,Martin Rabanus,SPD,yes
5496,53839,Achim Post,SPD,yes
5496,53846,Sabine Poschmann,SPD,yes
5496,53614,Jan Plobner,SPD,yes
5496,53978,Christian Petry,SPD,yes
5496,53845,Jens Peick,SPD,yes
5496,53880,Natalie Pawlik,SPD,yes
5496,53768,Mathias Papendieck,SPD,yes
5496,53761,Wiebke Papenbrock,SPD,yes
5496,53755,Christos Pantazis,SPD,yes
5496,54136,Aydan Özoğuz,SPD,yes
5496,53821,Mahmut Özdemir,SPD,yes
5496,53976,Josephine Ortleb,SPD,no_show
5496,53883,Lennard Oehl,SPD,no_show
5496,53610,Jörg Nürnberger,SPD,yes
5496,54012,Dietmar Nietan,SPD,yes
5496,53827,Brian Nickholz,SPD,yes
5496,53525,Rasha Nasr,SPD,yes
5496,53800,Rolf Mützenich,SPD,no_show
5496,53844,Michelle Müntefering,SPD,yes
5496,53865,Detlef Müller,SPD,yes
5496,53785,Michael Müller,SPD,yes
5496,53878,Bettina Müller,SPD,yes
5496,53731,Siemtje Möller,SPD,yes
5496,53793,Claudia Moll,SPD,yes
5496,53733,Susanne Mittag,SPD,yes
5496,53910,Matthias Mieves,SPD,yes
5496,53752,Matthias Miersch,SPD,yes
5496,53524,Kathrin Michel,SPD,yes
5496,53679,Robin Mesarosch,SPD,yes
5496,58124,Dirk-Ulrich Mende,SPD,yes
5496,53684,Takis Mehmet Ali,SPD,yes
5496,53606,Andreas Mehltretter,SPD,yes
5496,53668,Katja Mast,SPD,yes
5496,54112,Franziska Mascheck,SPD,yes
5496,53675,Parsa Marvi,SPD,yes
5496,54058,Dorothee Martin,SPD,yes
5496,54019,Zanda Martens,SPD,yes
5496,53523,Holger Mann,SPD,yes
5496,54056,Erik von Malottki,SPD,yes
5496,53574,Isabel Mackensen-Geis,SPD,yes
5496,53905,Tanja Machalet,SPD,yes
5496,53662,Thomas Lutze,SPD,yes
5496,54011,Bettina Lugk,SPD,no_show
5496,53807,Helge Lindh,SPD,yes
5496,53979,Esra Limbacher,SPD,yes
5496,54022,Luiza Licina-Bode,SPD,yes
5496,53682,Kevin Leiser,SPD,yes
5496,53767,Sylvia Lehmann,SPD,yes
5496,53806,Karl Lauterbach,SPD,yes
5496,53888,Andreas Larem,SPD,yes
5496,54017,Sarah Lahrkamp,SPD,no_show
5496,53786,Kevin Kühnert,SPD,yes
5496,53774,Martin Kröber,SPD,yes
5496,53754,Dunja Kreiser,SPD,yes
5496,53595,Anette Kramme,SPD,yes
5496,53764,Simona Koß,SPD,yes
5496,53593,Bärbel Kofler,SPD,yes
5496,54053,Tim Klüssendorf,SPD,yes
5496,54106,Annika Klose,SPD,yes
5496,53740,Lars Klingbeil,SPD,no_show
5496,54127,Kristian Klinck,SPD,yes
5496,53783,Helmut Kleebank,SPD,yes
5496,53772,Franziska Kersten,SPD,yes
5496,53674,Gabriele Katzmarek,SPD,yes
5496,54055,Anna Kassautzki,SPD,no_show
5496,53526,Carlos Kasper,SPD,yes
5496,53677,Macit Karaahmetoğlu,SPD,yes
5496,53567,Elisabeth Kaiser,SPD,yes
5496,53847,Oliver Kaczmarek,SPD,yes
5496,53680,Josip Juratovic,SPD,yes
5496,54054,Frank Junge,SPD,no_show
5496,53612,Markus Hümpfer,SPD,yes
5496,53904,Verena Hubertz,SPD,yes
5496,53672,Jasmina Hostert,SPD,abstain
5496,60639,Angela Hohmann,SPD,yes
5496,53912,Thomas Hitschler,SPD,yes
5496,60644,Heike Heubach,SPD,yes
5496,54010,Nadine Heselhaus,SPD,yes
5496,53452,Anke Hennig,SPD,yes
5496,54015,Wolfgang Hellmich,SPD,yes
5496,53599,Gabriela Heinrich,SPD,yes
5496,53757,Frauke Heiligenstadt,SPD,yes
5496,53750,Hubertus Heil,SPD,yes
5496,53824,Dirk Heidenblut,SPD,no_show
5496,54005,Sebastian Hartmann,SPD,yes
5496,54059,Metin Hakverdi,SPD,yes
5496,53597,Rita Hagl-Kehl,SPD,yes
5496,54128,Bettina Hagedorn,SPD,yes
5496,54006,Kerstin Griese,SPD,no_show
5496,53911,Angelika Glöckner,SPD,yes
5496,53671,Martin Gerster,SPD,no_show
5496,53830,Michael Gerdes,SPD,no_show
5496,53744,Manuel Gava,SPD,yes
5496,53528,Fabian Funke,SPD,yes
5496,53873,Edgar Franke,SPD,yes
5496,53823,Sebastian Fiedler,SPD,no_show
5496,53669,Johannes Fechner,SPD,yes
5496,53763,Ariane Fäscher,SPD,yes
5496,53664,Saskia Esken,SPD,yes
5496,53837,Wiebke Esdar,SPD,yes
5496,53683,Heike Engelhardt,SPD,yes
5496,53765,Sonja Eichwede,SPD,yes
5496,53842,Axel Echeverria,SPD,yes
5496,53727,Falko Droßmann,SPD,yes
5496,53876,Felix Döring,SPD,yes
5496,53605,Sabine Dittmar,SPD,yes
5496,53870,Esther Dilcher,SPD,yes
5496,53819,Jan Dieren,SPD,yes
5496,53575,Martin Diedenhofen,SPD,yes
5496,53777,Karamba Diaby,SPD,yes
5496,53787,Hakan Demir,SPD,yes
5496,56401,Daniela De Ridder,SPD,yes
5496,54009,Bernhard Daldrup,SPD,yes
5496,54020,Jürgen Coße,SPD,yes
5496,53673,Lars Castellucci,SPD,yes
5496,53955,Isabel Cademartori,SPD,yes
5496,53505,Katrin Budde,SPD,yes
5496,53670,Leni Breymaier,SPD,abstain
5496,53742,Jakob Blankenburg,SPD,yes
5496,54052,Bengt Bergt,SPD,yes
5496,53840,Jürgen Berghahn,SPD,no_show
5496,53893,Holger Becker,SPD,yes
5496,53820,Bärbel Bas,SPD,yes
5496,57240,Alexander Bartz,SPD,yes
5496,53874,Sören Bartol,SPD,yes
5496,54018,Nezahat Baradari,SPD,yes
5496,53906,Daniel Baldy,SPD,yes
5496,53607,Ulrike Bahr,SPD,yes
5496,53676,Heike Baehrens,SPD,yes
5496,53726,Johannes Arlt,SPD,yes
5496,53992,Niels Annen,SPD,yes
5496,54013,Dagmar Andres,SPD,no_show
5496,53724,Reem Alabali Radovan,SPD,yes
5496,53746,Adis Ahmetović,SPD,yes
5496,53798,Sanae Abdi,SPD,no_show
878,41105,Christiane Ratjen-Damerau,FDP,yes
878,38797,Manfred Zöllmer,SPD,yes
878,41033,Willi Zylajew,CDU/CSU,yes
878,44261,Brigitte Zypries,SPD,yes
878,41052,Wolfgang Zöller,CDU/CSU,yes
878,40255,Volker Wissing,FDP,yes
878,38811,Dagmar Wöhrl,CDU/CSU,yes
878,40753,Hartfrid Wolff,FDP,yes
878,38814,Waltraud Wolff,SPD,yes
878,44342,Uta Zapf,SPD,yes
878,38806,Dagmar Ziegler,SPD,yes
878,38791,Matthias Zimmer,CDU/CSU,yes
878,40607,Claudia Winterstein,FDP,yes
878,40828,Josef Winkler,DIE GRÜNEN,yes
878,38827,Klaus-Peter Willsch,CDU/CSU,yes
878,38829,Valerie Wilms,DIE GRÜNEN,yes
878,38832,Elisabeth Winkelmeier-Becker,CDU/CSU,yes
878,40613,Dieter Wiefelspütz,SPD,yes
878,41050,Wolfgang Wieland,DIE GRÜNEN,yes
878,38845,Peter Weiß,CDU/CSU,yes
878,38842,Sabine Weiss,CDU/CSU,yes
878,38848,Ingo Wellenreuther,CDU/CSU,yes
878,38851,Karl-Georg Wellmann,CDU/CSU,yes
878,40626,Guido Westerwelle,FDP,yes
878,38837,Peter Wichtel,CDU/CSU,yes
878,38823,Andrea Wicklein,SPD,yes
878,40537,Annette Widmann-Mauz,CDU/CSU,yes
878,44318,Heidemarie Wieczorek-Zeul,SPD,yes
878,38857,Kai Wegner,CDU/CSU,yes
878,38864,Marcus Weinberg,CDU/CSU,yes
878,40518,Andrea Voßhoff,CDU/CSU,yes
878,38658,Johann Wadephul,CDU/CSU,yes
878,41098,Daniela Wagner,DIE GRÜNEN,yes
878,38867,Marco Wanderwitz,CDU/CSU,yes
878,38893,Volkmar Vogel,CDU/CSU,yes
878,41171,Stefanie Vogelsang,CDU/CSU,yes
878,38898,Ute Vogt,SPD,yes
878,40611,Daniel Volk,FDP,yes
878,44304,Marlies Volkmer,SPD,yes
878,41137,Johannes Vogel,FDP,yes
878,39834,Wolfgang Tiefensee,SPD,yes
878,38913,Antje Tillmann,CDU/CSU,yes
878,41169,Serkan Tören,FDP,yes
878,40620,Florian Toncar,FDP,yes
878,38799,Markus Tressel,DIE GRÜNEN,yes
878,38907,Jürgen Trittin,DIE GRÜNEN,yes
878,44381,Hans-Peter Uhl,CDU/CSU,yes
878,39080,Rüdiger Veit,SPD,yes
878,41048,Wolfgang Thierse,SPD,yes
878,44264,Franz Thönnes,SPD,yes
878,40993,Stephan Thomae,FDP,yes
878,38930,Kerstin Tack,SPD,yes
878,38935,Peter Tauber,CDU/CSU,yes
878,38918,Harald Terpe,DIE GRÜNEN,yes
878,38927,Michael Stübgen,CDU/CSU,yes
878,38924,Lena Strothmann,CDU/CSU,yes
878,38956,Frank-Walter Steinmeier,SPD,yes
878,38880,Christian von Stetten,CDU/CSU,yes
878,38952,Gero Storjohann,CDU/CSU,yes
878,38948,Stephan Stracke,CDU/CSU,yes
878,38946,Christoph Strässer,SPD,yes
878,38943,Max Straubinger,CDU/CSU,yes
878,38940,Karin Strenz,CDU/CSU,yes
878,38921,Thomas Strobl,CDU/CSU,yes
878,41104,Dorothea Steiner,DIE GRÜNEN,yes
878,38961,Peer Steinbrück,SPD,yes
878,44351,Erika Steinbach,CDU/CSU,yes
878,38967,Sonja Steffen,SPD,yes
878,38970,Frank Steffel,CDU/CSU,yes
878,38972,Carola Stauche,CDU/CSU,yes
878,41173,Torsten Staffeldt,FDP,yes
878,40650,Max Stadler,FDP,yes
878,41134,Joachim Spatz,FDP,yes
878,38977,Jens Spahn,CDU/CSU,yes
878,40634,Hermann Otto Solms,FDP,yes
878,45212,Carsten Sieling,SPD,yes
878,38677,Thomas Silberhorn,CDU/CSU,yes
878,41029,Werner Simmling,FDP,yes
878,38680,Johannes Singhammer,CDU/CSU,yes
878,41139,Judith Skudelny,FDP,yes
878,38672,Reinhold Sendker,CDU/CSU,yes
878,38674,Patrick Sensburg,CDU/CSU,yes
878,38987,Stefan Schwartze,SPD,yes
878,40952,Erik Schweickert,FDP,yes
878,38667,Detlef Seif,CDU/CSU,yes
878,38669,Johannes Selle,CDU/CSU,yes
878,40973,Rolf Schwanitz,SPD,yes
878,40890,Martin Schwanholz,SPD,yes
878,40882,Marina Schuster,FDP,yes
878,38985,Frank Schwabe,SPD,yes
878,38982,Armin Schuster,CDU/CSU,yes
878,44591,Ewald Schurer,SPD,yes
878,44354,Bernhard Schulte-Drüggelte,CDU/CSU,yes
878,41133,Jimmy Schulz,FDP,yes
878,38998,Swen Schulz,SPD,yes
878,38683,Uwe Schummer,CDU/CSU,yes
878,38687,Frithjof Schmidt,DIE GRÜNEN,yes
878,40987,Silvia Schmidt,SPD,yes
878,39011,Ulla Schmidt,SPD,yes
878,39014,Carsten Schneider,SPD,yes
878,38689,Patrick Schnieder,CDU/CSU,yes
878,40575,Christoph Schnurr,FDP,yes
878,39863,Andreas Schockenhoff,CDU/CSU,yes
878,39510,Helmut Heiderich,CDU/CSU,yes
878,40928,Ottmar Schreiner,SPD,yes
878,39055,Christian Schmidt,CDU/CSU,yes
878,39029,Wolfgang Schäuble,CDU/CSU,yes
878,39026,Elisabeth Scharfenberg,DIE GRÜNEN,yes
878,44369,Annette Schavan,CDU/CSU,yes
878,44299,Christine Scheel,DIE GRÜNEN,yes
878,44295,Bernd Scheelen,SPD,yes
878,39034,Andreas Scheuer,CDU/CSU,yes
878,44598,Gerhard Schick,DIE GRÜNEN,yes
878,39037,Marianne Schieder,SPD,yes
878,44379,Werner Schieder,SPD,yes
878,39041,Karl Schiewerling,CDU/CSU,yes
878,39045,Norbert Schindler,CDU/CSU,yes
878,39047,Tankred Schipanski,CDU/CSU,yes
878,40719,Georg Schirmbeck,CDU/CSU,yes
878,40558,Björn Sänger,FDP,yes
878,40859,Krista Sager,DIE GRÜNEN,yes
878,39052,Manuel Sarrazin,DIE GRÜNEN,yes
878,40149,Anton Schaaf,SPD,yes
878,39020,Anita Schäfer,CDU/CSU,yes
878,39023,Axel Schäfer,SPD,yes
878,40887,Marlene Rupprecht,SPD,yes
878,39084,Albert Rupprecht,CDU/CSU,yes
878,41115,Stefan Ruppert,FDP,yes
878,39071,Michael Roth,SPD,yes
878,40605,Christian Ruck,CDU/CSU,yes
878,39077,Erwin Rüddel,CDU/CSU,yes
878,40842,Karin Roth,SPD,yes
878,39068,Claudia Roth,DIE GRÜNEN,yes
878,39063,Ernst Dieter Rossmann,SPD,yes
878,39074,Norbert Röttgen,CDU/CSU,yes
878,39065,Tabea Rößner,DIE GRÜNEN,yes
878,39093,René Röspel,SPD,yes
878,39089,Johannes Röring,CDU/CSU,yes
878,41114,Peter Röhlinger,FDP,yes
878,39115,Sönke Rix,SPD,yes
878,44267,Heinz Riesenhuber,CDU/CSU,yes
878,44575,Carola Reimann,SPD,yes
878,40600,Birgit Reinemund,FDP,yes
878,39109,Lothar Riebsamen,CDU/CSU,yes
878,39111,Josef Rief,CDU/CSU,yes
878,40855,Klaus Riegert,CDU/CSU,yes
878,39096,Mechthild Rawert,SPD,yes
878,39101,Eckhardt Rehberg,CDU/CSU,yes
878,39104,Katherina Reiche,CDU/CSU,yes
878,39107,Gerold Reichenbach,SPD,yes
878,39120,Peter Ramsauer,CDU/CSU,yes
878,38788,Sascha Raabe,SPD,yes
878,39127,Thomas Rachel,CDU/CSU,yes
878,39144,Florian Pronold,SPD,yes
878,39141,Wilhelm Priesmeier,SPD,yes
878,39138,Brigitte Pothmer,DIE GRÜNEN,yes
878,44270,Joachim Poß,SPD,yes
878,39132,Eckhard Pols,CDU/CSU,yes
878,40580,Cornelia Pieper,FDP,yes
878,40730,Gisela Piltz,FDP,yes
878,39839,Ronald Pofalla,CDU/CSU,yes
878,41096,Christoph Poland,CDU/CSU,yes
878,40976,Ruprecht Polenz,CDU/CSU,yes
878,39154,Sibylle Pfeiffer,CDU/CSU,yes
878,40826,Johannes Pflug,SPD,yes
878,40545,Beatrix Philipp,CDU/CSU,yes
878,39151,Joachim Pfeiffer,CDU/CSU,yes
878,39148,Ulrich Petzold,CDU/CSU,yes
878,44375,Heinz Paula,SPD,yes
878,39158,Lisa Paus,DIE GRÜNEN,yes
878,40967,Rita Pawelski,CDU/CSU,yes
878,40742,Hans-Joachim Otto,FDP,yes
878,39175,Henning Otte,CDU/CSU,yes
878,40680,Eduard Oswald,CDU/CSU,yes
878,39180,Omid Nouripour,DIE GRÜNEN,yes
878,39184,Georg Nüßlein,CDU/CSU,yes
878,39169,Aydan Özoğuz,SPD,yes
878,39188,Thomas Oppermann,SPD,yes
878,40789,Holger Ortel,SPD,yes
878,39171,Friedrich Ostendorff,DIE GRÜNEN,yes
878,38660,Konstantin von Notz,DIE GRÜNEN,yes
878,40955,Martin Neumann,FDP,yes
878,40591,Dirk Niebel,FDP,yes
878,39197,Michaela Noll,CDU/CSU,yes
878,39209,Philipp Murmann,CDU/CSU,yes
878,38695,Andrea Nahles,SPD,yes
878,41131,Ingrid Nestle,DIE GRÜNEN,yes
878,41054,Bernd Neumann,CDU/CSU,yes
878,41068,Franz Müntefering,SPD,yes
878,38692,Rolf Mützenich,SPD,yes
878,40950,Petra Müller,FDP,yes
878,39202,Stefan Müller,CDU/CSU,yes
878,39206,Beate Müller-Gemmeke,DIE GRÜNEN,yes
878,41058,Burkhardt Müller-Sönksen,FDP,yes
878,40804,Jan Mücke,FDP,yes
878,39214,Gerd Müller,CDU/CSU,yes
878,40846,Kerstin Müller,DIE GRÜNEN,yes
878,39007,Nadine Schön,CDU/CSU,yes
878,38699,Marlene Mortler,CDU/CSU,yes
878,40810,Jerzy Montag,DIE GRÜNEN,yes
878,40712,Gabriele Molitor,FDP,yes
878,39218,Dietrich Monstadt,CDU/CSU,yes
878,39224,Philipp Mißfelder,CDU/CSU,yes
878,39245,Angela Merkel,CDU/CSU,yes
878,44334,Petra Merkel,SPD,yes
878,41174,Ullrich Meßmer,SPD,yes
878,44273,Maria Michalk,CDU/CSU,yes
878,39230,Hans Michelbach,CDU/CSU,yes
878,39232,Mathias Middelberg,CDU/CSU,yes
878,39235,Matthias Miersch,SPD,yes
878,39241,Michael Meister,CDU/CSU,yes
878,38884,Hans-Georg von der Marwitz,CDU/CSU,yes
878,39252,Katja Mast,SPD,yes
878,39254,Andreas Mattfeldt,CDU/CSU,yes
878,38704,Hilde Mattheis,SPD,yes
878,39238,Stephan Mayer,CDU/CSU,yes
878,40792,Horst Meierhofer,FDP,yes
878,40939,Patrick Meinhardt,FDP,yes
878,39249,Caren Marks,SPD,yes
878,39693,Thomas de Maizière,CDU/CSU,yes
878,38763,Agnieszka Brugger,DIE GRÜNEN,yes
878,40654,Michael Luther,CDU/CSU,yes
878,39259,Karin Maag,CDU/CSU,yes
878,44255,Nicole Maisch,DIE GRÜNEN,yes
878,41156,Oliver Luksic,FDP,yes
878,39269,Carsten Linnemann,CDU/CSU,yes
878,39272,Patricia Lips,CDU/CSU,yes
878,39274,Burkhard Lischka,SPD,yes
878,44357,Gabriele Lösekrug-Möller,SPD,yes
878,40617,Erwin Lotter,FDP,yes
878,39266,Jan-Marco Luczak,CDU/CSU,yes
878,39261,Kirsten Lühmann,SPD,yes
878,40978,Sabine Leutheusser-Schnarrenberger,FDP,yes
878,38882,Ursula von der Leyen,CDU/CSU,yes
878,44905,Ingbert Liebing,CDU/CSU,yes
878,39278,Matthias Lietz,CDU/CSU,yes
878,41181,Lars Lindemann,FDP,yes
878,41093,Christian Lindner,FDP,yes
878,41112,Martin Lindner,FDP,yes
878,40906,Michael Link,FDP,yes
878,39299,Paul Lehrieder,CDU/CSU,yes
878,44316,Harald Leibrecht,FDP,yes
878,39327,Ulrich Lange,CDU/CSU,yes
878,40982,Sibylle Laurischk,FDP,yes
878,39330,Karl Lauterbach,SPD,yes
878,40652,Max Lehmer,CDU/CSU,yes
878,39322,Katharina Landgraf,CDU/CSU,yes
878,40763,Heinz Lanfermann,FDP,yes
878,39325,Christian Lange,SPD,yes
878,39316,Andreas Lämmel,CDU/CSU,yes
878,39310,Christine Lambrecht,SPD,yes
878,39313,Karl A. Lamers,CDU/CSU,yes
878,39319,Norbert Lammert,CDU/CSU,yes
878,40632,Hermann Kues,CDU/CSU,yes
878,40708,Fritz Kuhn,DIE GRÜNEN,yes
878,44344,Ute Kumpf,SPD,yes
878,38711,Markus Kurth,DIE GRÜNEN,yes
878,40937,Patrick Kurth,FDP,yes
878,41020,Undine Kurth,DIE GRÜNEN,yes
878,39306,Günter Lach,CDU/CSU,yes
878,39336,Renate Künast,DIE GRÜNEN,yes
878,39342,Stephan Kühn,DIE GRÜNEN,yes
878,41086,Agnes Krumwiede,DIE GRÜNEN,yes
878,39364,Rüdiger Kruse,CDU/CSU,yes
878,39339,Bettina Kudla,CDU/CSU,yes
878,40529,Angelika Krüger-Leißner,SPD,yes
878,44328,Nicolette Kressl,SPD,yes
878,39350,Michael Kretschmer,CDU/CSU,yes
878,39353,Gunther Krichbaum,CDU/CSU,yes
878,39356,Günter Krings,CDU/CSU,yes
878,39358,Oliver Krischer,DIE GRÜNEN,yes
878,39345,Anette Kramme,SPD,yes
878,38714,Sylvia Kotting-Uhl,DIE GRÜNEN,yes
878,41006,Thomas Kossendey,CDU/CSU,yes
878,39367,Hartmut Koschyk,CDU/CSU,yes
878,40834,Jürgen Koppelin,FDP,yes
878,40734,Gudrun Kopp,FDP,yes
878,39377,Daniela Kolbe,SPD,yes
878,41080,Ute Koczy,DIE GRÜNEN,yes
878,39369,Tom Koenigs,DIE GRÜNEN,yes
878,39372,Jens Koeppen,CDU/CSU,yes
878,41166,Sebastian Körber,FDP,yes
878,40710,Fritz Rudolf Körper,SPD,yes
878,39375,Bärbel Kofler,SPD,yes
878,40630,Heinrich Kolb,FDP,yes
878,39382,Axel Knoerig,CDU/CSU,yes
878,41110,Lutz Knopek,FDP,yes
878,40933,Pascal Kober,FDP,yes
878,40751,Hans-Ulrich Klose,SPD,yes
878,39410,Uwe Kekeritz,DIE GRÜNEN,yes
878,44769,Ulrich Kelber,SPD,yes
878,39396,Katja Keul,DIE GRÜNEN,yes
878,39394,Roderich Kiesewetter,CDU/CSU,yes
878,38722,Sven-Christian Kindler,DIE GRÜNEN,yes
878,44311,Eckart von Klaeden,CDU/CSU,yes
878,38720,Volkmar Klein,CDU/CSU,yes
878,39384,Maria Klein-Schmeink,DIE GRÜNEN,yes
878,38784,Jürgen Klimke,CDU/CSU,yes
878,39386,Lars Klingbeil,SPD,yes
878,40984,Siegfried Kauder,CDU/CSU,yes
878,39406,Volker Kauder,CDU/CSU,yes
878,39408,Stefan Kaufmann,CDU/CSU,yes
878,40913,Michael Kauch,FDP,yes
878,40997,Susanne Kastner,SPD,yes
878,39416,Alois Karl,CDU/CSU,yes
878,39402,Bernhard Kaster,CDU/CSU,yes
878,39438,Franz-Josef Jung,CDU/CSU,yes
878,39431,Josip Juratovic,SPD,yes
878,38725,Oliver Kaczmarek,SPD,yes
878,39426,Johannes Kahrs,SPD,yes
878,44258,Bartholomäus Kalb,CDU/CSU,yes
878,44373,Heiner Kamp,FDP,yes
878,39420,Steffen Kampeter,CDU/CSU,yes
878,41102,Dieter Jasper,CDU/CSU,yes
878,39428,Egon Jüttner,CDU/CSU,yes
878,38742,Andreas Jung,CDU/CSU,yes
878,41002,Thilo Hoppe,DIE GRÜNEN,yes
878,40673,Werner Hoyer,FDP,yes
878,39452,Anette Hübinger,CDU/CSU,yes
878,44297,Christel Humme,SPD,yes
878,39448,Thomas Jarzombek,CDU/CSU,yes
878,39460,Eva Högl,SPD,yes
878,44279,Bärbel Höhn,DIE GRÜNEN,yes
878,40801,Ingrid Hönlinger,DIE GRÜNEN,yes
878,40814,Joachim Hörster,CDU/CSU,yes
878,44313,Elke Hoff,FDP,yes
878,39469,Anton Hofreiter,DIE GRÜNEN,yes
878,39462,Karl Holmeier,CDU/CSU,yes
878,39465,Franz-Josef Holzenkamp,CDU/CSU,yes
878,40831,Jürgen Herrmann,CDU/CSU,yes
878,39493,Gustav Herzog,SPD,yes
878,39495,Ansgar Heveling,CDU/CSU,yes
878,39498,Gabriele Hiller-Ohm,SPD,yes
878,40692,Ernst Hinsken,CDU/CSU,yes
878,39501,Peter Hintze,CDU/CSU,yes
878,39504,Petra Hinz,SPD,yes
878,39844,Priska Hinz,DIE GRÜNEN,yes
878,38735,Christian Hirte,CDU/CSU,yes
878,39473,Robert Hochbaum,CDU/CSU,yes
878,41147,Manuel Höferlin,FDP,yes
878,39281,Tobias Lindner,DIE GRÜNEN,yes
878,41056,Bettina Herlitzius,DIE GRÜNEN,yes
878,39519,Frank Heinrich,CDU/CSU,yes
878,40970,Rolf Hempelmann,SPD,yes
878,39484,Barbara Hendricks,SPD,yes
878,39487,Rudolf Henke,CDU/CSU,yes
878,39490,Michael Hennrich,CDU/CSU,yes
878,39528,Britta Haßelmann,DIE GRÜNEN,yes
878,40765,Heinz-Peter Haustein,FDP,yes
878,39508,Matthias Heider,CDU/CSU,yes
878,39513,Hubertus Heil,SPD,yes
878,39515,Mechthild Heil,CDU/CSU,yes
878,44339,Ursula Heinen-Esser,CDU/CSU,yes
878,40740,Hans-Joachim Hacker,SPD,yes
878,40852,Klaus Hagemann,SPD,yes
878,39536,Florian Hahn,CDU/CSU,yes
878,40603,Christel Happach-Kasan,FDP,yes
878,44765,Stephan Harbarth,CDU/CSU,yes
878,38731,Jürgen Hardt,CDU/CSU,yes
878,44386,Michael Hartmann,SPD,yes
878,39525,Gerda Hasselfeldt,CDU/CSU,yes
878,39552,Olav Gutting,CDU/CSU,yes
878,39567,Manfred Grund,CDU/CSU,yes
878,40917,Miriam Gruß,FDP,yes
878,40812,Joachim Günther,FDP,yes
878,39556,Wolfgang Gunkel,SPD,yes
878,39573,Michael Groß,SPD,yes
878,40910,Michael Grosse-Brömer,CDU/CSU,yes
878,39564,Markus Grübel,CDU/CSU,yes
878,39571,Monika Grütters,CDU/CSU,yes
878,38745,Reinhard Grindel,CDU/CSU,yes
878,38749,Hermann Gröhe,CDU/CSU,yes
878,41154,Michael Groschek,SPD,yes
878,39581,Ulrike Gottschalck,SPD,yes
878,44372,Angelika Graf,SPD,yes
878,44377,Ute Granold,CDU/CSU,yes
878,40946,Peter Götz,CDU/CSU,yes
878,40676,Wolfgang Götzer,CDU/CSU,yes
878,40747,Hans-Michael Goldmann,FDP,yes
878,37944,Heinz Golombeck,FDP,yes
878,39593,Eberhard Gienger,CDU/CSU,yes
878,39586,Iris Gleicke,SPD,yes
878,40736,Günter Gloser,SPD,yes
878,44348,Josef Göppel,CDU/CSU,yes
878,38779,Katrin Göring-Eckardt,DIE GRÜNEN,yes
878,39590,Martin Gerster,SPD,yes
878,39600,Alois Gerig,CDU/CSU,yes
878,44309,Wolfgang Gerhardt,FDP,yes
878,39598,Michael Gerdes,SPD,yes
878,39615,Alexander Funk,CDU/CSU,yes
878,39603,Sigmar Gabriel,SPD,yes
878,39605,Ingo Gädechens,CDU/CSU,yes
878,39607,Thomas Gambke,DIE GRÜNEN,yes
878,39613,Thomas Gebhart,CDU/CSU,yes
878,39596,Kai Gehring,DIE GRÜNEN,yes
878,40922,Norbert Geis,CDU/CSU,yes
878,44346,Edmund Geisen,FDP,yes
878,40687,Erich Georg Fritz,CDU/CSU,yes
878,39624,Michael Fuchs,CDU/CSU,yes
878,38753,Hans-Joachim Fuchtel,CDU/CSU,yes
878,39620,Michael Frieser,CDU/CSU,yes
878,39618,Hans-Peter Friedrich,CDU/CSU,yes
878,40757,Hartwig Fischer,CDU/CSU,yes
878,41017,Ulrike Flach,FDP,yes
878,39641,Maria Flachsbarth,CDU/CSU,yes
878,44389,Klaus-Peter Flosbach,CDU/CSU,yes
878,39631,Gabriele Fograscher,SPD,yes
878,39633,Edgar Franke,SPD,yes
878,39627,Dagmar Freitag,SPD,yes
878,40931,Otto Fricke,FDP,yes
878,40941,Paul Klemens Friedhoff,FDP,yes
878,39638,Dirk Fischer,CDU/CSU,yes
878,44392,Elke Ferner,SPD,yes
878,39644,Ingrid Fischbach,CDU/CSU,yes
878,43871,Axel Eduard Fischer,CDU/CSU,yes
878,39661,Enak Ferlemann,CDU/CSU,yes
878,40744,Hans-Josef Fell,DIE GRÜNEN,yes
878,44321,Jörg van Essen,FDP,yes
878,39654,Karin Evers-Meyer,SPD,yes
878,38755,Thomas Feist,CDU/CSU,yes
878,39650,Petra Ernstberger,SPD,yes
878,38761,Gernot Erler,SPD,yes
878,41160,Rainer Erdel,FDP,yes
878,40898,Mechthild Dyckmans,FDP,yes
878,39848,Sebastian Edathy,SPD,yes
878,38758,Siegmund Ehrmann,SPD,yes
878,40683,Elvira Drobinski-Weiß,SPD,yes
878,40714,Garrelt Duin,SPD,yes
878,39669,Martin Dörmann,SPD,yes
878,39671,Katja Dörner,DIE GRÜNEN,yes
878,39674,Marie-Luise Dött,CDU/CSU,yes
878,39690,Alexander Dobrindt,CDU/CSU,yes
878,39666,Thomas Dörflinger,CDU/CSU,yes
878,40936,Patrick Döring,FDP,yes
878,40552,Bijan Djir-Sarai,FDP,yes
878,39682,Ekin Deligöz,DIE GRÜNEN,yes
878,41161,Reiner Deutschmann,FDP,yes
878,39714,Cajus Caesar,CDU/CSU,yes
878,40767,Helga Daub,FDP,yes
878,39703,Petra Crone,SPD,yes
878,41175,Viola von Cramon-Taubadel,DIE GRÜNEN,yes
878,39717,Martin Burkert,SPD,yes
878,40873,Marco Buschmann,FDP,yes
878,38481,Sylvia Canel,FDP,yes
878,40690,Ernst Burgbacher,FDP,yes
878,39723,Edelgard Bulmahn,SPD,yes
878,41010,Ulla Burchardt,SPD,yes
878,40525,Angelika Brunkhorst,FDP,yes
878,40958,Rainer Brüderle,FDP,yes
878,39733,Willi Brase,SPD,yes
878,44282,Ralf Brauksiepe,CDU/CSU,yes
878,39735,Helge Braun,CDU/CSU,yes
878,39737,Heike Brehmer,CDU/CSU,yes
878,40850,Klaus Breil,FDP,yes
878,39739,Ralph Brinkhaus,CDU/CSU,yes
878,39728,Helmut Brandt,CDU/CSU,yes
878,38769,Michael Brand,CDU/CSU,yes
878,39725,Reinhard Brandl,CDU/CSU,yes
878,40849,Klaus Brandner,SPD,yes
878,39751,Norbert Brackmann,CDU/CSU,yes
878,39754,Klaus Brähmig,CDU/CSU,yes
878,41155,Nicole Bracht-Bendt,FDP,yes
878,39749,Wolfgang Bosbach,CDU/CSU,yes
878,39098,Stefan Rebmann,SPD,yes
878,40722,Gerd Friedrich Bollmann,SPD,yes
878,44360,Maria Böhmer,CDU/CSU,yes
878,41040,Wolfgang Börnsen,CDU/CSU,yes
878,41097,Claudia Bögel-Hoyer,FDP,yes
878,40979,Sebastian Blumenthal,FDP,yes
878,39742,Peter Bleser,CDU/CSU,yes
878,39757,Clemens Binninger,CDU/CSU,yes
878,39760,Lothar Binding,SPD,yes
878,39762,Steffen Bilger,CDU/CSU,yes
878,39767,Peter Beyer,CDU/CSU,yes
878,41117,Florian Bernschneider,FDP,yes
878,40557,Birgitt Bender,DIE GRÜNEN,yes
878,39771,Christoph Bergner,CDU/CSU,yes
878,39775,Veronika Bellmann,CDU/CSU,yes
878,39777,Manfred Behrens,CDU/CSU,yes
878,44286,Uwe Beckmeyer,SPD,yes
878,40578,Cornelia Behm,DIE GRÜNEN,yes
878,39792,Volker Beck,DIE GRÜNEN,yes
878,40695,Ernst-Reinhard Beck,CDU/CSU,yes
878,39786,Helmut Günter Baumann,CDU/CSU,yes
878,39783,Bärbel Bas,SPD,yes
878,38775,Sören Bartol,SPD,yes
878,39801,Norbert Barthle,CDU/CSU,yes
878,39798,Klaus Barthel,SPD,yes
878,44289,Hans-Peter Bartels,SPD,yes
878,39795,Doris Barnett,SPD,yes
878,39804,Thomas Bareiß,CDU/CSU,yes
878,39806,Heinz-Joachim Barchmann,SPD,yes
878,40582,Daniel Bahr,FDP,yes
878,39809,Dorothee Bär,CDU/CSU,yes
878,39851,Sabine Bätzing-Lichtenthäler,SPD,yes
878,41158,Peter Aumer,CDU/CSU,yes
878,40572,Christine Aschenberg-Dugnus,FDP,yes
878,39812,Kerstin Andreae,DIE GRÜNEN,yes
878,44363,Rainer Arnold,SPD,yes
878,39817,Ingrid Arndt-Brauer,SPD,yes
878,38652,Peter Altmaier,CDU/CSU,yes
878,40797,Ilse Aigner,CDU/CSU,yes
878,40807,Jens Ackermann,FDP,yes
878,39544,Bettina Hagedorn,SPD,yes
878,39423,Hans-Werner Kammer,CDU/CSU,yes
878,44398,Ewa Klamt,CDU/CSU,yes
878,41126,Holger Krestel,FDP,yes
878,38991,Rita Schwarzelühr-Sutter,SPD,yes
878,39576,Kerstin Griese,SPD,yes
878,43858,Bernd Siebert,CDU/CSU,yes
878,41129,Ingo Egloff,SPD,yes
878,39678,Harald Ebner,DIE GRÜNEN,yes
878,38819,Jörn Wunderlich,DIE LINKE,no
878,38794,Sabine Zimmermann,DIE LINKE,no
878,43580,Katrin Werner,DIE LINKE,no
878,38869,Halina Wawzyniak,DIE LINKE,no
878,38860,Harald Weinberg,DIE LINKE,no
878,38872,Sahra Wagenknecht,DIE LINKE,no
878,38895,Kathrin Vogler,DIE LINKE,no
878,38910,Axel Troost,DIE LINKE,no
878,38655,Alexander Ulrich,DIE LINKE,no
878,38901,Arnold Vaatz,CDU/CSU,no
878,40515,Alexander Süßmair,DIE LINKE,no
878,38933,Kirsten Tackmann,DIE LINKE,no
878,38938,Frank Tempel,DIE LINKE,no
878,41165,Sabine Stüber,DIE LINKE,no
878,40659,Rainer Stinner,FDP,no
878,38665,Petra Sitte,DIE LINKE,no
878,41182,Raju Sharma,DIE LINKE,no
878,41141,Kathrin Senger-Schäfer,DIE LINKE,no
878,40638,Ilja Seifert,DIE LINKE,no
878,39059,Michael Schlecht,DIE LINKE,no
878,40943,Paul Schäfer,DIE LINKE,no
878,40699,Frank Schäffler,FDP,no
878,41179,Ingrid Remmers,DIE LINKE,no
878,39130,Richard Pitterle,DIE LINKE,no
878,38300,Jens Petermann,DIE LINKE,no
878,39161,Petra Pau,DIE LINKE,no
878,41113,Michael Paul,CDU/CSU,no
878,40703,Franz Obermeier,CDU/CSU,no
878,38965,Kersten Steinke,DIE LINKE,no
878,41085,Wolfgang Neškovic,fraktionslos,no
878,39216,Niema Movassat,DIE LINKE,no
878,41073,Kornelia Möller,DIE LINKE,no
878,39221,Cornelia Möhring,DIE LINKE,no
878,41060,Dorothée Menzner,DIE LINKE,no
878,41014,Ulrich Maurer,DIE LINKE,no
878,38781,Thomas Lutze,DIE LINKE,no
878,44337,Ulla Lötzer,DIE LINKE,no
878,38707,Gesine Lötzsch,DIE LINKE,no
878,39290,Ralph Lenkert,DIE LINKE,no
878,39285,Michael Leutert,DIE LINKE,no
878,39288,Stefan Liebich,DIE LINKE,no
878,39296,Sabine Leidig,DIE LINKE,no
878,39333,Katrin Kunert,DIE LINKE,no
878,39347,Jutta Krellmann,DIE LINKE,no
878,40665,Rolf Koschorrek,CDU/CSU,no
878,38717,Jan Korte,DIE LINKE,no
878,37976,Harald Koch,DIE LINKE,no
878,38738,Ulla Jelpke,DIE LINKE,no
878,41065,Lukrezia Luise Jochimsen,DIE LINKE,no
878,39454,Andrej Hunko,DIE LINKE,no
878,40599,Barbara Höll,DIE LINKE,no
878,40697,Frank Hofmann,SPD,no
878,39517,Rosemarie Hein,DIE LINKE,no
878,39547,Gregor Gysi,DIE LINKE,no
878,38729,Heike Hänsel,DIE LINKE,no
878,39560,Annette Groth,DIE LINKE,no
878,44292,Diana Golze,DIE LINKE,no
878,39583,Nicole Gohlke,DIE LINKE,no
878,41042,Wolfgang Gehrcke-Reymann,DIE LINKE,no
878,39647,Klaus Ernst,DIE LINKE,no
878,40609,Dagmar Enkelmann,DIE LINKE,no
878,41083,Werner Dreibus,DIE LINKE,no
878,41123,Heidrun Dittrich,DIE LINKE,no
878,38629,Diether Dehm,DIE LINKE,no
878,39698,Roland Claus,DIE LINKE,no
878,39701,Gitta Connemann,CDU/CSU,no
878,40646,Martina Bunge,DIE LINKE,no
878,39710,Marco Bülow,SPD,no
878,39720,Eva Bulling-Schröter,DIE LINKE,no
878,38765,Christine Buchholz,DIE LINKE,no
878,39746,Heidrun Bluhm-Förster,DIE LINKE,no
878,38771,Matthias W. Birkwald,DIE LINKE,no
878,39765,Karin Binder,DIE LINKE,no
878,38801,Herbert Behrens,DIE LINKE,no
878,39781,Dietmar Bartsch,DIE LINKE,no
878,38903,Jan van Aken,DIE LINKE,no
878,39836,Agnes Alpers,DIE LINKE,no
878,41183,Yvonne Ploetz,DIE LINKE,no
878,41136,Johanna Voß,DIE LINKE,no
878,44252,Hans-Christian Ströbele,DIE GRÜNEN,abstain
878,38954,Dieter Stier,CDU/CSU,abstain
878,39824,Wolfgang Strengmann-Kuhn,DIE GRÜNEN,abstain
878,41125,Hermann Ott,DIE GRÜNEN,abstain
878,39302,Monika Lazar,DIE GRÜNEN,abstain
878,40872,Manfred Kolbe,CDU/CSU,abstain
878,40901,Memet Kilic,DIE GRÜNEN,abstain
878,41007,Till Seiler,DIE GRÜNEN,abstain
878,39002,Ole Schröder,CDU/CSU,no_show
878,39264,Daniela Ludwig,CDU/CSU,no_show
878,39193,Dietmar Nietan,SPD,no_show
878,44378,Manfred Nink,SPD,no_show
878,39199,Thomas Nord,DIE LINKE,no_show
878,39293,Steffen-Claudio Lemme,SPD,no_show
878,39304,Caren Lay,DIE LINKE,no_show
878,39005,Kristina Schröder,CDU/CSU,no_show
878,39390,Katja Kipping,DIE LINKE,no_show
878,39457,Inge Höger,DIE LINKE,no_show
878,40555,Birgit Homburger,FDP,no_show
878,40908,Michael Glos,CDU/CSU,no_show
878,39611,Peter Gauweiler,CDU/CSU,no_show
878,40775,Herbert Frankenhauser,CDU/CSU,no_show
878,39706,Sevim Dağdelen,DIE LINKE,no_show
878,44307,Peter Danckert,SPD,no_show
878,40991,Steffen Bockhahn,DIE LINKE,no_show
878,44395,Dirk Becker,SPD,no_show
878,39789,Marieluise Beck,DIE GRÜNEN,no_show
878,40570,Christian Ahrendt,FDP,no_show
1052,44390,Klaus-Peter Flosbach,CDU/CSU,no_show
1052,39672,Katja Dörner,DIE GRÜNEN,no_show
1052,39768,Peter Beyer,CDU/CSU,no_show
1052,39852,Sabine Bätzing-Lichtenthäler,SPD,no_show
1052,39805,Thomas Bareiß,CDU/CSU,no_show
1052,39831,Waldemar Westermayer,CDU/CSU,no_show
1052,39864,Andreas Schockenhoff,CDU/CSU,yes
1052,38626,Jens Zimmermann,SPD,yes
1052,38627,Yvonne Magwas,CDU/CSU,yes
1052,38632,Heinrich Zertik,CDU/CSU,yes
1052,38633,Johannes Steiniger,CDU/CSU,yes
1052,38634,Kordula Kovac,CDU/CSU,yes
1052,38635,Astrid Freudenstein,CDU/CSU,yes
1052,38636,Julia Obermeier,CDU/CSU,yes
1052,38637,Gudrun Zollner,CDU/CSU,yes
1052,38638,Heidtrud Henn,SPD,yes
1052,38639,Heinz Wiese,CDU/CSU,yes
1052,38640,Gabriele Schmidt,CDU/CSU,yes
1052,38641,Nina Warken,CDU/CSU,yes
1052,38642,Margaret Horb,CDU/CSU,yes
1052,38643,Bernd-Bernhard Fabritius,CDU/CSU,yes
1052,38644,Reiner Meier,CDU/CSU,yes
1052,38646,Matthäus Strebl,CDU/CSU,yes
1052,38647,Artur Auernhammer,CDU/CSU,yes
1052,38648,Tobias Zech,CDU/CSU,yes
1052,38649,Silke Launert,CDU/CSU,yes
1052,38650,Barbara Lanzinger,CDU/CSU,yes
1052,45245,Katrin Albsteiger,CDU/CSU,yes
1052,38657,Kai Whittaker,CDU/CSU,yes
1052,38659,Johann Wadephul,CDU/CSU,yes
1052,38661,Konstantin von Notz,DIE GRÜNEN,yes
1052,38662,Sven Volmering,CDU/CSU,yes
1052,38663,Carsten Träger,SPD,yes
1052,39835,Wolfgang Tiefensee,SPD,yes
1052,44253,Hans-Christian Ströbele,DIE GRÜNEN,yes
1052,38668,Detlef Seif,CDU/CSU,yes
1052,38670,Johannes Selle,CDU/CSU,yes
1052,38673,Reinhold Sendker,CDU/CSU,yes
1052,38675,Patrick Sensburg,CDU/CSU,yes
1052,43859,Bernd Siebert,CDU/CSU,yes
1052,45213,Carsten Sieling,SPD,yes
1052,38678,Thomas Silberhorn,CDU/CSU,yes
1052,38681,Johannes Singhammer,CDU/CSU,yes
1052,38684,Uwe Schummer,CDU/CSU,yes
1052,38685,Mahmut Özdemir,SPD,yes
1052,38688,Frithjof Schmidt,DIE GRÜNEN,yes
1052,38690,Patrick Schnieder,CDU/CSU,yes
1052,38693,Rolf Mützenich,SPD,yes
1052,38696,Andrea Nahles,SPD,yes
1052,38697,Bettina Müller,SPD,yes
1052,38702,Jan Metzler,CDU/CSU,yes
1052,38705,Hilde Mattheis,SPD,yes
1052,44256,Nicole Maisch,DIE GRÜNEN,yes
1052,38709,Katja Leikert,CDU/CSU,yes
1052,38712,Markus Kurth,DIE GRÜNEN,yes
1052,38715,Sylvia Kotting-Uhl,DIE GRÜNEN,yes
1052,38721,Volkmar Klein,CDU/CSU,yes
1052,38723,Sven-Christian Kindler,DIE GRÜNEN,yes
1052,38724,Sylvia Jörrißen,CDU/CSU,yes
1052,44259,Bartholomäus Kalb,CDU/CSU,yes
1052,38726,Oliver Kaczmarek,SPD,yes
1052,38727,Ulrich Hampel,SPD,yes
1052,44766,Stephan Harbarth,CDU/CSU,yes
1052,38732,Jürgen Hardt,CDU/CSU,yes
1052,38733,Thomas Hitschler,SPD,yes
1052,38736,Christian Hirte,CDU/CSU,yes
1052,38743,Andreas Jung,CDU/CSU,yes
1052,38746,Reinhard Grindel,CDU/CSU,yes
1052,38747,Ursula Groden-Kranich,CDU/CSU,yes
1052,38750,Hermann Gröhe,CDU/CSU,yes
1052,38751,Klaus-Dieter Gröhler,CDU/CSU,yes
1052,44349,Josef Göppel,CDU/CSU,yes
1052,38754,Hans-Joachim Fuchtel,CDU/CSU,yes
1052,40915,Michaela Engelmeier,SPD,yes
1052,38759,Siegmund Ehrmann,SPD,yes
1052,38762,Gernot Erler,SPD,yes
1052,38764,Agnieszka Brugger,DIE GRÜNEN,yes
1052,38767,Karl-Heinz Brunner,SPD,yes
1052,38770,Michael Brand,CDU/CSU,yes
1052,38773,Ulrike Bahr,SPD,yes
1052,38776,Sören Bartol,SPD,yes
1052,38777,Matthias Bartke,SPD,yes
1052,38780,Katrin Göring-Eckardt,DIE GRÜNEN,yes
1052,38786,Ute Bertram,CDU/CSU,yes
1052,38789,Sascha Raabe,SPD,yes
1052,38792,Matthias Zimmer,CDU/CSU,yes
1052,38798,Manfred Zöllmer,SPD,yes
1052,44262,Brigitte Zypries,SPD,yes
1052,38800,Markus Tressel,DIE GRÜNEN,yes
1052,38805,Stefan Zierke,SPD,yes
1052,38807,Dagmar Ziegler,SPD,yes
1052,38808,Emmi Zeulner,CDU/CSU,yes
1052,38812,Dagmar Wöhrl,CDU/CSU,yes
1052,38815,Waltraud Wolff,SPD,yes
1052,38821,Gülistan Yüksel,SPD,yes
1052,40538,Annette Widmann-Mauz,CDU/CSU,yes
1052,38825,Dirk Wiese,SPD,yes
1052,38828,Klaus-Peter Willsch,CDU/CSU,yes
1052,38830,Valerie Wilms,DIE GRÜNEN,yes
1052,38836,Oliver Wittke,CDU/CSU,yes
1052,38838,Peter Wichtel,CDU/CSU,yes
1052,38841,Anja Weisgerber,CDU/CSU,yes
1052,38843,Sabine Weiss,CDU/CSU,yes
1052,38846,Peter Weiß,CDU/CSU,yes
1052,38849,Ingo Wellenreuther,CDU/CSU,yes
1052,38852,Karl-Georg Wellmann,CDU/CSU,yes
1052,38853,Marian Wendt,CDU/CSU,yes
1052,38854,Bernd Westphal,SPD,yes
1052,38855,Gabi Weber,SPD,yes
1052,38858,Kai Wegner,CDU/CSU,yes
1052,38859,Albert Weiler,CDU/CSU,yes
1052,38865,Marcus Weinberg,CDU/CSU,yes
1052,38868,Marco Wanderwitz,CDU/CSU,yes
1052,38874,Doris Wagner,DIE GRÜNEN,yes
1052,38876,Beate Walter-Rosenheimer,DIE GRÜNEN,yes
1052,38877,Christel Voßbeck-Kayser,CDU/CSU,yes
1052,38878,Dirk Vöpel,SPD,yes
1052,38881,Christian von Stetten,CDU/CSU,yes
1052,38883,Ursula von der Leyen,CDU/CSU,yes
1052,38885,Hans-Georg von der Marwitz,CDU/CSU,yes
1052,38886,Matern von Marschall,CDU/CSU,yes
1052,38888,Oswin Veith,CDU/CSU,yes
1052,38889,Julia Verlinden,DIE GRÜNEN,yes
1052,38890,Thomas Viesehon,CDU/CSU,yes
1052,38891,Michael Vietz,CDU/CSU,yes
1052,38894,Volkmar Vogel,CDU/CSU,yes
1052,38899,Ute Vogt,SPD,yes
1052,38902,Arnold Vaatz,CDU/CSU,yes
1052,38905,Volker Ullrich,CDU/CSU,yes
1052,44382,Hans-Peter Uhl,CDU/CSU,yes
1052,38908,Jürgen Trittin,DIE GRÜNEN,yes
1052,38914,Antje Tillmann,CDU/CSU,yes
1052,38915,Astrid Timmermann-Fechter,CDU/CSU,yes
1052,44265,Franz Thönnes,SPD,yes
1052,38916,Michael Thews,SPD,yes
1052,38919,Harald Terpe,DIE GRÜNEN,yes
1052,38922,Thomas Strobl,CDU/CSU,yes
1052,38925,Lena Strothmann,CDU/CSU,yes
1052,38928,Michael Stübgen,CDU/CSU,yes
1052,38929,Sabine Sütterlin-Waack,CDU/CSU,yes
1052,38931,Kerstin Tack,SPD,yes
1052,38936,Peter Tauber,CDU/CSU,yes
1052,38937,Claudia Tausend,SPD,yes
1052,38939,Thomas Stritzl,CDU/CSU,yes
1052,38941,Karin Strenz,CDU/CSU,yes
1052,38944,Max Straubinger,CDU/CSU,yes
1052,38947,Christoph Strässer,SPD,yes
1052,38949,Stephan Stracke,CDU/CSU,yes
1052,38950,Rita Stockhofe,CDU/CSU,yes
1052,38955,Dieter Stier,CDU/CSU,yes
1052,38957,Frank-Walter Steinmeier,SPD,yes
1052,38958,Albert Stegemann,CDU/CSU,yes
1052,38959,Peter Stein,CDU/CSU,yes
1052,44352,Erika Steinbach,CDU/CSU,yes
1052,38962,Peer Steinbrück,SPD,yes
1052,38963,Sebastian Steineke,CDU/CSU,yes
1052,38968,Sonja Steffen,SPD,yes
1052,38969,Wolfgang Stefinger,CDU/CSU,yes
1052,38971,Frank Steffel,CDU/CSU,yes
1052,38973,Carola Stauche,CDU/CSU,yes
1052,38974,Martina Stamm-Fibich,SPD,yes
1052,38975,Tino Sorge,CDU/CSU,yes
1052,38979,Rainer Spiering,SPD,yes
1052,38980,Norbert Spinrath,SPD,yes
1052,38981,Svenja Stadler,SPD,yes
1052,38983,Armin Schuster,CDU/CSU,yes
1052,38986,Frank Schwabe,SPD,yes
1052,38988,Stefan Schwartze,SPD,yes
1052,38989,Andreas Schwarz,SPD,yes
1052,38992,Rita Schwarzelühr-Sutter,SPD,yes
1052,38993,Christina Schwarzer,CDU/CSU,yes
1052,44592,Ewald Schurer,SPD,yes
1052,38995,Kordula Schulz-Asche,DIE GRÜNEN,yes
1052,38996,Klaus-Peter Schulze,CDU/CSU,yes
1052,38999,Swen Schulz,SPD,yes
1052,44355,Bernhard Schulte-Drüggelte,CDU/CSU,yes
1052,39000,Ursula Schulte,SPD,yes
1052,39008,Nadine Schön,CDU/CSU,yes
1052,39009,Matthias Schmidt,SPD,yes
1052,39012,Ulla Schmidt,SPD,yes
1052,39015,Carsten Schneider,SPD,yes
1052,39017,Annette Sawade,SPD,yes
1052,39018,Hans Joachim Schabedoth,SPD,yes
1052,39021,Anita Schäfer,CDU/CSU,yes
1052,39024,Axel Schäfer,SPD,yes
1052,39027,Elisabeth Scharfenberg,DIE GRÜNEN,yes
1052,39030,Wolfgang Schäuble,CDU/CSU,yes
1052,39031,Ulle Schauws,DIE GRÜNEN,yes
1052,39032,Nina Scheer,SPD,yes
1052,39035,Andreas Scheuer,CDU/CSU,yes
1052,44599,Gerhard Schick,DIE GRÜNEN,yes
1052,39038,Marianne Schieder,SPD,yes
1052,39039,Udo Schiefner,SPD,yes
1052,39042,Karl Schiewerling,CDU/CSU,yes
1052,39046,Norbert Schindler,CDU/CSU,yes
1052,39048,Tankred Schipanski,CDU/CSU,yes
1052,39049,Johann Saathoff,SPD,yes
1052,39053,Manuel Sarrazin,DIE GRÜNEN,yes
1052,44384,Heiko Schmelzle,CDU/CSU,yes
1052,39056,Christian Schmidt,CDU/CSU,yes
1052,39058,Dagmar Schmidt,SPD,yes
1052,39061,Dorothee Schlegel,SPD,yes
1052,39064,Ernst Dieter Rossmann,SPD,yes
1052,39066,Tabea Rößner,DIE GRÜNEN,yes
1052,39069,Claudia Roth,DIE GRÜNEN,yes
1052,39072,Michael Roth,SPD,yes
1052,39076,Norbert Röttgen,CDU/CSU,yes
1052,39078,Erwin Rüddel,CDU/CSU,yes
1052,39081,Rüdiger Veit,SPD,yes
1052,39082,Corinna Rüffer,DIE GRÜNEN,yes
1052,39085,Albert Rupprecht,CDU/CSU,yes
1052,39086,Susann Rüthrich,SPD,yes
1052,39087,Bernd Rützel,SPD,yes
1052,39090,Johannes Röring,CDU/CSU,yes
1052,39091,Martin Rosemann,SPD,yes
1052,39094,René Röspel,SPD,yes
1052,39097,Mechthild Rawert,SPD,yes
1052,39099,Stefan Rebmann,SPD,yes
1052,39102,Eckhardt Rehberg,CDU/CSU,yes
1052,39108,Gerold Reichenbach,SPD,yes
1052,44576,Carola Reimann,SPD,yes
1052,39110,Lothar Riebsamen,CDU/CSU,yes
1052,39112,Josef Rief,CDU/CSU,yes
1052,39113,Andreas Rimkus,SPD,yes
1052,39116,Sönke Rix,SPD,yes
1052,39117,Dennis Rohde,SPD,yes
1052,39118,Alois Rainer,CDU/CSU,yes
1052,39121,Peter Ramsauer,CDU/CSU,yes
1052,39124,Alexander Radwan,CDU/CSU,yes
1052,39125,Kerstin Radomski,CDU/CSU,yes
1052,39128,Thomas Rachel,CDU/CSU,yes
1052,41170,Simone Raatz,SPD,yes
1052,39129,Martin Rabanus,SPD,yes
1052,39133,Eckhard Pols,CDU/CSU,yes
1052,39134,Sabine Poschmann,SPD,yes
1052,44271,Joachim Poß,SPD,yes
1052,39135,Florian Post,SPD,yes
1052,39136,Achim Post,SPD,yes
1052,39139,Brigitte Pothmer,DIE GRÜNEN,yes
1052,39142,Wilhelm Priesmeier,SPD,yes
1052,39145,Florian Pronold,SPD,yes
1052,39152,Joachim Pfeiffer,CDU/CSU,yes
1052,39155,Sibylle Pfeiffer,CDU/CSU,yes
1052,39156,Jeannine Pflugradt,SPD,yes
1052,39157,Detlev Pilger,SPD,yes
1052,39159,Lisa Paus,DIE GRÜNEN,yes
1052,39163,Martin Pätzold,CDU/CSU,yes
1052,39164,Martin Patzelt,CDU/CSU,yes
1052,39165,Markus Paschke,SPD,yes
1052,39166,Ingrid Pahlmann,CDU/CSU,yes
1052,39167,Sylvia Pantel,CDU/CSU,yes
1052,39170,Aydan Özoğuz,SPD,yes
1052,39172,Friedrich Ostendorff,DIE GRÜNEN,yes
1052,39173,Tim Ostermann,CDU/CSU,yes
1052,39176,Henning Otte,CDU/CSU,yes
1052,39178,Cem Özdemir,DIE GRÜNEN,yes
1052,39181,Omid Nouripour,DIE GRÜNEN,yes
1052,39182,Helmut Nowak,CDU/CSU,yes
1052,39185,Georg Nüßlein,CDU/CSU,yes
1052,39186,Wilfried Oellers,CDU/CSU,yes
1052,39189,Thomas Oppermann,SPD,yes
1052,39190,Florian Oßner,CDU/CSU,yes
1052,39192,Andreas Nick,CDU/CSU,yes
1052,39194,Dietmar Nietan,SPD,yes
1052,39195,Ulli Nissen,SPD,yes
1052,39198,Michaela Noll,CDU/CSU,yes
1052,39203,Stefan Müller,CDU/CSU,yes
1052,39205,Carsten Müller,CDU/CSU,yes
1052,39207,Beate Müller-Gemmeke,DIE GRÜNEN,yes
1052,39208,Michelle Müntefering,SPD,yes
1052,39210,Philipp Murmann,CDU/CSU,yes
1052,39212,Özcan Mutlu,DIE GRÜNEN,yes
1052,41323,Elisabeth Motschmann,CDU/CSU,yes
1052,39219,Dietrich Monstadt,CDU/CSU,yes
1052,39220,Karsten Möring,CDU/CSU,yes
1052,39225,Philipp Mißfelder,CDU/CSU,yes
1052,39226,Susanne Mittag,SPD,yes
1052,39227,Klaus Mindrup,SPD,yes
1052,39228,Irene Mihalic,DIE GRÜNEN,yes
1052,44274,Maria Michalk,CDU/CSU,yes
1052,39231,Hans Michelbach,CDU/CSU,yes
1052,39233,Mathias Middelberg,CDU/CSU,yes
1052,39236,Matthias Miersch,SPD,yes
1052,39239,Stephan Mayer,CDU/CSU,yes
1052,39242,Michael Meister,CDU/CSU,yes
1052,39243,Peter Meiwald,DIE GRÜNEN,yes
1052,39246,Angela Merkel,CDU/CSU,yes
1052,39247,Gisela Manderla,CDU/CSU,yes
1052,39250,Caren Marks,SPD,yes
1052,39253,Katja Mast,SPD,yes
1052,39255,Andreas Mattfeldt,CDU/CSU,yes
1052,39256,Birgit Malecha-Nissen,SPD,yes
1052,39258,Thomas Mahlberg,CDU/CSU,yes
1052,39262,Kirsten Lühmann,SPD,yes
1052,39265,Daniela Ludwig,CDU/CSU,yes
1052,39267,Jan-Marco Luczak,CDU/CSU,yes
1052,39268,Claudia Lücking-Michel,CDU/CSU,yes
1052,39270,Carsten Linnemann,CDU/CSU,yes
1052,39273,Patricia Lips,CDU/CSU,yes
1052,39275,Burkhard Lischka,SPD,yes
1052,39276,Wilfried Lorenz,CDU/CSU,yes
1052,44358,Gabriele Lösekrug-Möller,SPD,yes
1052,39277,Hiltrud Lotze,SPD,yes
1052,44906,Ingbert Liebing,CDU/CSU,yes
1052,39279,Matthias Lietz,CDU/CSU,yes
1052,39280,Andrea Lindholz,CDU/CSU,yes
1052,39282,Tobias Lindner,DIE GRÜNEN,yes
1052,39283,Andreas Lenz,CDU/CSU,yes
1052,39287,Antje Lezius,CDU/CSU,yes
1052,39292,Steffi Lemke,DIE GRÜNEN,yes
1052,39294,Steffen-Claudio Lemme,SPD,yes
1052,39295,Philipp Lengsfeld,CDU/CSU,yes
1052,39300,Paul Lehrieder,CDU/CSU,yes
1052,39303,Monika Lazar,DIE GRÜNEN,yes
1052,39307,Günter Lach,CDU/CSU,yes
1052,39308,Uwe Lagosky,CDU/CSU,yes
1052,39311,Christine Lambrecht,SPD,yes
1052,39314,Karl A. Lamers,CDU/CSU,yes
1052,39320,Norbert Lammert,CDU/CSU,yes
1052,39326,Christian Lange,SPD,yes
1052,39328,Ulrich Lange,CDU/CSU,yes
1052,39331,Karl Lauterbach,SPD,yes
1052,39337,Renate Künast,DIE GRÜNEN,yes
1052,39338,Roy Kühne,CDU/CSU,yes
1052,39340,Bettina Kudla,CDU/CSU,yes
1052,39343,Stephan Kühn,DIE GRÜNEN,yes
1052,44276,Helga Kühn-Mengel,SPD,yes
1052,39346,Anette Kramme,SPD,yes
1052,39351,Michael Kretschmer,CDU/CSU,yes
1052,39354,Gunther Krichbaum,CDU/CSU,yes
1052,39357,Günter Krings,CDU/CSU,yes
1052,39359,Oliver Krischer,DIE GRÜNEN,yes
1052,39361,Hans-Ulrich Krüger,SPD,yes
1052,39365,Rüdiger Kruse,CDU/CSU,yes
1052,39368,Hartmut Koschyk,CDU/CSU,yes
1052,39370,Tom Koenigs,DIE GRÜNEN,yes
1052,39373,Jens Koeppen,CDU/CSU,yes
1052,39376,Bärbel Kofler,SPD,yes
1052,39378,Daniela Kolbe,SPD,yes
1052,39379,Birgit Kömpel,SPD,yes
1052,39380,Markus Koob,CDU/CSU,yes
1052,39381,Carsten Körber,CDU/CSU,yes
1052,39383,Axel Knoerig,CDU/CSU,yes
1052,39385,Maria Klein-Schmeink,DIE GRÜNEN,yes
1052,39387,Lars Klingbeil,SPD,yes
1052,39388,Georg Kippels,CDU/CSU,yes
1052,39392,Cansel Kiziltepe,SPD,yes
1052,39393,Arno Klare,SPD,yes
1052,39395,Roderich Kiesewetter,CDU/CSU,yes
1052,39397,Katja Keul,DIE GRÜNEN,yes
1052,39398,Marina Kermer,SPD,yes
1052,39399,Anja Karliczek,CDU/CSU,yes
1052,39403,Bernhard Kaster,CDU/CSU,yes
1052,39404,Gabriele Katzmarek,SPD,yes
1052,39407,Volker Kauder,CDU/CSU,yes
1052,39409,Stefan Kaufmann,CDU/CSU,yes
1052,39411,Uwe Kekeritz,DIE GRÜNEN,yes
1052,44770,Ulrich Kelber,SPD,yes
1052,39412,Steffen Kanitz,CDU/CSU,yes
1052,39413,Ralf Kapschack,SPD,yes
1052,39417,Alois Karl,CDU/CSU,yes
1052,39418,Christina Kampmann,SPD,yes
1052,39421,Steffen Kampeter,CDU/CSU,yes
1052,39424,Hans-Werner Kammer,CDU/CSU,yes
1052,39427,Johannes Kahrs,SPD,yes
1052,39429,Egon Jüttner,CDU/CSU,yes
1052,39432,Josip Juratovic,SPD,yes
1052,39434,Thomas Jurk,SPD,yes
1052,39435,Frank Junge,SPD,yes
1052,39436,Xaver Jung,CDU/CSU,yes
1052,39439,Franz-Josef Jung,CDU/CSU,yes
1052,39442,Hubert Hüppe,CDU/CSU,yes
1052,39443,Matthias Ilgen,SPD,yes
1052,39445,Dieter Janecek,DIE GRÜNEN,yes
1052,39446,Christina Jantz-Herrmann,SPD,yes
1052,39449,Thomas Jarzombek,CDU/CSU,yes
1052,45214,Bettina Hornhues,CDU/CSU,yes
1052,39450,Karl-Heinz (Charles M.) Huber,CDU/CSU,yes
1052,39453,Anette Hübinger,CDU/CSU,yes
1052,39461,Eva Högl,SPD,yes
1052,44280,Bärbel Höhn,DIE GRÜNEN,yes
1052,39463,Karl Holmeier,CDU/CSU,yes
1052,39466,Franz-Josef Holzenkamp,CDU/CSU,yes
1052,39467,Hendrik Hoppenstedt,CDU/CSU,yes
1052,39470,Anton Hofreiter,DIE GRÜNEN,yes
1052,39471,Alexander Hoffmann,CDU/CSU,yes
1052,39474,Robert Hochbaum,CDU/CSU,yes
1052,39475,Heribert Hirte,CDU/CSU,yes
1052,39476,Marcus Held,SPD,yes
1052,39477,Mark Helfrich,CDU/CSU,yes
1052,39479,Uda Heller,CDU/CSU,yes
1052,39481,Wolfgang Hellmich,SPD,yes
1052,39482,Jörg Hellmuth,CDU/CSU,yes
1052,39485,Barbara Hendricks,SPD,yes
1052,39488,Rudolf Henke,CDU/CSU,yes
1052,39491,Michael Hennrich,CDU/CSU,yes
1052,39494,Gustav Herzog,SPD,yes
1052,39496,Ansgar Heveling,CDU/CSU,yes
1052,39499,Gabriele Hiller-Ohm,SPD,yes
1052,39502,Peter Hintze,CDU/CSU,yes
1052,39505,Petra Hinz,SPD,yes
1052,39506,Stefan Heck,CDU/CSU,yes
1052,39507,Dirk Heidenblut,SPD,yes
1052,39509,Matthias Heider,CDU/CSU,yes
1052,39511,Helmut Heiderich,CDU/CSU,yes
1052,39514,Hubertus Heil,SPD,yes
1052,39516,Mechthild Heil,CDU/CSU,yes
1052,39520,Frank Heinrich,CDU/CSU,yes
1052,39521,Gabriela Heinrich,SPD,yes
1052,39522,Mark Hauptmann,CDU/CSU,yes
1052,39523,Matthias Hauer,CDU/CSU,yes
1052,39526,Gerda Hasselfeldt,CDU/CSU,yes
1052,39529,Britta Haßelmann,DIE GRÜNEN,yes
1052,39530,Sebastian Hartmann,SPD,yes
1052,39533,Metin Hakverdi,SPD,yes
1052,39537,Florian Hahn,CDU/CSU,yes
1052,39540,Anja Hajduk,DIE GRÜNEN,yes
1052,39541,Rita Hagl-Kehl,SPD,yes
1052,39542,Christian Haase,CDU/CSU,yes
1052,39545,Bettina Hagedorn,SPD,yes
1052,39550,Fritz Güntzler,CDU/CSU,yes
1052,39553,Olav Gutting,CDU/CSU,yes
1052,39554,Herlind Gundelach,CDU/CSU,yes
1052,39557,Wolfgang Gunkel,SPD,yes
1052,39559,Astrid Grotelüschen,CDU/CSU,yes
1052,39562,Uli Grötsch,SPD,yes
1052,39565,Markus Grübel,CDU/CSU,yes
1052,39568,Manfred Grund,CDU/CSU,yes
1052,39569,Oliver Grundmann,CDU/CSU,yes
1052,39572,Monika Grütters,CDU/CSU,yes
1052,40911,Michael Grosse-Brömer,CDU/CSU,yes
1052,39574,Michael Groß,SPD,yes
1052,39577,Kerstin Griese,SPD,yes
1052,39579,Philipp Graf von und zu Lerchenfeld,CDU/CSU,yes
1052,39582,Ulrike Gottschalck,SPD,yes
1052,39587,Iris Gleicke,SPD,yes
1052,39588,Cemile Giousouf,CDU/CSU,yes
1052,39591,Martin Gerster,SPD,yes
1052,39594,Eberhard Gienger,CDU/CSU,yes
1052,39597,Kai Gehring,DIE GRÜNEN,yes
1052,39599,Michael Gerdes,SPD,yes
1052,39601,Alois Gerig,CDU/CSU,yes
1052,39606,Ingo Gädechens,CDU/CSU,yes
1052,39608,Thomas Gambke,DIE GRÜNEN,yes
1052,39609,Matthias Gastel,DIE GRÜNEN,yes
1052,39612,Peter Gauweiler,CDU/CSU,yes
1052,39614,Thomas Gebhart,CDU/CSU,yes
1052,39616,Alexander Funk,CDU/CSU,yes
1052,39619,Hans-Peter Friedrich,CDU/CSU,yes
1052,39621,Michael Frieser,CDU/CSU,yes
1052,39625,Michael Fuchs,CDU/CSU,yes
1052,39629,Christian Flisek,SPD,yes
1052,39632,Gabriele Fograscher,SPD,yes
1052,39634,Edgar Franke,SPD,yes
1052,39635,Ulrich Freese,SPD,yes
1052,39636,Thorsten Frei,CDU/CSU,yes
1052,39639,Dirk Fischer,CDU/CSU,yes
1052,39642,Maria Flachsbarth,CDU/CSU,yes
1052,43872,Axel Eduard Fischer,CDU/CSU,yes
1052,39645,Ingrid Fischbach,CDU/CSU,yes
1052,39651,Petra Ernstberger,SPD,yes
1052,39652,Saskia Esken,SPD,yes
1052,39655,Karin Evers-Meyer,SPD,yes
1052,39656,Hermann Färber,CDU/CSU,yes
1052,39657,Johannes Fechner,SPD,yes
1052,39658,Uwe Feiler,CDU/CSU,yes
1052,39659,Fritz Felgentreu,SPD,yes
1052,39662,Enak Ferlemann,CDU/CSU,yes
1052,44393,Elke Ferner,SPD,yes
1052,39663,Ute Finckh-Krämer,SPD,yes
1052,39664,Michael Donth,CDU/CSU,yes
1052,39667,Thomas Dörflinger,CDU/CSU,yes
1052,39670,Martin Dörmann,SPD,yes
1052,39675,Marie-Luise Dött,CDU/CSU,yes
1052,40684,Elvira Drobinski-Weiß,SPD,yes
1052,39676,Katharina Dröge,DIE GRÜNEN,yes
1052,39677,Hansjörg Durz,CDU/CSU,yes
1052,39679,Harald Ebner,DIE GRÜNEN,yes
1052,39680,Jutta Eckenbach,CDU/CSU,yes
1052,39683,Ekin Deligöz,DIE GRÜNEN,yes
1052,39684,Karamba Diaby,SPD,yes
1052,39686,Alexandra Dinges-Dierig,CDU/CSU,yes
1052,39688,Sabine Dittmar,SPD,yes
1052,39691,Alexander Dobrindt,CDU/CSU,yes
1052,39692,Kees de Vries,CDU/CSU,yes
1052,39694,Thomas de Maizière,CDU/CSU,yes
1052,39695,Daniela De Ridder,SPD,yes
1052,39696,Lars Castellucci,SPD,yes
1052,39704,Petra Crone,SPD,yes
1052,39708,Bernhard Daldrup,SPD,yes
1052,39711,Marco Bülow,SPD,yes
1052,39715,Cajus Caesar,CDU/CSU,yes
1052,39718,Martin Burkert,SPD,yes
1052,39724,Edelgard Bulmahn,SPD,yes
1052,39726,Reinhard Brandl,CDU/CSU,yes
1052,39729,Helmut Brandt,CDU/CSU,yes
1052,39731,Franziska Brantner,DIE GRÜNEN,yes
1052,39734,Willi Brase,SPD,yes
1052,44283,Ralf Brauksiepe,CDU/CSU,yes
1052,39736,Helge Braun,CDU/CSU,yes
1052,39738,Heike Brehmer,CDU/CSU,yes
1052,39740,Ralph Brinkhaus,CDU/CSU,yes
1052,39743,Peter Bleser,CDU/CSU,yes
1052,39744,Burkhard Blienert,SPD,yes
1052,44361,Maria Böhmer,CDU/CSU,yes
1052,39750,Wolfgang Bosbach,CDU/CSU,yes
1052,39752,Norbert Brackmann,CDU/CSU,yes
1052,39755,Klaus Brähmig,CDU/CSU,yes
1052,39758,Clemens Binninger,CDU/CSU,yes
1052,39761,Lothar Binding,SPD,yes
1052,39763,Steffen Bilger,CDU/CSU,yes
1052,39769,André Berghegger,CDU/CSU,yes
1052,39772,Christoph Bergner,CDU/CSU,yes
1052,39773,Sybille Benning,CDU/CSU,yes
1052,39778,Manfred Behrens,CDU/CSU,yes
1052,39779,Maik Beermann,CDU/CSU,yes
1052,44287,Uwe Beckmeyer,SPD,yes
1052,39784,Bärbel Bas,SPD,yes
1052,39787,Helmut Günter Baumann,CDU/CSU,yes
1052,39790,Marieluise Beck,DIE GRÜNEN,yes
1052,39793,Volker Beck,DIE GRÜNEN,yes
1052,44396,Dirk Becker,SPD,yes
1052,39796,Doris Barnett,SPD,yes
1052,44290,Hans-Peter Bartels,SPD,yes
1052,39799,Klaus Barthel,SPD,yes
1052,39802,Norbert Barthle,CDU/CSU,yes
1052,44644,Katarina Barley,SPD,yes
1052,39807,Heinz-Joachim Barchmann,SPD,yes
1052,39810,Dorothee Bär,CDU/CSU,yes
1052,43777,Luise Amtsberg,DIE GRÜNEN,yes
1052,39813,Kerstin Andreae,DIE GRÜNEN,yes
1052,39815,Niels Annen,SPD,yes
1052,39818,Ingrid Arndt-Brauer,SPD,yes
1052,44364,Rainer Arnold,SPD,yes
1052,39819,Heike Baehrens,SPD,yes
1052,39820,Annalena Baerbock,DIE GRÜNEN,yes
1052,39821,Stephan Albani,CDU/CSU,yes
1052,39822,Christian Petry,SPD,yes
1052,44367,Gabriele Groneberg,SPD,yes
1052,39825,Wolfgang Strengmann-Kuhn,DIE GRÜNEN,yes
1052,38756,Thomas Feist,CDU/CSU,no
1052,39043,Jana Schimke,CDU/CSU,no
1052,39317,Andreas Lämmel,CDU/CSU,no
1052,39323,Katharina Landgraf,CDU/CSU,no
1052,39702,Gitta Connemann,CDU/CSU,no
1052,38630,Diether Dehm,DIE LINKE,abstain
1052,38656,Alexander Ulrich,DIE LINKE,abstain
1052,38708,Gesine Lötzsch,DIE LINKE,abstain
1052,38718,Jan Korte,DIE LINKE,abstain
1052,38730,Heike Hänsel,DIE LINKE,abstain
1052,38739,Ulla Jelpke,DIE LINKE,abstain
1052,38766,Christine Buchholz,DIE LINKE,abstain
1052,38772,Matthias W. Birkwald,DIE LINKE,abstain
1052,38782,Thomas Lutze,DIE LINKE,abstain
1052,38790,Martina Renner,DIE LINKE,abstain
1052,38795,Sabine Zimmermann,DIE LINKE,abstain
1052,38802,Herbert Behrens,DIE LINKE,abstain
1052,38804,Pia Zimmermann,DIE LINKE,abstain
1052,38809,Hubertus Zdebel,DIE LINKE,abstain
1052,38817,Birgit Wöllert,DIE LINKE,abstain
1052,38820,Jörn Wunderlich,DIE LINKE,abstain
1052,38861,Harald Weinberg,DIE LINKE,abstain
1052,38870,Halina Wawzyniak,DIE LINKE,abstain
1052,38873,Sahra Wagenknecht,DIE LINKE,abstain
1052,38896,Kathrin Vogler,DIE LINKE,abstain
1052,38904,Jan van Aken,DIE LINKE,abstain
1052,38911,Axel Troost,DIE LINKE,abstain
1052,38934,Kirsten Tackmann,DIE LINKE,abstain
1052,44383,Azize Tank,DIE LINKE,abstain
1052,45916,Frank Tempel,DIE LINKE,abstain
1052,38966,Kersten Steinke,DIE LINKE,abstain
1052,39060,Michael Schlecht,DIE LINKE,abstain
1052,39131,Richard Pitterle,DIE LINKE,abstain
1052,39146,Harald Petzold,DIE LINKE,abstain
1052,39149,Ulrich Petzold,CDU/CSU,abstain
1052,39162,Petra Pau,DIE LINKE,abstain
1052,39191,Alexander S. Neu,DIE LINKE,abstain
1052,39200,Thomas Nord,DIE LINKE,abstain
1052,39217,Niema Movassat,DIE LINKE,abstain
1052,39222,Cornelia Möhring,DIE LINKE,abstain
1052,39286,Michael Leutert,DIE LINKE,abstain
1052,39289,Stefan Liebich,DIE LINKE,abstain
1052,39291,Ralph Lenkert,DIE LINKE,abstain
1052,39297,Sabine Leidig,DIE LINKE,abstain
1052,39305,Caren Lay,DIE LINKE,abstain
1052,39334,Katrin Kunert,DIE LINKE,abstain
1052,39348,Jutta Krellmann,DIE LINKE,abstain
1052,39391,Katja Kipping,DIE LINKE,abstain
1052,39400,Kerstin Kassner,DIE LINKE,abstain
1052,39414,Susanna Karawanskij,DIE LINKE,abstain
1052,39455,Andrej Hunko,DIE LINKE,abstain
1052,45897,Sigrid Hupach,DIE LINKE,abstain
1052,39458,Inge Höger,DIE LINKE,abstain
1052,39535,André Hahn,DIE LINKE,abstain
1052,39548,Gregor Gysi,DIE LINKE,abstain
1052,39561,Annette Groth,DIE LINKE,abstain
1052,44293,Diana Golze,DIE LINKE,abstain
1052,41043,Wolfgang Gehrcke-Reymann,DIE LINKE,abstain
1052,39648,Klaus Ernst,DIE LINKE,abstain
1052,39699,Roland Claus,DIE LINKE,abstain
1052,39707,Sevim Dağdelen,DIE LINKE,abstain
1052,39721,Eva Bulling-Schröter,DIE LINKE,abstain
1052,39747,Heidrun Bluhm-Förster,DIE LINKE,abstain
1052,39766,Karin Binder,DIE LINKE,abstain
1052,39776,Veronika Bellmann,CDU/CSU,abstain
1052,39782,Dietmar Bartsch,DIE LINKE,abstain
1052,38631,Barbara Woltmann,CDU/CSU,no_show
1052,38653,Peter Altmaier,CDU/CSU,no_show
1052,38666,Petra Sitte,DIE LINKE,no_show
1052,38700,Marlene Mortler,CDU/CSU,no_show
1052,39837,Agnes Alpers,DIE LINKE,no_show
1052,38785,Jürgen Klimke,CDU/CSU,no_show
1052,38824,Andrea Wicklein,SPD,no_show
1052,38833,Elisabeth Winkelmeier-Becker,CDU/CSU,no_show
1052,43581,Katrin Werner,DIE LINKE,no_show
1052,38953,Gero Storjohann,CDU/CSU,no_show
1052,38978,Jens Spahn,CDU/CSU,no_show
1052,39003,Ole Schröder,CDU/CSU,no_show
1052,39006,Kristina Schröder,CDU/CSU,no_show
1052,39105,Katherina Reiche,CDU/CSU,no_show
1052,44268,Heinz Riesenhuber,CDU/CSU,no_show
1052,39215,Gerd Müller,CDU/CSU,no_show
1052,39260,Karin Maag,CDU/CSU,no_show
1052,39341,Christian Kühn,DIE GRÜNEN,no_show
1052,39444,Erich Irlstorfer,CDU/CSU,no_show
1052,39518,Rosemarie Hein,DIE LINKE,no_show
1052,44387,Michael Hartmann,SPD,no_show
1052,39584,Nicole Gohlke,DIE LINKE,no_show
1052,39604,Sigmar Gabriel,SPD,no_show
1052,39628,Dagmar Freitag,SPD,no_show
1106,38626,Jens Zimmermann,SPD,yes
1106,38627,Yvonne Magwas,CDU/CSU,yes
1106,38631,Barbara Woltmann,CDU/CSU,yes
1106,38632,Heinrich Zertik,CDU/CSU,yes
1106,38633,Johannes Steiniger,CDU/CSU,yes
1106,38634,Kordula Kovac,CDU/CSU,yes
1106,38636,Julia Obermeier,CDU/CSU,yes
1106,38637,Gudrun Zollner,CDU/CSU,yes
1106,38638,Heidtrud Henn,SPD,yes
1106,38639,Heinz Wiese,CDU/CSU,yes
1106,38640,Gabriele Schmidt,CDU/CSU,yes
1106,38641,Nina Warken,CDU/CSU,yes
1106,38642,Margaret Horb,CDU/CSU,yes
1106,38643,Bernd-Bernhard Fabritius,CDU/CSU,yes
1106,38644,Reiner Meier,CDU/CSU,yes
1106,38646,Matthäus Strebl,CDU/CSU,yes
1106,38647,Artur Auernhammer,CDU/CSU,yes
1106,38648,Tobias Zech,CDU/CSU,yes
1106,38650,Barbara Lanzinger,CDU/CSU,yes
1106,38653,Peter Altmaier,CDU/CSU,yes
1106,38657,Kai Whittaker,CDU/CSU,yes
1106,38659,Johann Wadephul,CDU/CSU,yes
1106,38661,Konstantin von Notz,DIE GRÜNEN,yes
1106,38662,Sven Volmering,CDU/CSU,yes
1106,38663,Carsten Träger,SPD,yes
1106,38670,Johannes Selle,CDU/CSU,yes
1106,38675,Patrick Sensburg,CDU/CSU,yes
1106,43859,Bernd Siebert,CDU/CSU,yes
1106,38681,Johannes Singhammer,CDU/CSU,yes
1106,38684,Uwe Schummer,CDU/CSU,yes
1106,38685,Mahmut Özdemir,SPD,yes
1106,38688,Frithjof Schmidt,DIE GRÜNEN,yes
1106,38690,Patrick Schnieder,CDU/CSU,yes
1106,38693,Rolf Mützenich,SPD,yes
1106,38696,Andrea Nahles,SPD,yes
1106,38697,Bettina Müller,SPD,yes
1106,38700,Marlene Mortler,CDU/CSU,yes
1106,38705,Hilde Mattheis,SPD,yes
1106,44256,Nicole Maisch,DIE GRÜNEN,yes
1106,38709,Katja Leikert,CDU/CSU,yes
1106,38712,Markus Kurth,DIE GRÜNEN,yes
1106,38721,Volkmar Klein,CDU/CSU,yes
1106,38723,Sven-Christian Kindler,DIE GRÜNEN,yes
1106,38724,Sylvia Jörrißen,CDU/CSU,yes
1106,44259,Bartholomäus Kalb,CDU/CSU,yes
1106,38726,Oliver Kaczmarek,SPD,yes
1106,38727,Ulrich Hampel,SPD,yes
1106,38732,Jürgen Hardt,CDU/CSU,yes
1106,38733,Thomas Hitschler,SPD,yes
1106,38736,Christian Hirte,CDU/CSU,yes
1106,38746,Reinhard Grindel,CDU/CSU,yes
1106,38750,Hermann Gröhe,CDU/CSU,yes
1106,38751,Klaus-Dieter Gröhler,CDU/CSU,yes
1106,38754,Hans-Joachim Fuchtel,CDU/CSU,yes
1106,40915,Michaela Engelmeier,SPD,yes
1106,38759,Siegmund Ehrmann,SPD,yes
1106,38764,Agnieszka Brugger,DIE GRÜNEN,yes
1106,38767,Karl-Heinz Brunner,SPD,yes
1106,38770,Michael Brand,CDU/CSU,yes
1106,38773,Ulrike Bahr,SPD,yes
1106,38776,Sören Bartol,SPD,yes
1106,38777,Matthias Bartke,SPD,yes
1106,38780,Katrin Göring-Eckardt,DIE GRÜNEN,yes
1106,38785,Jürgen Klimke,CDU/CSU,yes
1106,38786,Ute Bertram,CDU/CSU,yes
1106,38789,Sascha Raabe,SPD,yes
1106,38792,Matthias Zimmer,CDU/CSU,yes
1106,38798,Manfred Zöllmer,SPD,yes
1106,38800,Markus Tressel,DIE GRÜNEN,yes
1106,38805,Stefan Zierke,SPD,yes
1106,38807,Dagmar Ziegler,SPD,yes
1106,38815,Waltraud Wolff,SPD,yes
1106,38821,Gülistan Yüksel,SPD,yes
1106,38824,Andrea Wicklein,SPD,yes
1106,40538,Annette Widmann-Mauz,CDU/CSU,yes
1106,38825,Dirk Wiese,SPD,yes
1106,38830,Valerie Wilms,DIE GRÜNEN,yes
1106,38833,Elisabeth Winkelmeier-Becker,CDU/CSU,yes
1106,38836,Oliver Wittke,CDU/CSU,yes
1106,38841,Anja Weisgerber,CDU/CSU,yes
1106,38843,Sabine Weiss,CDU/CSU,yes
1106,38846,Peter Weiß,CDU/CSU,yes
1106,38852,Karl-Georg Wellmann,CDU/CSU,yes
1106,38854,Bernd Westphal,SPD,yes
1106,38855,Gabi Weber,SPD,yes
1106,38858,Kai Wegner,CDU/CSU,yes
1106,38859,Albert Weiler,CDU/CSU,yes
1106,38865,Marcus Weinberg,CDU/CSU,yes
1106,38868,Marco Wanderwitz,CDU/CSU,yes
1106,38874,Doris Wagner,DIE GRÜNEN,yes
1106,38876,Beate Walter-Rosenheimer,DIE GRÜNEN,yes
1106,38877,Christel Voßbeck-Kayser,CDU/CSU,yes
1106,38878,Dirk Vöpel,SPD,yes
1106,38883,Ursula von der Leyen,CDU/CSU,yes
1106,38886,Matern von Marschall,CDU/CSU,yes
1106,38888,Oswin Veith,CDU/CSU,yes
1106,38889,Julia Verlinden,DIE GRÜNEN,yes
1106,38890,Thomas Viesehon,CDU/CSU,yes
1106,38891,Michael Vietz,CDU/CSU,yes
1106,38894,Volkmar Vogel,CDU/CSU,yes
1106,38899,Ute Vogt,SPD,yes
1106,38905,Volker Ullrich,CDU/CSU,yes
1106,38908,Jürgen Trittin,DIE GRÜNEN,yes
1106,38914,Antje Tillmann,CDU/CSU,yes
1106,38915,Astrid Timmermann-Fechter,CDU/CSU,yes
1106,44265,Franz Thönnes,SPD,yes
1106,38916,Michael Thews,SPD,yes
1106,38922,Thomas Strobl,CDU/CSU,yes
1106,38925,Lena Strothmann,CDU/CSU,yes
1106,38928,Michael Stübgen,CDU/CSU,yes
1106,38929,Sabine Sütterlin-Waack,CDU/CSU,yes
1106,38936,Peter Tauber,CDU/CSU,yes
1106,38937,Claudia Tausend,SPD,yes
1106,38939,Thomas Stritzl,CDU/CSU,yes
1106,38941,Karin Strenz,CDU/CSU,yes
1106,38944,Max Straubinger,CDU/CSU,yes
1106,38947,Christoph Strässer,SPD,yes
1106,38950,Rita Stockhofe,CDU/CSU,yes
1106,38953,Gero Storjohann,CDU/CSU,yes
1106,38957,Frank-Walter Steinmeier,SPD,yes
1106,38959,Peter Stein,CDU/CSU,yes
1106,38963,Sebastian Steineke,CDU/CSU,yes
1106,38968,Sonja Steffen,SPD,yes
1106,38971,Frank Steffel,CDU/CSU,yes
1106,38974,Martina Stamm-Fibich,SPD,yes
1106,38978,Jens Spahn,CDU/CSU,yes
1106,38979,Rainer Spiering,SPD,yes
1106,38980,Norbert Spinrath,SPD,yes
1106,38983,Armin Schuster,CDU/CSU,yes
1106,38986,Frank Schwabe,SPD,yes
1106,38988,Stefan Schwartze,SPD,yes
1106,38989,Andreas Schwarz,SPD,yes
1106,38992,Rita Schwarzelühr-Sutter,SPD,yes
1106,38993,Christina Schwarzer,CDU/CSU,yes
1106,44592,Ewald Schurer,SPD,yes
1106,38995,Kordula Schulz-Asche,DIE GRÜNEN,yes
1106,38996,Klaus-Peter Schulze,CDU/CSU,yes
1106,38999,Swen Schulz,SPD,yes
1106,39000,Ursula Schulte,SPD,yes
1106,39003,Ole Schröder,CDU/CSU,yes
1106,39006,Kristina Schröder,CDU/CSU,yes
1106,39008,Nadine Schön,CDU/CSU,yes
1106,39009,Matthias Schmidt,SPD,yes
1106,39012,Ulla Schmidt,SPD,yes
1106,39015,Carsten Schneider,SPD,yes
1106,39017,Annette Sawade,SPD,yes
1106,39021,Anita Schäfer,CDU/CSU,yes
1106,39024,Axel Schäfer,SPD,yes
1106,39027,Elisabeth Scharfenberg,DIE GRÜNEN,yes
1106,39030,Wolfgang Schäuble,CDU/CSU,yes
1106,39031,Ulle Schauws,DIE GRÜNEN,yes
1106,39032,Nina Scheer,SPD,yes
1106,39035,Andreas Scheuer,CDU/CSU,yes
1106,44599,Gerhard Schick,DIE GRÜNEN,yes
1106,39039,Udo Schiefner,SPD,yes
1106,39042,Karl Schiewerling,CDU/CSU,yes
1106,39046,Norbert Schindler,CDU/CSU,yes
1106,39049,Johann Saathoff,SPD,yes
1106,39053,Manuel Sarrazin,DIE GRÜNEN,yes
1106,44384,Heiko Schmelzle,CDU/CSU,yes
1106,39056,Christian Schmidt,CDU/CSU,yes
1106,39058,Dagmar Schmidt,SPD,yes
1106,39061,Dorothee Schlegel,SPD,yes
1106,39064,Ernst Dieter Rossmann,SPD,yes
1106,39066,Tabea Rößner,DIE GRÜNEN,yes
1106,39069,Claudia Roth,DIE GRÜNEN,yes
1106,39072,Michael Roth,SPD,yes
1106,39076,Norbert Röttgen,CDU/CSU,yes
1106,39078,Erwin Rüddel,CDU/CSU,yes
1106,39081,Rüdiger Veit,SPD,yes
1106,39086,Susann Rüthrich,SPD,yes
1106,39087,Bernd Rützel,SPD,yes
1106,39090,Johannes Röring,CDU/CSU,yes
1106,39091,Martin Rosemann,SPD,yes
1106,39094,René Röspel,SPD,yes
1106,39097,Mechthild Rawert,SPD,yes
1106,39099,Stefan Rebmann,SPD,yes
1106,39102,Eckhardt Rehberg,CDU/CSU,yes
1106,39105,Katherina Reiche,CDU/CSU,yes
1106,39108,Gerold Reichenbach,SPD,yes
1106,44576,Carola Reimann,SPD,yes
1106,39110,Lothar Riebsamen,CDU/CSU,yes
1106,39112,Josef Rief,CDU/CSU,yes
1106,44268,Heinz Riesenhuber,CDU/CSU,yes
1106,39113,Andreas Rimkus,SPD,yes
1106,39116,Sönke Rix,SPD,yes
1106,39117,Dennis Rohde,SPD,yes
1106,39118,Alois Rainer,CDU/CSU,yes
1106,39124,Alexander Radwan,CDU/CSU,yes
1106,39125,Kerstin Radomski,CDU/CSU,yes
1106,39128,Thomas Rachel,CDU/CSU,yes
1106,41170,Simone Raatz,SPD,yes
1106,39129,Martin Rabanus,SPD,yes
1106,39134,Sabine Poschmann,SPD,yes
1106,44271,Joachim Poß,SPD,yes
1106,39135,Florian Post,SPD,yes
1106,39136,Achim Post,SPD,yes
1106,39139,Brigitte Pothmer,DIE GRÜNEN,yes
1106,39145,Florian Pronold,SPD,yes
1106,39149,Ulrich Petzold,CDU/CSU,yes
1106,39152,Joachim Pfeiffer,CDU/CSU,yes
1106,39157,Detlev Pilger,SPD,yes
1106,39164,Martin Patzelt,CDU/CSU,yes
1106,39165,Markus Paschke,SPD,yes
1106,39166,Ingrid Pahlmann,CDU/CSU,yes
1106,39170,Aydan Özoğuz,SPD,yes
1106,39172,Friedrich Ostendorff,DIE GRÜNEN,yes
1106,39176,Henning Otte,CDU/CSU,yes
1106,39178,Cem Özdemir,DIE GRÜNEN,yes
1106,39181,Omid Nouripour,DIE GRÜNEN,yes
1106,39182,Helmut Nowak,CDU/CSU,yes
1106,39185,Georg Nüßlein,CDU/CSU,yes
1106,39186,Wilfried Oellers,CDU/CSU,yes
1106,39189,Thomas Oppermann,SPD,yes
1106,39190,Florian Oßner,CDU/CSU,yes
1106,39194,Dietmar Nietan,SPD,yes
1106,39195,Ulli Nissen,SPD,yes
1106,39198,Michaela Noll,CDU/CSU,yes
1106,39205,Carsten Müller,CDU/CSU,yes
1106,39208,Michelle Müntefering,SPD,yes
1106,39210,Philipp Murmann,CDU/CSU,yes
1106,39212,Özcan Mutlu,DIE GRÜNEN,yes
1106,39215,Gerd Müller,CDU/CSU,yes
1106,41323,Elisabeth Motschmann,CDU/CSU,yes
1106,39219,Dietrich Monstadt,CDU/CSU,yes
1106,39220,Karsten Möring,CDU/CSU,yes
1106,39226,Susanne Mittag,SPD,yes
1106,39227,Klaus Mindrup,SPD,yes
1106,44274,Maria Michalk,CDU/CSU,yes
1106,39233,Mathias Middelberg,CDU/CSU,yes
1106,39239,Stephan Mayer,CDU/CSU,yes
1106,39242,Michael Meister,CDU/CSU,yes
1106,39243,Peter Meiwald,DIE GRÜNEN,yes
1106,39246,Angela Merkel,CDU/CSU,yes
1106,39247,Gisela Manderla,CDU/CSU,yes
1106,39250,Caren Marks,SPD,yes
1106,39253,Katja Mast,SPD,yes
1106,39256,Birgit Malecha-Nissen,SPD,yes
1106,39258,Thomas Mahlberg,CDU/CSU,yes
1106,39260,Karin Maag,CDU/CSU,yes
1106,39262,Kirsten Lühmann,SPD,yes
1106,39265,Daniela Ludwig,CDU/CSU,yes
1106,39267,Jan-Marco Luczak,CDU/CSU,yes
1106,39268,Claudia Lücking-Michel,CDU/CSU,yes
1106,39275,Burkhard Lischka,SPD,yes
1106,44358,Gabriele Lösekrug-Möller,SPD,yes
1106,39277,Hiltrud Lotze,SPD,yes
1106,44906,Ingbert Liebing,CDU/CSU,yes
1106,39279,Matthias Lietz,CDU/CSU,yes
1106,39280,Andrea Lindholz,CDU/CSU,yes
1106,39287,Antje Lezius,CDU/CSU,yes
1106,39294,Steffen-Claudio Lemme,SPD,yes
1106,39295,Philipp Lengsfeld,CDU/CSU,yes
1106,39307,Günter Lach,CDU/CSU,yes
1106,39308,Uwe Lagosky,CDU/CSU,yes
1106,39311,Christine Lambrecht,SPD,yes
1106,39320,Norbert Lammert,CDU/CSU,yes
1106,39323,Katharina Landgraf,CDU/CSU,yes
1106,39326,Christian Lange,SPD,yes
1106,39328,Ulrich Lange,CDU/CSU,yes
1106,39331,Karl Lauterbach,SPD,yes
1106,39337,Renate Künast,DIE GRÜNEN,yes
1106,39338,Roy Kühne,CDU/CSU,yes
1106,39340,Bettina Kudla,CDU/CSU,yes
1106,39341,Christian Kühn,DIE GRÜNEN,yes
1106,39343,Stephan Kühn,DIE GRÜNEN,yes
1106,44276,Helga Kühn-Mengel,SPD,yes
1106,39346,Anette Kramme,SPD,yes
1106,39351,Michael Kretschmer,CDU/CSU,yes
1106,39354,Gunther Krichbaum,CDU/CSU,yes
1106,39357,Günter Krings,CDU/CSU,yes
1106,39359,Oliver Krischer,DIE GRÜNEN,yes
1106,39361,Hans-Ulrich Krüger,SPD,yes
1106,39365,Rüdiger Kruse,CDU/CSU,yes
1106,39368,Hartmut Koschyk,CDU/CSU,yes
1106,39370,Tom Koenigs,DIE GRÜNEN,yes
1106,39376,Bärbel Kofler,SPD,yes
1106,39379,Birgit Kömpel,SPD,yes
1106,39380,Markus Koob,CDU/CSU,yes
1106,39383,Axel Knoerig,CDU/CSU,yes
1106,39385,Maria Klein-Schmeink,DIE GRÜNEN,yes
1106,39387,Lars Klingbeil,SPD,yes
1106,39388,Georg Kippels,CDU/CSU,yes
1106,39393,Arno Klare,SPD,yes
1106,39395,Roderich Kiesewetter,CDU/CSU,yes
1106,39397,Katja Keul,DIE GRÜNEN,yes
1106,39398,Marina Kermer,SPD,yes
1106,39399,Anja Karliczek,CDU/CSU,yes
1106,39403,Bernhard Kaster,CDU/CSU,yes
1106,39407,Volker Kauder,CDU/CSU,yes
1106,39409,Stefan Kaufmann,CDU/CSU,yes
1106,44770,Ulrich Kelber,SPD,yes
1106,39412,Steffen Kanitz,CDU/CSU,yes
1106,39413,Ralf Kapschack,SPD,yes
1106,39418,Christina Kampmann,SPD,yes
1106,39421,Steffen Kampeter,CDU/CSU,yes
1106,39424,Hans-Werner Kammer,CDU/CSU,yes
1106,39427,Johannes Kahrs,SPD,yes
1106,39432,Josip Juratovic,SPD,yes
1106,39435,Frank Junge,SPD,yes
1106,39439,Franz-Josef Jung,CDU/CSU,yes
1106,39444,Erich Irlstorfer,CDU/CSU,yes
1106,39445,Dieter Janecek,DIE GRÜNEN,yes
1106,39446,Christina Jantz-Herrmann,SPD,yes
1106,39449,Thomas Jarzombek,CDU/CSU,yes
1106,45214,Bettina Hornhues,CDU/CSU,yes
1106,39450,Karl-Heinz (Charles M.) Huber,CDU/CSU,yes
1106,39453,Anette Hübinger,CDU/CSU,yes
1106,39461,Eva Högl,SPD,yes
1106,44280,Bärbel Höhn,DIE GRÜNEN,yes
1106,39463,Karl Holmeier,CDU/CSU,yes
1106,39466,Franz-Josef Holzenkamp,CDU/CSU,yes
1106,39467,Hendrik Hoppenstedt,CDU/CSU,yes
1106,39470,Anton Hofreiter,DIE GRÜNEN,yes
1106,39476,Marcus Held,SPD,yes
1106,39481,Wolfgang Hellmich,SPD,yes
1106,39482,Jörg Hellmuth,CDU/CSU,yes
1106,39485,Barbara Hendricks,SPD,yes
1106,39488,Rudolf Henke,CDU/CSU,yes
1106,39491,Michael Hennrich,CDU/CSU,yes
1106,39494,Gustav Herzog,SPD,yes
1106,39496,Ansgar Heveling,CDU/CSU,yes
1106,39499,Gabriele Hiller-Ohm,SPD,yes
1106,39502,Peter Hintze,CDU/CSU,yes
1106,39505,Petra Hinz,SPD,yes
1106,39506,Stefan Heck,CDU/CSU,yes
1106,39507,Dirk Heidenblut,SPD,yes
1106,39514,Hubertus Heil,SPD,yes
1106,39516,Mechthild Heil,CDU/CSU,yes
1106,39521,Gabriela Heinrich,SPD,yes
1106,39526,Gerda Hasselfeldt,CDU/CSU,yes
1106,39529,Britta Haßelmann,DIE GRÜNEN,yes
1106,39530,Sebastian Hartmann,SPD,yes
1106,39533,Metin Hakverdi,SPD,yes
1106,39537,Florian Hahn,CDU/CSU,yes
1106,39540,Anja Hajduk,DIE GRÜNEN,yes
1106,39541,Rita Hagl-Kehl,SPD,yes
1106,39542,Christian Haase,CDU/CSU,yes
1106,39545,Bettina Hagedorn,SPD,yes
1106,39550,Fritz Güntzler,CDU/CSU,yes
1106,39554,Herlind Gundelach,CDU/CSU,yes
1106,39559,Astrid Grotelüschen,CDU/CSU,yes
1106,39562,Uli Grötsch,SPD,yes
1106,39565,Markus Grübel,CDU/CSU,yes
1106,39568,Manfred Grund,CDU/CSU,yes
1106,39569,Oliver Grundmann,CDU/CSU,yes
1106,39833,Karin Thissen,SPD,yes
1106,39572,Monika Grütters,CDU/CSU,yes
1106,40911,Michael Grosse-Brömer,CDU/CSU,yes
1106,39574,Michael Groß,SPD,yes
1106,39577,Kerstin Griese,SPD,yes
1106,39579,Philipp Graf von und zu Lerchenfeld,CDU/CSU,yes
1106,39582,Ulrike Gottschalck,SPD,yes
1106,39587,Iris Gleicke,SPD,yes
1106,39588,Cemile Giousouf,CDU/CSU,yes
1106,39591,Martin Gerster,SPD,yes
1106,39594,Eberhard Gienger,CDU/CSU,yes
1106,39597,Kai Gehring,DIE GRÜNEN,yes
1106,39599,Michael Gerdes,SPD,yes
1106,39601,Alois Gerig,CDU/CSU,yes
1106,39604,Sigmar Gabriel,SPD,yes
1106,39606,Ingo Gädechens,CDU/CSU,yes
1106,39608,Thomas Gambke,DIE GRÜNEN,yes
1106,39609,Matthias Gastel,DIE GRÜNEN,yes
1106,39625,Michael Fuchs,CDU/CSU,yes
1106,39629,Christian Flisek,SPD,yes
1106,39632,Gabriele Fograscher,SPD,yes
1106,39634,Edgar Franke,SPD,yes
1106,39635,Ulrich Freese,SPD,yes
1106,39636,Thorsten Frei,CDU/CSU,yes
1106,39639,Dirk Fischer,CDU/CSU,yes
1106,39642,Maria Flachsbarth,CDU/CSU,yes
1106,39645,Ingrid Fischbach,CDU/CSU,yes
1106,39651,Petra Ernstberger,SPD,yes
1106,39652,Saskia Esken,SPD,yes
1106,39655,Karin Evers-Meyer,SPD,yes
1106,39657,Johannes Fechner,SPD,yes
1106,39658,Uwe Feiler,CDU/CSU,yes
1106,39659,Fritz Felgentreu,SPD,yes
1106,39662,Enak Ferlemann,CDU/CSU,yes
1106,44393,Elke Ferner,SPD,yes
1106,39663,Ute Finckh-Krämer,SPD,yes
1106,39664,Michael Donth,CDU/CSU,yes
1106,39670,Martin Dörmann,SPD,yes
1106,39672,Katja Dörner,DIE GRÜNEN,yes
1106,39675,Marie-Luise Dött,CDU/CSU,yes
1106,40684,Elvira Drobinski-Weiß,SPD,yes
1106,39676,Katharina Dröge,DIE GRÜNEN,yes
1106,39677,Hansjörg Durz,CDU/CSU,yes
1106,39679,Harald Ebner,DIE GRÜNEN,yes
1106,39680,Jutta Eckenbach,CDU/CSU,yes
1106,39683,Ekin Deligöz,DIE GRÜNEN,yes
1106,39684,Karamba Diaby,SPD,yes
1106,39686,Alexandra Dinges-Dierig,CDU/CSU,yes
1106,39688,Sabine Dittmar,SPD,yes
1106,39691,Alexander Dobrindt,CDU/CSU,yes
1106,39692,Kees de Vries,CDU/CSU,yes
1106,39694,Thomas de Maizière,CDU/CSU,yes
1106,39695,Daniela De Ridder,SPD,yes
1106,39702,Gitta Connemann,CDU/CSU,yes
1106,39704,Petra Crone,SPD,yes
1106,39708,Bernhard Daldrup,SPD,yes
1106,39718,Martin Burkert,SPD,yes
1106,39724,Edelgard Bulmahn,SPD,yes
1106,39726,Reinhard Brandl,CDU/CSU,yes
1106,39729,Helmut Brandt,CDU/CSU,yes
1106,39731,Franziska Brantner,DIE GRÜNEN,yes
1106,39734,Willi Brase,SPD,yes
1106,44283,Ralf Brauksiepe,CDU/CSU,yes
1106,39736,Helge Braun,CDU/CSU,yes
1106,39738,Heike Brehmer,CDU/CSU,yes
1106,39740,Ralph Brinkhaus,CDU/CSU,yes
1106,39743,Peter Bleser,CDU/CSU,yes
1106,39744,Burkhard Blienert,SPD,yes
1106,44361,Maria Böhmer,CDU/CSU,yes
1106,39752,Norbert Brackmann,CDU/CSU,yes
1106,39758,Clemens Binninger,CDU/CSU,yes
1106,39761,Lothar Binding,SPD,yes
1106,39763,Steffen Bilger,CDU/CSU,yes
1106,39769,André Berghegger,CDU/CSU,yes
1106,39772,Christoph Bergner,CDU/CSU,yes
1106,39773,Sybille Benning,CDU/CSU,yes
1106,39779,Maik Beermann,CDU/CSU,yes
1106,44287,Uwe Beckmeyer,SPD,yes
1106,39784,Bärbel Bas,SPD,yes
1106,39787,Helmut Günter Baumann,CDU/CSU,yes
1106,39790,Marieluise Beck,DIE GRÜNEN,yes
1106,39793,Volker Beck,DIE GRÜNEN,yes
1106,44396,Dirk Becker,SPD,yes
1106,39796,Doris Barnett,SPD,yes
1106,39799,Klaus Barthel,SPD,yes
1106,39802,Norbert Barthle,CDU/CSU,yes
1106,44644,Katarina Barley,SPD,yes
1106,39807,Heinz-Joachim Barchmann,SPD,yes
1106,39810,Dorothee Bär,CDU/CSU,yes
1106,43777,Luise Amtsberg,DIE GRÜNEN,yes
1106,39813,Kerstin Andreae,DIE GRÜNEN,yes
1106,39815,Niels Annen,SPD,yes
1106,39818,Ingrid Arndt-Brauer,SPD,yes
1106,44364,Rainer Arnold,SPD,yes
1106,39819,Heike Baehrens,SPD,yes
1106,39820,Annalena Baerbock,DIE GRÜNEN,yes
1106,39821,Stephan Albani,CDU/CSU,yes
1106,39822,Christian Petry,SPD,yes
1106,44367,Gabriele Groneberg,SPD,yes
1106,39825,Wolfgang Strengmann-Kuhn,DIE GRÜNEN,yes
1106,39827,Angelika Glöckner,SPD,yes
1106,39828,Thorsten Hoffmann,CDU/CSU,yes
1106,39830,Detlef Müller,SPD,yes
1106,39831,Waldemar Westermayer,CDU/CSU,yes
1106,39832,Iris Eberl,CDU/CSU,yes
1106,38649,Silke Launert,CDU/CSU,no
1106,38656,Alexander Ulrich,DIE LINKE,no
1106,44253,Hans-Christian Ströbele,DIE GRÜNEN,no
1106,38666,Petra Sitte,DIE LINKE,no
1106,38668,Detlef Seif,CDU/CSU,no
1106,38673,Reinhold Sendker,CDU/CSU,no
1106,38702,Jan Metzler,CDU/CSU,no
1106,38708,Gesine Lötzsch,DIE LINKE,no
1106,38730,Heike Hänsel,DIE LINKE,no
1106,44766,Stephan Harbarth,CDU/CSU,no
1106,38739,Ulla Jelpke,DIE LINKE,no
1106,38747,Ursula Groden-Kranich,CDU/CSU,no
1106,44349,Josef Göppel,CDU/CSU,no
1106,38756,Thomas Feist,CDU/CSU,no
1106,38766,Christine Buchholz,DIE LINKE,no
1106,38772,Matthias W. Birkwald,DIE LINKE,no
1106,38782,Thomas Lutze,DIE LINKE,no
1106,38790,Martina Renner,DIE LINKE,no
1106,38802,Herbert Behrens,DIE LINKE,no
1106,38804,Pia Zimmermann,DIE LINKE,no
1106,38808,Emmi Zeulner,CDU/CSU,no
1106,38809,Hubertus Zdebel,DIE LINKE,no
1106,38812,Dagmar Wöhrl,CDU/CSU,no
1106,38817,Birgit Wöllert,DIE LINKE,no
1106,38828,Klaus-Peter Willsch,CDU/CSU,no
1106,38838,Peter Wichtel,CDU/CSU,no
1106,38849,Ingo Wellenreuther,CDU/CSU,no
1106,38853,Marian Wendt,CDU/CSU,no
1106,43581,Katrin Werner,DIE LINKE,no
1106,38861,Harald Weinberg,DIE LINKE,no
1106,38870,Halina Wawzyniak,DIE LINKE,no
1106,38873,Sahra Wagenknecht,DIE LINKE,no
1106,38881,Christian von Stetten,CDU/CSU,no
1106,38885,Hans-Georg von der Marwitz,CDU/CSU,no
1106,38902,Arnold Vaatz,CDU/CSU,no
1106,38904,Jan van Aken,DIE LINKE,no
1106,44383,Azize Tank,DIE LINKE,no
1106,38949,Stephan Stracke,CDU/CSU,no
1106,38955,Dieter Stier,CDU/CSU,no
1106,38962,Peer Steinbrück,SPD,no
1106,38966,Kersten Steinke,DIE LINKE,no
1106,38969,Wolfgang Stefinger,CDU/CSU,no
1106,38975,Tino Sorge,CDU/CSU,no
1106,44355,Bernhard Schulte-Drüggelte,CDU/CSU,no
1106,38613,Birgit Menz,DIE LINKE,no
1106,39043,Jana Schimke,CDU/CSU,no
1106,39060,Michael Schlecht,DIE LINKE,no
1106,39085,Albert Rupprecht,CDU/CSU,no
1106,39133,Eckhard Pols,CDU/CSU,no
1106,39156,Jeannine Pflugradt,SPD,no
1106,39162,Petra Pau,DIE LINKE,no
1106,39167,Sylvia Pantel,CDU/CSU,no
1106,39173,Tim Ostermann,CDU/CSU,no
1106,39217,Niema Movassat,DIE LINKE,no
1106,39222,Cornelia Möhring,DIE LINKE,no
1106,39231,Hans Michelbach,CDU/CSU,no
1106,39255,Andreas Mattfeldt,CDU/CSU,no
1106,39270,Carsten Linnemann,CDU/CSU,no
1106,39286,Michael Leutert,DIE LINKE,no
1106,39297,Sabine Leidig,DIE LINKE,no
1106,39300,Paul Lehrieder,CDU/CSU,no
1106,39305,Caren Lay,DIE LINKE,no
1106,39314,Karl A. Lamers,CDU/CSU,no
1106,39317,Andreas Lämmel,CDU/CSU,no
1106,39348,Jutta Krellmann,DIE LINKE,no
1106,39373,Jens Koeppen,CDU/CSU,no
1106,39391,Katja Kipping,DIE LINKE,no
1106,39400,Kerstin Kassner,DIE LINKE,no
1106,39417,Alois Karl,CDU/CSU,no
1106,39429,Egon Jüttner,CDU/CSU,no
1106,39434,Thomas Jurk,SPD,no
1106,39436,Xaver Jung,CDU/CSU,no
1106,39442,Hubert Hüppe,CDU/CSU,no
1106,39455,Andrej Hunko,DIE LINKE,no
1106,39458,Inge Höger,DIE LINKE,no
1106,39471,Alexander Hoffmann,CDU/CSU,no
1106,39474,Robert Hochbaum,CDU/CSU,no
1106,39475,Heribert Hirte,CDU/CSU,no
1106,39477,Mark Helfrich,CDU/CSU,no
1106,39479,Uda Heller,CDU/CSU,no
1106,39509,Matthias Heider,CDU/CSU,no
1106,39511,Helmut Heiderich,CDU/CSU,no
1106,39518,Rosemarie Hein,DIE LINKE,no
1106,39520,Frank Heinrich,CDU/CSU,no
1106,39523,Matthias Hauer,CDU/CSU,no
1106,39535,André Hahn,DIE LINKE,no
1106,39548,Gregor Gysi,DIE LINKE,no
1106,39553,Olav Gutting,CDU/CSU,no
1106,39561,Annette Groth,DIE LINKE,no
1106,39614,Thomas Gebhart,CDU/CSU,no
1106,39616,Alexander Funk,CDU/CSU,no
1106,39621,Michael Frieser,CDU/CSU,no
1106,44390,Klaus-Peter Flosbach,CDU/CSU,no
1106,43872,Axel Eduard Fischer,CDU/CSU,no
1106,39648,Klaus Ernst,DIE LINKE,no
1106,39656,Hermann Färber,CDU/CSU,no
1106,39667,Thomas Dörflinger,CDU/CSU,no
1106,39699,Roland Claus,DIE LINKE,no
1106,39707,Sevim Dağdelen,DIE LINKE,no
1106,39711,Marco Bülow,SPD,no
1106,39715,Cajus Caesar,CDU/CSU,no
1106,39721,Eva Bulling-Schröter,DIE LINKE,no
1106,39747,Heidrun Bluhm-Förster,DIE LINKE,no
1106,39750,Wolfgang Bosbach,CDU/CSU,no
1106,39755,Klaus Brähmig,CDU/CSU,no
1106,39766,Karin Binder,DIE LINKE,no
1106,39768,Peter Beyer,CDU/CSU,no
1106,39776,Veronika Bellmann,CDU/CSU,no
1106,39778,Manfred Behrens,CDU/CSU,no
1106,39782,Dietmar Bartsch,DIE LINKE,no
1106,39805,Thomas Bareiß,CDU/CSU,no
1106,39826,Ronja Kemmer,CDU/CSU,no
1106,38715,Sylvia Kotting-Uhl,DIE GRÜNEN,abstain
1106,38911,Axel Troost,DIE LINKE,abstain
1106,38919,Harald Terpe,DIE GRÜNEN,abstain
1106,38934,Kirsten Tackmann,DIE LINKE,abstain
1106,45916,Frank Tempel,DIE LINKE,abstain
1106,39082,Corinna Rüffer,DIE GRÜNEN,abstain
1106,39131,Richard Pitterle,DIE LINKE,abstain
1106,39146,Harald Petzold,DIE LINKE,abstain
1106,39159,Lisa Paus,DIE GRÜNEN,abstain
1106,39163,Martin Pätzold,CDU/CSU,abstain
1106,39192,Andreas Nick,CDU/CSU,abstain
1106,39200,Thomas Nord,DIE LINKE,abstain
1106,39207,Beate Müller-Gemmeke,DIE GRÜNEN,abstain
1106,39276,Wilfried Lorenz,CDU/CSU,abstain
1106,39289,Stefan Liebich,DIE LINKE,abstain
1106,39292,Steffi Lemke,DIE GRÜNEN,abstain
1106,39303,Monika Lazar,DIE GRÜNEN,abstain
1106,39411,Uwe Kekeritz,DIE GRÜNEN,abstain
1106,38630,Diether Dehm,DIE LINKE,no_show
1106,38635,Astrid Freudenstein,CDU/CSU,no_show
1106,45245,Katrin Albsteiger,CDU/CSU,no_show
1106,38678,Thomas Silberhorn,CDU/CSU,no_show
1106,38718,Jan Korte,DIE LINKE,no_show
1106,38743,Andreas Jung,CDU/CSU,no_show
1106,38762,Gernot Erler,SPD,no_show
1106,38795,Sabine Zimmermann,DIE LINKE,no_show
1106,44262,Brigitte Zypries,SPD,no_show
1106,38820,Jörn Wunderlich,DIE LINKE,no_show
1106,38896,Kathrin Vogler,DIE LINKE,no_show
1106,44382,Hans-Peter Uhl,CDU/CSU,no_show
1106,38931,Kerstin Tack,SPD,no_show
1106,38958,Albert Stegemann,CDU/CSU,no_show
1106,44352,Erika Steinbach,CDU/CSU,no_show
1106,38973,Carola Stauche,CDU/CSU,no_show
1106,38981,Svenja Stadler,SPD,no_show
1106,39018,Hans Joachim Schabedoth,SPD,no_show
1106,39038,Marianne Schieder,SPD,no_show
1106,39048,Tankred Schipanski,CDU/CSU,no_show
1106,39121,Peter Ramsauer,CDU/CSU,no_show
1106,39142,Wilhelm Priesmeier,SPD,no_show
1106,39155,Sibylle Pfeiffer,CDU/CSU,no_show
1106,39191,Alexander S. Neu,DIE LINKE,no_show
1106,39203,Stefan Müller,CDU/CSU,no_show
1106,39228,Irene Mihalic,DIE GRÜNEN,no_show
1106,39236,Matthias Miersch,SPD,no_show
1106,39273,Patricia Lips,CDU/CSU,no_show
1106,39282,Tobias Lindner,DIE GRÜNEN,no_show
1106,39283,Andreas Lenz,CDU/CSU,no_show
1106,39291,Ralph Lenkert,DIE LINKE,no_show
1106,39334,Katrin Kunert,DIE LINKE,no_show
1106,39378,Daniela Kolbe,SPD,no_show
1106,39381,Carsten Körber,CDU/CSU,no_show
1106,39392,Cansel Kiziltepe,SPD,no_show
1106,39404,Gabriele Katzmarek,SPD,no_show
1106,39414,Susanna Karawanskij,DIE LINKE,no_show
1106,39443,Matthias Ilgen,SPD,no_show
1106,45897,Sigrid Hupach,DIE LINKE,no_show
1106,39522,Mark Hauptmann,CDU/CSU,no_show
1106,44387,Michael Hartmann,SPD,no_show
1106,39557,Wolfgang Gunkel,SPD,no_show
1106,39584,Nicole Gohlke,DIE LINKE,no_show
1106,41043,Wolfgang Gehrcke-Reymann,DIE LINKE,no_show
1106,39619,Hans-Peter Friedrich,CDU/CSU,no_show
1106,39628,Dagmar Freitag,SPD,no_show
1106,39696,Lars Castellucci,SPD,no_show
1232,37945,Sarah Ryglewski,SPD,yes
1232,38626,Jens Zimmermann,SPD,yes
1232,38630,Diether Dehm,DIE LINKE,yes
1232,38633,Johannes Steiniger,CDU/CSU,yes
1232,38635,Astrid Freudenstein,CDU/CSU,yes
1232,38637,Gudrun Zollner,CDU/CSU,yes
1232,38638,Heidtrud Henn,SPD,yes
1232,38643,Bernd-Bernhard Fabritius,CDU/CSU,yes
1232,38648,Tobias Zech,CDU/CSU,yes
1232,38653,Peter Altmaier,CDU/CSU,yes
1232,38656,Alexander Ulrich,DIE LINKE,yes
1232,38657,Kai Whittaker,CDU/CSU,yes
1232,38659,Johann Wadephul,CDU/CSU,yes
1232,38661,Konstantin von Notz,DIE GRÜNEN,yes
1232,38663,Carsten Träger,SPD,yes
1232,44253,Hans-Christian Ströbele,DIE GRÜNEN,yes
1232,38666,Petra Sitte,DIE LINKE,yes
1232,38684,Uwe Schummer,CDU/CSU,yes
1232,38685,Mahmut Özdemir,SPD,yes
1232,38688,Frithjof Schmidt,DIE GRÜNEN,yes
1232,38693,Rolf Mützenich,SPD,yes
1232,38696,Andrea Nahles,SPD,yes
1232,38697,Bettina Müller,SPD,yes
1232,38702,Jan Metzler,CDU/CSU,yes
1232,38705,Hilde Mattheis,SPD,yes
1232,44256,Nicole Maisch,DIE GRÜNEN,yes
1232,38708,Gesine Lötzsch,DIE LINKE,yes
1232,38709,Katja Leikert,CDU/CSU,yes
1232,38712,Markus Kurth,DIE GRÜNEN,yes
1232,38715,Sylvia Kotting-Uhl,DIE GRÜNEN,yes
1232,38718,Jan Korte,DIE LINKE,yes
1232,38723,Sven-Christian Kindler,DIE GRÜNEN,yes
1232,38726,Oliver Kaczmarek,SPD,yes
1232,38727,Ulrich Hampel,SPD,yes
1232,38730,Heike Hänsel,DIE LINKE,yes
1232,38733,Thomas Hitschler,SPD,yes
1232,38739,Ulla Jelpke,DIE LINKE,yes
1232,38743,Andreas Jung,CDU/CSU,yes
1232,38751,Klaus-Dieter Gröhler,CDU/CSU,yes
1232,40915,Michaela Engelmeier,SPD,yes
1232,38759,Siegmund Ehrmann,SPD,yes
1232,38762,Gernot Erler,SPD,yes
1232,38764,Agnieszka Brugger,DIE GRÜNEN,yes
1232,38766,Christine Buchholz,DIE LINKE,yes
1232,38767,Karl-Heinz Brunner,SPD,yes
1232,38772,Matthias W. Birkwald,DIE LINKE,yes
1232,38773,Ulrike Bahr,SPD,yes
1232,38776,Sören Bartol,SPD,yes
1232,38777,Matthias Bartke,SPD,yes
1232,38780,Katrin Göring-Eckardt,DIE GRÜNEN,yes
1232,38782,Thomas Lutze,DIE LINKE,yes
1232,38785,Jürgen Klimke,CDU/CSU,yes
1232,38789,Sascha Raabe,SPD,yes
1232,38790,Martina Renner,DIE LINKE,yes
1232,38792,Matthias Zimmer,CDU/CSU,yes
1232,38795,Sabine Zimmermann,DIE LINKE,yes
1232,38798,Manfred Zöllmer,SPD,yes
1232,44262,Brigitte Zypries,SPD,yes
1232,38800,Markus Tressel,DIE GRÜNEN,yes
1232,38802,Herbert Behrens,DIE LINKE,yes
1232,38804,Pia Zimmermann,DIE LINKE,yes
1232,38805,Stefan Zierke,SPD,yes
1232,38807,Dagmar Ziegler,SPD,yes
1232,38809,Hubertus Zdebel,DIE LINKE,yes
1232,38812,Dagmar Wöhrl,CDU/CSU,yes
1232,38815,Waltraud Wolff,SPD,yes
1232,38817,Birgit Wöllert,DIE LINKE,yes
1232,38820,Jörn Wunderlich,DIE LINKE,yes
1232,38821,Gülistan Yüksel,SPD,yes
1232,38824,Andrea Wicklein,SPD,yes
1232,38825,Dirk Wiese,SPD,yes
1232,38830,Valerie Wilms,DIE GRÜNEN,yes
1232,38836,Oliver Wittke,CDU/CSU,yes
1232,38843,Sabine Weiss,CDU/CSU,yes
1232,38852,Karl-Georg Wellmann,CDU/CSU,yes
1232,43581,Katrin Werner,DIE LINKE,yes
1232,38854,Bernd Westphal,SPD,yes
1232,38855,Gabi Weber,SPD,yes
1232,38858,Kai Wegner,CDU/CSU,yes
1232,38861,Harald Weinberg,DIE LINKE,yes
1232,38865,Marcus Weinberg,CDU/CSU,yes
1232,38870,Halina Wawzyniak,DIE LINKE,yes
1232,38873,Sahra Wagenknecht,DIE LINKE,yes
1232,38874,Doris Wagner,DIE GRÜNEN,yes
1232,38876,Beate Walter-Rosenheimer,DIE GRÜNEN,yes
1232,38878,Dirk Vöpel,SPD,yes
1232,38883,Ursula von der Leyen,CDU/CSU,yes
1232,38889,Julia Verlinden,DIE GRÜNEN,yes
1232,38891,Michael Vietz,CDU/CSU,yes
1232,38896,Kathrin Vogler,DIE LINKE,yes
1232,38899,Ute Vogt,SPD,yes
1232,38904,Jan van Aken,DIE LINKE,yes
1232,38908,Jürgen Trittin,DIE GRÜNEN,yes
1232,38914,Antje Tillmann,CDU/CSU,yes
1232,44265,Franz Thönnes,SPD,yes
1232,38916,Michael Thews,SPD,yes
1232,38919,Harald Terpe,DIE GRÜNEN,yes
1232,38925,Lena Strothmann,CDU/CSU,yes
1232,38928,Michael Stübgen,CDU/CSU,yes
1232,38929,Sabine Sütterlin-Waack,CDU/CSU,yes
1232,38931,Kerstin Tack,SPD,yes
1232,38934,Kirsten Tackmann,DIE LINKE,yes
1232,44383,Azize Tank,DIE LINKE,yes
1232,38936,Peter Tauber,CDU/CSU,yes
1232,38937,Claudia Tausend,SPD,yes
1232,45916,Frank Tempel,DIE LINKE,yes
1232,38947,Christoph Strässer,SPD,yes
1232,38953,Gero Storjohann,CDU/CSU,yes
1232,38955,Dieter Stier,CDU/CSU,yes
1232,38959,Peter Stein,CDU/CSU,yes
1232,38963,Sebastian Steineke,CDU/CSU,yes
1232,38966,Kersten Steinke,DIE LINKE,yes
1232,38968,Sonja Steffen,SPD,yes
1232,38969,Wolfgang Stefinger,CDU/CSU,yes
1232,38974,Martina Stamm-Fibich,SPD,yes
1232,38975,Tino Sorge,CDU/CSU,yes
1232,38978,Jens Spahn,CDU/CSU,yes
1232,40313,Elfi Scho-Antwerpes,SPD,yes
1232,38979,Rainer Spiering,SPD,yes
1232,38980,Norbert Spinrath,SPD,yes
1232,38981,Svenja Stadler,SPD,yes
1232,38986,Frank Schwabe,SPD,yes
1232,38988,Stefan Schwartze,SPD,yes
1232,38989,Andreas Schwarz,SPD,yes
1232,38992,Rita Schwarzelühr-Sutter,SPD,yes
1232,38993,Christina Schwarzer,CDU/CSU,yes
1232,44592,Ewald Schurer,SPD,yes
1232,38995,Kordula Schulz-Asche,DIE GRÜNEN,yes
1232,38999,Swen Schulz,SPD,yes
1232,39000,Ursula Schulte,SPD,yes
1232,39003,Ole Schröder,CDU/CSU,yes
1232,39006,Kristina Schröder,CDU/CSU,yes
1232,39008,Nadine Schön,CDU/CSU,yes
1232,39009,Matthias Schmidt,SPD,yes
1232,39012,Ulla Schmidt,SPD,yes
1232,39015,Carsten Schneider,SPD,yes
1232,39017,Annette Sawade,SPD,yes
1232,39018,Hans Joachim Schabedoth,SPD,yes
1232,39021,Anita Schäfer,CDU/CSU,yes
1232,39024,Axel Schäfer,SPD,yes
1232,39027,Elisabeth Scharfenberg,DIE GRÜNEN,yes
1232,39031,Ulle Schauws,DIE GRÜNEN,yes
1232,39032,Nina Scheer,SPD,yes
1232,44599,Gerhard Schick,DIE GRÜNEN,yes
1232,39038,Marianne Schieder,SPD,yes
1232,39039,Udo Schiefner,SPD,yes
1232,38613,Birgit Menz,DIE LINKE,yes
1232,39049,Johann Saathoff,SPD,yes
1232,39053,Manuel Sarrazin,DIE GRÜNEN,yes
1232,39058,Dagmar Schmidt,SPD,yes
1232,39060,Michael Schlecht,DIE LINKE,yes
1232,39061,Dorothee Schlegel,SPD,yes
1232,39064,Ernst Dieter Rossmann,SPD,yes
1232,39066,Tabea Rößner,DIE GRÜNEN,yes
1232,39069,Claudia Roth,DIE GRÜNEN,yes
1232,39072,Michael Roth,SPD,yes
1232,39081,Rüdiger Veit,SPD,yes
1232,39082,Corinna Rüffer,DIE GRÜNEN,yes
1232,39086,Susann Rüthrich,SPD,yes
1232,39087,Bernd Rützel,SPD,yes
1232,39091,Martin Rosemann,SPD,yes
1232,39094,René Röspel,SPD,yes
1232,39097,Mechthild Rawert,SPD,yes
1232,39099,Stefan Rebmann,SPD,yes
1232,39108,Gerold Reichenbach,SPD,yes
1232,44576,Carola Reimann,SPD,yes
1232,39113,Andreas Rimkus,SPD,yes
1232,39116,Sönke Rix,SPD,yes
1232,39117,Dennis Rohde,SPD,yes
1232,41170,Simone Raatz,SPD,yes
1232,39129,Martin Rabanus,SPD,yes
1232,39131,Richard Pitterle,DIE LINKE,yes
1232,39134,Sabine Poschmann,SPD,yes
1232,44271,Joachim Poß,SPD,yes
1232,39135,Florian Post,SPD,yes
1232,39136,Achim Post,SPD,yes
1232,39139,Brigitte Pothmer,DIE GRÜNEN,yes
1232,39142,Wilhelm Priesmeier,SPD,yes
1232,39145,Florian Pronold,SPD,yes
1232,39146,Harald Petzold,DIE LINKE,yes
1232,39156,Jeannine Pflugradt,SPD,yes
1232,39157,Detlev Pilger,SPD,yes
1232,39159,Lisa Paus,DIE GRÜNEN,yes
1232,39162,Petra Pau,DIE LINKE,yes
1232,39163,Martin Pätzold,CDU/CSU,yes
1232,39165,Markus Paschke,SPD,yes
1232,39166,Ingrid Pahlmann,CDU/CSU,yes
1232,39170,Aydan Özoğuz,SPD,yes
1232,39172,Friedrich Ostendorff,DIE GRÜNEN,yes
1232,39178,Cem Özdemir,DIE GRÜNEN,yes
1232,39181,Omid Nouripour,DIE GRÜNEN,yes
1232,39189,Thomas Oppermann,SPD,yes
1232,39191,Alexander S. Neu,DIE LINKE,yes
1232,39192,Andreas Nick,CDU/CSU,yes
1232,39194,Dietmar Nietan,SPD,yes
1232,39195,Ulli Nissen,SPD,yes
1232,39200,Thomas Nord,DIE LINKE,yes
1232,39205,Carsten Müller,CDU/CSU,yes
1232,39207,Beate Müller-Gemmeke,DIE GRÜNEN,yes
1232,39208,Michelle Müntefering,SPD,yes
1232,39210,Philipp Murmann,CDU/CSU,yes
1232,39212,Özcan Mutlu,DIE GRÜNEN,yes
1232,39217,Niema Movassat,DIE LINKE,yes
1232,39222,Cornelia Möhring,DIE LINKE,yes
1232,39226,Susanne Mittag,SPD,yes
1232,39227,Klaus Mindrup,SPD,yes
1232,39228,Irene Mihalic,DIE GRÜNEN,yes
1232,39231,Hans Michelbach,CDU/CSU,yes
1232,39233,Mathias Middelberg,CDU/CSU,yes
1232,39236,Matthias Miersch,SPD,yes
1232,39243,Peter Meiwald,DIE GRÜNEN,yes
1232,39250,Caren Marks,SPD,yes
1232,39253,Katja Mast,SPD,yes
1232,39255,Andreas Mattfeldt,CDU/CSU,yes
1232,39256,Birgit Malecha-Nissen,SPD,yes
1232,39262,Kirsten Lühmann,SPD,yes
1232,39267,Jan-Marco Luczak,CDU/CSU,yes
1232,39275,Burkhard Lischka,SPD,yes
1232,44358,Gabriele Lösekrug-Möller,SPD,yes
1232,39277,Hiltrud Lotze,SPD,yes
1232,39282,Tobias Lindner,DIE GRÜNEN,yes
1232,39286,Michael Leutert,DIE LINKE,yes
1232,39289,Stefan Liebich,DIE LINKE,yes
1232,39291,Ralph Lenkert,DIE LINKE,yes
1232,39292,Steffi Lemke,DIE GRÜNEN,yes
1232,39294,Steffen-Claudio Lemme,SPD,yes
1232,39297,Sabine Leidig,DIE LINKE,yes
1232,39303,Monika Lazar,DIE GRÜNEN,yes
1232,39305,Caren Lay,DIE LINKE,yes
1232,39311,Christine Lambrecht,SPD,yes
1232,39326,Christian Lange,SPD,yes
1232,39331,Karl Lauterbach,SPD,yes
1232,39334,Katrin Kunert,DIE LINKE,yes
1232,39337,Renate Künast,DIE GRÜNEN,yes
1232,39338,Roy Kühne,CDU/CSU,yes
1232,39341,Christian Kühn,DIE GRÜNEN,yes
1232,39343,Stephan Kühn,DIE GRÜNEN,yes
1232,44276,Helga Kühn-Mengel,SPD,yes
1232,39346,Anette Kramme,SPD,yes
1232,39348,Jutta Krellmann,DIE LINKE,yes
1232,39359,Oliver Krischer,DIE GRÜNEN,yes
1232,39361,Hans-Ulrich Krüger,SPD,yes
1232,39365,Rüdiger Kruse,CDU/CSU,yes
1232,39370,Tom Koenigs,DIE GRÜNEN,yes
1232,39376,Bärbel Kofler,SPD,yes
1232,39378,Daniela Kolbe,SPD,yes
1232,39379,Birgit Kömpel,SPD,yes
1232,39385,Maria Klein-Schmeink,DIE GRÜNEN,yes
1232,39387,Lars Klingbeil,SPD,yes
1232,39391,Katja Kipping,DIE LINKE,yes
1232,39392,Cansel Kiziltepe,SPD,yes
1232,39393,Arno Klare,SPD,yes
1232,39395,Roderich Kiesewetter,CDU/CSU,yes
1232,39397,Katja Keul,DIE GRÜNEN,yes
1232,39398,Marina Kermer,SPD,yes
1232,39400,Kerstin Kassner,DIE LINKE,yes
1232,39404,Gabriele Katzmarek,SPD,yes
1232,39409,Stefan Kaufmann,CDU/CSU,yes
1232,39411,Uwe Kekeritz,DIE GRÜNEN,yes
1232,44770,Ulrich Kelber,SPD,yes
1232,39413,Ralf Kapschack,SPD,yes
1232,39414,Susanna Karawanskij,DIE LINKE,yes
1232,39427,Johannes Kahrs,SPD,yes
1232,39432,Josip Juratovic,SPD,yes
1232,39434,Thomas Jurk,SPD,yes
1232,39435,Frank Junge,SPD,yes
1232,39436,Xaver Jung,CDU/CSU,yes
1232,39443,Matthias Ilgen,SPD,yes
1232,39445,Dieter Janecek,DIE GRÜNEN,yes
1232,39446,Christina Jantz-Herrmann,SPD,yes
1232,45214,Bettina Hornhues,CDU/CSU,yes
1232,39453,Anette Hübinger,CDU/CSU,yes
1232,39455,Andrej Hunko,DIE LINKE,yes
1232,45897,Sigrid Hupach,DIE LINKE,yes
1232,39458,Inge Höger,DIE LINKE,yes
1232,39461,Eva Högl,SPD,yes
1232,44280,Bärbel Höhn,DIE GRÜNEN,yes
1232,39467,Hendrik Hoppenstedt,CDU/CSU,yes
1232,39470,Anton Hofreiter,DIE GRÜNEN,yes
1232,39475,Heribert Hirte,CDU/CSU,yes
1232,39476,Marcus Held,SPD,yes
1232,39477,Mark Helfrich,CDU/CSU,yes
1232,39481,Wolfgang Hellmich,SPD,yes
1232,39485,Barbara Hendricks,SPD,yes
1232,39494,Gustav Herzog,SPD,yes
1232,39499,Gabriele Hiller-Ohm,SPD,yes
1232,39507,Dirk Heidenblut,SPD,yes
1232,39514,Hubertus Heil,SPD,yes
1232,39516,Mechthild Heil,CDU/CSU,yes
1232,39518,Rosemarie Hein,DIE LINKE,yes
1232,39521,Gabriela Heinrich,SPD,yes
1232,39522,Mark Hauptmann,CDU/CSU,yes
1232,39523,Matthias Hauer,CDU/CSU,yes
1232,44387,Michael Hartmann,SPD,yes
1232,39529,Britta Haßelmann,DIE GRÜNEN,yes
1232,39530,Sebastian Hartmann,SPD,yes
1232,39533,Metin Hakverdi,SPD,yes
1232,39535,André Hahn,DIE LINKE,yes
1232,39540,Anja Hajduk,DIE GRÜNEN,yes
1232,39541,Rita Hagl-Kehl,SPD,yes
1232,39545,Bettina Hagedorn,SPD,yes
1232,39548,Gregor Gysi,DIE LINKE,yes
1232,39550,Fritz Güntzler,CDU/CSU,yes
1232,39554,Herlind Gundelach,CDU/CSU,yes
1232,39561,Annette Groth,DIE LINKE,yes
1232,39562,Uli Grötsch,SPD,yes
1232,39833,Karin Thissen,SPD,yes
1232,39572,Monika Grütters,CDU/CSU,yes
1232,39574,Michael Groß,SPD,yes
1232,39577,Kerstin Griese,SPD,yes
1232,39582,Ulrike Gottschalck,SPD,yes
1232,39584,Nicole Gohlke,DIE LINKE,yes
1232,39587,Iris Gleicke,SPD,yes
1232,39588,Cemile Giousouf,CDU/CSU,yes
1232,39591,Martin Gerster,SPD,yes
1232,39597,Kai Gehring,DIE GRÜNEN,yes
1232,39599,Michael Gerdes,SPD,yes
1232,39604,Sigmar Gabriel,SPD,yes
1232,39608,Thomas Gambke,DIE GRÜNEN,yes
1232,39609,Matthias Gastel,DIE GRÜNEN,yes
1232,39614,Thomas Gebhart,CDU/CSU,yes
1232,41043,Wolfgang Gehrcke-Reymann,DIE LINKE,yes
1232,39628,Dagmar Freitag,SPD,yes
1232,39629,Christian Flisek,SPD,yes
1232,39632,Gabriele Fograscher,SPD,yes
1232,39634,Edgar Franke,SPD,yes
1232,39635,Ulrich Freese,SPD,yes
1232,39648,Klaus Ernst,DIE LINKE,yes
1232,39651,Petra Ernstberger,SPD,yes
1232,39652,Saskia Esken,SPD,yes
1232,39655,Karin Evers-Meyer,SPD,yes
1232,39657,Johannes Fechner,SPD,yes
1232,39659,Fritz Felgentreu,SPD,yes
1232,44393,Elke Ferner,SPD,yes
1232,39663,Ute Finckh-Krämer,SPD,yes
1232,39670,Martin Dörmann,SPD,yes
1232,39672,Katja Dörner,DIE GRÜNEN,yes
1232,40684,Elvira Drobinski-Weiß,SPD,yes
1232,39676,Katharina Dröge,DIE GRÜNEN,yes
1232,39679,Harald Ebner,DIE GRÜNEN,yes
1232,39683,Ekin Deligöz,DIE GRÜNEN,yes
1232,39684,Karamba Diaby,SPD,yes
1232,39686,Alexandra Dinges-Dierig,CDU/CSU,yes
1232,39688,Sabine Dittmar,SPD,yes
1232,39695,Daniela De Ridder,SPD,yes
1232,39696,Lars Castellucci,SPD,yes
1232,39699,Roland Claus,DIE LINKE,yes
1232,39702,Gitta Connemann,CDU/CSU,yes
1232,39704,Petra Crone,SPD,yes
1232,39707,Sevim Dağdelen,DIE LINKE,yes
1232,39708,Bernhard Daldrup,SPD,yes
1232,39711,Marco Bülow,SPD,yes
1232,39718,Martin Burkert,SPD,yes
1232,39721,Eva Bulling-Schröter,DIE LINKE,yes
1232,39724,Edelgard Bulmahn,SPD,yes
1232,39731,Franziska Brantner,DIE GRÜNEN,yes
1232,39734,Willi Brase,SPD,yes
1232,39744,Burkhard Blienert,SPD,yes
1232,39747,Heidrun Bluhm-Förster,DIE LINKE,yes
1232,44361,Maria Böhmer,CDU/CSU,yes
1232,39761,Lothar Binding,SPD,yes
1232,39766,Karin Binder,DIE LINKE,yes
1232,39773,Sybille Benning,CDU/CSU,yes
1232,39779,Maik Beermann,CDU/CSU,yes
1232,44287,Uwe Beckmeyer,SPD,yes
1232,39782,Dietmar Bartsch,DIE LINKE,yes
1232,39784,Bärbel Bas,SPD,yes
1232,39790,Marieluise Beck,DIE GRÜNEN,yes
1232,39793,Volker Beck,DIE GRÜNEN,yes
1232,40314,Petra Rode-Bosse,SPD,yes
1232,39796,Doris Barnett,SPD,yes
1232,39799,Klaus Barthel,SPD,yes
1232,44644,Katarina Barley,SPD,yes
1232,39807,Heinz-Joachim Barchmann,SPD,yes
1232,43777,Luise Amtsberg,DIE GRÜNEN,yes
1232,39813,Kerstin Andreae,DIE GRÜNEN,yes
1232,39815,Niels Annen,SPD,yes
1232,39818,Ingrid Arndt-Brauer,SPD,yes
1232,44364,Rainer Arnold,SPD,yes
1232,39819,Heike Baehrens,SPD,yes
1232,39820,Annalena Baerbock,DIE GRÜNEN,yes
1232,39821,Stephan Albani,CDU/CSU,yes
1232,39822,Christian Petry,SPD,yes
1232,44367,Gabriele Groneberg,SPD,yes
1232,39825,Wolfgang Strengmann-Kuhn,DIE GRÜNEN,yes
1232,39827,Angelika Glöckner,SPD,yes
1232,39828,Thorsten Hoffmann,CDU/CSU,yes
1232,39830,Detlef Müller,SPD,yes
1232,38060,Norbert Müller,DIE LINKE,yes
1232,43737,Marion Herdan,CDU/CSU,yes
1232,40530,Angelika Krüger-Leißner,SPD,yes
1232,41206,Jürgen Coße,SPD,yes
1232,41186,Bettina Bähr-Losse,SPD,yes
1232,41245,Kathrin Rösel,CDU/CSU,no
1232,38627,Yvonne Magwas,CDU/CSU,no
1232,38631,Barbara Woltmann,CDU/CSU,no
1232,38632,Heinrich Zertik,CDU/CSU,no
1232,38634,Kordula Kovac,CDU/CSU,no
1232,38636,Julia Obermeier,CDU/CSU,no
1232,38639,Heinz Wiese,CDU/CSU,no
1232,38640,Gabriele Schmidt,CDU/CSU,no
1232,38641,Nina Warken,CDU/CSU,no
1232,38642,Margaret Horb,CDU/CSU,no
1232,38644,Reiner Meier,CDU/CSU,no
1232,38647,Artur Auernhammer,CDU/CSU,no
1232,38650,Barbara Lanzinger,CDU/CSU,no
1232,45245,Katrin Albsteiger,CDU/CSU,no
1232,38662,Sven Volmering,CDU/CSU,no
1232,38668,Detlef Seif,CDU/CSU,no
1232,38670,Johannes Selle,CDU/CSU,no
1232,38673,Reinhold Sendker,CDU/CSU,no
1232,38675,Patrick Sensburg,CDU/CSU,no
1232,43859,Bernd Siebert,CDU/CSU,no
1232,38678,Thomas Silberhorn,CDU/CSU,no
1232,38681,Johannes Singhammer,CDU/CSU,no
1232,38690,Patrick Schnieder,CDU/CSU,no
1232,38721,Volkmar Klein,CDU/CSU,no
1232,38724,Sylvia Jörrißen,CDU/CSU,no
1232,44259,Bartholomäus Kalb,CDU/CSU,no
1232,44766,Stephan Harbarth,CDU/CSU,no
1232,38732,Jürgen Hardt,CDU/CSU,no
1232,38736,Christian Hirte,CDU/CSU,no
1232,38747,Ursula Groden-Kranich,CDU/CSU,no
1232,38750,Hermann Gröhe,CDU/CSU,no
1232,44349,Josef Göppel,CDU/CSU,no
1232,38754,Hans-Joachim Fuchtel,CDU/CSU,no
1232,38756,Thomas Feist,CDU/CSU,no
1232,38770,Michael Brand,CDU/CSU,no
1232,38786,Ute Bertram,CDU/CSU,no
1232,38808,Emmi Zeulner,CDU/CSU,no
1232,40538,Annette Widmann-Mauz,CDU/CSU,no
1232,38828,Klaus-Peter Willsch,CDU/CSU,no
1232,38838,Peter Wichtel,CDU/CSU,no
1232,38841,Anja Weisgerber,CDU/CSU,no
1232,38846,Peter Weiß,CDU/CSU,no
1232,38849,Ingo Wellenreuther,CDU/CSU,no
1232,38853,Marian Wendt,CDU/CSU,no
1232,38868,Marco Wanderwitz,CDU/CSU,no
1232,38877,Christel Voßbeck-Kayser,CDU/CSU,no
1232,38881,Christian von Stetten,CDU/CSU,no
1232,38885,Hans-Georg von der Marwitz,CDU/CSU,no
1232,38886,Matern von Marschall,CDU/CSU,no
1232,38890,Thomas Viesehon,CDU/CSU,no
1232,38894,Volkmar Vogel,CDU/CSU,no
1232,38902,Arnold Vaatz,CDU/CSU,no
1232,38905,Volker Ullrich,CDU/CSU,no
1232,44382,Hans-Peter Uhl,CDU/CSU,no
1232,38915,Astrid Timmermann-Fechter,CDU/CSU,no
1232,38939,Thomas Stritzl,CDU/CSU,no
1232,38941,Karin Strenz,CDU/CSU,no
1232,38944,Max Straubinger,CDU/CSU,no
1232,38949,Stephan Stracke,CDU/CSU,no
1232,38950,Rita Stockhofe,CDU/CSU,no
1232,38958,Albert Stegemann,CDU/CSU,no
1232,44352,Erika Steinbach,fraktionslos,no
1232,38971,Frank Steffel,CDU/CSU,no
1232,38973,Carola Stauche,CDU/CSU,no
1232,38983,Armin Schuster,CDU/CSU,no
1232,38996,Klaus-Peter Schulze,CDU/CSU,no
1232,44355,Bernhard Schulte-Drüggelte,CDU/CSU,no
1232,39030,Wolfgang Schäuble,CDU/CSU,no
1232,39035,Andreas Scheuer,CDU/CSU,no
1232,39042,Karl Schiewerling,CDU/CSU,no
1232,39043,Jana Schimke,CDU/CSU,no
1232,39046,Norbert Schindler,CDU/CSU,no
1232,39048,Tankred Schipanski,CDU/CSU,no
1232,41409,Rainer Hajek,CDU/CSU,no
1232,39056,Christian Schmidt,CDU/CSU,no
1232,39076,Norbert Röttgen,CDU/CSU,no
1232,39078,Erwin Rüddel,CDU/CSU,no
1232,39085,Albert Rupprecht,CDU/CSU,no
1232,39090,Johannes Röring,CDU/CSU,no
1232,39102,Eckhardt Rehberg,CDU/CSU,no
1232,39110,Lothar Riebsamen,CDU/CSU,no
1232,39112,Josef Rief,CDU/CSU,no
1232,44268,Heinz Riesenhuber,CDU/CSU,no
1232,39118,Alois Rainer,CDU/CSU,no
1232,39121,Peter Ramsauer,CDU/CSU,no
1232,39124,Alexander Radwan,CDU/CSU,no
1232,39125,Kerstin Radomski,CDU/CSU,no
1232,39128,Thomas Rachel,CDU/CSU,no
1232,39133,Eckhard Pols,CDU/CSU,no
1232,39149,Ulrich Petzold,CDU/CSU,no
1232,39152,Joachim Pfeiffer,CDU/CSU,no
1232,39155,Sibylle Pfeiffer,CDU/CSU,no
1232,39164,Martin Patzelt,CDU/CSU,no
1232,39167,Sylvia Pantel,CDU/CSU,no
1232,39173,Tim Ostermann,CDU/CSU,no
1232,39176,Henning Otte,CDU/CSU,no
1232,39182,Helmut Nowak,CDU/CSU,no
1232,39185,Georg Nüßlein,CDU/CSU,no
1232,39186,Wilfried Oellers,CDU/CSU,no
1232,39190,Florian Oßner,CDU/CSU,no
1232,39198,Michaela Noll,CDU/CSU,no
1232,39203,Stefan Müller,CDU/CSU,no
1232,39215,Gerd Müller,CDU/CSU,no
1232,41323,Elisabeth Motschmann,CDU/CSU,no
1232,39219,Dietrich Monstadt,CDU/CSU,no
1232,39220,Karsten Möring,CDU/CSU,no
1232,44274,Maria Michalk,CDU/CSU,no
1232,39239,Stephan Mayer,CDU/CSU,no
1232,39242,Michael Meister,CDU/CSU,no
1232,39246,Angela Merkel,CDU/CSU,no
1232,39247,Gisela Manderla,CDU/CSU,no
1232,39258,Thomas Mahlberg,CDU/CSU,no
1232,39260,Karin Maag,CDU/CSU,no
1232,39265,Daniela Ludwig,CDU/CSU,no
1232,39268,Claudia Lücking-Michel,CDU/CSU,no
1232,39270,Carsten Linnemann,CDU/CSU,no
1232,39273,Patricia Lips,CDU/CSU,no
1232,39276,Wilfried Lorenz,CDU/CSU,no
1232,39279,Matthias Lietz,CDU/CSU,no
1232,39280,Andrea Lindholz,CDU/CSU,no
1232,39283,Andreas Lenz,CDU/CSU,no
1232,39287,Antje Lezius,CDU/CSU,no
1232,39295,Philipp Lengsfeld,CDU/CSU,no
1232,39300,Paul Lehrieder,CDU/CSU,no
1232,39307,Günter Lach,CDU/CSU,no
1232,39308,Uwe Lagosky,CDU/CSU,no
1232,39314,Karl A. Lamers,CDU/CSU,no
1232,39317,Andreas Lämmel,CDU/CSU,no
1232,39320,Norbert Lammert,CDU/CSU,no
1232,39323,Katharina Landgraf,CDU/CSU,no
1232,39328,Ulrich Lange,CDU/CSU,no
1232,39340,Bettina Kudla,CDU/CSU,no
1232,39351,Michael Kretschmer,CDU/CSU,no
1232,39354,Gunther Krichbaum,CDU/CSU,no
1232,39357,Günter Krings,CDU/CSU,no
1232,39368,Hartmut Koschyk,CDU/CSU,no
1232,39373,Jens Koeppen,CDU/CSU,no
1232,39380,Markus Koob,CDU/CSU,no
1232,39381,Carsten Körber,CDU/CSU,no
1232,39383,Axel Knoerig,CDU/CSU,no
1232,39388,Georg Kippels,CDU/CSU,no
1232,39399,Anja Karliczek,CDU/CSU,no
1232,39403,Bernhard Kaster,CDU/CSU,no
1232,39407,Volker Kauder,CDU/CSU,no
1232,39412,Steffen Kanitz,CDU/CSU,no
1232,39417,Alois Karl,CDU/CSU,no
1232,39424,Hans-Werner Kammer,CDU/CSU,no
1232,39429,Egon Jüttner,CDU/CSU,no
1232,39439,Franz-Josef Jung,CDU/CSU,no
1232,39442,Hubert Hüppe,CDU/CSU,no
1232,39444,Erich Irlstorfer,CDU/CSU,no
1232,39449,Thomas Jarzombek,CDU/CSU,no
1232,39450,Karl-Heinz (Charles M.) Huber,CDU/CSU,no
1232,39463,Karl Holmeier,CDU/CSU,no
1232,39466,Franz-Josef Holzenkamp,CDU/CSU,no
1232,39471,Alexander Hoffmann,CDU/CSU,no
1232,39474,Robert Hochbaum,CDU/CSU,no
1232,39482,Jörg Hellmuth,CDU/CSU,no
1232,39488,Rudolf Henke,CDU/CSU,no
1232,39491,Michael Hennrich,CDU/CSU,no
1232,39496,Ansgar Heveling,CDU/CSU,no
1232,39506,Stefan Heck,CDU/CSU,no
1232,39509,Matthias Heider,CDU/CSU,no
1232,39511,Helmut Heiderich,CDU/CSU,no
1232,39520,Frank Heinrich,CDU/CSU,no
1232,39526,Gerda Hasselfeldt,CDU/CSU,no
1232,39537,Florian Hahn,CDU/CSU,no
1232,39542,Christian Haase,CDU/CSU,no
1232,39553,Olav Gutting,CDU/CSU,no
1232,39559,Astrid Grotelüschen,CDU/CSU,no
1232,39565,Markus Grübel,CDU/CSU,no
1232,39568,Manfred Grund,CDU/CSU,no
1232,39569,Oliver Grundmann,CDU/CSU,no
1232,40911,Michael Grosse-Brömer,CDU/CSU,no
1232,39579,Philipp Graf von und zu Lerchenfeld,CDU/CSU,no
1232,39594,Eberhard Gienger,CDU/CSU,no
1232,39601,Alois Gerig,CDU/CSU,no
1232,39606,Ingo Gädechens,CDU/CSU,no
1232,39616,Alexander Funk,CDU/CSU,no
1232,39619,Hans-Peter Friedrich,CDU/CSU,no
1232,39621,Michael Frieser,CDU/CSU,no
1232,39625,Michael Fuchs,CDU/CSU,no
1232,44390,Klaus-Peter Flosbach,CDU/CSU,no
1232,39636,Thorsten Frei,CDU/CSU,no
1232,39639,Dirk Fischer,CDU/CSU,no
1232,39642,Maria Flachsbarth,CDU/CSU,no
1232,43872,Axel Eduard Fischer,CDU/CSU,no
1232,39645,Ingrid Fischbach,CDU/CSU,no
1232,39656,Hermann Färber,CDU/CSU,no
1232,39658,Uwe Feiler,CDU/CSU,no
1232,39662,Enak Ferlemann,CDU/CSU,no
1232,39664,Michael Donth,CDU/CSU,no
1232,39667,Thomas Dörflinger,CDU/CSU,no
1232,39675,Marie-Luise Dött,CDU/CSU,no
1232,39677,Hansjörg Durz,CDU/CSU,no
1232,39680,Jutta Eckenbach,CDU/CSU,no
1232,39691,Alexander Dobrindt,CDU/CSU,no
1232,39692,Kees de Vries,CDU/CSU,no
1232,39694,Thomas de Maizière,CDU/CSU,no
1232,39715,Cajus Caesar,CDU/CSU,no
1232,39726,Reinhard Brandl,CDU/CSU,no
1232,39729,Helmut Brandt,CDU/CSU,no
1232,44283,Ralf Brauksiepe,CDU/CSU,no
1232,39736,Helge Braun,CDU/CSU,no
1232,39738,Heike Brehmer,CDU/CSU,no
1232,39740,Ralph Brinkhaus,CDU/CSU,no
1232,39743,Peter Bleser,CDU/CSU,no
1232,39750,Wolfgang Bosbach,CDU/CSU,no
1232,39752,Norbert Brackmann,CDU/CSU,no
1232,39755,Klaus Brähmig,CDU/CSU,no
1232,39758,Clemens Binninger,CDU/CSU,no
1232,39763,Steffen Bilger,CDU/CSU,no
1232,39769,André Berghegger,CDU/CSU,no
1232,39772,Christoph Bergner,CDU/CSU,no
1232,39776,Veronika Bellmann,CDU/CSU,no
1232,39778,Manfred Behrens,CDU/CSU,no
1232,39787,Helmut Günter Baumann,CDU/CSU,no
1232,39802,Norbert Barthle,CDU/CSU,no
1232,39805,Thomas Bareiß,CDU/CSU,no
1232,39810,Dorothee Bär,CDU/CSU,no
1232,39826,Ronja Kemmer,CDU/CSU,no
1232,39831,Waldemar Westermayer,CDU/CSU,no
1232,39832,Iris Eberl,CDU/CSU,no
1232,41410,Mathias Höschel,CDU/CSU,no
1232,41244,Iris Ripsam,CDU/CSU,no
1232,41407,Karl-Heinz Wange,CDU/CSU,no
1232,38649,Silke Launert,CDU/CSU,abstain
1232,38833,Elisabeth Winkelmeier-Becker,CDU/CSU,abstain
1232,38859,Albert Weiler,CDU/CSU,abstain
1232,39479,Uda Heller,CDU/CSU,abstain
1232,40312,Volker Mosblech,CDU/CSU,no_show
1232,38646,Matthäus Strebl,CDU/CSU,no_show
1232,38700,Marlene Mortler,CDU/CSU,no_show
1232,38888,Oswin Veith,CDU/CSU,no_show
1232,38911,Axel Troost,DIE LINKE,no_show
1232,39557,Wolfgang Gunkel,SPD,no_show
1232,39768,Peter Beyer,CDU/CSU,no_show
4539,54095,Uwe Witt,fraktionslos,no_show
4539,54098,Stefan Seidler,fraktionslos,no
4539,53620,Johannes Huber,fraktionslos,no
4539,53406,Matthias Helferich,fraktionslos,no
4539,54114,Janine Wissler,DIE LINKE.,no
4539,53436,Sahra Wagenknecht,DIE LINKE.,no
4539,53439,Kathrin Vogler,DIE LINKE.,yes
4539,53591,Alexander Ulrich,DIE LINKE.,no
4539,53723,Jessica Tatti,DIE LINKE.,no
4539,53504,Petra Sitte,DIE LINKE.,no
4539,53721,Bernd Riexinger,DIE LINKE.,yes
4539,53566,Martina Renner,DIE LINKE.,yes
4539,53483,Heidi Reichinnek,DIE LINKE.,no
4539,53482,Victor Perli,DIE LINKE.,no
4539,53856,Sören Pellmann,DIE LINKE.,no
4539,54105,Petra Pau,DIE LINKE.,no
4539,53993,Zaklin Nastić,DIE LINKE.,no
4539,54097,Cornelia Möhring,DIE LINKE.,no_show
4539,53481,Amira Mohamed Ali,DIE LINKE.,no
4539,53510,Pascal Meiser,DIE LINKE.,no
4539,53662,Thomas Lutze,DIE LINKE.,no
4539,53791,Gesine Lötzsch,DIE LINKE.,no
4539,53440,Christian Leye,DIE LINKE.,no
4539,53565,Ralph Lenkert,DIE LINKE.,yes
4539,53521,Caren Lay,DIE LINKE.,abstain
4539,53987,Ina Latendorf,DIE LINKE.,no
4539,53503,Jan Korte,DIE LINKE.,no
4539,53438,Andrej Hunko,DIE LINKE.,no
4539,53564,Susanne Hennig-Wellsow,DIE LINKE.,yes
4539,53522,André Hahn,DIE LINKE.,no
4539,53789,Gregor Gysi,DIE LINKE.,no
4539,53659,Ates Gürpinar,DIE LINKE.,no
4539,53495,Christian Görke,DIE LINKE.,no
4539,53656,Nicole Gohlke,DIE LINKE.,no_show
4539,53658,Susanne Ferschl,DIE LINKE.,no
4539,53657,Klaus Ernst,DIE LINKE.,no
4539,54104,Anke Domscheit-Berg,DIE LINKE.,yes
4539,53437,Sevim Dağdelen,DIE LINKE.,no
4539,54422,Clara Bünger,DIE LINKE.,yes
4539,54102,Matthias W. Birkwald,DIE LINKE.,no
4539,53986,Dietmar Bartsch,DIE LINKE.,no
4539,54115,Ali Al-Dailami,DIE LINKE.,no
4539,53722,Gökay Akbulut,DIE LINKE.,no
4539,53776,Kay-Uwe Ziegler,AfD,no
4539,53462,Joachim Wundrak,AfD,no
4539,54120,Christian Wirth,AfD,no
4539,53621,Wolfgang Wiehle,AfD,no
4539,53408,Harald Weyel,AfD,no
4539,53712,Alice Weidel,AfD,no
4539,53514,Beatrix von Storch,AfD,no
4539,53892,Klaus Stöber,AfD,no
4539,53492,René Springer,AfD,no
4539,53714,Dirk Spaniel,AfD,no
4539,53619,Martin Sichert,AfD,no
4539,53719,Thomas Seitz,AfD,no
4539,53545,Uwe Schulz,AfD,no
4539,54046,Jörg Schneider,AfD,no
4539,53502,Jan Wenzel Schmidt,AfD,no
4539,53409,Eugen Schmidt,AfD,no_show
4539,53985,Ulrike Schielke-Ziesing,AfD,no
4539,53580,Bernd Schattner,AfD,no
4539,53463,Frank Rinck,AfD,no
4539,54045,Martin Erwin Renner,AfD,no
4539,53501,Martin Reichardt,AfD,no
4539,53617,Stephan Protschka,AfD,no
4539,54116,Jürgen Pohl,AfD,no
4539,54118,Tobias Matthias Peterka,AfD,no
4539,53623,Gerold Otten,AfD,no
4539,53546,Jan Ralf Nolte,AfD,no
4539,53857,Edgar Naujok,AfD,no
4539,53577,Sebastian Münzenmaier,AfD,no
4539,53868,Matthias Moosdorf,AfD,no
4539,53866,Mike Moncsek,AfD,no
4539,53616,Corinna Miazga,AfD,no_show
4539,54042,Rüdiger Lucassen,AfD,no
4539,53858,Barbara Benkstein,AfD,no
4539,53622,Rainer Kraft,AfD,no
4539,53493,Steffen Kotré,AfD,no
4539,53466,Jörn König,AfD,no
4539,53984,Enrico Komning,AfD,no
4539,53494,Norbert Kleinwächter,AfD,no
4539,53411,Stefan Keuter,AfD,no
4539,53896,Michael Kaufmann,AfD,no
4539,53717,Malte Kaufmann,AfD,no
4539,53715,Marc Jongen,AfD,no
4539,53861,Steffen Janich,AfD,no
4539,54044,Fabian Jacobi,AfD,no
4539,53625,Gerrit Huy,AfD,no
4539,53983,Leif-Erik Holm,AfD,no
4539,53578,Nicole Höchst,AfD,no
4539,53859,Karsten Hilse,AfD,no
4539,53713,Martin Hess,AfD,no
4539,53410,Jochen Haug,AfD,no
4539,53543,Mariana Harder-Kühnel,AfD,no
4539,54043,Kay Gottschalk,AfD,no
4539,54103,Hannes Gnauck,AfD,no
4539,53547,Albrecht Glaser,AfD,no
4539,53491,Alexander Gauland,AfD,no_show
4539,53516,Götz Frömming,AfD,no
4539,54124,Markus Frohnmaier,AfD,no
4539,53465,Dietmar Friedhoff,AfD,no
4539,53624,Peter Felser,AfD,no
4539,53779,Robert Farle,AfD,no
4539,54047,Michael Espendiller,AfD,no
4539,53464,Thomas Ehrhorn,AfD,no
4539,53867,Thomas Dietz,AfD,no
4539,53515,Gottfried Curio,AfD,no
4539,53544,Joana Cotar,,no_show
4539,53860,Tino Chrupalla,AfD,no
4539,53618,Petr Bystron,AfD,no
4539,53894,Marcus Bühl,AfD,no
4539,53720,Jürgen Braun,AfD,no
4539,54061,Stephan Brandner,AfD,no
4539,53467,Dirk Brandes,AfD,no
4539,54096,Gereon Bollmann,AfD,no
4539,53615,Peter Boehringer,AfD,no
4539,53854,René Bochmann,AfD,no
4539,53579,Andreas Bleck,AfD,no
4539,53716,Marc Bernhard,AfD,no
4539,53407,Roger Beckamp,AfD,no
4539,53994,Bernd Baumann,AfD,no
4539,53718,Christina Baum,AfD,no
4539,53864,Carolin Bachmann,AfD,no
4539,53581,Volker Wissing,FDP,no
4539,54032,Nicole Westig,FDP,no_show
4539,53584,Sandra Weeser,FDP,no_show
4539,54027,Johannes Vogel,FDP,no
4539,53569,Gerald Ullrich,FDP,no
4539,53635,Andrew Ullmann,FDP,yes
4539,53702,Florian Toncar,FDP,no
4539,54041,Manfred Todtenhausen,FDP,yes
4539,53533,Nico Tippelt,FDP,no
4539,53631,Stephan Thomae,FDP,no
4539,53698,Michael Theurer,FDP,no
4539,54040,Jens Teutrine,FDP,no
4539,53496,Linda Teuteberg,FDP,no
4539,53703,Benjamin Strasser,FDP,no
4539,54024,Marie-Agnes Strack-Zimmermann,FDP,no_show
4539,53710,Konrad Stockmeier,FDP,no
4539,53548,Bettina Stark-Watzinger,FDP,no
4539,53699,Judith Skudelny,FDP,no
4539,53711,Rainer Semet,FDP,no
4539,53708,Stephan Seiter,FDP,no
4539,53460,Matthias Seestern-Pauly,FDP,no
4539,53456,Anja Schulz,FDP,no
4539,53403,Ria Schröder,FDP,no
4539,54031,Frank Schäffler,FDP,no
4539,54038,Christian Sauter,FDP,no
4539,53630,Thomas Sattelberger,FDP,yes
4539,54035,Bernd Reuther,FDP,no
4539,53988,Hagen Reinhold,FDP,no
4539,53486,Volker Redder,FDP,no
4539,54380,Claudia Raffelhüschen,FDP,no
4539,53530,Frank Müller-Rosentritt,FDP,no
4539,53551,Alexander Müller,FDP,no
4539,54089,Max Mordhorst,FDP,no
4539,54109,Christoph Meyer,FDP,no
4539,53461,Anikó Glogowski-Merten,FDP,no
4539,53550,Till Mansmann,FDP,no
4539,53637,Kristine Lütke,FDP,no
4539,53663,Oliver Luksic,FDP,no
4539,53700,Michael Link,FDP,no
4539,54023,Christian Lindner,FDP,no
4539,54111,Lars Lindemann,FDP,no
4539,53549,Thorsten Lieb,FDP,no
4539,53552,Jürgen Lenders,FDP,yes
4539,53633,Ulrich Lechte,FDP,no
4539,54025,Alexander Graf Lambsdorff,FDP,no
4539,53457,Konstantin Kuhle,FDP,no_show
4539,54086,Wolfgang Kubicki,FDP,no
4539,53402,Michael Kruse,FDP,no
4539,53582,Carina Konrad,FDP,no
4539,53629,Lukas Köhler,FDP,no
4539,53701,Pascal Kober,FDP,no
4539,54110,Daniela Kluckert,FDP,no
4539,53628,Karsten Klein,FDP,no
4539,54122,Ann-Veruschka Jurisch,FDP,no
4539,54087,Gyde Jensen-Bornhöft,FDP,no
4539,54039,Olaf in der Beek,FDP,no
4539,54030,Reinhard Houben,FDP,no
4539,53706,Christoph Hoffmann,FDP,no
4539,53585,Manuel Höferlin,FDP,no_show
4539,53459,Gero Hocker,FDP,no
4539,53627,Katja Hessel,FDP,no_show
4539,53529,Torsten Herbst,FDP,no
4539,54034,Markus Herbrand,FDP,no
4539,54037,Katrin Helling-Plahr,FDP,yes
4539,53554,Peter Heidt,FDP,no
4539,53532,Ulrike Harzer,FDP,no
4539,53531,Philipp Hartewig,FDP,no
4539,53570,Reginald Hanke,FDP,no
4539,53638,Thomas Hacker,FDP,no_show
4539,53458,Knut Gerschau,FDP,no
4539,54123,Martin Gassner-Herz,FDP,no
4539,53636,Maximilian Funke-Kaiser,FDP,no
4539,54029,Otto Fricke,FDP,no
4539,53626,Daniel Föst,FDP,no_show
4539,53506,Marcus Faber,FDP,no
4539,53454,Christian Dürr,FDP,no
4539,54028,Bijan Djir-Sarai,FDP,no
4539,54036,Carl-Julius Cronenberg,FDP,no
4539,54033,Karlheinz Busen,FDP,no
4539,54026,Marco Buschmann,FDP,no
4539,53634,Sandra Bubendorfer-Licht,FDP,no
4539,53583,Mario Brandenburg,FDP,no
4539,53705,Jens Brandenburg,FDP,no
4539,53497,Friedhelm Boginski,FDP,no
4539,53507,Ingo Bodtke,FDP,no
4539,53455,Jens Beeck,FDP,no
4539,53632,Nicole Bauer,FDP,no
4539,54088,Christine Aschenberg-Dugnus,FDP,no
4539,53704,Renata Alt,FDP,no
4539,53639,Muhanad Al-Halak,FDP,no
4539,53553,Katja Adler,FDP,no
4539,53709,Valentin Abel,FDP,no
4539,53654,Tina Winklmann,BÜNDNIS 90/­DIE GRÜNEN,no_show
4539,53477,Stefan Wenzel,BÜNDNIS 90/­DIE GRÜNEN,no_show
4539,53648,Saskia Weishaupt,BÜNDNIS 90/­DIE GRÜNEN,yes
4539,54377,Beate Walter-Rosenheimer,BÜNDNIS 90/­DIE GRÜNEN,no
4539,53653,Johannes Wagner,BÜNDNIS 90/­DIE GRÜNEN,yes
4539,53418,Robin Wagener,BÜNDNIS 90/­DIE GRÜNEN,yes
4539,53651,Niklas Wagener,BÜNDNIS 90/­DIE GRÜNEN,yes
4539,53472,Julia Verlinden,BÜNDNIS 90/­DIE GRÜNEN,yes
4539,53801,Katrin Uhlig,BÜNDNIS 90/­DIE GRÜNEN,yes
4539,53471,Jürgen Trittin,BÜNDNIS 90/­DIE GRÜNEN,yes
4539,53561,Awet Tesfaiesus,BÜNDNIS 90/­DIE GRÜNEN,no_show
4539,54135,Kassem Taher Saleh,BÜNDNIS 90/­DIE GRÜNEN,yes
4539,53557,Wolfgang Strengmann-Kuhn,BÜNDNIS 90/­DIE GRÜNEN,yes
4539,53780,Hanna Steinmüller,BÜNDNIS 90/­DIE GRÜNEN,yes
4539,54057,Till Steffen,BÜNDNIS 90/­DIE GRÜNEN,yes
4539,53513,Nina Stahr,BÜNDNIS 90/­DIE GRÜNEN,yes
4539,53536,Merle Spellerberg,BÜNDNIS 90/­DIE GRÜNEN,yes
4539,53428,Anne-Monika Spallek,BÜNDNIS 90/­DIE GRÜNEN,yes
4539,53419,Nyke Slawik,BÜNDNIS 90/­DIE GRÜNEN,yes
4539,53695,Melis Sekmen,BÜNDNIS 90/­DIE GRÜNEN,yes
4539,53556,Kordula Schulz-Asche,BÜNDNIS 90/­DIE GRÜNEN,yes
4539,53470,Christina-Johanne Schröder,BÜNDNIS 90/­DIE GRÜNEN,no_show
4539,53652,Marlene Schönberger,BÜNDNIS 90/­DIE GRÜNEN,yes
4539,53647,Stefan Schmidt,BÜNDNIS 90/­DIE GRÜNEN,yes
4539,53417,Ulle Schauws,BÜNDNIS 90/­DIE GRÜNEN,yes
4539,53696,Sebastian Schäfer,BÜNDNIS 90/­DIE GRÜNEN,yes
4539,54064,Jamila Anna Schäfer,BÜNDNIS 90/­DIE GRÜNEN,yes
4539,53588,Corinna Rüffer,BÜNDNIS 90/­DIE GRÜNEN,no
4539,53643,Manuela Rottmann,BÜNDNIS 90/­DIE GRÜNEN,yes
4539,53640,Claudia Roth,BÜNDNIS 90/­DIE GRÜNEN,yes
4539,53586,Tabea Rößner,BÜNDNIS 90/­DIE GRÜNEN,no
4539,53697,Anja Reinalter,BÜNDNIS 90/­DIE GRÜNEN,yes
4539,53468,Filiz Polat,BÜNDNIS 90/­DIE GRÜNEN,yes
4539,53534,Paula Piechotta,BÜNDNIS 90/­DIE GRÜNEN,yes
4539,54134,Lisa Paus,BÜNDNIS 90/­DIE GRÜNEN,yes
4539,53479,Julian Pahlke,BÜNDNIS 90/­DIE GRÜNEN,yes
4539,53944,Cem Özdemir,BÜNDNIS 90/­DIE GRÜNEN,yes
4539,53476,Karoline Otte,BÜNDNIS 90/­DIE GRÜNEN,yes
4539,54060,Omid Nouripour,BÜNDNIS 90/­DIE GRÜNEN,yes
4539,54092,Konstantin von Notz,BÜNDNIS 90/­DIE GRÜNEN,yes
4539,53421,Ophelia Nick,BÜNDNIS 90/­DIE GRÜNEN,abstain
4539,54091,Ingrid Nestle,BÜNDNIS 90/­DIE GRÜNEN,yes
4539,53424,Sara Nanni,BÜNDNIS 90/­DIE GRÜNEN,yes
4539,53688,Beate Müller-Gemmeke,BÜNDNIS 90/­DIE GRÜNEN,yes
4539,54138,Sascha Müller,BÜNDNIS 90/­DIE GRÜNEN,yes
4539,53989,Claudia Müller,BÜNDNIS 90/­DIE GRÜNEN,yes
4539,54113,Boris Mijatović,BÜNDNIS 90/­DIE GRÜNEN,yes
4539,53413,Irene Mihalic,BÜNDNIS 90/­DIE GRÜNEN,yes
4539,53478,Swantje Michaelsen,BÜNDNIS 90/­DIE GRÜNEN,yes
4539,53480,Susanne Menge,BÜNDNIS 90/­DIE GRÜNEN,yes
4539,53951,Zoe Mayer,BÜNDNIS 90/­DIE GRÜNEN,yes
4539,53558,Anna Lührmann,BÜNDNIS 90/­DIE GRÜNEN,yes
4539,53422,Max Lucks,BÜNDNIS 90/­DIE GRÜNEN,no
4539,54093,Denise Loop,BÜNDNIS 90/­DIE GRÜNEN,yes
4539,53587,Tobias Lindner,BÜNDNIS 90/­DIE GRÜNEN,yes
4539,53475,Helge Limburg,BÜNDNIS 90/­DIE GRÜNEN,abstain
4539,53434,Anja Liebert,BÜNDNIS 90/­DIE GRÜNEN,yes
4539,53508,Steffi Lemke,BÜNDNIS 90/­DIE GRÜNEN,yes
4539,53799,Sven Lehmann,BÜNDNIS 90/­DIE GRÜNEN,yes
4539,53692,Ricarda Lang,BÜNDNIS 90/­DIE GRÜNEN,yes
4539,53429,Markus Kurth,BÜNDNIS 90/­DIE GRÜNEN,yes
4539,54108,Renate Künast,BÜNDNIS 90/­DIE GRÜNEN,yes
4539,53686,Christian Kühn,BÜNDNIS 90/­DIE GRÜNEN,yes
4539,53792,Oliver Krischer,BÜNDNIS 90/­DIE GRÜNEN,yes
4539,53559,Philip Krämer,BÜNDNIS 90/­DIE GRÜNEN,yes
4539,53430,Laura Kraft,BÜNDNIS 90/­DIE GRÜNEN,yes
4539,53961,Chantal Kopf,BÜNDNIS 90/­DIE GRÜNEN,yes
4539,53834,Maria Klein-Schmeink,BÜNDNIS 90/­DIE GRÜNEN,yes
4539,53469,Sven-Christian Kindler,BÜNDNIS 90/­DIE GRÜNEN,yes
4539,53590,Misbah Khan,BÜNDNIS 90/­DIE GRÜNEN,yes
4539,53474,Katja Keul,BÜNDNIS 90/­DIE GRÜNEN,abstain
4539,53499,Michael Kellner,BÜNDNIS 90/­DIE GRÜNEN,yes
4539,53485,Kirsten Kappert-Gonther,BÜNDNIS 90/­DIE GRÜNEN,yes
4539,53420,Lamya Kaddor,BÜNDNIS 90/­DIE GRÜNEN,yes
4539,54119,Dieter Janecek,BÜNDNIS 90/­DIE GRÜNEN,yes
4539,54094,Bruno Hönel,BÜNDNIS 90/­DIE GRÜNEN,yes
4539,53641,Anton Hofreiter,BÜNDNIS 90/­DIE GRÜNEN,yes
4539,53555,Bettina Hoffmann,BÜNDNIS 90/­DIE GRÜNEN,yes
4539,53535,Bernhard Herrmann,BÜNDNIS 90/­DIE GRÜNEN,yes
4539,53427,Kathrin Henneberger,BÜNDNIS 90/­DIE GRÜNEN,no_show
4539,53728,Linda Heitmann,BÜNDNIS 90/­DIE GRÜNEN,yes
4539,53412,Britta Haßelmann,BÜNDNIS 90/­DIE GRÜNEN,yes
4539,54125,Robert Habeck,BÜNDNIS 90/­DIE GRÜNEN,yes
4539,53432,Sabine Grützmacher,BÜNDNIS 90/­DIE GRÜNEN,yes
4539,53645,Erhard Grundl,BÜNDNIS 90/­DIE GRÜNEN,yes
4539,53589,Armin Grau,BÜNDNIS 90/­DIE GRÜNEN,yes
4539,54117,Katrin Göring-Eckardt,BÜNDNIS 90/­DIE GRÜNEN,yes
4539,53416,Jan-Niclas Gesenhues,BÜNDNIS 90/­DIE GRÜNEN,yes
4539,53781,Stefan Gelbhaar,BÜNDNIS 90/­DIE GRÜNEN,no_show
4539,53423,Kai Gehring,BÜNDNIS 90/­DIE GRÜNEN,yes
4539,53691,Matthias Gastel,BÜNDNIS 90/­DIE GRÜNEN,yes
4539,53650,Tessa Ganserer,BÜNDNIS 90/­DIE GRÜNEN,no
4539,53426,Schahina Gambir,BÜNDNIS 90/­DIE GRÜNEN,yes
4539,54101,Emilia Fester,BÜNDNIS 90/­DIE GRÜNEN,yes
4539,53693,Marcel Emmerich,BÜNDNIS 90/­DIE GRÜNEN,yes
4539,53655,Leon Eckert,BÜNDNIS 90/­DIE GRÜNEN,yes
4539,53689,Harald Ebner,BÜNDNIS 90/­DIE GRÜNEN,no_show
4539,53560,Deborah Düring,BÜNDNIS 90/­DIE GRÜNEN,yes
4539,53414,Katharina Dröge,BÜNDNIS 90/­DIE GRÜNEN,yes
4539,53687,Sandra Detzer,BÜNDNIS 90/­DIE GRÜNEN,yes
4539,53642,Ekin Deligöz,BÜNDNIS 90/­DIE GRÜNEN,yes
4539,53431,Janosch Dahmen,BÜNDNIS 90/­DIE GRÜNEN,yes
4539,53690,Anna Christmann,BÜNDNIS 90/­DIE GRÜNEN,yes
4539,53473,Frank Bsirske,BÜNDNIS 90/­DIE GRÜNEN,yes
4539,53685,Agnieszka Brugger,BÜNDNIS 90/­DIE GRÜNEN,yes
4539,53954,Franziska Brantner,BÜNDNIS 90/­DIE GRÜNEN,yes
4539,53433,Lukas Benner,BÜNDNIS 90/­DIE GRÜNEN,yes
4539,54100,Katharina Beck,BÜNDNIS 90/­DIE GRÜNEN,yes
4539,53788,Canan Bayram,BÜNDNIS 90/­DIE GRÜNEN,no
4539,53649,Karl Bär,BÜNDNIS 90/­DIE GRÜNEN,yes
4539,53415,Felix Banaszak,BÜNDNIS 90/­DIE GRÜNEN,yes
4539,53498,Annalena Baerbock,BÜNDNIS 90/­DIE GRÜNEN,yes
4539,53646,Lisa Badum,BÜNDNIS 90/­DIE GRÜNEN,yes
4539,54121,Tobias B. Bacherle,BÜNDNIS 90/­DIE GRÜNEN,yes
4539,53425,Maik Außendorf,BÜNDNIS 90/­DIE GRÜNEN,yes
4539,53512,Andreas Audretsch,BÜNDNIS 90/­DIE GRÜNEN,yes
4539,54090,Luise Amtsberg,BÜNDNIS 90/­DIE GRÜNEN,yes
4539,53694,Stephanie Aeffner,BÜNDNIS 90/­DIE GRÜNEN,yes
4539,53952,Nicolas Zippelius,CDU/CSU,no
4539,53853,Paul Ziemiak,CDU/CSU,no
4539,53930,Emmi Zeulner,CDU/CSU,no
4539,53448,Mareike Lotte Wulf,CDU/CSU,no
4539,53942,Mechthilde Wittmann,CDU/CSU,no
4539,53933,Tobias Winkler,CDU/CSU,no
4539,53802,Elisabeth Winkelmeier-Becker,CDU/CSU,no
4539,53881,Klaus-Peter Willsch,CDU/CSU,no_show
4539,53809,Klaus Wiener,CDU/CSU,no
4539,53970,Annette Widmann-Mauz,CDU/CSU,no
4539,53953,Kai Whittaker,CDU/CSU,yes
4539,53405,Sabine Weiss,CDU/CSU,no_show
4539,53965,Maria-Lena Weiss,CDU/CSU,no
4539,54073,Anja Weisgerber,CDU/CSU,no
4539,53956,Nina Warken,CDU/CSU,no
4539,53517,Marco Wanderwitz,CDU/CSU,yes
4539,54082,Johann Wadephul,CDU/CSU,no
4539,53991,Christoph de Vries,CDU/CSU,no
4539,54001,Oliver Vogt,CDU/CSU,no
4539,53999,Kerstin Vieregge,CDU/CSU,no
4539,54075,Volker Ullrich,CDU/CSU,no
4539,54370,Markus Uhl,CDU/CSU,no
4539,53996,Astrid Timmermann-Fechter,CDU/CSU,no_show
4539,53563,Antje Tillmann,CDU/CSU,yes
4539,54081,Alexander Throm,CDU/CSU,no
4539,53849,Hans-Jürgen Thies,CDU/CSU,no
4539,53805,Hermann-Josef Tebroke,CDU/CSU,no
4539,54078,Christina Stumpp,CDU/CSU,no
4539,53923,Max Straubinger,CDU/CSU,no
4539,53943,Stephan Stracke,CDU/CSU,no
4539,54085,Gero Storjohann,CDU/CSU,no_show
4539,53962,Diana Stöcker,CDU/CSU,no
4539,53778,Dieter Stier,CDU/CSU,no
4539,53948,Christian von Stetten,CDU/CSU,no
4539,53909,Johannes Steiniger,CDU/CSU,no
4539,53736,Albert Stegemann,CDU/CSU,no_show
4539,54063,Wolfgang Stefinger,CDU/CSU,no
4539,53916,Katrin Staffler,CDU/CSU,no
4539,53829,Jens Spahn,CDU/CSU,no_show
4539,53500,Tino Sorge,CDU/CSU,no
4539,53887,Björn Simon,CDU/CSU,no
4539,53927,Thomas Silberhorn,CDU/CSU,no
4539,53797,Detlef Seif,CDU/CSU,no_show
4539,53540,Armin Schwarz,CDU/CSU,no
4539,53968,Felix Schreiner,CDU/CSU,no
4539,54369,Nadine Schön,CDU/CSU,no
4539,53903,Patrick Schnieder,CDU/CSU,no
4539,53489,Jana Schimke,CDU/CSU,no
4539,54069,Andreas Scheuer,CDU/CSU,no
4539,53518,Christiane Schenderlein,CDU/CSU,no
4539,53964,Wolfgang Schäuble,CDU/CSU,no
4539,53997,Catarina dos Santos-Wintz,CDU/CSU,no
4539,54071,Albert Rupprecht,CDU/CSU,no
4539,53898,Erwin Rüddel,CDU/CSU,no
4539,53484,Thomas Röwekamp,CDU/CSU,no_show
4539,53817,Stefan Rouenhoff,CDU/CSU,no
4539,53803,Norbert Röttgen,CDU/CSU,no
4539,53863,Lars Rohwer,CDU/CSU,no
4539,53972,Josef Rief,CDU/CSU,no
4539,53862,Markus Reichel,CDU/CSU,no
4539,53835,Henning Rehbaum,CDU/CSU,no
4539,53920,Peter Ramsauer,CDU/CSU,no
4539,54070,Alois Rainer,CDU/CSU,no_show
4539,54067,Alexander Radwan,CDU/CSU,no
4539,54002,Kerstin Radomski,CDU/CSU,no
4539,53795,Thomas Rachel,CDU/CSU,no
4539,53816,Martin Plum,CDU/CSU,no
4539,53990,Christoph Ploß,CDU/CSU,no
4539,54065,Stephan Pilsinger,CDU/CSU,no
4539,53749,Henning Otte,CDU/CSU,no
4539,53900,Josef Oster,CDU/CSU,no
4539,53922,Florian Oßner,CDU/CSU,no
4539,53957,Moritz Oppelt,CDU/CSU,no
4539,53794,Wilfried Oellers,CDU/CSU,no
4539,54084,Petra Nicolaisen,CDU/CSU,no
4539,54000,Stefan Nacke,CDU/CSU,no
4539,53932,Stefan Müller,CDU/CSU,no_show
4539,53447,Carsten Müller,CDU/CSU,no
4539,53775,Sepp Müller,CDU/CSU,no
4539,53852,Florian Müller,CDU/CSU,no
4539,53974,Axel Müller,CDU/CSU,no
4539,54076,Maximilian Mörseburg,CDU/CSU,no
4539,53981,Dietrich Monstadt,CDU/CSU,no
4539,53443,Mathias Middelberg,CDU/CSU,no
4539,53907,Jan Metzler,CDU/CSU,no
4539,53850,Friedrich Merz,CDU/CSU,no
4539,53890,Michael Meister,CDU/CSU,no
4539,53973,Volker Mayer-Lay,CDU/CSU,no
4539,53913,Stephan Mayer,CDU/CSU,no
4539,53739,Andreas Mattfeldt,CDU/CSU,no
4539,53869,Yvonne Magwas,CDU/CSU,no
4539,53960,Klaus Mack,CDU/CSU,no
4539,53918,Daniela Ludwig,CDU/CSU,no
4539,53509,Jan-Marco Luczak,CDU/CSU,no
4539,54062,Bernhard Loos,CDU/CSU,no
4539,53538,Patricia Lips,CDU/CSU,no
4539,54131,Carsten Linnemann,CDU/CSU,no
4539,53937,Andrea Lindholz,CDU/CSU,no
4539,53914,Andreas Lenz,CDU/CSU,no
4539,53539,Katja Leikert,CDU/CSU,no
4539,54074,Paul Lehrieder,CDU/CSU,no
4539,53855,Jens Lehmann,CDU/CSU,no
4539,53928,Silke Launert,CDU/CSU,no
4539,53404,Armin Laschet,CDU/CSU,no
4539,53940,Ulrich Lange,CDU/CSU,no
4539,53446,Tilman Kuban,CDU/CSU,no
4539,53814,Günter Krings,CDU/CSU,no
4539,53959,Gunther Krichbaum,CDU/CSU,no
4539,53519,Carsten Körber,CDU/CSU,no
4539,53879,Markus Koob,CDU/CSU,no
4539,53831,Anne König,CDU/CSU,no
4539,53487,Jens Koeppen,CDU/CSU,no
4539,53738,Axel Knoerig,CDU/CSU,no
4539,53571,Julia Klöckner,CDU/CSU,no
4539,53851,Volkmar Klein,CDU/CSU,no
4539,54133,Ottilie Klein,CDU/CSU,no
4539,53796,Georg Kippels,CDU/CSU,no
4539,53919,Michael Kießling,CDU/CSU,no
4539,53950,Roderich Kiesewetter,CDU/CSU,no
4539,53971,Ronja Kemmer,CDU/CSU,no
4539,53833,Anja Karliczek,CDU/CSU,no
4539,53882,Ingmar Jung,CDU/CSU,no
4539,53967,Andreas Jung,CDU/CSU,no
4539,53811,Thomas Jarzombek,CDU/CSU,no
4539,53445,Anne Janssen,CDU/CSU,no
4539,53915,Erich Irlstorfer,CDU/CSU,no
4539,54003,Hubert Hüppe,CDU/CSU,no
4539,54099,Franziska Hoppermann,CDU/CSU,no_show
4539,53441,Hendrik Hoppenstedt,CDU/CSU,no_show
4539,53938,Alexander Hoffmann,CDU/CSU,no
4539,53562,Christian Hirte,CDU/CSU,no
4539,53924,Susanne Hierl,CDU/CSU,no
4539,53815,Ansgar Heveling,CDU/CSU,no
4539,53832,Marc Henrichmann,CDU/CSU,no
4539,53946,Michael Hennrich,CDU/CSU,no
4539,54049,Mark Helfrich,CDU/CSU,no_show
4539,53784,Thomas Heilmann,CDU/CSU,no_show
4539,53899,Mechthild Heil,CDU/CSU,no
4539,53541,Stefan Heck,CDU/CSU,no
4539,53825,Matthias Hauer,CDU/CSU,no
4539,54378,Jürgen Hardt,CDU/CSU,no
4539,54066,Florian Hahn,CDU/CSU,no
4539,54130,Christian Haase,CDU/CSU,no
4539,53958,Olav Gutting,CDU/CSU,no
4539,53449,Fritz Güntzler,CDU/CSU,no
4539,53995,Serap Güler,CDU/CSU,no
4539,53782,Monika Grütters,CDU/CSU,no
4539,53735,Oliver Grundmann,CDU/CSU,no
4539,53891,Manfred Grund,CDU/CSU,no
4539,53945,Markus Grübel,CDU/CSU,no
4539,53442,Michael Grosse-Brömer,CDU/CSU,no_show
4539,53813,Hermann Gröhe,CDU/CSU,no
4539,53949,Inge Gräßle,CDU/CSU,no
4539,54080,Fabian Gramling,CDU/CSU,no
4539,54132,Jonas Geissler,CDU/CSU,no
4539,53572,Thomas Gebhart,CDU/CSU,no
4539,54083,Ingo Gädechens,CDU/CSU,no
4539,53935,Michael Frieser,CDU/CSU,no
4539,53929,Hans-Peter Friedrich,CDU/CSU,no
4539,53966,Thorsten Frei,CDU/CSU,no
4539,53444,Enak Ferlemann,CDU/CSU,no
4539,53488,Uwe Feiler,CDU/CSU,no
4539,53947,Hermann Färber,CDU/CSU,no
4539,54068,Thomas Erndl,CDU/CSU,no
4539,53926,Martina Englhardt-Kopf,CDU/CSU,no
4539,53941,Alexander Engelhard,CDU/CSU,no
4539,53936,Ralph Edelhäußer,CDU/CSU,no
4539,53939,Hansjörg Durz,CDU/CSU,no
4539,53969,Michael Donth,CDU/CSU,no
4539,53921,Alexander Dobrindt,CDU/CSU,no
4539,54048,Astrid Damerow,CDU/CSU,no_show
4539,53790,Mario Czaja,CDU/CSU,no
4539,53730,Gitta Connemann,CDU/CSU,no
4539,53963,Yannick Bury,CDU/CSU,no
4539,53901,Marlon Bröhr,CDU/CSU,no
4539,53804,Carsten Brodesser,CDU/CSU,no
4539,53836,Ralph Brinkhaus,CDU/CSU,no
4539,53998,Michael Breilmann,CDU/CSU,no_show
4539,53773,Heike Brehmer,CDU/CSU,no
4539,53934,Sebastian Brehm,CDU/CSU,no
4539,53737,Silvia Breher,CDU/CSU,no_show
4539,53537,Helge Braun,CDU/CSU,no
4539,53917,Reinhard Brandl,CDU/CSU,no
4539,53877,Michael Brand,CDU/CSU,no
4539,53982,Simone Borchardt,CDU/CSU,no
4539,54079,Steffen Bilger,CDU/CSU,no
4539,54077,Marc Biadacz,CDU/CSU,no
4539,53810,Peter Beyer,CDU/CSU,no
4539,53743,André Berghegger,CDU/CSU,no
4539,53975,Thomas Bareiß,CDU/CSU,no
4539,54072,Dorothee Bär,CDU/CSU,no
4539,53925,Peter Aumer,CDU/CSU,no
4539,53931,Artur Auernhammer,CDU/CSU,no
4539,53980,Philipp Amthor,CDU/CSU,no
4539,53884,Norbert Maria Altenkamp,CDU/CSU,no
4539,53450,Stephan Albani,CDU/CSU,no
4539,53490,Knut Abraham,CDU/CSU,no
4539,53725,Katrin Zschau,SPD,yes
4539,53885,Armand Zorn,SPD,no_show
4539,53889,Jens Zimmermann,SPD,yes
4539,53762,Stefan Zierke,SPD,yes
4539,54016,Gülistan Yüksel,SPD,yes
4539,53771,Herbert Wollmann,SPD,yes
4539,54007,Dirk Wiese,SPD,yes
4539,53753,Bernd Westphal,SPD,yes
4539,53576,Lena Werner,SPD,yes
4539,53902,Joe Weingarten,SPD,yes
4539,53886,Melanie Wegling,SPD,yes
4539,53611,Carmen Wegge,SPD,yes
4539,53770,Hannes Walter,SPD,no
4539,53769,Maja Wallstein,SPD,no
4539,53613,Carolin Wagner,SPD,yes
4539,53822,Dirk Vöpel,SPD,no
4539,53745,Marja-Liisa Völlers,SPD,yes
4539,53897,Frank Ullrich,SPD,no_show
4539,53681,Derya Türk-Nachbaur,SPD,yes
4539,53451,Anja Troff-Schaffarzyk,SPD,yes
4539,53594,Carsten Träger,SPD,yes
4539,53828,Markus Töns,SPD,yes
4539,53848,Michael Thews,SPD,yes
4539,53601,Claudia Tausend,SPD,yes
4539,54107,Ruppert Stüwe,SPD,yes
4539,53527,Nadja Sthamer,SPD,abstain
4539,54050,Mathias Stein,SPD,yes
4539,54051,Ralf Stegner,SPD,yes
4539,53609,Martina Stamm-Fibich,SPD,yes
4539,53741,Svenja Stadler,SPD,no
4539,53678,Lina Seitzl,SPD,yes
4539,53666,Rita Schwarzelühr-Sutter,SPD,yes
4539,54137,Andreas Schwarz,SPD,no
4539,53838,Stefan Schwartze,SPD,yes
4539,53826,Frank Schwabe,SPD,no_show
4539,54004,Svenja Schulze,SPD,yes
4539,53604,Michael Schrodi,SPD,yes
4539,53908,Christian Schreider,SPD,yes
4539,53751,Johannes Schraps,SPD,yes
4539,53766,Olaf Scholz,SPD,yes
4539,53895,Carsten Schneider,SPD,yes
4539,53734,Daniel Schneider,SPD,yes
4539,53875,Dagmar Schmidt,SPD,yes
4539,53760,Uwe Schmidt,SPD,yes
4539,53665,Nils Schmid,SPD,yes
4539,53600,Christoph Schmid,SPD,yes
4539,53841,Timo Schisanowski,SPD,yes
4539,53453,Peggy Schierenbeck,SPD,yes
4539,54008,Udo Schiefner,SPD,yes
4539,53603,Marianne Schieder,SPD,yes
4539,54129,Nina Scheer,SPD,yes
4539,53608,Johannes Schätzl,SPD,yes
4539,53748,Rebecca Schamber,SPD,yes
4539,53843,Axel Schäfer,SPD,yes
4539,53808,Ingo Schäfer,SPD,yes
4539,53729,Johann Saathoff,SPD,yes
4539,53759,Sarah Ryglewski,SPD,yes
4539,53598,Bernd Rützel,SPD,no_show
4539,53568,Tina Rudolph,SPD,yes
4539,53573,Thorsten Rudolph,SPD,yes
4539,53872,Michael Roth,SPD,yes
4539,54014,Jessica Rosenthal,SPD,yes
4539,53667,Martin Rosemann,SPD,yes
4539,53596,Sebastian Roloff,SPD,yes
4539,53732,Dennis Rohde,SPD,yes
4539,54126,Sönke Rix,SPD,yes
4539,53812,Andreas Rimkus,SPD,no_show
4539,54021,Ye-One Rhie,SPD,yes
4539,53839,Achim Post,SPD,yes
4539,53846,Sabine Poschmann,SPD,yes
4539,53614,Jan Plobner,SPD,yes
4539,53758,Andreas Philippi,SPD,yes
4539,53978,Christian Petry,SPD,no_show
4539,53845,Jens Peick,SPD,yes
4539,53880,Natalie Pawlik,SPD,yes
4539,53768,Mathias Papendieck,SPD,yes
4539,53761,Wiebke Papenbrock,SPD,yes
4539,53755,Christos Pantazis,SPD,yes
4539,54136,Aydan Özoğuz,SPD,yes
4539,53821,Mahmut Özdemir,SPD,yes
4539,53976,Josephine Ortleb,SPD,yes
4539,53883,Lennard Oehl,SPD,yes
4539,53610,Jörg Nürnberger,SPD,yes
4539,54012,Dietmar Nietan,SPD,no_show
4539,53827,Brian Nickholz,SPD,yes
4539,53525,Rasha Nasr,SPD,yes
4539,53800,Rolf Mützenich,SPD,yes
4539,53844,Michelle Müntefering,SPD,yes
4539,53865,Detlef Müller,SPD,yes
4539,53785,Michael Müller,SPD,yes
4539,53878,Bettina Müller,SPD,no
4539,53731,Siemtje Möller,SPD,yes
4539,53793,Claudia Moll,SPD,abstain
4539,53756,Falko Mohrs,SPD,yes
4539,53733,Susanne Mittag,SPD,yes
4539,53910,Matthias Mieves,SPD,yes
4539,53752,Matthias Miersch,SPD,yes
4539,53524,Kathrin Michel,SPD,yes
4539,53679,Robin Mesarosch,SPD,yes
4539,53684,Takis Mehmet Ali,SPD,yes
4539,53606,Andreas Mehltretter,SPD,yes
4539,53668,Katja Mast,SPD,yes
4539,54112,Franziska Mascheck,SPD,yes
4539,53675,Parsa Marvi,SPD,yes
4539,54058,Dorothee Martin,SPD,yes
4539,54019,Zanda Martens,SPD,yes
4539,53542,Kaweh Mansoori,SPD,yes
4539,53523,Holger Mann,SPD,abstain
4539,54056,Erik von Malottki,SPD,yes
4539,53574,Isabel Mackensen-Geis,SPD,yes
4539,53905,Tanja Machalet,SPD,yes
4539,53977,Heiko Maas,SPD,no_show
4539,54011,Bettina Lugk,SPD,yes
4539,53807,Helge Lindh,SPD,yes
4539,53979,Esra Limbacher,SPD,yes
4539,54022,Luiza Licina-Bode,SPD,yes
4539,53682,Kevin Leiser,SPD,yes
4539,53767,Sylvia Lehmann,SPD,yes
4539,53806,Karl Lauterbach,SPD,yes
4539,53888,Andreas Larem,SPD,yes
4539,54017,Sarah Lahrkamp,SPD,no_show
4539,53786,Kevin Kühnert,SPD,yes
4539,53774,Martin Kröber,SPD,yes
4539,53754,Dunja Kreiser,SPD,yes
4539,53595,Anette Kramme,SPD,yes
4539,53764,Simona Koß,SPD,yes
4539,53593,Bärbel Kofler,SPD,yes
4539,54053,Tim Klüssendorf,SPD,yes
4539,54106,Annika Klose,SPD,yes
4539,53740,Lars Klingbeil,SPD,yes
4539,54127,Kristian Klinck,SPD,yes
4539,53783,Helmut Kleebank,SPD,yes
4539,53511,Cansel Kiziltepe,SPD,yes
4539,53772,Franziska Kersten,SPD,yes
4539,53818,Rainer Keller,SPD,yes
4539,53674,Gabriele Katzmarek,SPD,yes
4539,54055,Anna Kassautzki,SPD,yes
4539,53526,Carlos Kasper,SPD,abstain
4539,53677,Macit Karaahmetoğlu,SPD,yes
4539,53567,Elisabeth Kaiser,SPD,yes
4539,53847,Oliver Kaczmarek,SPD,yes
4539,53680,Josip Juratovic,SPD,yes
4539,54054,Frank Junge,SPD,yes
4539,53612,Markus Hümpfer,SPD,yes
4539,53904,Verena Hubertz,SPD,yes
4539,53672,Jasmina Hostert,SPD,yes
4539,53912,Thomas Hitschler,SPD,yes
4539,54010,Nadine Heselhaus,SPD,yes
4539,53452,Anke Hennig,SPD,yes
4539,54015,Wolfgang Hellmich,SPD,no_show
4539,53599,Gabriela Heinrich,SPD,yes
4539,53757,Frauke Heiligenstadt,SPD,yes
4539,53750,Hubertus Heil,SPD,yes
4539,53824,Dirk Heidenblut,SPD,yes
4539,54005,Sebastian Hartmann,SPD,abstain
4539,54059,Metin Hakverdi,SPD,no_show
4539,53597,Rita Hagl-Kehl,SPD,yes
4539,54128,Bettina Hagedorn,SPD,yes
4539,53592,Uli Grötsch,SPD,yes
4539,54006,Kerstin Griese,SPD,yes
4539,53871,Timon Gremmels,SPD,yes
4539,53911,Angelika Glöckner,SPD,yes
4539,53671,Martin Gerster,SPD,yes
4539,53830,Michael Gerdes,SPD,yes
4539,53744,Manuel Gava,SPD,yes
4539,53528,Fabian Funke,SPD,yes
4539,53873,Edgar Franke,SPD,no_show
4539,53823,Sebastian Fiedler,SPD,yes
4539,53669,Johannes Fechner,SPD,yes
4539,53763,Ariane Fäscher,SPD,no
4539,53747,Yasmin Fahimi,SPD,yes
4539,53664,Saskia Esken,SPD,yes
4539,53837,Wiebke Esdar,SPD,yes
4539,53683,Heike Engelhardt,SPD,yes
4539,53765,Sonja Eichwede,SPD,yes
4539,53842,Axel Echeverria,SPD,yes
4539,53727,Falko Droßmann,SPD,yes
4539,53876,Felix Döring,SPD,yes
4539,53605,Sabine Dittmar,SPD,yes
4539,53870,Esther Dilcher,SPD,no
4539,53819,Jan Dieren,SPD,yes
4539,53575,Martin Diedenhofen,SPD,yes
4539,53777,Karamba Diaby,SPD,yes
4539,53787,Hakan Demir,SPD,yes
4539,54009,Bernhard Daldrup,SPD,yes
4539,54020,Jürgen Coße,SPD,yes
4539,53673,Lars Castellucci,SPD,yes
4539,53955,Isabel Cademartori,SPD,yes
4539,53505,Katrin Budde,SPD,yes
4539,53670,Leni Breymaier,SPD,yes
4539,53742,Jakob Blankenburg,SPD,yes
4539,54052,Bengt Bergt,SPD,yes
4539,53840,Jürgen Berghahn,SPD,no_show
4539,53893,Holger Becker,SPD,yes
4539,53820,Bärbel Bas,SPD,yes
4539,53874,Sören Bartol,SPD,yes
4539,54018,Nezahat Baradari,SPD,yes
4539,53906,Daniel Baldy,SPD,yes
4539,53607,Ulrike Bahr,SPD,yes
4539,53676,Heike Baehrens,SPD,yes
4539,53726,Johannes Arlt,SPD,no
4539,53992,Niels Annen,SPD,yes
4539,54013,Dagmar Andres,SPD,yes
4539,53724,Reem Alabali Radovan,SPD,yes
4539,53746,Adis Ahmetović,SPD,yes
4539,53798,Sanae Abdi,SPD,yes
4646,54095,Uwe Witt,fraktionslos,no_show
4646,54098,Stefan Seidler,fraktionslos,yes
4646,53620,Johannes Huber,fraktionslos,yes
4646,53406,Matthias Helferich,fraktionslos,yes
4646,54114,Janine Wissler,DIE LINKE.,no
4646,53436,Sahra Wagenknecht,DIE LINKE.,no
4646,53439,Kathrin Vogler,DIE LINKE.,no
4646,53591,Alexander Ulrich,DIE LINKE.,no
4646,53723,Jessica Tatti,DIE LINKE.,no
4646,53504,Petra Sitte,DIE LINKE.,no
4646,53721,Bernd Riexinger,DIE LINKE.,no
4646,53566,Martina Renner,DIE LINKE.,no
4646,53483,Heidi Reichinnek,DIE LINKE.,no
4646,53482,Victor Perli,DIE LINKE.,no
4646,53856,Sören Pellmann,DIE LINKE.,no
4646,54105,Petra Pau,DIE LINKE.,no_show
4646,53993,Zaklin Nastić,DIE LINKE.,no
4646,54097,Cornelia Möhring,DIE LINKE.,no_show
4646,53481,Amira Mohamed Ali,DIE LINKE.,no
4646,53510,Pascal Meiser,DIE LINKE.,no
4646,53662,Thomas Lutze,DIE LINKE.,no
4646,53791,Gesine Lötzsch,DIE LINKE.,no
4646,53440,Christian Leye,DIE LINKE.,no
4646,53565,Ralph Lenkert,DIE LINKE.,no
4646,53521,Caren Lay,DIE LINKE.,no
4646,53987,Ina Latendorf,DIE LINKE.,no
4646,53503,Jan Korte,DIE LINKE.,no
4646,53438,Andrej Hunko,DIE LINKE.,no
4646,53564,Susanne Hennig-Wellsow,DIE LINKE.,no_show
4646,53522,André Hahn,DIE LINKE.,no
4646,53789,Gregor Gysi,DIE LINKE.,no_show
4646,53659,Ates Gürpinar,DIE LINKE.,no
4646,53495,Christian Görke,DIE LINKE.,no
4646,53656,Nicole Gohlke,DIE LINKE.,no
4646,53658,Susanne Ferschl,DIE LINKE.,no_show
4646,53657,Klaus Ernst,DIE LINKE.,no_show
4646,54104,Anke Domscheit-Berg,DIE LINKE.,no
4646,53437,Sevim Dağdelen,DIE LINKE.,no
4646,54422,Clara Bünger,DIE LINKE.,no
4646,54102,Matthias W. Birkwald,DIE LINKE.,no
4646,53986,Dietmar Bartsch,DIE LINKE.,no
4646,54115,Ali Al-Dailami,DIE LINKE.,no_show
4646,53722,Gökay Akbulut,DIE LINKE.,no_show
4646,53776,Kay-Uwe Ziegler,AfD,no
4646,53462,Joachim Wundrak,AfD,yes
4646,54120,Christian Wirth,AfD,no
4646,53621,Wolfgang Wiehle,AfD,no
4646,53408,Harald Weyel,AfD,no
4646,53712,Alice Weidel,AfD,abstain
4646,53514,Beatrix von Storch,AfD,yes
4646,53892,Klaus Stöber,AfD,no
4646,53492,René Springer,AfD,no
4646,53714,Dirk Spaniel,AfD,no_show
4646,53619,Martin Sichert,AfD,no
4646,53719,Thomas Seitz,AfD,yes
4646,53545,Uwe Schulz,AfD,yes
4646,54046,Jörg Schneider,AfD,no
4646,53502,Jan Wenzel Schmidt,AfD,no
4646,53409,Eugen Schmidt,AfD,yes
4646,53985,Ulrike Schielke-Ziesing,AfD,no
4646,53580,Bernd Schattner,AfD,yes
4646,53463,Frank Rinck,AfD,yes
4646,54045,Martin Erwin Renner,AfD,no
4646,53501,Martin Reichardt,AfD,abstain
4646,53617,Stephan Protschka,AfD,yes
4646,54116,Jürgen Pohl,AfD,no_show
4646,54118,Tobias Matthias Peterka,AfD,abstain
4646,53623,Gerold Otten,AfD,yes
4646,53546,Jan Ralf Nolte,AfD,yes
4646,53857,Edgar Naujok,AfD,no
4646,53577,Sebastian Münzenmaier,AfD,yes
4646,53868,Matthias Moosdorf,AfD,no
4646,53866,Mike Moncsek,AfD,no
4646,53616,Corinna Miazga,AfD,no_show
4646,54042,Rüdiger Lucassen,AfD,no_show
4646,53858,Barbara Benkstein,AfD,no
4646,53622,Rainer Kraft,AfD,yes
4646,53493,Steffen Kotré,AfD,yes
4646,53466,Jörn König,AfD,yes
4646,53984,Enrico Komning,AfD,yes
4646,53494,Norbert Kleinwächter,AfD,yes
4646,53411,Stefan Keuter,AfD,yes
4646,53896,Michael Kaufmann,AfD,no
4646,53717,Malte Kaufmann,AfD,no
4646,53715,Marc Jongen,AfD,yes
4646,53861,Steffen Janich,AfD,no
4646,54044,Fabian Jacobi,AfD,no
4646,53625,Gerrit Huy,AfD,yes
4646,53983,Leif-Erik Holm,AfD,no_show
4646,53578,Nicole Höchst,AfD,no
4646,53859,Karsten Hilse,AfD,no
4646,53713,Martin Hess,AfD,yes
4646,53410,Jochen Haug,AfD,yes
4646,53543,Mariana Harder-Kühnel,AfD,no_show
4646,54043,Kay Gottschalk,AfD,yes
4646,54103,Hannes Gnauck,AfD,yes
4646,53547,Albrecht Glaser,AfD,no
4646,53491,Alexander Gauland,AfD,no
4646,53516,Götz Frömming,AfD,abstain
4646,54124,Markus Frohnmaier,AfD,abstain
4646,53465,Dietmar Friedhoff,AfD,yes
4646,53624,Peter Felser,AfD,yes
4646,53779,Robert Farle,AfD,no
4646,54047,Michael Espendiller,AfD,no
4646,53464,Thomas Ehrhorn,AfD,no
4646,53867,Thomas Dietz,AfD,no
4646,53515,Gottfried Curio,AfD,no
4646,53544,Joana Cotar,,yes
4646,53860,Tino Chrupalla,AfD,abstain
4646,53618,Petr Bystron,AfD,no
4646,53894,Marcus Bühl,AfD,no
4646,53720,Jürgen Braun,AfD,yes
4646,54061,Stephan Brandner,AfD,yes
4646,53467,Dirk Brandes,AfD,yes
4646,54096,Gereon Bollmann,AfD,no
4646,53615,Peter Boehringer,AfD,no
4646,53854,René Bochmann,AfD,no
4646,53579,Andreas Bleck,AfD,yes
4646,53716,Marc Bernhard,AfD,yes
4646,53407,Roger Beckamp,AfD,yes
4646,53994,Bernd Baumann,AfD,yes
4646,53718,Christina Baum,AfD,no
4646,53864,Carolin Bachmann,AfD,no
4646,53581,Volker Wissing,FDP,yes
4646,54032,Nicole Westig,FDP,yes
4646,53584,Sandra Weeser,FDP,yes
4646,54027,Johannes Vogel,FDP,no_show
4646,53569,Gerald Ullrich,FDP,yes
4646,53635,Andrew Ullmann,FDP,no_show
4646,53702,Florian Toncar,FDP,yes
4646,54041,Manfred Todtenhausen,FDP,yes
4646,53533,Nico Tippelt,FDP,yes
4646,53631,Stephan Thomae,FDP,yes
4646,53698,Michael Theurer,FDP,yes
4646,54040,Jens Teutrine,FDP,yes
4646,53496,Linda Teuteberg,FDP,yes
4646,53703,Benjamin Strasser,FDP,yes
4646,54024,Marie-Agnes Strack-Zimmermann,FDP,yes
4646,53710,Konrad Stockmeier,FDP,yes
4646,53548,Bettina Stark-Watzinger,FDP,yes
4646,53699,Judith Skudelny,FDP,yes
4646,53711,Rainer Semet,FDP,yes
4646,53708,Stephan Seiter,FDP,yes
4646,53460,Matthias Seestern-Pauly,FDP,yes
4646,53456,Anja Schulz,FDP,yes
4646,53403,Ria Schröder,FDP,yes
4646,54031,Frank Schäffler,FDP,yes
4646,54038,Christian Sauter,FDP,yes
4646,53630,Thomas Sattelberger,FDP,yes
4646,54035,Bernd Reuther,FDP,yes
4646,53988,Hagen Reinhold,FDP,yes
4646,53486,Volker Redder,FDP,yes
4646,54380,Claudia Raffelhüschen,FDP,yes
4646,53530,Frank Müller-Rosentritt,FDP,yes
4646,53551,Alexander Müller,FDP,yes
4646,54089,Max Mordhorst,FDP,yes
4646,54109,Christoph Meyer,FDP,yes
4646,53461,Anikó Glogowski-Merten,FDP,yes
4646,53550,Till Mansmann,FDP,no_show
4646,53637,Kristine Lütke,FDP,yes
4646,53663,Oliver Luksic,FDP,yes
4646,53700,Michael Link,FDP,yes
4646,54023,Christian Lindner,FDP,yes
4646,54111,Lars Lindemann,FDP,yes
4646,53549,Thorsten Lieb,FDP,yes
4646,53552,Jürgen Lenders,FDP,yes
4646,53633,Ulrich Lechte,FDP,yes
4646,54025,Alexander Graf Lambsdorff,FDP,no_show
4646,53457,Konstantin Kuhle,FDP,yes
4646,54086,Wolfgang Kubicki,FDP,yes
4646,53402,Michael Kruse,FDP,yes
4646,53582,Carina Konrad,FDP,yes
4646,53629,Lukas Köhler,FDP,yes
4646,53701,Pascal Kober,FDP,yes
4646,54110,Daniela Kluckert,FDP,yes
4646,53628,Karsten Klein,FDP,yes
4646,54122,Ann-Veruschka Jurisch,FDP,yes
4646,54087,Gyde Jensen-Bornhöft,FDP,yes
4646,54039,Olaf in der Beek,FDP,yes
4646,54030,Reinhard Houben,FDP,yes
4646,53706,Christoph Hoffmann,FDP,yes
4646,53585,Manuel Höferlin,FDP,yes
4646,53459,Gero Hocker,FDP,yes
4646,53627,Katja Hessel,FDP,yes
4646,53529,Torsten Herbst,FDP,yes
4646,54034,Markus Herbrand,FDP,yes
4646,54037,Katrin Helling-Plahr,FDP,yes
4646,53554,Peter Heidt,FDP,yes
4646,53532,Ulrike Harzer,FDP,yes
4646,53531,Philipp Hartewig,FDP,yes
4646,53570,Reginald Hanke,FDP,yes
4646,53638,Thomas Hacker,FDP,yes
4646,53458,Knut Gerschau,FDP,yes
4646,54123,Martin Gassner-Herz,FDP,yes
4646,53636,Maximilian Funke-Kaiser,FDP,yes
4646,54029,Otto Fricke,FDP,yes
4646,53626,Daniel Föst,FDP,yes
4646,53506,Marcus Faber,FDP,yes
4646,53454,Christian Dürr,FDP,yes
4646,54028,Bijan Djir-Sarai,FDP,yes
4646,54036,Carl-Julius Cronenberg,FDP,yes
4646,54033,Karlheinz Busen,FDP,yes
4646,54026,Marco Buschmann,FDP,yes
4646,53634,Sandra Bubendorfer-Licht,FDP,yes
4646,53583,Mario Brandenburg,FDP,yes
4646,53705,Jens Brandenburg,FDP,yes
4646,53497,Friedhelm Boginski,FDP,yes
4646,53507,Ingo Bodtke,FDP,yes
4646,53455,Jens Beeck,FDP,yes
4646,53632,Nicole Bauer,FDP,yes
4646,54088,Christine Aschenberg-Dugnus,FDP,yes
4646,53704,Renata Alt,FDP,yes
4646,53639,Muhanad Al-Halak,FDP,yes
4646,53553,Katja Adler,FDP,yes
4646,53709,Valentin Abel,FDP,yes
4646,53654,Tina Winklmann,BÜNDNIS 90/­DIE GRÜNEN,yes
4646,53477,Stefan Wenzel,BÜNDNIS 90/­DIE GRÜNEN,yes
4646,53648,Saskia Weishaupt,BÜNDNIS 90/­DIE GRÜNEN,yes
4646,54377,Beate Walter-Rosenheimer,BÜNDNIS 90/­DIE GRÜNEN,yes
4646,53653,Johannes Wagner,BÜNDNIS 90/­DIE GRÜNEN,yes
4646,53418,Robin Wagener,BÜNDNIS 90/­DIE GRÜNEN,yes
4646,53651,Niklas Wagener,BÜNDNIS 90/­DIE GRÜNEN,yes
4646,53472,Julia Verlinden,BÜNDNIS 90/­DIE GRÜNEN,yes
4646,53801,Katrin Uhlig,BÜNDNIS 90/­DIE GRÜNEN,yes
4646,53471,Jürgen Trittin,BÜNDNIS 90/­DIE GRÜNEN,no_show
4646,53561,Awet Tesfaiesus,BÜNDNIS 90/­DIE GRÜNEN,yes
4646,54135,Kassem Taher Saleh,BÜNDNIS 90/­DIE GRÜNEN,yes
4646,53557,Wolfgang Strengmann-Kuhn,BÜNDNIS 90/­DIE GRÜNEN,no
4646,53780,Hanna Steinmüller,BÜNDNIS 90/­DIE GRÜNEN,yes
4646,54057,Till Steffen,BÜNDNIS 90/­DIE GRÜNEN,yes
4646,53513,Nina Stahr,BÜNDNIS 90/­DIE GRÜNEN,yes
4646,53536,Merle Spellerberg,BÜNDNIS 90/­DIE GRÜNEN,yes
4646,53428,Anne-Monika Spallek,BÜNDNIS 90/­DIE GRÜNEN,yes
4646,53419,Nyke Slawik,BÜNDNIS 90/­DIE GRÜNEN,yes
4646,53695,Melis Sekmen,BÜNDNIS 90/­DIE GRÜNEN,yes
4646,53556,Kordula Schulz-Asche,BÜNDNIS 90/­DIE GRÜNEN,yes
4646,53470,Christina-Johanne Schröder,BÜNDNIS 90/­DIE GRÜNEN,yes
4646,53652,Marlene Schönberger,BÜNDNIS 90/­DIE GRÜNEN,yes
4646,53647,Stefan Schmidt,BÜNDNIS 90/­DIE GRÜNEN,yes
4646,53417,Ulle Schauws,BÜNDNIS 90/­DIE GRÜNEN,yes
4646,53696,Sebastian Schäfer,BÜNDNIS 90/­DIE GRÜNEN,yes
4646,54064,Jamila Anna Schäfer,BÜNDNIS 90/­DIE GRÜNEN,yes
4646,53588,Corinna Rüffer,BÜNDNIS 90/­DIE GRÜNEN,no_show
4646,53643,Manuela Rottmann,BÜNDNIS 90/­DIE GRÜNEN,yes
4646,53640,Claudia Roth,BÜNDNIS 90/­DIE GRÜNEN,yes
4646,53586,Tabea Rößner,BÜNDNIS 90/­DIE GRÜNEN,yes
4646,53697,Anja Reinalter,BÜNDNIS 90/­DIE GRÜNEN,yes
4646,53468,Filiz Polat,BÜNDNIS 90/­DIE GRÜNEN,yes
4646,53534,Paula Piechotta,BÜNDNIS 90/­DIE GRÜNEN,yes
4646,54134,Lisa Paus,BÜNDNIS 90/­DIE GRÜNEN,yes
4646,53479,Julian Pahlke,BÜNDNIS 90/­DIE GRÜNEN,no_show
4646,53944,Cem Özdemir,BÜNDNIS 90/­DIE GRÜNEN,yes
4646,53476,Karoline Otte,BÜNDNIS 90/­DIE GRÜNEN,yes
4646,54060,Omid Nouripour,BÜNDNIS 90/­DIE GRÜNEN,yes
4646,54092,Konstantin von Notz,BÜNDNIS 90/­DIE GRÜNEN,yes
4646,53421,Ophelia Nick,BÜNDNIS 90/­DIE GRÜNEN,yes
4646,54091,Ingrid Nestle,BÜNDNIS 90/­DIE GRÜNEN,yes
4646,53424,Sara Nanni,BÜNDNIS 90/­DIE GRÜNEN,yes
4646,53688,Beate Müller-Gemmeke,BÜNDNIS 90/­DIE GRÜNEN,no
4646,54138,Sascha Müller,BÜNDNIS 90/­DIE GRÜNEN,yes
4646,53989,Claudia Müller,BÜNDNIS 90/­DIE GRÜNEN,yes
4646,54113,Boris Mijatović,BÜNDNIS 90/­DIE GRÜNEN,yes
4646,53413,Irene Mihalic,BÜNDNIS 90/­DIE GRÜNEN,yes
4646,53478,Swantje Michaelsen,BÜNDNIS 90/­DIE GRÜNEN,yes
4646,53480,Susanne Menge,BÜNDNIS 90/­DIE GRÜNEN,yes
4646,53951,Zoe Mayer,BÜNDNIS 90/­DIE GRÜNEN,no_show
4646,53558,Anna Lührmann,BÜNDNIS 90/­DIE GRÜNEN,yes
4646,53422,Max Lucks,BÜNDNIS 90/­DIE GRÜNEN,yes
4646,54093,Denise Loop,BÜNDNIS 90/­DIE GRÜNEN,yes
4646,53587,Tobias Lindner,BÜNDNIS 90/­DIE GRÜNEN,yes
4646,53475,Helge Limburg,BÜNDNIS 90/­DIE GRÜNEN,yes
4646,53434,Anja Liebert,BÜNDNIS 90/­DIE GRÜNEN,yes
4646,53508,Steffi Lemke,BÜNDNIS 90/­DIE GRÜNEN,no_show
4646,53799,Sven Lehmann,BÜNDNIS 90/­DIE GRÜNEN,yes
4646,53692,Ricarda Lang,BÜNDNIS 90/­DIE GRÜNEN,yes
4646,53429,Markus Kurth,BÜNDNIS 90/­DIE GRÜNEN,yes
4646,54108,Renate Künast,BÜNDNIS 90/­DIE GRÜNEN,yes
4646,53686,Christian Kühn,BÜNDNIS 90/­DIE GRÜNEN,yes
4646,53792,Oliver Krischer,BÜNDNIS 90/­DIE GRÜNEN,yes
4646,53559,Philip Krämer,BÜNDNIS 90/­DIE GRÜNEN,yes
4646,53430,Laura Kraft,BÜNDNIS 90/­DIE GRÜNEN,yes
4646,53961,Chantal Kopf,BÜNDNIS 90/­DIE GRÜNEN,yes
4646,53834,Maria Klein-Schmeink,BÜNDNIS 90/­DIE GRÜNEN,yes
4646,53469,Sven-Christian Kindler,BÜNDNIS 90/­DIE GRÜNEN,yes
4646,53590,Misbah Khan,BÜNDNIS 90/­DIE GRÜNEN,yes
4646,53474,Katja Keul,BÜNDNIS 90/­DIE GRÜNEN,yes
4646,53499,Michael Kellner,BÜNDNIS 90/­DIE GRÜNEN,yes
4646,53485,Kirsten Kappert-Gonther,BÜNDNIS 90/­DIE GRÜNEN,yes
4646,53420,Lamya Kaddor,BÜNDNIS 90/­DIE GRÜNEN,yes
4646,54119,Dieter Janecek,BÜNDNIS 90/­DIE GRÜNEN,yes
4646,54094,Bruno Hönel,BÜNDNIS 90/­DIE GRÜNEN,no_show
4646,53641,Anton Hofreiter,BÜNDNIS 90/­DIE GRÜNEN,no_show
4646,53555,Bettina Hoffmann,BÜNDNIS 90/­DIE GRÜNEN,yes
4646,53535,Bernhard Herrmann,BÜNDNIS 90/­DIE GRÜNEN,yes
4646,53427,Kathrin Henneberger,BÜNDNIS 90/­DIE GRÜNEN,yes
4646,53728,Linda Heitmann,BÜNDNIS 90/­DIE GRÜNEN,yes
4646,53412,Britta Haßelmann,BÜNDNIS 90/­DIE GRÜNEN,yes
4646,54125,Robert Habeck,BÜNDNIS 90/­DIE GRÜNEN,yes
4646,53432,Sabine Grützmacher,BÜNDNIS 90/­DIE GRÜNEN,yes
4646,53645,Erhard Grundl,BÜNDNIS 90/­DIE GRÜNEN,yes
4646,53589,Armin Grau,BÜNDNIS 90/­DIE GRÜNEN,yes
4646,54117,Katrin Göring-Eckardt,BÜNDNIS 90/­DIE GRÜNEN,yes
4646,53416,Jan-Niclas Gesenhues,BÜNDNIS 90/­DIE GRÜNEN,yes
4646,53781,Stefan Gelbhaar,BÜNDNIS 90/­DIE GRÜNEN,yes
4646,53423,Kai Gehring,BÜNDNIS 90/­DIE GRÜNEN,yes
4646,53691,Matthias Gastel,BÜNDNIS 90/­DIE GRÜNEN,yes
4646,53650,Tessa Ganserer,BÜNDNIS 90/­DIE GRÜNEN,yes
4646,53426,Schahina Gambir,BÜNDNIS 90/­DIE GRÜNEN,yes
4646,54101,Emilia Fester,BÜNDNIS 90/­DIE GRÜNEN,yes
4646,53693,Marcel Emmerich,BÜNDNIS 90/­DIE GRÜNEN,yes
4646,53655,Leon Eckert,BÜNDNIS 90/­DIE GRÜNEN,yes
4646,53689,Harald Ebner,BÜNDNIS 90/­DIE GRÜNEN,yes
4646,53560,Deborah Düring,BÜNDNIS 90/­DIE GRÜNEN,yes
4646,53414,Katharina Dröge,BÜNDNIS 90/­DIE GRÜNEN,yes
4646,53687,Sandra Detzer,BÜNDNIS 90/­DIE GRÜNEN,yes
4646,53642,Ekin Deligöz,BÜNDNIS 90/­DIE GRÜNEN,yes
4646,53431,Janosch Dahmen,BÜNDNIS 90/­DIE GRÜNEN,yes
4646,53690,Anna Christmann,BÜNDNIS 90/­DIE GRÜNEN,yes
4646,53473,Frank Bsirske,BÜNDNIS 90/­DIE GRÜNEN,no_show
4646,53685,Agnieszka Brugger,BÜNDNIS 90/­DIE GRÜNEN,yes
4646,53954,Franziska Brantner,BÜNDNIS 90/­DIE GRÜNEN,yes
4646,53433,Lukas Benner,BÜNDNIS 90/­DIE GRÜNEN,yes
4646,54100,Katharina Beck,BÜNDNIS 90/­DIE GRÜNEN,yes
4646,53788,Canan Bayram,BÜNDNIS 90/­DIE GRÜNEN,no
4646,53649,Karl Bär,BÜNDNIS 90/­DIE GRÜNEN,yes
4646,53415,Felix Banaszak,BÜNDNIS 90/­DIE GRÜNEN,yes
4646,53498,Annalena Baerbock,BÜNDNIS 90/­DIE GRÜNEN,yes
4646,53646,Lisa Badum,BÜNDNIS 90/­DIE GRÜNEN,yes
4646,54121,Tobias B. Bacherle,BÜNDNIS 90/­DIE GRÜNEN,yes
4646,53425,Maik Außendorf,BÜNDNIS 90/­DIE GRÜNEN,yes
4646,53512,Andreas Audretsch,BÜNDNIS 90/­DIE GRÜNEN,yes
4646,54090,Luise Amtsberg,BÜNDNIS 90/­DIE GRÜNEN,yes
4646,53694,Stephanie Aeffner,BÜNDNIS 90/­DIE GRÜNEN,no
4646,53952,Nicolas Zippelius,CDU/CSU,yes
4646,53853,Paul Ziemiak,CDU/CSU,yes
4646,53930,Emmi Zeulner,CDU/CSU,yes
4646,53448,Mareike Lotte Wulf,CDU/CSU,yes
4646,53942,Mechthilde Wittmann,CDU/CSU,yes
4646,53933,Tobias Winkler,CDU/CSU,yes
4646,53802,Elisabeth Winkelmeier-Becker,CDU/CSU,yes
4646,53881,Klaus-Peter Willsch,CDU/CSU,yes
4646,53809,Klaus Wiener,CDU/CSU,yes
4646,53970,Annette Widmann-Mauz,CDU/CSU,yes
4646,53953,Kai Whittaker,CDU/CSU,yes
4646,53405,Sabine Weiss,CDU/CSU,yes
4646,53965,Maria-Lena Weiss,CDU/CSU,yes
4646,54073,Anja Weisgerber,CDU/CSU,yes
4646,53956,Nina Warken,CDU/CSU,yes
4646,53517,Marco Wanderwitz,CDU/CSU,yes
4646,54082,Johann Wadephul,CDU/CSU,yes
4646,53991,Christoph de Vries,CDU/CSU,yes
4646,54001,Oliver Vogt,CDU/CSU,yes
4646,53999,Kerstin Vieregge,CDU/CSU,yes
4646,54075,Volker Ullrich,CDU/CSU,yes
4646,54370,Markus Uhl,CDU/CSU,yes
4646,53996,Astrid Timmermann-Fechter,CDU/CSU,yes
4646,53563,Antje Tillmann,CDU/CSU,yes
4646,54081,Alexander Throm,CDU/CSU,yes
4646,53849,Hans-Jürgen Thies,CDU/CSU,yes
4646,53805,Hermann-Josef Tebroke,CDU/CSU,yes
4646,54078,Christina Stumpp,CDU/CSU,yes
4646,53923,Max Straubinger,CDU/CSU,yes
4646,53943,Stephan Stracke,CDU/CSU,yes
4646,54085,Gero Storjohann,CDU/CSU,no_show
4646,53962,Diana Stöcker,CDU/CSU,yes
4646,53778,Dieter Stier,CDU/CSU,yes
4646,53948,Christian von Stetten,CDU/CSU,yes
4646,53909,Johannes Steiniger,CDU/CSU,yes
4646,53736,Albert Stegemann,CDU/CSU,yes
4646,54063,Wolfgang Stefinger,CDU/CSU,yes
4646,53916,Katrin Staffler,CDU/CSU,no_show
4646,53829,Jens Spahn,CDU/CSU,yes
4646,53500,Tino Sorge,CDU/CSU,yes
4646,53887,Björn Simon,CDU/CSU,yes
4646,53927,Thomas Silberhorn,CDU/CSU,yes
4646,53797,Detlef Seif,CDU/CSU,yes
4646,53540,Armin Schwarz,CDU/CSU,yes
4646,53968,Felix Schreiner,CDU/CSU,yes
4646,54369,Nadine Schön,CDU/CSU,yes
4646,53903,Patrick Schnieder,CDU/CSU,yes
4646,53489,Jana Schimke,CDU/CSU,yes
4646,54069,Andreas Scheuer,CDU/CSU,yes
4646,53518,Christiane Schenderlein,CDU/CSU,yes
4646,53964,Wolfgang Schäuble,CDU/CSU,yes
4646,53997,Catarina dos Santos-Wintz,CDU/CSU,yes
4646,54071,Albert Rupprecht,CDU/CSU,yes
4646,53898,Erwin Rüddel,CDU/CSU,yes
4646,53484,Thomas Röwekamp,CDU/CSU,yes
4646,53817,Stefan Rouenhoff,CDU/CSU,yes
4646,53803,Norbert Röttgen,CDU/CSU,yes
4646,53863,Lars Rohwer,CDU/CSU,yes
4646,53972,Josef Rief,CDU/CSU,yes
4646,53862,Markus Reichel,CDU/CSU,yes
4646,53835,Henning Rehbaum,CDU/CSU,yes
4646,53920,Peter Ramsauer,CDU/CSU,no_show
4646,54070,Alois Rainer,CDU/CSU,yes
4646,54067,Alexander Radwan,CDU/CSU,yes
4646,54002,Kerstin Radomski,CDU/CSU,yes
4646,53795,Thomas Rachel,CDU/CSU,yes
4646,53816,Martin Plum,CDU/CSU,yes
4646,53990,Christoph Ploß,CDU/CSU,yes
4646,54065,Stephan Pilsinger,CDU/CSU,yes
4646,53749,Henning Otte,CDU/CSU,yes
4646,53900,Josef Oster,CDU/CSU,yes
4646,53922,Florian Oßner,CDU/CSU,yes
4646,53957,Moritz Oppelt,CDU/CSU,yes
4646,53794,Wilfried Oellers,CDU/CSU,yes
4646,54084,Petra Nicolaisen,CDU/CSU,yes
4646,54000,Stefan Nacke,CDU/CSU,yes
4646,53932,Stefan Müller,CDU/CSU,yes
4646,53447,Carsten Müller,CDU/CSU,yes
4646,53775,Sepp Müller,CDU/CSU,yes
4646,53852,Florian Müller,CDU/CSU,yes
4646,53974,Axel Müller,CDU/CSU,yes
4646,54076,Maximilian Mörseburg,CDU/CSU,yes
4646,53981,Dietrich Monstadt,CDU/CSU,yes
4646,53443,Mathias Middelberg,CDU/CSU,yes
4646,53907,Jan Metzler,CDU/CSU,yes
4646,53850,Friedrich Merz,CDU/CSU,yes
4646,53890,Michael Meister,CDU/CSU,yes
4646,53973,Volker Mayer-Lay,CDU/CSU,yes
4646,53913,Stephan Mayer,CDU/CSU,no_show
4646,53739,Andreas Mattfeldt,CDU/CSU,yes
4646,53869,Yvonne Magwas,CDU/CSU,yes
4646,53960,Klaus Mack,CDU/CSU,yes
4646,53918,Daniela Ludwig,CDU/CSU,yes
4646,53509,Jan-Marco Luczak,CDU/CSU,yes
4646,54062,Bernhard Loos,CDU/CSU,yes
4646,53538,Patricia Lips,CDU/CSU,yes
4646,54131,Carsten Linnemann,CDU/CSU,yes
4646,53937,Andrea Lindholz,CDU/CSU,yes
4646,53914,Andreas Lenz,CDU/CSU,yes
4646,53539,Katja Leikert,CDU/CSU,yes
4646,54074,Paul Lehrieder,CDU/CSU,yes
4646,53855,Jens Lehmann,CDU/CSU,yes
4646,53928,Silke Launert,CDU/CSU,yes
4646,53404,Armin Laschet,CDU/CSU,no_show
4646,53940,Ulrich Lange,CDU/CSU,yes
4646,53446,Tilman Kuban,CDU/CSU,yes
4646,53814,Günter Krings,CDU/CSU,yes
4646,53959,Gunther Krichbaum,CDU/CSU,no_show
4646,53519,Carsten Körber,CDU/CSU,yes
4646,53879,Markus Koob,CDU/CSU,yes
4646,53831,Anne König,CDU/CSU,yes
4646,53487,Jens Koeppen,CDU/CSU,no_show
4646,53738,Axel Knoerig,CDU/CSU,yes
4646,53571,Julia Klöckner,CDU/CSU,no_show
4646,53851,Volkmar Klein,CDU/CSU,yes
4646,54133,Ottilie Klein,CDU/CSU,yes
4646,53796,Georg Kippels,CDU/CSU,yes
4646,53919,Michael Kießling,CDU/CSU,yes
4646,53950,Roderich Kiesewetter,CDU/CSU,yes
4646,53971,Ronja Kemmer,CDU/CSU,yes
4646,53833,Anja Karliczek,CDU/CSU,yes
4646,53882,Ingmar Jung,CDU/CSU,yes
4646,53967,Andreas Jung,CDU/CSU,yes
4646,53811,Thomas Jarzombek,CDU/CSU,yes
4646,53445,Anne Janssen,CDU/CSU,yes
4646,53915,Erich Irlstorfer,CDU/CSU,yes
4646,54003,Hubert Hüppe,CDU/CSU,yes
4646,54099,Franziska Hoppermann,CDU/CSU,no_show
4646,53441,Hendrik Hoppenstedt,CDU/CSU,yes
4646,53938,Alexander Hoffmann,CDU/CSU,yes
4646,53562,Christian Hirte,CDU/CSU,yes
4646,53924,Susanne Hierl,CDU/CSU,yes
4646,53815,Ansgar Heveling,CDU/CSU,yes
4646,53832,Marc Henrichmann,CDU/CSU,yes
4646,53946,Michael Hennrich,CDU/CSU,no_show
4646,54049,Mark Helfrich,CDU/CSU,no_show
4646,53784,Thomas Heilmann,CDU/CSU,yes
4646,53899,Mechthild Heil,CDU/CSU,yes
4646,53541,Stefan Heck,CDU/CSU,yes
4646,53825,Matthias Hauer,CDU/CSU,yes
4646,54378,Jürgen Hardt,CDU/CSU,no_show
4646,54066,Florian Hahn,CDU/CSU,yes
4646,54130,Christian Haase,CDU/CSU,yes
4646,53958,Olav Gutting,CDU/CSU,no
4646,53449,Fritz Güntzler,CDU/CSU,yes
4646,53995,Serap Güler,CDU/CSU,yes
4646,53782,Monika Grütters,CDU/CSU,no_show
4646,53735,Oliver Grundmann,CDU/CSU,yes
4646,53891,Manfred Grund,CDU/CSU,no_show
4646,53945,Markus Grübel,CDU/CSU,yes
4646,53442,Michael Grosse-Brömer,CDU/CSU,no_show
4646,53813,Hermann Gröhe,CDU/CSU,yes
4646,53949,Inge Gräßle,CDU/CSU,yes
4646,54080,Fabian Gramling,CDU/CSU,yes
4646,54132,Jonas Geissler,CDU/CSU,no_show
4646,53572,Thomas Gebhart,CDU/CSU,yes
4646,54083,Ingo Gädechens,CDU/CSU,yes
4646,53935,Michael Frieser,CDU/CSU,yes
4646,53929,Hans-Peter Friedrich,CDU/CSU,no_show
4646,53966,Thorsten Frei,CDU/CSU,yes
4646,53444,Enak Ferlemann,CDU/CSU,yes
4646,53488,Uwe Feiler,CDU/CSU,yes
4646,53947,Hermann Färber,CDU/CSU,yes
4646,54068,Thomas Erndl,CDU/CSU,yes
4646,53926,Martina Englhardt-Kopf,CDU/CSU,yes
4646,53941,Alexander Engelhard,CDU/CSU,yes
4646,53936,Ralph Edelhäußer,CDU/CSU,no_show
4646,53939,Hansjörg Durz,CDU/CSU,yes
4646,53969,Michael Donth,CDU/CSU,yes
4646,53921,Alexander Dobrindt,CDU/CSU,yes
4646,54048,Astrid Damerow,CDU/CSU,no_show
4646,53790,Mario Czaja,CDU/CSU,yes
4646,53730,Gitta Connemann,CDU/CSU,yes
4646,53963,Yannick Bury,CDU/CSU,yes
4646,53901,Marlon Bröhr,CDU/CSU,yes
4646,53804,Carsten Brodesser,CDU/CSU,yes
4646,53836,Ralph Brinkhaus,CDU/CSU,yes
4646,53998,Michael Breilmann,CDU/CSU,yes
4646,53773,Heike Brehmer,CDU/CSU,no_show
4646,53934,Sebastian Brehm,CDU/CSU,yes
4646,53737,Silvia Breher,CDU/CSU,no_show
4646,53537,Helge Braun,CDU/CSU,yes
4646,53917,Reinhard Brandl,CDU/CSU,no_show
4646,53877,Michael Brand,CDU/CSU,yes
4646,53982,Simone Borchardt,CDU/CSU,yes
4646,54079,Steffen Bilger,CDU/CSU,yes
4646,54077,Marc Biadacz,CDU/CSU,yes
4646,53810,Peter Beyer,CDU/CSU,yes
4646,53743,André Berghegger,CDU/CSU,yes
4646,53975,Thomas Bareiß,CDU/CSU,yes
4646,54072,Dorothee Bär,CDU/CSU,yes
4646,53925,Peter Aumer,CDU/CSU,yes
4646,53931,Artur Auernhammer,CDU/CSU,no_show
4646,53980,Philipp Amthor,CDU/CSU,yes
4646,53884,Norbert Maria Altenkamp,CDU/CSU,yes
4646,53450,Stephan Albani,CDU/CSU,yes
4646,53490,Knut Abraham,CDU/CSU,yes
4646,53725,Katrin Zschau,SPD,yes
4646,53885,Armand Zorn,SPD,yes
4646,53889,Jens Zimmermann,SPD,yes
4646,53762,Stefan Zierke,SPD,yes
4646,54016,Gülistan Yüksel,SPD,yes
4646,53771,Herbert Wollmann,SPD,yes
4646,54007,Dirk Wiese,SPD,yes
4646,53753,Bernd Westphal,SPD,yes
4646,53576,Lena Werner,SPD,yes
4646,53902,Joe Weingarten,SPD,yes
4646,53886,Melanie Wegling,SPD,yes
4646,53611,Carmen Wegge,SPD,no
4646,53770,Hannes Walter,SPD,yes
4646,53769,Maja Wallstein,SPD,yes
4646,53613,Carolin Wagner,SPD,no
4646,53822,Dirk Vöpel,SPD,yes
4646,53745,Marja-Liisa Völlers,SPD,yes
4646,53897,Frank Ullrich,SPD,yes
4646,53681,Derya Türk-Nachbaur,SPD,yes
4646,53451,Anja Troff-Schaffarzyk,SPD,yes
4646,53594,Carsten Träger,SPD,yes
4646,53828,Markus Töns,SPD,yes
4646,53848,Michael Thews,SPD,yes
4646,53601,Claudia Tausend,SPD,yes
4646,54107,Ruppert Stüwe,SPD,no
4646,53527,Nadja Sthamer,SPD,no
4646,54050,Mathias Stein,SPD,yes
4646,54051,Ralf Stegner,SPD,yes
4646,53609,Martina Stamm-Fibich,SPD,yes
4646,53741,Svenja Stadler,SPD,yes
4646,53678,Lina Seitzl,SPD,yes
4646,53666,Rita Schwarzelühr-Sutter,SPD,yes
4646,54137,Andreas Schwarz,SPD,yes
4646,53838,Stefan Schwartze,SPD,yes
4646,53826,Frank Schwabe,SPD,yes
4646,54004,Svenja Schulze,SPD,yes
4646,53604,Michael Schrodi,SPD,yes
4646,53908,Christian Schreider,SPD,yes
4646,53751,Johannes Schraps,SPD,yes
4646,53766,Olaf Scholz,SPD,yes
4646,53895,Carsten Schneider,SPD,yes
4646,53734,Daniel Schneider,SPD,yes
4646,53875,Dagmar Schmidt,SPD,yes
4646,53760,Uwe Schmidt,SPD,yes
4646,53665,Nils Schmid,SPD,yes
4646,53600,Christoph Schmid,SPD,yes
4646,53841,Timo Schisanowski,SPD,yes
4646,53453,Peggy Schierenbeck,SPD,yes
4646,54008,Udo Schiefner,SPD,yes
4646,53603,Marianne Schieder,SPD,yes
4646,54129,Nina Scheer,SPD,yes
4646,53608,Johannes Schätzl,SPD,yes
4646,53748,Rebecca Schamber,SPD,yes
4646,53843,Axel Schäfer,SPD,yes
4646,53808,Ingo Schäfer,SPD,yes
4646,53729,Johann Saathoff,SPD,yes
4646,53759,Sarah Ryglewski,SPD,yes
4646,53598,Bernd Rützel,SPD,yes
4646,53568,Tina Rudolph,SPD,no
4646,53573,Thorsten Rudolph,SPD,no_show
4646,53872,Michael Roth,SPD,no_show
4646,54014,Jessica Rosenthal,SPD,no
4646,53667,Martin Rosemann,SPD,yes
4646,53596,Sebastian Roloff,SPD,yes
4646,53732,Dennis Rohde,SPD,yes
4646,54126,Sönke Rix,SPD,yes
4646,53812,Andreas Rimkus,SPD,yes
4646,54021,Ye-One Rhie,SPD,yes
4646,53839,Achim Post,SPD,yes
4646,53846,Sabine Poschmann,SPD,yes
4646,53614,Jan Plobner,SPD,yes
4646,53758,Andreas Philippi,SPD,yes
4646,53978,Christian Petry,SPD,yes
4646,53845,Jens Peick,SPD,yes
4646,53880,Natalie Pawlik,SPD,yes
4646,53768,Mathias Papendieck,SPD,yes
4646,53761,Wiebke Papenbrock,SPD,no_show
4646,53755,Christos Pantazis,SPD,no_show
4646,54136,Aydan Özoğuz,SPD,yes
4646,53821,Mahmut Özdemir,SPD,yes
4646,53976,Josephine Ortleb,SPD,yes
4646,53883,Lennard Oehl,SPD,yes
4646,53610,Jörg Nürnberger,SPD,yes
4646,54012,Dietmar Nietan,SPD,yes
4646,53827,Brian Nickholz,SPD,yes
4646,53525,Rasha Nasr,SPD,yes
4646,53800,Rolf Mützenich,SPD,yes
4646,53844,Michelle Müntefering,SPD,yes
4646,53865,Detlef Müller,SPD,yes
4646,53785,Michael Müller,SPD,yes
4646,53878,Bettina Müller,SPD,yes
4646,53731,Siemtje Möller,SPD,yes
4646,53793,Claudia Moll,SPD,yes
4646,53756,Falko Mohrs,SPD,yes
4646,53733,Susanne Mittag,SPD,yes
4646,53910,Matthias Mieves,SPD,yes
4646,53752,Matthias Miersch,SPD,yes
4646,53524,Kathrin Michel,SPD,yes
4646,53679,Robin Mesarosch,SPD,yes
4646,53684,Takis Mehmet Ali,SPD,yes
4646,53606,Andreas Mehltretter,SPD,yes
4646,53668,Katja Mast,SPD,yes
4646,54112,Franziska Mascheck,SPD,yes
4646,53675,Parsa Marvi,SPD,yes
4646,54058,Dorothee Martin,SPD,yes
4646,54019,Zanda Martens,SPD,yes
4646,53542,Kaweh Mansoori,SPD,yes
4646,53523,Holger Mann,SPD,yes
4646,54056,Erik von Malottki,SPD,no
4646,53574,Isabel Mackensen-Geis,SPD,yes
4646,53905,Tanja Machalet,SPD,yes
4646,53977,Heiko Maas,SPD,yes
4646,54011,Bettina Lugk,SPD,yes
4646,53807,Helge Lindh,SPD,yes
4646,53979,Esra Limbacher,SPD,yes
4646,54022,Luiza Licina-Bode,SPD,yes
4646,53682,Kevin Leiser,SPD,yes
4646,53767,Sylvia Lehmann,SPD,yes
4646,53806,Karl Lauterbach,SPD,yes
4646,53888,Andreas Larem,SPD,yes
4646,54017,Sarah Lahrkamp,SPD,yes
4646,53786,Kevin Kühnert,SPD,yes
4646,53774,Martin Kröber,SPD,no
4646,53754,Dunja Kreiser,SPD,yes
4646,53595,Anette Kramme,SPD,yes
4646,53764,Simona Koß,SPD,yes
4646,53593,Bärbel Kofler,SPD,yes
4646,54053,Tim Klüssendorf,SPD,yes
4646,54106,Annika Klose,SPD,yes
4646,53740,Lars Klingbeil,SPD,yes
4646,54127,Kristian Klinck,SPD,yes
4646,53783,Helmut Kleebank,SPD,yes
4646,53511,Cansel Kiziltepe,SPD,no_show
4646,53772,Franziska Kersten,SPD,yes
4646,53818,Rainer Keller,SPD,yes
4646,53674,Gabriele Katzmarek,SPD,yes
4646,54055,Anna Kassautzki,SPD,yes
4646,53526,Carlos Kasper,SPD,yes
4646,53677,Macit Karaahmetoğlu,SPD,yes
4646,53567,Elisabeth Kaiser,SPD,yes
4646,53847,Oliver Kaczmarek,SPD,yes
4646,53680,Josip Juratovic,SPD,yes
4646,54054,Frank Junge,SPD,yes
4646,53612,Markus Hümpfer,SPD,yes
4646,53904,Verena Hubertz,SPD,no_show
4646,53672,Jasmina Hostert,SPD,yes
4646,53912,Thomas Hitschler,SPD,yes
4646,54010,Nadine Heselhaus,SPD,yes
4646,53452,Anke Hennig,SPD,yes
4646,54015,Wolfgang Hellmich,SPD,yes
4646,53599,Gabriela Heinrich,SPD,yes
4646,53757,Frauke Heiligenstadt,SPD,yes
4646,53750,Hubertus Heil,SPD,yes
4646,53824,Dirk Heidenblut,SPD,no_show
4646,54005,Sebastian Hartmann,SPD,yes
4646,54059,Metin Hakverdi,SPD,yes
4646,53597,Rita Hagl-Kehl,SPD,yes
4646,54128,Bettina Hagedorn,SPD,yes
4646,53592,Uli Grötsch,SPD,yes
4646,54006,Kerstin Griese,SPD,yes
4646,53871,Timon Gremmels,SPD,yes
4646,53911,Angelika Glöckner,SPD,yes
4646,53671,Martin Gerster,SPD,yes
4646,53830,Michael Gerdes,SPD,yes
4646,53744,Manuel Gava,SPD,yes
4646,53528,Fabian Funke,SPD,yes
4646,53873,Edgar Franke,SPD,yes
4646,53823,Sebastian Fiedler,SPD,yes
4646,53669,Johannes Fechner,SPD,yes
4646,53763,Ariane Fäscher,SPD,yes
4646,53664,Saskia Esken,SPD,yes
4646,53837,Wiebke Esdar,SPD,yes
4646,53683,Heike Engelhardt,SPD,yes
4646,53765,Sonja Eichwede,SPD,yes
4646,53842,Axel Echeverria,SPD,abstain
4646,53727,Falko Droßmann,SPD,yes
4646,53876,Felix Döring,SPD,yes
4646,53605,Sabine Dittmar,SPD,yes
4646,53870,Esther Dilcher,SPD,yes
4646,53819,Jan Dieren,SPD,no
4646,53575,Martin Diedenhofen,SPD,yes
4646,53777,Karamba Diaby,SPD,yes
4646,53787,Hakan Demir,SPD,yes
4646,54009,Bernhard Daldrup,SPD,yes
4646,54020,Jürgen Coße,SPD,yes
4646,53673,Lars Castellucci,SPD,yes
4646,53955,Isabel Cademartori,SPD,yes
4646,53505,Katrin Budde,SPD,yes
4646,53670,Leni Breymaier,SPD,yes
4646,53742,Jakob Blankenburg,SPD,yes
4646,54052,Bengt Bergt,SPD,yes
4646,53840,Jürgen Berghahn,SPD,yes
4646,53893,Holger Becker,SPD,yes
4646,53820,Bärbel Bas,SPD,yes
4646,53874,Sören Bartol,SPD,yes
4646,54018,Nezahat Baradari,SPD,yes
4646,53906,Daniel Baldy,SPD,yes
4646,53607,Ulrike Bahr,SPD,yes
4646,53676,Heike Baehrens,SPD,yes
4646,53726,Johannes Arlt,SPD,yes
4646,53992,Niels Annen,SPD,yes
4646,54013,Dagmar Andres,SPD,yes
4646,53724,Reem Alabali Radovan,SPD,yes
4646,53746,Adis Ahmetović,SPD,yes
4646,53798,Sanae Abdi,SPD,no_show
4826,54095,Uwe Witt,fraktionslos,no_show
4826,54098,Stefan Seidler,fraktionslos,yes
4826,53620,Johannes Huber,fraktionslos,no
4826,53406,Matthias Helferich,fraktionslos,no
4826,53779,Robert Farle,fraktionslos,no
4826,54114,Janine Wissler,DIE LINKE.,no_show
4826,53436,Sahra Wagenknecht,DIE LINKE.,abstain
4826,53439,Kathrin Vogler,DIE LINKE.,abstain
4826,53591,Alexander Ulrich,DIE LINKE.,abstain
4826,53723,Jessica Tatti,DIE LINKE.,abstain
4826,53504,Petra Sitte,DIE LINKE.,abstain
4826,53721,Bernd Riexinger,DIE LINKE.,abstain
4826,53566,Martina Renner,DIE LINKE.,abstain
4826,53483,Heidi Reichinnek,DIE LINKE.,abstain
4826,53482,Victor Perli,DIE LINKE.,abstain
4826,53856,Sören Pellmann,DIE LINKE.,abstain
4826,54105,Petra Pau,DIE LINKE.,abstain
4826,53993,Zaklin Nastić,DIE LINKE.,abstain
4826,54097,Cornelia Möhring,DIE LINKE.,abstain
4826,53481,Amira Mohamed Ali,DIE LINKE.,abstain
4826,53510,Pascal Meiser,DIE LINKE.,no_show
4826,53662,Thomas Lutze,DIE LINKE.,abstain
4826,53791,Gesine Lötzsch,DIE LINKE.,no_show
4826,53440,Christian Leye,DIE LINKE.,abstain
4826,53565,Ralph Lenkert,DIE LINKE.,abstain
4826,53521,Caren Lay,DIE LINKE.,abstain
4826,53987,Ina Latendorf,DIE LINKE.,abstain
4826,53503,Jan Korte,DIE LINKE.,abstain
4826,53438,Andrej Hunko,DIE LINKE.,abstain
4826,53564,Susanne Hennig-Wellsow,DIE LINKE.,abstain
4826,53522,André Hahn,DIE LINKE.,abstain
4826,53789,Gregor Gysi,DIE LINKE.,abstain
4826,53659,Ates Gürpinar,DIE LINKE.,abstain
4826,53495,Christian Görke,DIE LINKE.,abstain
4826,53656,Nicole Gohlke,DIE LINKE.,abstain
4826,53658,Susanne Ferschl,DIE LINKE.,abstain
4826,53657,Klaus Ernst,DIE LINKE.,no_show
4826,54104,Anke Domscheit-Berg,DIE LINKE.,no_show
4826,53437,Sevim Dağdelen,DIE LINKE.,no_show
4826,54422,Clara Bünger,DIE LINKE.,abstain
4826,54102,Matthias W. Birkwald,DIE LINKE.,abstain
4826,53986,Dietmar Bartsch,DIE LINKE.,abstain
4826,54115,Ali Al-Dailami,DIE LINKE.,abstain
4826,53722,Gökay Akbulut,DIE LINKE.,abstain
4826,53776,Kay-Uwe Ziegler,AfD,no
4826,53462,Joachim Wundrak,AfD,no
4826,54120,Christian Wirth,AfD,no
4826,53621,Wolfgang Wiehle,AfD,no
4826,53408,Harald Weyel,AfD,no
4826,53712,Alice Weidel,AfD,no
4826,53514,Beatrix von Storch,AfD,no
4826,53892,Klaus Stöber,AfD,no
4826,53492,René Springer,AfD,no
4826,53714,Dirk Spaniel,AfD,no
4826,53619,Martin Sichert,AfD,no
4826,53719,Thomas Seitz,AfD,no
4826,53545,Uwe Schulz,AfD,no
4826,54046,Jörg Schneider,AfD,no
4826,53502,Jan Wenzel Schmidt,AfD,no
4826,53409,Eugen Schmidt,AfD,no
4826,53985,Ulrike Schielke-Ziesing,AfD,no
4826,53580,Bernd Schattner,AfD,no
4826,53463,Frank Rinck,AfD,no
4826,54045,Martin Erwin Renner,AfD,no
4826,53501,Martin Reichardt,AfD,no
4826,53617,Stephan Protschka,AfD,no
4826,54116,Jürgen Pohl,AfD,no_show
4826,54118,Tobias Matthias Peterka,AfD,no
4826,53623,Gerold Otten,AfD,no
4826,53546,Jan Ralf Nolte,AfD,no
4826,53857,Edgar Naujok,AfD,no
4826,53577,Sebastian Münzenmaier,AfD,no
4826,53868,Matthias Moosdorf,AfD,no
4826,53866,Mike Moncsek,AfD,no_show
4826,53616,Corinna Miazga,AfD,no_show
4826,54042,Rüdiger Lucassen,AfD,no
4826,53858,Barbara Benkstein,AfD,no
4826,53622,Rainer Kraft,AfD,no
4826,53493,Steffen Kotré,AfD,no
4826,53466,Jörn König,AfD,no
4826,53984,Enrico Komning,AfD,no
4826,53494,Norbert Kleinwächter,AfD,no
4826,53411,Stefan Keuter,AfD,no_show
4826,53896,Michael Kaufmann,AfD,no
4826,53717,Malte Kaufmann,AfD,no_show
4826,53715,Marc Jongen,AfD,no
4826,53861,Steffen Janich,AfD,no
4826,54044,Fabian Jacobi,AfD,no
4826,53625,Gerrit Huy,AfD,no
4826,53983,Leif-Erik Holm,AfD,no
4826,53578,Nicole Höchst,AfD,no
4826,53859,Karsten Hilse,AfD,no
4826,53713,Martin Hess,AfD,no
4826,53410,Jochen Haug,AfD,no_show
4826,53543,Mariana Harder-Kühnel,AfD,no_show
4826,54043,Kay Gottschalk,AfD,no
4826,54103,Hannes Gnauck,AfD,no
4826,53547,Albrecht Glaser,AfD,no
4826,53491,Alexander Gauland,AfD,no
4826,53516,Götz Frömming,AfD,no
4826,54124,Markus Frohnmaier,AfD,no
4826,53465,Dietmar Friedhoff,AfD,no
4826,53624,Peter Felser,AfD,no
4826,54047,Michael Espendiller,AfD,no
4826,53464,Thomas Ehrhorn,AfD,no
4826,53867,Thomas Dietz,AfD,no
4826,53515,Gottfried Curio,AfD,no
4826,53544,Joana Cotar,,no_show
4826,53860,Tino Chrupalla,AfD,no
4826,53618,Petr Bystron,AfD,no
4826,53894,Marcus Bühl,AfD,no
4826,53720,Jürgen Braun,AfD,no
4826,54061,Stephan Brandner,AfD,no
4826,53467,Dirk Brandes,AfD,no
4826,54096,Gereon Bollmann,AfD,no
4826,53615,Peter Boehringer,AfD,no
4826,53854,René Bochmann,AfD,no
4826,53579,Andreas Bleck,AfD,no
4826,53716,Marc Bernhard,AfD,no
4826,53407,Roger Beckamp,AfD,no
4826,53994,Bernd Baumann,AfD,no
4826,53718,Christina Baum,AfD,no
4826,53864,Carolin Bachmann,AfD,no_show
4826,53581,Volker Wissing,FDP,yes
4826,54032,Nicole Westig,FDP,yes
4826,53584,Sandra Weeser,FDP,yes
4826,54027,Johannes Vogel,FDP,yes
4826,53569,Gerald Ullrich,FDP,yes
4826,53635,Andrew Ullmann,FDP,yes
4826,53702,Florian Toncar,FDP,no_show
4826,54041,Manfred Todtenhausen,FDP,yes
4826,53533,Nico Tippelt,FDP,yes
4826,53631,Stephan Thomae,FDP,yes
4826,53698,Michael Theurer,FDP,yes
4826,54040,Jens Teutrine,FDP,yes
4826,53496,Linda Teuteberg,FDP,yes
4826,53703,Benjamin Strasser,FDP,yes
4826,54024,Marie-Agnes Strack-Zimmermann,FDP,yes
4826,53710,Konrad Stockmeier,FDP,yes
4826,53548,Bettina Stark-Watzinger,FDP,yes
4826,53699,Judith Skudelny,FDP,yes
4826,53711,Rainer Semet,FDP,yes
4826,53708,Stephan Seiter,FDP,yes
4826,53460,Matthias Seestern-Pauly,FDP,yes
4826,53456,Anja Schulz,FDP,yes
4826,53403,Ria Schröder,FDP,yes
4826,54031,Frank Schäffler,FDP,yes
4826,54038,Christian Sauter,FDP,yes
4826,54035,Bernd Reuther,FDP,yes
4826,53988,Hagen Reinhold,FDP,yes
4826,53486,Volker Redder,FDP,yes
4826,54380,Claudia Raffelhüschen,FDP,yes
4826,53530,Frank Müller-Rosentritt,FDP,yes
4826,53551,Alexander Müller,FDP,yes
4826,54089,Max Mordhorst,FDP,yes
4826,54109,Christoph Meyer,FDP,yes
4826,53550,Till Mansmann,FDP,yes
4826,53637,Kristine Lütke,FDP,yes
4826,53663,Oliver Luksic,FDP,no_show
4826,53700,Michael Link,FDP,no_show
4826,54023,Christian Lindner,FDP,no_show
4826,54111,Lars Lindemann,FDP,yes
4826,53549,Thorsten Lieb,FDP,yes
4826,53552,Jürgen Lenders,FDP,yes
4826,53633,Ulrich Lechte,FDP,no_show
4826,54025,Alexander Graf Lambsdorff,FDP,yes
4826,53457,Konstantin Kuhle,FDP,yes
4826,54086,Wolfgang Kubicki,FDP,yes
4826,53402,Michael Kruse,FDP,no_show
4826,53582,Carina Konrad,FDP,yes
4826,53629,Lukas Köhler,FDP,yes
4826,53701,Pascal Kober,FDP,no_show
4826,54110,Daniela Kluckert,FDP,yes
4826,53628,Karsten Klein,FDP,yes
4826,54122,Ann-Veruschka Jurisch,FDP,yes
4826,54087,Gyde Jensen-Bornhöft,FDP,yes
4826,54039,Olaf in der Beek,FDP,yes
4826,54030,Reinhard Houben,FDP,yes
4826,53706,Christoph Hoffmann,FDP,yes
4826,53585,Manuel Höferlin,FDP,yes
4826,53459,Gero Hocker,FDP,yes
4826,53627,Katja Hessel,FDP,no_show
4826,53529,Torsten Herbst,FDP,yes
4826,54034,Markus Herbrand,FDP,yes
4826,54037,Katrin Helling-Plahr,FDP,yes
4826,53554,Peter Heidt,FDP,yes
4826,53532,Ulrike Harzer,FDP,yes
4826,53531,Philipp Hartewig,FDP,yes
4826,53570,Reginald Hanke,FDP,yes
4826,53638,Thomas Hacker,FDP,yes
4826,56410,Nils Gründer,FDP,yes
4826,53461,Anikó Glogowski-Merten,FDP,yes
4826,53458,Knut Gerschau,FDP,yes
4826,54123,Martin Gassner-Herz,FDP,yes
4826,53636,Maximilian Funke-Kaiser,FDP,yes
4826,54029,Otto Fricke,FDP,yes
4826,53626,Daniel Föst,FDP,yes
4826,53506,Marcus Faber,FDP,yes
4826,53454,Christian Dürr,FDP,yes
4826,54028,Bijan Djir-Sarai,FDP,yes
4826,54036,Carl-Julius Cronenberg,FDP,yes
4826,54033,Karlheinz Busen,FDP,yes
4826,54026,Marco Buschmann,FDP,no_show
4826,53634,Sandra Bubendorfer-Licht,FDP,yes
4826,53583,Mario Brandenburg,FDP,yes
4826,53705,Jens Brandenburg,FDP,yes
4826,53497,Friedhelm Boginski,FDP,yes
4826,53507,Ingo Bodtke,FDP,yes
4826,53455,Jens Beeck,FDP,yes
4826,53632,Nicole Bauer,FDP,no_show
4826,54088,Christine Aschenberg-Dugnus,FDP,yes
4826,53704,Renata Alt,FDP,yes
4826,53639,Muhanad Al-Halak,FDP,yes
4826,53553,Katja Adler,FDP,yes
4826,53709,Valentin Abel,FDP,yes
4826,53654,Tina Winklmann,BÜNDNIS 90/­DIE GRÜNEN,yes
4826,53477,Stefan Wenzel,BÜNDNIS 90/­DIE GRÜNEN,no_show
4826,53648,Saskia Weishaupt,BÜNDNIS 90/­DIE GRÜNEN,yes
4826,54377,Beate Walter-Rosenheimer,BÜNDNIS 90/­DIE GRÜNEN,yes
4826,53653,Johannes Wagner,BÜNDNIS 90/­DIE GRÜNEN,yes
4826,53418,Robin Wagener,BÜNDNIS 90/­DIE GRÜNEN,no_show
4826,53651,Niklas Wagener,BÜNDNIS 90/­DIE GRÜNEN,yes
4826,53472,Julia Verlinden,BÜNDNIS 90/­DIE GRÜNEN,yes
4826,53801,Katrin Uhlig,BÜNDNIS 90/­DIE GRÜNEN,yes
4826,53471,Jürgen Trittin,BÜNDNIS 90/­DIE GRÜNEN,yes
4826,53561,Awet Tesfaiesus,BÜNDNIS 90/­DIE GRÜNEN,yes
4826,54135,Kassem Taher Saleh,BÜNDNIS 90/­DIE GRÜNEN,yes
4826,53557,Wolfgang Strengmann-Kuhn,BÜNDNIS 90/­DIE GRÜNEN,yes
4826,53780,Hanna Steinmüller,BÜNDNIS 90/­DIE GRÜNEN,yes
4826,54057,Till Steffen,BÜNDNIS 90/­DIE GRÜNEN,yes
4826,53513,Nina Stahr,BÜNDNIS 90/­DIE GRÜNEN,yes
4826,53536,Merle Spellerberg,BÜNDNIS 90/­DIE GRÜNEN,yes
4826,53428,Anne-Monika Spallek,BÜNDNIS 90/­DIE GRÜNEN,yes
4826,53419,Nyke Slawik,BÜNDNIS 90/­DIE GRÜNEN,yes
4826,53695,Melis Sekmen,BÜNDNIS 90/­DIE GRÜNEN,yes
4826,53556,Kordula Schulz-Asche,BÜNDNIS 90/­DIE GRÜNEN,yes
4826,53470,Christina-Johanne Schröder,BÜNDNIS 90/­DIE GRÜNEN,yes
4826,53652,Marlene Schönberger,BÜNDNIS 90/­DIE GRÜNEN,yes
4826,53647,Stefan Schmidt,BÜNDNIS 90/­DIE GRÜNEN,yes
4826,53417,Ulle Schauws,BÜNDNIS 90/­DIE GRÜNEN,yes
4826,53696,Sebastian Schäfer,BÜNDNIS 90/­DIE GRÜNEN,yes
4826,54064,Jamila Anna Schäfer,BÜNDNIS 90/­DIE GRÜNEN,yes
4826,56408,Michael Sacher,BÜNDNIS 90/­DIE GRÜNEN,yes
4826,53588,Corinna Rüffer,BÜNDNIS 90/­DIE GRÜNEN,yes
4826,53643,Manuela Rottmann,BÜNDNIS 90/­DIE GRÜNEN,yes
4826,53640,Claudia Roth,BÜNDNIS 90/­DIE GRÜNEN,yes
4826,53586,Tabea Rößner,BÜNDNIS 90/­DIE GRÜNEN,yes
4826,53697,Anja Reinalter,BÜNDNIS 90/­DIE GRÜNEN,yes
4826,53468,Filiz Polat,BÜNDNIS 90/­DIE GRÜNEN,yes
4826,53534,Paula Piechotta,BÜNDNIS 90/­DIE GRÜNEN,yes
4826,54134,Lisa Paus,BÜNDNIS 90/­DIE GRÜNEN,yes
4826,53479,Julian Pahlke,BÜNDNIS 90/­DIE GRÜNEN,yes
4826,53944,Cem Özdemir,BÜNDNIS 90/­DIE GRÜNEN,no_show
4826,53476,Karoline Otte,BÜNDNIS 90/­DIE GRÜNEN,yes
4826,54060,Omid Nouripour,BÜNDNIS 90/­DIE GRÜNEN,yes
4826,54092,Konstantin von Notz,BÜNDNIS 90/­DIE GRÜNEN,yes
4826,53421,Ophelia Nick,BÜNDNIS 90/­DIE GRÜNEN,yes
4826,54091,Ingrid Nestle,BÜNDNIS 90/­DIE GRÜNEN,no_show
4826,53424,Sara Nanni,BÜNDNIS 90/­DIE GRÜNEN,yes
4826,53688,Beate Müller-Gemmeke,BÜNDNIS 90/­DIE GRÜNEN,yes
4826,54138,Sascha Müller,BÜNDNIS 90/­DIE GRÜNEN,yes
4826,53989,Claudia Müller,BÜNDNIS 90/­DIE GRÜNEN,no_show
4826,54113,Boris Mijatović,BÜNDNIS 90/­DIE GRÜNEN,yes
4826,53413,Irene Mihalic,BÜNDNIS 90/­DIE GRÜNEN,yes
4826,53478,Swantje Michaelsen,BÜNDNIS 90/­DIE GRÜNEN,yes
4826,53480,Susanne Menge,BÜNDNIS 90/­DIE GRÜNEN,yes
4826,53951,Zoe Mayer,BÜNDNIS 90/­DIE GRÜNEN,yes
4826,53558,Anna Lührmann,BÜNDNIS 90/­DIE GRÜNEN,yes
4826,53422,Max Lucks,BÜNDNIS 90/­DIE GRÜNEN,yes
4826,54093,Denise Loop,BÜNDNIS 90/­DIE GRÜNEN,yes
4826,53587,Tobias Lindner,BÜNDNIS 90/­DIE GRÜNEN,no_show
4826,53475,Helge Limburg,BÜNDNIS 90/­DIE GRÜNEN,yes
4826,53434,Anja Liebert,BÜNDNIS 90/­DIE GRÜNEN,yes
4826,53508,Steffi Lemke,BÜNDNIS 90/­DIE GRÜNEN,yes
4826,53799,Sven Lehmann,BÜNDNIS 90/­DIE GRÜNEN,yes
4826,53692,Ricarda Lang,BÜNDNIS 90/­DIE GRÜNEN,yes
4826,53429,Markus Kurth,BÜNDNIS 90/­DIE GRÜNEN,yes
4826,54108,Renate Künast,BÜNDNIS 90/­DIE GRÜNEN,yes
4826,53686,Christian Kühn,BÜNDNIS 90/­DIE GRÜNEN,yes
4826,53559,Philip Krämer,BÜNDNIS 90/­DIE GRÜNEN,yes
4826,53430,Laura Kraft,BÜNDNIS 90/­DIE GRÜNEN,yes
4826,53961,Chantal Kopf,BÜNDNIS 90/­DIE GRÜNEN,yes
4826,53834,Maria Klein-Schmeink,BÜNDNIS 90/­DIE GRÜNEN,yes
4826,53469,Sven-Christian Kindler,BÜNDNIS 90/­DIE GRÜNEN,yes
4826,53590,Misbah Khan,BÜNDNIS 90/­DIE GRÜNEN,yes
4826,53474,Katja Keul,BÜNDNIS 90/­DIE GRÜNEN,yes
4826,53499,Michael Kellner,BÜNDNIS 90/­DIE GRÜNEN,no_show
4826,53485,Kirsten Kappert-Gonther,BÜNDNIS 90/­DIE GRÜNEN,yes
4826,53420,Lamya Kaddor,BÜNDNIS 90/­DIE GRÜNEN,yes
4826,54119,Dieter Janecek,BÜNDNIS 90/­DIE GRÜNEN,yes
4826,54094,Bruno Hönel,BÜNDNIS 90/­DIE GRÜNEN,yes
4826,53641,Anton Hofreiter,BÜNDNIS 90/­DIE GRÜNEN,yes
4826,53555,Bettina Hoffmann,BÜNDNIS 90/­DIE GRÜNEN,yes
4826,53535,Bernhard Herrmann,BÜNDNIS 90/­DIE GRÜNEN,no_show
4826,53427,Kathrin Henneberger,BÜNDNIS 90/­DIE GRÜNEN,yes
4826,53728,Linda Heitmann,BÜNDNIS 90/­DIE GRÜNEN,yes
4826,53412,Britta Haßelmann,BÜNDNIS 90/­DIE GRÜNEN,yes
4826,54125,Robert Habeck,BÜNDNIS 90/­DIE GRÜNEN,yes
4826,53432,Sabine Grützmacher,BÜNDNIS 90/­DIE GRÜNEN,no_show
4826,53645,Erhard Grundl,BÜNDNIS 90/­DIE GRÜNEN,yes
4826,53589,Armin Grau,BÜNDNIS 90/­DIE GRÜNEN,yes
4826,54117,Katrin Göring-Eckardt,BÜNDNIS 90/­DIE GRÜNEN,yes
4826,53416,Jan-Niclas Gesenhues,BÜNDNIS 90/­DIE GRÜNEN,yes
4826,53781,Stefan Gelbhaar,BÜNDNIS 90/­DIE GRÜNEN,yes
4826,53423,Kai Gehring,BÜNDNIS 90/­DIE GRÜNEN,yes
4826,53691,Matthias Gastel,BÜNDNIS 90/­DIE GRÜNEN,yes
4826,53650,Tessa Ganserer,BÜNDNIS 90/­DIE GRÜNEN,yes
4826,53426,Schahina Gambir,BÜNDNIS 90/­DIE GRÜNEN,yes
4826,54101,Emilia Fester,BÜNDNIS 90/­DIE GRÜNEN,yes
4826,53693,Marcel Emmerich,BÜNDNIS 90/­DIE GRÜNEN,yes
4826,53655,Leon Eckert,BÜNDNIS 90/­DIE GRÜNEN,yes
4826,53689,Harald Ebner,BÜNDNIS 90/­DIE GRÜNEN,yes
4826,53560,Deborah Düring,BÜNDNIS 90/­DIE GRÜNEN,yes
4826,53414,Katharina Dröge,BÜNDNIS 90/­DIE GRÜNEN,yes
4826,53687,Sandra Detzer,BÜNDNIS 90/­DIE GRÜNEN,yes
4826,53642,Ekin Deligöz,BÜNDNIS 90/­DIE GRÜNEN,yes
4826,53431,Janosch Dahmen,BÜNDNIS 90/­DIE GRÜNEN,yes
4826,53690,Anna Christmann,BÜNDNIS 90/­DIE GRÜNEN,yes
4826,53473,Frank Bsirske,BÜNDNIS 90/­DIE GRÜNEN,yes
4826,53685,Agnieszka Brugger,BÜNDNIS 90/­DIE GRÜNEN,yes
4826,53954,Franziska Brantner,BÜNDNIS 90/­DIE GRÜNEN,yes
4826,53433,Lukas Benner,BÜNDNIS 90/­DIE GRÜNEN,yes
4826,54100,Katharina Beck,BÜNDNIS 90/­DIE GRÜNEN,yes
4826,53788,Canan Bayram,BÜNDNIS 90/­DIE GRÜNEN,no_show
4826,53649,Karl Bär,BÜNDNIS 90/­DIE GRÜNEN,yes
4826,53415,Felix Banaszak,BÜNDNIS 90/­DIE GRÜNEN,yes
4826,53498,Annalena Baerbock,BÜNDNIS 90/­DIE GRÜNEN,no_show
4826,53646,Lisa Badum,BÜNDNIS 90/­DIE GRÜNEN,yes
4826,54121,Tobias B. Bacherle,BÜNDNIS 90/­DIE GRÜNEN,yes
4826,53425,Maik Außendorf,BÜNDNIS 90/­DIE GRÜNEN,yes
4826,53512,Andreas Audretsch,BÜNDNIS 90/­DIE GRÜNEN,yes
4826,54090,Luise Amtsberg,BÜNDNIS 90/­DIE GRÜNEN,yes
4826,53694,Stephanie Aeffner,BÜNDNIS 90/­DIE GRÜNEN,yes
4826,53952,Nicolas Zippelius,CDU/CSU,no
4826,53853,Paul Ziemiak,CDU/CSU,no
4826,53930,Emmi Zeulner,CDU/CSU,no
4826,53448,Mareike Lotte Wulf,CDU/CSU,no
4826,53942,Mechthilde Wittmann,CDU/CSU,no
4826,53933,Tobias Winkler,CDU/CSU,no_show
4826,53802,Elisabeth Winkelmeier-Becker,CDU/CSU,no
4826,53881,Klaus-Peter Willsch,CDU/CSU,no
4826,53809,Klaus Wiener,CDU/CSU,no
4826,53970,Annette Widmann-Mauz,CDU/CSU,no
4826,53953,Kai Whittaker,CDU/CSU,no
4826,53405,Sabine Weiss,CDU/CSU,no
4826,53965,Maria-Lena Weiss,CDU/CSU,no
4826,54073,Anja Weisgerber,CDU/CSU,no
4826,53956,Nina Warken,CDU/CSU,no
4826,53517,Marco Wanderwitz,CDU/CSU,no
4826,54082,Johann Wadephul,CDU/CSU,no
4826,53991,Christoph de Vries,CDU/CSU,no
4826,54001,Oliver Vogt,CDU/CSU,no
4826,53999,Kerstin Vieregge,CDU/CSU,no
4826,54075,Volker Ullrich,CDU/CSU,no
4826,54370,Markus Uhl,CDU/CSU,no
4826,53996,Astrid Timmermann-Fechter,CDU/CSU,no
4826,53563,Antje Tillmann,CDU/CSU,no
4826,54081,Alexander Throm,CDU/CSU,no
4826,53849,Hans-Jürgen Thies,CDU/CSU,no
4826,53805,Hermann-Josef Tebroke,CDU/CSU,no
4826,54078,Christina Stumpp,CDU/CSU,no
4826,53923,Max Straubinger,CDU/CSU,no
4826,53943,Stephan Stracke,CDU/CSU,no
4826,54085,Gero Storjohann,CDU/CSU,no_show
4826,53962,Diana Stöcker,CDU/CSU,no
4826,53778,Dieter Stier,CDU/CSU,no
4826,53948,Christian von Stetten,CDU/CSU,no
4826,53909,Johannes Steiniger,CDU/CSU,no
4826,53736,Albert Stegemann,CDU/CSU,no
4826,54063,Wolfgang Stefinger,CDU/CSU,no
4826,53916,Katrin Staffler,CDU/CSU,no
4826,53829,Jens Spahn,CDU/CSU,no
4826,53500,Tino Sorge,CDU/CSU,no
4826,53887,Björn Simon,CDU/CSU,no_show
4826,53927,Thomas Silberhorn,CDU/CSU,no
4826,53797,Detlef Seif,CDU/CSU,no
4826,53540,Armin Schwarz,CDU/CSU,no
4826,53968,Felix Schreiner,CDU/CSU,no
4826,54369,Nadine Schön,CDU/CSU,no
4826,53903,Patrick Schnieder,CDU/CSU,no
4826,53489,Jana Schimke,CDU/CSU,no
4826,54069,Andreas Scheuer,CDU/CSU,no
4826,53518,Christiane Schenderlein,CDU/CSU,no
4826,53964,Wolfgang Schäuble,CDU/CSU,no
4826,53997,Catarina dos Santos-Wintz,CDU/CSU,no
4826,54071,Albert Rupprecht,CDU/CSU,no
4826,53898,Erwin Rüddel,CDU/CSU,no
4826,53484,Thomas Röwekamp,CDU/CSU,no_show
4826,53817,Stefan Rouenhoff,CDU/CSU,no
4826,53803,Norbert Röttgen,CDU/CSU,no
4826,53863,Lars Rohwer,CDU/CSU,no
4826,53972,Josef Rief,CDU/CSU,no
4826,53862,Markus Reichel,CDU/CSU,no
4826,53835,Henning Rehbaum,CDU/CSU,no
4826,53920,Peter Ramsauer,CDU/CSU,no
4826,54070,Alois Rainer,CDU/CSU,no
4826,54067,Alexander Radwan,CDU/CSU,no
4826,54002,Kerstin Radomski,CDU/CSU,no
4826,53795,Thomas Rachel,CDU/CSU,no
4826,53816,Martin Plum,CDU/CSU,no
4826,53990,Christoph Ploß,CDU/CSU,no
4826,54065,Stephan Pilsinger,CDU/CSU,no
4826,53749,Henning Otte,CDU/CSU,no
4826,53900,Josef Oster,CDU/CSU,no
4826,53922,Florian Oßner,CDU/CSU,no
4826,53957,Moritz Oppelt,CDU/CSU,no
4826,53794,Wilfried Oellers,CDU/CSU,no
4826,54084,Petra Nicolaisen,CDU/CSU,no
4826,54000,Stefan Nacke,CDU/CSU,no
4826,53932,Stefan Müller,CDU/CSU,no
4826,53447,Carsten Müller,CDU/CSU,no
4826,53775,Sepp Müller,CDU/CSU,no
4826,53852,Florian Müller,CDU/CSU,no
4826,53974,Axel Müller,CDU/CSU,no
4826,54076,Maximilian Mörseburg,CDU/CSU,no
4826,53981,Dietrich Monstadt,CDU/CSU,no
4826,53443,Mathias Middelberg,CDU/CSU,no
4826,53907,Jan Metzler,CDU/CSU,no
4826,53850,Friedrich Merz,CDU/CSU,no
4826,53890,Michael Meister,CDU/CSU,no
4826,53973,Volker Mayer-Lay,CDU/CSU,no
4826,53913,Stephan Mayer,CDU/CSU,no
4826,53739,Andreas Mattfeldt,CDU/CSU,no
4826,53869,Yvonne Magwas,CDU/CSU,no
4826,53960,Klaus Mack,CDU/CSU,no
4826,53918,Daniela Ludwig,CDU/CSU,no
4826,53509,Jan-Marco Luczak,CDU/CSU,no
4826,54062,Bernhard Loos,CDU/CSU,no
4826,53538,Patricia Lips,CDU/CSU,no
4826,54131,Carsten Linnemann,CDU/CSU,no
4826,53937,Andrea Lindholz,CDU/CSU,no
4826,53914,Andreas Lenz,CDU/CSU,no
4826,53539,Katja Leikert,CDU/CSU,no
4826,54074,Paul Lehrieder,CDU/CSU,no
4826,53855,Jens Lehmann,CDU/CSU,no
4826,53928,Silke Launert,CDU/CSU,no
4826,53404,Armin Laschet,CDU/CSU,no_show
4826,53940,Ulrich Lange,CDU/CSU,no
4826,53446,Tilman Kuban,CDU/CSU,no
4826,53814,Günter Krings,CDU/CSU,no
4826,53959,Gunther Krichbaum,CDU/CSU,no
4826,53519,Carsten Körber,CDU/CSU,no
4826,53879,Markus Koob,CDU/CSU,no
4826,53831,Anne König,CDU/CSU,no
4826,53487,Jens Koeppen,CDU/CSU,no
4826,53738,Axel Knoerig,CDU/CSU,no
4826,53571,Julia Klöckner,CDU/CSU,no
4826,53851,Volkmar Klein,CDU/CSU,no
4826,54133,Ottilie Klein,CDU/CSU,no
4826,53796,Georg Kippels,CDU/CSU,no
4826,53919,Michael Kießling,CDU/CSU,no
4826,53950,Roderich Kiesewetter,CDU/CSU,no_show
4826,53971,Ronja Kemmer,CDU/CSU,no
4826,53833,Anja Karliczek,CDU/CSU,no
4826,53882,Ingmar Jung,CDU/CSU,no
4826,53967,Andreas Jung,CDU/CSU,no
4826,53811,Thomas Jarzombek,CDU/CSU,no
4826,53445,Anne Janssen,CDU/CSU,no
4826,53915,Erich Irlstorfer,CDU/CSU,no
4826,54003,Hubert Hüppe,CDU/CSU,no
4826,54099,Franziska Hoppermann,CDU/CSU,no
4826,53441,Hendrik Hoppenstedt,CDU/CSU,no
4826,53938,Alexander Hoffmann,CDU/CSU,no
4826,53562,Christian Hirte,CDU/CSU,no
4826,53924,Susanne Hierl,CDU/CSU,no
4826,53815,Ansgar Heveling,CDU/CSU,no
4826,53832,Marc Henrichmann,CDU/CSU,no
4826,53946,Michael Hennrich,CDU/CSU,no
4826,54049,Mark Helfrich,CDU/CSU,no
4826,53784,Thomas Heilmann,CDU/CSU,no
4826,53899,Mechthild Heil,CDU/CSU,no
4826,53541,Stefan Heck,CDU/CSU,no
4826,53825,Matthias Hauer,CDU/CSU,no
4826,54378,Jürgen Hardt,CDU/CSU,no
4826,54066,Florian Hahn,CDU/CSU,no
4826,54130,Christian Haase,CDU/CSU,no
4826,53958,Olav Gutting,CDU/CSU,no
4826,53449,Fritz Güntzler,CDU/CSU,no
4826,53995,Serap Güler,CDU/CSU,no
4826,53782,Monika Grütters,CDU/CSU,no
4826,53735,Oliver Grundmann,CDU/CSU,no
4826,53891,Manfred Grund,CDU/CSU,no
4826,53945,Markus Grübel,CDU/CSU,no
4826,53442,Michael Grosse-Brömer,CDU/CSU,no
4826,53813,Hermann Gröhe,CDU/CSU,no
4826,53949,Inge Gräßle,CDU/CSU,no
4826,54080,Fabian Gramling,CDU/CSU,no
4826,54132,Jonas Geissler,CDU/CSU,no_show
4826,53572,Thomas Gebhart,CDU/CSU,no
4826,54083,Ingo Gädechens,CDU/CSU,no
4826,53935,Michael Frieser,CDU/CSU,no
4826,53929,Hans-Peter Friedrich,CDU/CSU,no
4826,53966,Thorsten Frei,CDU/CSU,no
4826,53444,Enak Ferlemann,CDU/CSU,no
4826,53488,Uwe Feiler,CDU/CSU,no
4826,53947,Hermann Färber,CDU/CSU,no
4826,54068,Thomas Erndl,CDU/CSU,no
4826,53926,Martina Englhardt-Kopf,CDU/CSU,no
4826,53941,Alexander Engelhard,CDU/CSU,no_show
4826,53936,Ralph Edelhäußer,CDU/CSU,no
4826,53939,Hansjörg Durz,CDU/CSU,no
4826,53969,Michael Donth,CDU/CSU,no
4826,53921,Alexander Dobrindt,CDU/CSU,no
4826,54048,Astrid Damerow,CDU/CSU,no
4826,53790,Mario Czaja,CDU/CSU,no
4826,53730,Gitta Connemann,CDU/CSU,no
4826,53963,Yannick Bury,CDU/CSU,no
4826,53901,Marlon Bröhr,CDU/CSU,no
4826,53804,Carsten Brodesser,CDU/CSU,no
4826,53836,Ralph Brinkhaus,CDU/CSU,no
4826,53998,Michael Breilmann,CDU/CSU,no
4826,53773,Heike Brehmer,CDU/CSU,no
4826,53934,Sebastian Brehm,CDU/CSU,no
4826,53737,Silvia Breher,CDU/CSU,no_show
4826,53537,Helge Braun,CDU/CSU,no
4826,53917,Reinhard Brandl,CDU/CSU,no
4826,53877,Michael Brand,CDU/CSU,no
4826,53982,Simone Borchardt,CDU/CSU,no
4826,54079,Steffen Bilger,CDU/CSU,no
4826,54077,Marc Biadacz,CDU/CSU,no
4826,53810,Peter Beyer,CDU/CSU,no
4826,53743,André Berghegger,CDU/CSU,no
4826,53975,Thomas Bareiß,CDU/CSU,no
4826,54072,Dorothee Bär,CDU/CSU,no
4826,53925,Peter Aumer,CDU/CSU,no
4826,53931,Artur Auernhammer,CDU/CSU,no
4826,53980,Philipp Amthor,CDU/CSU,no
4826,53884,Norbert Maria Altenkamp,CDU/CSU,no
4826,53450,Stephan Albani,CDU/CSU,no
4826,53490,Knut Abraham,CDU/CSU,no
4826,53725,Katrin Zschau,SPD,yes
4826,53885,Armand Zorn,SPD,yes
4826,53889,Jens Zimmermann,SPD,yes
4826,53762,Stefan Zierke,SPD,yes
4826,54016,Gülistan Yüksel,SPD,yes
4826,53771,Herbert Wollmann,SPD,yes
4826,54007,Dirk Wiese,SPD,yes
4826,53753,Bernd Westphal,SPD,yes
4826,53576,Lena Werner,SPD,yes
4826,53902,Joe Weingarten,SPD,yes
4826,53886,Melanie Wegling,SPD,yes
4826,53611,Carmen Wegge,SPD,yes
4826,53770,Hannes Walter,SPD,no_show
4826,53769,Maja Wallstein,SPD,yes
4826,53613,Carolin Wagner,SPD,yes
4826,53822,Dirk Vöpel,SPD,yes
4826,53745,Marja-Liisa Völlers,SPD,yes
4826,53897,Frank Ullrich,SPD,yes
4826,53681,Derya Türk-Nachbaur,SPD,yes
4826,53451,Anja Troff-Schaffarzyk,SPD,yes
4826,53594,Carsten Träger,SPD,yes
4826,53828,Markus Töns,SPD,yes
4826,53848,Michael Thews,SPD,yes
4826,53601,Claudia Tausend,SPD,yes
4826,54107,Ruppert Stüwe,SPD,yes
4826,53527,Nadja Sthamer,SPD,yes
4826,54050,Mathias Stein,SPD,yes
4826,54051,Ralf Stegner,SPD,yes
4826,53609,Martina Stamm-Fibich,SPD,yes
4826,53741,Svenja Stadler,SPD,yes
4826,53678,Lina Seitzl,SPD,yes
4826,53666,Rita Schwarzelühr-Sutter,SPD,yes
4826,54137,Andreas Schwarz,SPD,yes
4826,53838,Stefan Schwartze,SPD,yes
4826,53826,Frank Schwabe,SPD,yes
4826,54004,Svenja Schulze,SPD,yes
4826,53604,Michael Schrodi,SPD,yes
4826,53908,Christian Schreider,SPD,yes
4826,53751,Johannes Schraps,SPD,yes
4826,53766,Olaf Scholz,SPD,yes
4826,53895,Carsten Schneider,SPD,yes
4826,53734,Daniel Schneider,SPD,yes
4826,53875,Dagmar Schmidt,SPD,yes
4826,53760,Uwe Schmidt,SPD,no_show
4826,53665,Nils Schmid,SPD,yes
4826,53600,Christoph Schmid,SPD,yes
4826,53841,Timo Schisanowski,SPD,yes
4826,53453,Peggy Schierenbeck,SPD,yes
4826,54008,Udo Schiefner,SPD,yes
4826,53603,Marianne Schieder,SPD,yes
4826,54129,Nina Scheer,SPD,yes
4826,53608,Johannes Schätzl,SPD,yes
4826,53748,Rebecca Schamber,SPD,yes
4826,53843,Axel Schäfer,SPD,yes
4826,53808,Ingo Schäfer,SPD,yes
4826,53729,Johann Saathoff,SPD,yes
4826,53759,Sarah Ryglewski,SPD,yes
4826,53598,Bernd Rützel,SPD,yes
4826,53568,Tina Rudolph,SPD,yes
4826,53573,Thorsten Rudolph,SPD,yes
4826,53872,Michael Roth,SPD,no_show
4826,54014,Jessica Rosenthal,SPD,yes
4826,53667,Martin Rosemann,SPD,yes
4826,53596,Sebastian Roloff,SPD,yes
4826,53732,Dennis Rohde,SPD,yes
4826,54126,Sönke Rix,SPD,yes
4826,57091,Daniel Rinkert,SPD,yes
4826,53812,Andreas Rimkus,SPD,yes
4826,54021,Ye-One Rhie,SPD,yes
4826,53839,Achim Post,SPD,yes
4826,53846,Sabine Poschmann,SPD,yes
4826,53614,Jan Plobner,SPD,yes
4826,53758,Andreas Philippi,SPD,yes
4826,53978,Christian Petry,SPD,no_show
4826,53845,Jens Peick,SPD,yes
4826,53880,Natalie Pawlik,SPD,yes
4826,53768,Mathias Papendieck,SPD,yes
4826,53761,Wiebke Papenbrock,SPD,yes
4826,53755,Christos Pantazis,SPD,yes
4826,54136,Aydan Özoğuz,SPD,yes
4826,53821,Mahmut Özdemir,SPD,yes
4826,53976,Josephine Ortleb,SPD,yes
4826,53883,Lennard Oehl,SPD,yes
4826,53610,Jörg Nürnberger,SPD,yes
4826,54012,Dietmar Nietan,SPD,yes
4826,53827,Brian Nickholz,SPD,yes
4826,53525,Rasha Nasr,SPD,yes
4826,53800,Rolf Mützenich,SPD,yes
4826,53844,Michelle Müntefering,SPD,yes
4826,53865,Detlef Müller,SPD,yes
4826,53785,Michael Müller,SPD,yes
4826,53878,Bettina Müller,SPD,yes
4826,53731,Siemtje Möller,SPD,no_show
4826,53793,Claudia Moll,SPD,yes
4826,53733,Susanne Mittag,SPD,yes
4826,53910,Matthias Mieves,SPD,yes
4826,53752,Matthias Miersch,SPD,yes
4826,53524,Kathrin Michel,SPD,yes
4826,53679,Robin Mesarosch,SPD,yes
4826,53684,Takis Mehmet Ali,SPD,yes
4826,53606,Andreas Mehltretter,SPD,yes
4826,53668,Katja Mast,SPD,yes
4826,54112,Franziska Mascheck,SPD,yes
4826,53675,Parsa Marvi,SPD,yes
4826,54058,Dorothee Martin,SPD,yes
4826,54019,Zanda Martens,SPD,yes
4826,53542,Kaweh Mansoori,SPD,yes
4826,53523,Holger Mann,SPD,yes
4826,54056,Erik von Malottki,SPD,yes
4826,53574,Isabel Mackensen-Geis,SPD,yes
4826,53905,Tanja Machalet,SPD,yes
4826,53977,Heiko Maas,SPD,yes
4826,54011,Bettina Lugk,SPD,yes
4826,53807,Helge Lindh,SPD,no_show
4826,53979,Esra Limbacher,SPD,yes
4826,54022,Luiza Licina-Bode,SPD,yes
4826,53682,Kevin Leiser,SPD,yes
4826,53767,Sylvia Lehmann,SPD,yes
4826,53806,Karl Lauterbach,SPD,yes
4826,53888,Andreas Larem,SPD,yes
4826,54017,Sarah Lahrkamp,SPD,yes
4826,53786,Kevin Kühnert,SPD,yes
4826,53774,Martin Kröber,SPD,yes
4826,53754,Dunja Kreiser,SPD,yes
4826,53595,Anette Kramme,SPD,yes
4826,53764,Simona Koß,SPD,yes
4826,53593,Bärbel Kofler,SPD,yes
4826,54053,Tim Klüssendorf,SPD,yes
4826,54106,Annika Klose,SPD,yes
4826,53740,Lars Klingbeil,SPD,yes
4826,54127,Kristian Klinck,SPD,yes
4826,53783,Helmut Kleebank,SPD,yes
4826,53511,Cansel Kiziltepe,SPD,yes
4826,53772,Franziska Kersten,SPD,yes
4826,53674,Gabriele Katzmarek,SPD,no_show
4826,54055,Anna Kassautzki,SPD,yes
4826,53526,Carlos Kasper,SPD,yes
4826,53677,Macit Karaahmetoğlu,SPD,yes
4826,53567,Elisabeth Kaiser,SPD,yes
4826,53847,Oliver Kaczmarek,SPD,yes
4826,53680,Josip Juratovic,SPD,no_show
4826,54054,Frank Junge,SPD,yes
4826,53612,Markus Hümpfer,SPD,yes
4826,53904,Verena Hubertz,SPD,yes
4826,53672,Jasmina Hostert,SPD,yes
4826,53912,Thomas Hitschler,SPD,yes
4826,54010,Nadine Heselhaus,SPD,no_show
4826,53452,Anke Hennig,SPD,yes
4826,54015,Wolfgang Hellmich,SPD,yes
4826,53599,Gabriela Heinrich,SPD,yes
4826,53757,Frauke Heiligenstadt,SPD,yes
4826,53750,Hubertus Heil,SPD,yes
4826,53824,Dirk Heidenblut,SPD,yes
4826,54005,Sebastian Hartmann,SPD,yes
4826,54059,Metin Hakverdi,SPD,yes
4826,53597,Rita Hagl-Kehl,SPD,yes
4826,54128,Bettina Hagedorn,SPD,yes
4826,53592,Uli Grötsch,SPD,yes
4826,54006,Kerstin Griese,SPD,yes
4826,53871,Timon Gremmels,SPD,yes
4826,53911,Angelika Glöckner,SPD,yes
4826,53671,Martin Gerster,SPD,yes
4826,53830,Michael Gerdes,SPD,yes
4826,53744,Manuel Gava,SPD,yes
4826,53528,Fabian Funke,SPD,yes
4826,53873,Edgar Franke,SPD,yes
4826,53823,Sebastian Fiedler,SPD,yes
4826,53669,Johannes Fechner,SPD,yes
4826,53763,Ariane Fäscher,SPD,yes
4826,53664,Saskia Esken,SPD,yes
4826,53837,Wiebke Esdar,SPD,yes
4826,53683,Heike Engelhardt,SPD,yes
4826,53765,Sonja Eichwede,SPD,yes
4826,53842,Axel Echeverria,SPD,yes
4826,53727,Falko Droßmann,SPD,yes
4826,53876,Felix Döring,SPD,yes
4826,53605,Sabine Dittmar,SPD,yes
4826,53870,Esther Dilcher,SPD,yes
4826,53819,Jan Dieren,SPD,yes
4826,53575,Martin Diedenhofen,SPD,yes
4826,53777,Karamba Diaby,SPD,yes
4826,53787,Hakan Demir,SPD,yes
4826,56401,Daniela De Ridder,SPD,yes
4826,54009,Bernhard Daldrup,SPD,yes
4826,54020,Jürgen Coße,SPD,yes
4826,53673,Lars Castellucci,SPD,yes
4826,53955,Isabel Cademartori,SPD,yes
4826,53505,Katrin Budde,SPD,yes
4826,53670,Leni Breymaier,SPD,yes
4826,53742,Jakob Blankenburg,SPD,yes
4826,54052,Bengt Bergt,SPD,yes
4826,53840,Jürgen Berghahn,SPD,yes
4826,53893,Holger Becker,SPD,yes
4826,53820,Bärbel Bas,SPD,yes
4826,57240,Alexander Bartz,SPD,yes
4826,53874,Sören Bartol,SPD,yes
4826,54018,Nezahat Baradari,SPD,yes
4826,53906,Daniel Baldy,SPD,yes
4826,53607,Ulrike Bahr,SPD,yes
4826,53676,Heike Baehrens,SPD,yes
4826,53726,Johannes Arlt,SPD,yes
4826,53992,Niels Annen,SPD,yes
4826,54013,Dagmar Andres,SPD,no_show
4826,53724,Reem Alabali Radovan,SPD,yes
4826,53746,Adis Ahmetović,SPD,yes
4826,53798,Sanae Abdi,SPD,no_show
5418,54095,Uwe Witt,fraktionslos,no_show
5418,54098,Stefan Seidler,fraktionslos,no_show
5418,53620,Johannes Huber,fraktionslos,no_show
5418,53406,Matthias Helferich,fraktionslos,abstain
5418,53779,Robert Farle,fraktionslos,yes
5418,53544,Joana Cotar,fraktionslos,yes
5418,53436,Sahra Wagenknecht,BSW (Gruppe),no_show
5418,53591,Alexander Ulrich,BSW (Gruppe),yes
5418,53723,Jessica Tatti,BSW (Gruppe),abstain
5418,53993,Zaklin Nastić,BSW (Gruppe),yes
5418,53481,Amira Mohamed Ali,BSW (Gruppe),no_show
5418,53440,Christian Leye,BSW (Gruppe),yes
5418,53438,Andrej Hunko,BSW (Gruppe),yes
5418,53657,Klaus Ernst,BSW (Gruppe),yes
5418,53437,Sevim Dağdelen,BSW (Gruppe),no
5418,54115,Ali Al-Dailami,BSW (Gruppe),no_show
5418,54114,Janine Wissler,Die Linke. (Gruppe),yes
5418,53439,Kathrin Vogler,Die Linke. (Gruppe),yes
5418,53504,Petra Sitte,Die Linke. (Gruppe),yes
5418,53721,Bernd Riexinger,Die Linke. (Gruppe),yes
5418,53566,Martina Renner,Die Linke. (Gruppe),yes
5418,53483,Heidi Reichinnek,Die Linke. (Gruppe),yes
5418,53482,Victor Perli,Die Linke. (Gruppe),yes
5418,53856,Sören Pellmann,Die Linke. (Gruppe),no_show
5418,54105,Petra Pau,Die Linke. (Gruppe),no_show
5418,54097,Cornelia Möhring,Die Linke. (Gruppe),yes
5418,53510,Pascal Meiser,Die Linke. (Gruppe),yes
5418,53791,Gesine Lötzsch,Die Linke. (Gruppe),yes
5418,53565,Ralph Lenkert,Die Linke. (Gruppe),yes
5418,53521,Caren Lay,Die Linke. (Gruppe),yes
5418,53987,Ina Latendorf,Die Linke. (Gruppe),yes
5418,53503,Jan Korte,Die Linke. (Gruppe),yes
5418,53564,Susanne Hennig-Wellsow,Die Linke. (Gruppe),yes
5418,53522,André Hahn,Die Linke. (Gruppe),yes
5418,53789,Gregor Gysi,Die Linke. (Gruppe),no_show
5418,53659,Ates Gürpinar,Die Linke. (Gruppe),yes
5418,53495,Christian Görke,Die Linke. (Gruppe),yes
5418,53656,Nicole Gohlke,Die Linke. (Gruppe),no_show
5418,53658,Susanne Ferschl,Die Linke. (Gruppe),yes
5418,54104,Anke Domscheit-Berg,Die Linke. (Gruppe),yes
5418,54422,Clara Bünger,Die Linke. (Gruppe),yes
5418,54102,Matthias W. Birkwald,Die Linke. (Gruppe),yes
5418,53986,Dietmar Bartsch,Die Linke. (Gruppe),yes
5418,53722,Gökay Akbulut,Die Linke. (Gruppe),no_show
5418,53776,Kay-Uwe Ziegler,AfD,no
5418,53462,Joachim Wundrak,AfD,no
5418,54120,Christian Wirth,AfD,no
5418,53621,Wolfgang Wiehle,AfD,no
5418,53408,Harald Weyel,AfD,no
5418,53712,Alice Weidel,AfD,no_show
5418,53514,Beatrix von Storch,AfD,no_show
5418,53892,Klaus Stöber,AfD,no
5418,53492,René Springer,AfD,no
5418,53714,Dirk Spaniel,AfD,no_show
5418,53619,Martin Sichert,AfD,no
5418,53719,Thomas Seitz,AfD,no_show
5418,53545,Uwe Schulz,AfD,no_show
5418,54046,Jörg Schneider,AfD,no
5418,53502,Jan Wenzel Schmidt,AfD,no
5418,53409,Eugen Schmidt,AfD,no
5418,53985,Ulrike Schielke-Ziesing,AfD,no
5418,53580,Bernd Schattner,AfD,no_show
5418,58166,Rainer Rothfuß,AfD,no
5418,53463,Frank Rinck,AfD,no
5418,54045,Martin Erwin Renner,AfD,no_show
5418,53501,Martin Reichardt,AfD,no
5418,53617,Stephan Protschka,AfD,no
5418,54116,Jürgen Pohl,AfD,no_show
5418,54118,Tobias Matthias Peterka,AfD,no
5418,53623,Gerold Otten,AfD,no
5418,53546,Jan Ralf Nolte,AfD,no
5418,53857,Edgar Naujok,AfD,no_show
5418,53577,Sebastian Münzenmaier,AfD,no_show
5418,53868,Matthias Moosdorf,AfD,no_show
5418,53866,Mike Moncsek,AfD,no
5418,54042,Rüdiger Lucassen,AfD,no
5418,53622,Rainer Kraft,AfD,no
5418,53493,Steffen Kotré,AfD,no
5418,53466,Jörn König,AfD,no
5418,53984,Enrico Komning,AfD,no
5418,53494,Norbert Kleinwächter,AfD,no
5418,53411,Stefan Keuter,AfD,no_show
5418,53896,Michael Kaufmann,AfD,no
5418,53717,Malte Kaufmann,AfD,no
5418,53715,Marc Jongen,AfD,no_show
5418,53861,Steffen Janich,AfD,no
5418,54044,Fabian Jacobi,AfD,no
5418,53625,Gerrit Huy,AfD,no_show
5418,53983,Leif-Erik Holm,AfD,no
5418,53578,Nicole Höchst,AfD,no
5418,53859,Karsten Hilse,AfD,no
5418,53713,Martin Hess,AfD,no_show
5418,53410,Jochen Haug,AfD,no_show
5418,53543,Mariana Harder-Kühnel,AfD,no
5418,54043,Kay Gottschalk,AfD,no_show
5418,54103,Hannes Gnauck,AfD,no
5418,53547,Albrecht Glaser,AfD,no
5418,53491,Alexander Gauland,AfD,no
5418,53516,Götz Frömming,AfD,no
5418,54124,Markus Frohnmaier,AfD,no_show
5418,53465,Dietmar Friedhoff,AfD,no
5418,53624,Peter Felser,AfD,no_show
5418,54047,Michael Espendiller,AfD,no_show
5418,53464,Thomas Ehrhorn,AfD,no
5418,53867,Thomas Dietz,AfD,no_show
5418,53515,Gottfried Curio,AfD,no
5418,53860,Tino Chrupalla,AfD,no
5418,53618,Petr Bystron,AfD,no
5418,53894,Marcus Bühl,AfD,no
5418,53720,Jürgen Braun,AfD,no_show
5418,54061,Stephan Brandner,AfD,no
5418,53467,Dirk Brandes,AfD,no
5418,54096,Gereon Bollmann,AfD,no_show
5418,53615,Peter Boehringer,AfD,no
5418,53854,René Bochmann,AfD,no
5418,53579,Andreas Bleck,AfD,no
5418,53716,Marc Bernhard,AfD,no_show
5418,53858,Barbara Benkstein,AfD,no
5418,53407,Roger Beckamp,AfD,yes
5418,53994,Bernd Baumann,AfD,no
5418,53718,Christina Baum,AfD,no
5418,53864,Carolin Bachmann,AfD,no
5418,53581,Volker Wissing,FDP,yes
5418,60126,Katharina Willkomm,FDP,yes
5418,54032,Nicole Westig,FDP,abstain
5418,53584,Sandra Weeser,FDP,no_show
5418,60616,Tim Wagner,FDP,no_show
5418,54027,Johannes Vogel,FDP,no_show
5418,53569,Gerald Ullrich,FDP,yes
5418,53635,Andrew Ullmann,FDP,yes
5418,53702,Florian Toncar,FDP,yes
5418,54041,Manfred Todtenhausen,FDP,yes
5418,53533,Nico Tippelt,FDP,yes
5418,53631,Stephan Thomae,FDP,yes
5418,53698,Michael Theurer,FDP,yes
5418,54040,Jens Teutrine,FDP,yes
5418,53496,Linda Teuteberg,FDP,yes
5418,53703,Benjamin Strasser,FDP,yes
5418,54024,Marie-Agnes Strack-Zimmermann,FDP,yes
5418,53710,Konrad Stockmeier,FDP,yes
5418,53548,Bettina Stark-Watzinger,FDP,yes
5418,53699,Judith Skudelny,FDP,yes
5418,53711,Rainer Semet,FDP,yes
5418,53708,Stephan Seiter,FDP,yes
5418,53460,Matthias Seestern-Pauly,FDP,yes
5418,53456,Anja Schulz,FDP,yes
5418,53403,Ria Schröder,FDP,yes
5418,54031,Frank Schäffler,FDP,yes
5418,54038,Christian Sauter,FDP,yes
5418,54035,Bernd Reuther,FDP,yes
5418,53486,Volker Redder,FDP,yes
5418,54380,Claudia Raffelhüschen,FDP,yes
5418,53530,Frank Müller-Rosentritt,FDP,yes
5418,53551,Alexander Müller,FDP,yes
5418,54089,Max Mordhorst,FDP,yes
5418,54109,Christoph Meyer,FDP,yes
5418,53550,Till Mansmann,FDP,yes
5418,53637,Kristine Lütke,FDP,yes
5418,53663,Oliver Luksic,FDP,yes
5418,53700,Michael Link,FDP,yes
5418,54023,Christian Lindner,FDP,no_show
5418,54111,Lars Lindemann,FDP,yes
5418,53549,Thorsten Lieb,FDP,yes
5418,53552,Jürgen Lenders,FDP,yes
5418,53633,Ulrich Lechte,FDP,yes
5418,53457,Konstantin Kuhle,FDP,yes
5418,54086,Wolfgang Kubicki,FDP,no_show
5418,53402,Michael Kruse,FDP,no_show
5418,53582,Carina Konrad,FDP,yes
5418,53629,Lukas Köhler,FDP,yes
5418,53701,Pascal Kober,FDP,yes
5418,54110,Daniela Kluckert,FDP,yes
5418,53628,Karsten Klein,FDP,yes
5418,54122,Ann-Veruschka Jurisch,FDP,yes
5418,54087,Gyde Jensen-Bornhöft,FDP,yes
5418,54039,Olaf in der Beek,FDP,yes
5418,54030,Reinhard Houben,FDP,yes
5418,53706,Christoph Hoffmann,FDP,yes
5418,53585,Manuel Höferlin,FDP,yes
5418,53459,Gero Hocker,FDP,yes
5418,53627,Katja Hessel,FDP,yes
5418,53529,Torsten Herbst,FDP,yes
5418,54034,Markus Herbrand,FDP,yes
5418,54037,Katrin Helling-Plahr,FDP,yes
5418,53554,Peter Heidt,FDP,yes
5418,53532,Ulrike Harzer,FDP,yes
5418,53531,Philipp Hartewig,FDP,yes
5418,53638,Thomas Hacker,FDP,yes
5418,56410,Nils Gründer,FDP,yes
5418,53461,Anikó Glogowski-Merten,FDP,yes
5418,53458,Knut Gerschau,FDP,yes
5418,54123,Martin Gassner-Herz,FDP,yes
5418,53636,Maximilian Funke-Kaiser,FDP,yes
5418,54029,Otto Fricke,FDP,yes
5418,53626,Daniel Föst,FDP,yes
5418,53506,Marcus Faber,FDP,yes
5418,53454,Christian Dürr,FDP,yes
5418,54028,Bijan Djir-Sarai,FDP,yes
5418,54036,Carl-Julius Cronenberg,FDP,yes
5418,54033,Karlheinz Busen,FDP,yes
5418,54026,Marco Buschmann,FDP,yes
5418,53634,Sandra Bubendorfer-Licht,FDP,yes
5418,53583,Mario Brandenburg,FDP,yes
5418,53705,Jens Brandenburg,FDP,yes
5418,53497,Friedhelm Boginski,FDP,yes
5418,53507,Ingo Bodtke,FDP,abstain
5418,53455,Jens Beeck,FDP,yes
5418,53632,Nicole Bauer,FDP,yes
5418,60178,Christian Bartelt,FDP,yes
5418,54088,Christine Aschenberg-Dugnus,FDP,yes
5418,53704,Renata Alt,FDP,no_show
5418,53639,Muhanad Al-Halak,FDP,yes
5418,53553,Katja Adler,FDP,no
5418,53709,Valentin Abel,FDP,yes
5418,53654,Tina Winklmann,BÜNDNIS 90/­DIE GRÜNEN,yes
5418,53477,Stefan Wenzel,BÜNDNIS 90/­DIE GRÜNEN,yes
5418,53648,Saskia Weishaupt,BÜNDNIS 90/­DIE GRÜNEN,yes
5418,54377,Beate Walter-Rosenheimer,BÜNDNIS 90/­DIE GRÜNEN,yes
5418,53653,Johannes Wagner,BÜNDNIS 90/­DIE GRÜNEN,yes
5418,53418,Robin Wagener,BÜNDNIS 90/­DIE GRÜNEN,no_show
5418,53651,Niklas Wagener,BÜNDNIS 90/­DIE GRÜNEN,yes
5418,53472,Julia Verlinden,BÜNDNIS 90/­DIE GRÜNEN,yes
5418,53801,Katrin Uhlig,BÜNDNIS 90/­DIE GRÜNEN,yes
5418,53561,Awet Tesfaiesus,BÜNDNIS 90/­DIE GRÜNEN,yes
5418,54135,Kassem Taher Saleh,BÜNDNIS 90/­DIE GRÜNEN,yes
5418,53557,Wolfgang Strengmann-Kuhn,BÜNDNIS 90/­DIE GRÜNEN,yes
5418,53780,Hanna Steinmüller,BÜNDNIS 90/­DIE GRÜNEN,yes
5418,54057,Till Steffen,BÜNDNIS 90/­DIE GRÜNEN,yes
5418,53513,Nina Stahr,BÜNDNIS 90/­DIE GRÜNEN,yes
5418,53536,Merle Spellerberg,BÜNDNIS 90/­DIE GRÜNEN,yes
5418,53428,Anne-Monika Spallek,BÜNDNIS 90/­DIE GRÜNEN,yes
5418,53419,Nyke Slawik,BÜNDNIS 90/­DIE GRÜNEN,yes
5418,53695,Melis Sekmen,BÜNDNIS 90/­DIE GRÜNEN,yes
5418,53556,Kordula Schulz-Asche,BÜNDNIS 90/­DIE GRÜNEN,yes
5418,53470,Christina-Johanne Schröder,BÜNDNIS 90/­DIE GRÜNEN,yes
5418,53652,Marlene Schönberger,BÜNDNIS 90/­DIE GRÜNEN,yes
5418,53647,Stefan Schmidt,BÜNDNIS 90/­DIE GRÜNEN,yes
5418,53417,Ulle Schauws,BÜNDNIS 90/­DIE GRÜNEN,no_show
5418,53696,Sebastian Schäfer,BÜNDNIS 90/­DIE GRÜNEN,yes
5418,54064,Jamila Anna Schäfer,BÜNDNIS 90/­DIE GRÜNEN,yes
5418,56408,Michael Sacher,BÜNDNIS 90/­DIE GRÜNEN,yes
5418,53588,Corinna Rüffer,BÜNDNIS 90/­DIE GRÜNEN,yes
5418,53643,Manuela Rottmann,BÜNDNIS 90/­DIE GRÜNEN,yes
5418,53640,Claudia Roth,BÜNDNIS 90/­DIE GRÜNEN,yes
5418,53586,Tabea Rößner,BÜNDNIS 90/­DIE GRÜNEN,yes
5418,53697,Anja Reinalter,BÜNDNIS 90/­DIE GRÜNEN,yes
5418,53468,Filiz Polat,BÜNDNIS 90/­DIE GRÜNEN,yes
5418,53534,Paula Piechotta,BÜNDNIS 90/­DIE GRÜNEN,yes
5418,54134,Lisa Paus,BÜNDNIS 90/­DIE GRÜNEN,yes
5418,53479,Julian Pahlke,BÜNDNIS 90/­DIE GRÜNEN,yes
5418,53944,Cem Özdemir,BÜNDNIS 90/­DIE GRÜNEN,yes
5418,53476,Karoline Otte,BÜNDNIS 90/­DIE GRÜNEN,yes
5418,54060,Omid Nouripour,BÜNDNIS 90/­DIE GRÜNEN,yes
5418,54092,Konstantin von Notz,BÜNDNIS 90/­DIE GRÜNEN,yes
5418,53421,Ophelia Nick,BÜNDNIS 90/­DIE GRÜNEN,yes
5418,54091,Ingrid Nestle,BÜNDNIS 90/­DIE GRÜNEN,yes
5418,53424,Sara Nanni,BÜNDNIS 90/­DIE GRÜNEN,yes
5418,53688,Beate Müller-Gemmeke,BÜNDNIS 90/­DIE GRÜNEN,yes
5418,54138,Sascha Müller,BÜNDNIS 90/­DIE GRÜNEN,yes
5418,53989,Claudia Müller,BÜNDNIS 90/­DIE GRÜNEN,yes
5418,54113,Boris Mijatović,BÜNDNIS 90/­DIE GRÜNEN,yes
5418,53413,Irene Mihalic,BÜNDNIS 90/­DIE GRÜNEN,yes
5418,53478,Swantje Michaelsen,BÜNDNIS 90/­DIE GRÜNEN,yes
5418,53480,Susanne Menge,BÜNDNIS 90/­DIE GRÜNEN,yes
5418,53951,Zoe Mayer,BÜNDNIS 90/­DIE GRÜNEN,yes
5418,53558,Anna Lührmann,BÜNDNIS 90/­DIE GRÜNEN,yes
5418,53422,Max Lucks,BÜNDNIS 90/­DIE GRÜNEN,yes
5418,54093,Denise Loop,BÜNDNIS 90/­DIE GRÜNEN,yes
5418,53587,Tobias Lindner,BÜNDNIS 90/­DIE GRÜNEN,yes
5418,53475,Helge Limburg,BÜNDNIS 90/­DIE GRÜNEN,yes
5418,53434,Anja Liebert,BÜNDNIS 90/­DIE GRÜNEN,yes
5418,53508,Steffi Lemke,BÜNDNIS 90/­DIE GRÜNEN,yes
5418,53799,Sven Lehmann,BÜNDNIS 90/­DIE GRÜNEN,yes
5418,53692,Ricarda Lang,BÜNDNIS 90/­DIE GRÜNEN,yes
5418,53429,Markus Kurth,BÜNDNIS 90/­DIE GRÜNEN,yes
5418,54108,Renate Künast,BÜNDNIS 90/­DIE GRÜNEN,yes
5418,60635,Jürgen Kretz,BÜNDNIS 90/­DIE GRÜNEN,yes
5418,53559,Philip Krämer,BÜNDNIS 90/­DIE GRÜNEN,yes
5418,53430,Laura Kraft,BÜNDNIS 90/­DIE GRÜNEN,yes
5418,53961,Chantal Kopf,BÜNDNIS 90/­DIE GRÜNEN,yes
5418,53834,Maria Klein-Schmeink,BÜNDNIS 90/­DIE GRÜNEN,yes
5418,53469,Sven-Christian Kindler,BÜNDNIS 90/­DIE GRÜNEN,yes
5418,53590,Misbah Khan,BÜNDNIS 90/­DIE GRÜNEN,yes
5418,53474,Katja Keul,BÜNDNIS 90/­DIE GRÜNEN,yes
5418,53499,Michael Kellner,BÜNDNIS 90/­DIE GRÜNEN,yes
5418,53485,Kirsten Kappert-Gonther,BÜNDNIS 90/­DIE GRÜNEN,yes
5418,53420,Lamya Kaddor,BÜNDNIS 90/­DIE GRÜNEN,yes
5418,54119,Dieter Janecek,BÜNDNIS 90/­DIE GRÜNEN,yes
5418,54094,Bruno Hönel,BÜNDNIS 90/­DIE GRÜNEN,yes
5418,60624,Ottmar von Holtz,BÜNDNIS 90/­DIE GRÜNEN,yes
5418,53641,Anton Hofreiter,BÜNDNIS 90/­DIE GRÜNEN,yes
5418,53555,Bettina Hoffmann,BÜNDNIS 90/­DIE GRÜNEN,yes
5418,53535,Bernhard Herrmann,BÜNDNIS 90/­DIE GRÜNEN,yes
5418,53427,Kathrin Henneberger,BÜNDNIS 90/­DIE GRÜNEN,yes
5418,53728,Linda Heitmann,BÜNDNIS 90/­DIE GRÜNEN,yes
5418,53412,Britta Haßelmann,BÜNDNIS 90/­DIE GRÜNEN,yes
5418,54125,Robert Habeck,BÜNDNIS 90/­DIE GRÜNEN,yes
5418,53432,Sabine Grützmacher,BÜNDNIS 90/­DIE GRÜNEN,yes
5418,53645,Erhard Grundl,BÜNDNIS 90/­DIE GRÜNEN,yes
5418,53589,Armin Grau,BÜNDNIS 90/­DIE GRÜNEN,yes
5418,54117,Katrin Göring-Eckardt,BÜNDNIS 90/­DIE GRÜNEN,yes
5418,53416,Jan-Niclas Gesenhues,BÜNDNIS 90/­DIE GRÜNEN,yes
5418,53781,Stefan Gelbhaar,BÜNDNIS 90/­DIE GRÜNEN,yes
5418,53423,Kai Gehring,BÜNDNIS 90/­DIE GRÜNEN,yes
5418,53691,Matthias Gastel,BÜNDNIS 90/­DIE GRÜNEN,yes
5418,53650,Tessa Ganserer,BÜNDNIS 90/­DIE GRÜNEN,yes
5418,53426,Schahina Gambir,BÜNDNIS 90/­DIE GRÜNEN,yes
5418,54101,Emilia Fester,BÜNDNIS 90/­DIE GRÜNEN,yes
5418,53693,Marcel Emmerich,BÜNDNIS 90/­DIE GRÜNEN,yes
5418,53655,Leon Eckert,BÜNDNIS 90/­DIE GRÜNEN,yes
5418,53689,Harald Ebner,BÜNDNIS 90/­DIE GRÜNEN,yes
5418,53560,Deborah Düring,BÜNDNIS 90/­DIE GRÜNEN,yes
5418,53414,Katharina Dröge,BÜNDNIS 90/­DIE GRÜNEN,yes
5418,53687,Sandra Detzer,BÜNDNIS 90/­DIE GRÜNEN,yes
5418,53642,Ekin Deligöz,BÜNDNIS 90/­DIE GRÜNEN,no_show
5418,53431,Janosch Dahmen,BÜNDNIS 90/­DIE GRÜNEN,yes
5418,53690,Anna Christmann,BÜNDNIS 90/­DIE GRÜNEN,yes
5418,53473,Frank Bsirske,BÜNDNIS 90/­DIE GRÜNEN,yes
5418,53685,Agnieszka Brugger,BÜNDNIS 90/­DIE GRÜNEN,yes
5418,53954,Franziska Brantner,BÜNDNIS 90/­DIE GRÜNEN,yes
5418,53433,Lukas Benner,BÜNDNIS 90/­DIE GRÜNEN,yes
5418,54100,Katharina Beck,BÜNDNIS 90/­DIE GRÜNEN,yes
5418,53788,Canan Bayram,BÜNDNIS 90/­DIE GRÜNEN,yes
5418,53649,Karl Bär,BÜNDNIS 90/­DIE GRÜNEN,yes
5418,53415,Felix Banaszak,BÜNDNIS 90/­DIE GRÜNEN,yes
5418,53498,Annalena Baerbock,BÜNDNIS 90/­DIE GRÜNEN,no_show
5418,53646,Lisa Badum,BÜNDNIS 90/­DIE GRÜNEN,yes
5418,54121,Tobias B. Bacherle,BÜNDNIS 90/­DIE GRÜNEN,yes
5418,53425,Maik Außendorf,BÜNDNIS 90/­DIE GRÜNEN,yes
5418,53512,Andreas Audretsch,BÜNDNIS 90/­DIE GRÜNEN,yes
5418,54090,Luise Amtsberg,BÜNDNIS 90/­DIE GRÜNEN,yes
5418,53694,Stephanie Aeffner,BÜNDNIS 90/­DIE GRÜNEN,no_show
5418,53952,Nicolas Zippelius,CDU/CSU,no
5418,53853,Paul Ziemiak,CDU/CSU,no
5418,53930,Emmi Zeulner,CDU/CSU,no
5418,53448,Mareike Lotte Wulf,CDU/CSU,no
5418,53942,Mechthilde Wittmann,CDU/CSU,no
5418,53933,Tobias Winkler,CDU/CSU,no_show
5418,53802,Elisabeth Winkelmeier-Becker,CDU/CSU,no
5418,53881,Klaus-Peter Willsch,CDU/CSU,no
5418,60632,Bettina Wiesmann,CDU/CSU,no
5418,53809,Klaus Wiener,CDU/CSU,no
5418,53970,Annette Widmann-Mauz,CDU/CSU,no
5418,53953,Kai Whittaker,CDU/CSU,no
5418,53405,Sabine Weiss,CDU/CSU,no
5418,53965,Maria-Lena Weiss,CDU/CSU,no
5418,54073,Anja Weisgerber,CDU/CSU,no
5418,53956,Nina Warken,CDU/CSU,no
5418,53517,Marco Wanderwitz,CDU/CSU,no
5418,54082,Johann Wadephul,CDU/CSU,no
5418,53991,Christoph de Vries,CDU/CSU,no
5418,54001,Oliver Vogt,CDU/CSU,no
5418,53999,Kerstin Vieregge,CDU/CSU,no_show
5418,54075,Volker Ullrich,CDU/CSU,no
5418,54370,Markus Uhl,CDU/CSU,no
5418,53996,Astrid Timmermann-Fechter,CDU/CSU,no
5418,53563,Antje Tillmann,CDU/CSU,no
5418,54081,Alexander Throm,CDU/CSU,no
5418,53849,Hans-Jürgen Thies,CDU/CSU,no
5418,53805,Hermann-Josef Tebroke,CDU/CSU,no
5418,54078,Christina Stumpp,CDU/CSU,no_show
5418,53923,Max Straubinger,CDU/CSU,no
5418,53943,Stephan Stracke,CDU/CSU,no
5418,53962,Diana Stöcker,CDU/CSU,no_show
5418,53778,Dieter Stier,CDU/CSU,no
5418,53948,Christian von Stetten,CDU/CSU,no
5418,53909,Johannes Steiniger,CDU/CSU,no
5418,53736,Albert Stegemann,CDU/CSU,no
5418,54063,Wolfgang Stefinger,CDU/CSU,no
5418,53916,Katrin Staffler,CDU/CSU,no
5418,53829,Jens Spahn,CDU/CSU,no
5418,53500,Tino Sorge,CDU/CSU,no
5418,53887,Björn Simon,CDU/CSU,no_show
5418,53927,Thomas Silberhorn,CDU/CSU,no
5418,53797,Detlef Seif,CDU/CSU,no
5418,53968,Felix Schreiner,CDU/CSU,no
5418,54369,Nadine Schön,CDU/CSU,no
5418,53903,Patrick Schnieder,CDU/CSU,no
5418,53489,Jana Schimke,CDU/CSU,no_show
5418,54069,Andreas Scheuer,CDU/CSU,no_show
5418,53518,Christiane Schenderlein,CDU/CSU,no
5418,53997,Catarina dos Santos-Wintz,CDU/CSU,no
5418,54071,Albert Rupprecht,CDU/CSU,no
5418,53898,Erwin Rüddel,CDU/CSU,no
5418,53484,Thomas Röwekamp,CDU/CSU,no
5418,53817,Stefan Rouenhoff,CDU/CSU,no
5418,53803,Norbert Röttgen,CDU/CSU,no_show
5418,53863,Lars Rohwer,CDU/CSU,no
5418,53972,Josef Rief,CDU/CSU,no
5418,53862,Markus Reichel,CDU/CSU,no
5418,53835,Henning Rehbaum,CDU/CSU,no
5418,53920,Peter Ramsauer,CDU/CSU,no_show
5418,54070,Alois Rainer,CDU/CSU,no
5418,54067,Alexander Radwan,CDU/CSU,no_show
5418,54002,Kerstin Radomski,CDU/CSU,no
5418,53795,Thomas Rachel,CDU/CSU,no
5418,53816,Martin Plum,CDU/CSU,no
5418,53990,Christoph Ploß,CDU/CSU,no
5418,54065,Stephan Pilsinger,CDU/CSU,no
5418,60617,Ingrid Pahlmann,CDU/CSU,no
5418,53749,Henning Otte,CDU/CSU,no
5418,53900,Josef Oster,CDU/CSU,no
5418,53922,Florian Oßner,CDU/CSU,no
5418,53957,Moritz Oppelt,CDU/CSU,no
5418,53794,Wilfried Oellers,CDU/CSU,no
5418,54084,Petra Nicolaisen,CDU/CSU,no
5418,54000,Stefan Nacke,CDU/CSU,no
5418,53932,Stefan Müller,CDU/CSU,no
5418,53447,Carsten Müller,CDU/CSU,no
5418,53775,Sepp Müller,CDU/CSU,no
5418,53852,Florian Müller,CDU/CSU,no
5418,53974,Axel Müller,CDU/CSU,no
5418,54076,Maximilian Mörseburg,CDU/CSU,no
5418,53981,Dietrich Monstadt,CDU/CSU,no
5418,53443,Mathias Middelberg,CDU/CSU,no_show
5418,53907,Jan Metzler,CDU/CSU,no
5418,53850,Friedrich Merz,CDU/CSU,no
5418,53890,Michael Meister,CDU/CSU,no
5418,53973,Volker Mayer-Lay,CDU/CSU,no
5418,53913,Stephan Mayer,CDU/CSU,no
5418,53739,Andreas Mattfeldt,CDU/CSU,no_show
5418,60631,Astrid Mannes,CDU/CSU,no
5418,53869,Yvonne Magwas,CDU/CSU,no
5418,53960,Klaus Mack,CDU/CSU,no
5418,53918,Daniela Ludwig,CDU/CSU,no
5418,53509,Jan-Marco Luczak,CDU/CSU,no_show
5418,54062,Bernhard Loos,CDU/CSU,no
5418,53538,Patricia Lips,CDU/CSU,no
5418,54131,Carsten Linnemann,CDU/CSU,no
5418,53937,Andrea Lindholz,CDU/CSU,no
5418,53914,Andreas Lenz,CDU/CSU,no
5418,53539,Katja Leikert,CDU/CSU,no
5418,54074,Paul Lehrieder,CDU/CSU,no
5418,53855,Jens Lehmann,CDU/CSU,no
5418,53928,Silke Launert,CDU/CSU,no
5418,53404,Armin Laschet,CDU/CSU,no
5418,53940,Ulrich Lange,CDU/CSU,no
5418,53446,Tilman Kuban,CDU/CSU,no_show
5418,53814,Günter Krings,CDU/CSU,no
5418,53959,Gunther Krichbaum,CDU/CSU,no
5418,53519,Carsten Körber,CDU/CSU,no
5418,53879,Markus Koob,CDU/CSU,no
5418,53831,Anne König,CDU/CSU,no_show
5418,53487,Jens Koeppen,CDU/CSU,no_show
5418,53738,Axel Knoerig,CDU/CSU,no
5418,53571,Julia Klöckner,CDU/CSU,no
5418,53851,Volkmar Klein,CDU/CSU,no_show
5418,54133,Ottilie Klein,CDU/CSU,no
5418,53796,Georg Kippels,CDU/CSU,no
5418,53919,Michael Kießling,CDU/CSU,no
5418,53950,Roderich Kiesewetter,CDU/CSU,no
5418,53971,Ronja Kemmer,CDU/CSU,no_show
5418,60622,Stefan Kaufmann,CDU/CSU,no_show
5418,53833,Anja Karliczek,CDU/CSU,no
5418,53967,Andreas Jung,CDU/CSU,no
5418,53811,Thomas Jarzombek,CDU/CSU,no
5418,53445,Anne Janssen,CDU/CSU,no
5418,53915,Erich Irlstorfer,CDU/CSU,no
5418,54003,Hubert Hüppe,CDU/CSU,no
5418,54099,Franziska Hoppermann,CDU/CSU,no
5418,53441,Hendrik Hoppenstedt,CDU/CSU,no
5418,53938,Alexander Hoffmann,CDU/CSU,no
5418,53562,Christian Hirte,CDU/CSU,no
5418,53924,Susanne Hierl,CDU/CSU,no
5418,53815,Ansgar Heveling,CDU/CSU,no
5418,53832,Marc Henrichmann,CDU/CSU,no
5418,54049,Mark Helfrich,CDU/CSU,no
5418,53784,Thomas Heilmann,CDU/CSU,no
5418,53899,Mechthild Heil,CDU/CSU,no_show
5418,53541,Stefan Heck,CDU/CSU,no
5418,53825,Matthias Hauer,CDU/CSU,no
5418,54378,Jürgen Hardt,CDU/CSU,no
5418,54066,Florian Hahn,CDU/CSU,no
5418,54130,Christian Haase,CDU/CSU,no
5418,53958,Olav Gutting,CDU/CSU,no
5418,53449,Fritz Güntzler,CDU/CSU,no
5418,53995,Serap Güler,CDU/CSU,no
5418,53782,Monika Grütters,CDU/CSU,no
5418,53735,Oliver Grundmann,CDU/CSU,no
5418,53891,Manfred Grund,CDU/CSU,no_show
5418,53945,Markus Grübel,CDU/CSU,no_show
5418,53442,Michael Grosse-Brömer,CDU/CSU,no_show
5418,53813,Hermann Gröhe,CDU/CSU,no
5418,53949,Inge Gräßle,CDU/CSU,no
5418,54080,Fabian Gramling,CDU/CSU,no
5418,54132,Jonas Geissler,CDU/CSU,no
5418,53572,Thomas Gebhart,CDU/CSU,no
5418,54083,Ingo Gädechens,CDU/CSU,no
5418,53935,Michael Frieser,CDU/CSU,no_show
5418,53929,Hans-Peter Friedrich,CDU/CSU,no
5418,53966,Thorsten Frei,CDU/CSU,no
5418,58167,Alexander Föhr,CDU/CSU,no
5418,53444,Enak Ferlemann,CDU/CSU,no
5418,53488,Uwe Feiler,CDU/CSU,no
5418,53947,Hermann Färber,CDU/CSU,no
5418,54068,Thomas Erndl,CDU/CSU,no
5418,53926,Martina Englhardt-Kopf,CDU/CSU,no
5418,53941,Alexander Engelhard,CDU/CSU,no_show
5418,53936,Ralph Edelhäußer,CDU/CSU,no
5418,53939,Hansjörg Durz,CDU/CSU,no
5418,53969,Michael Donth,CDU/CSU,no_show
5418,53921,Alexander Dobrindt,CDU/CSU,no
5418,54048,Astrid Damerow,CDU/CSU,no
5418,53790,Mario Czaja,CDU/CSU,no
5418,53730,Gitta Connemann,CDU/CSU,no
5418,53963,Yannick Bury,CDU/CSU,no
5418,53901,Marlon Bröhr,CDU/CSU,no
5418,53804,Carsten Brodesser,CDU/CSU,no
5418,53836,Ralph Brinkhaus,CDU/CSU,no
5418,53998,Michael Breilmann,CDU/CSU,no
5418,53773,Heike Brehmer,CDU/CSU,no
5418,53934,Sebastian Brehm,CDU/CSU,no_show
5418,53737,Silvia Breher,CDU/CSU,no
5418,53537,Helge Braun,CDU/CSU,no
5418,53917,Reinhard Brandl,CDU/CSU,no
5418,53877,Michael Brand,CDU/CSU,no
5418,53982,Simone Borchardt,CDU/CSU,no
5418,54079,Steffen Bilger,CDU/CSU,no
5418,54077,Marc Biadacz,CDU/CSU,no
5418,53810,Peter Beyer,CDU/CSU,no_show
5418,58127,Melanie Bernstein,CDU/CSU,no
5418,53975,Thomas Bareiß,CDU/CSU,no_show
5418,54072,Dorothee Bär,CDU/CSU,no
5418,53925,Peter Aumer,CDU/CSU,no
5418,53931,Artur Auernhammer,CDU/CSU,no_show
5418,53980,Philipp Amthor,CDU/CSU,no
5418,53884,Norbert Maria Altenkamp,CDU/CSU,no
5418,53450,Stephan Albani,CDU/CSU,no
5418,53490,Knut Abraham,CDU/CSU,no
5418,53725,Katrin Zschau,SPD,yes
5418,53885,Armand Zorn,SPD,yes
5418,53889,Jens Zimmermann,SPD,yes
5418,53762,Stefan Zierke,SPD,yes
5418,54016,Gülistan Yüksel,SPD,no_show
5418,53771,Herbert Wollmann,SPD,no
5418,54007,Dirk Wiese,SPD,yes
5418,53753,Bernd Westphal,SPD,yes
5418,53576,Lena Werner,SPD,yes
5418,53902,Joe Weingarten,SPD,no_show
5418,53886,Melanie Wegling,SPD,yes
5418,53611,Carmen Wegge,SPD,yes
5418,53770,Hannes Walter,SPD,yes
5418,53769,Maja Wallstein,SPD,yes
5418,53613,Carolin Wagner,SPD,yes
5418,53822,Dirk Vöpel,SPD,yes
5418,57246,Emily Vontz,SPD,yes
5418,53745,Marja-Liisa Völlers,SPD,yes
5418,53897,Frank Ullrich,SPD,no_show
5418,53681,Derya Türk-Nachbaur,SPD,yes
5418,53451,Anja Troff-Schaffarzyk,SPD,yes
5418,58511,Ana-Maria Trăsnea,SPD,no_show
5418,53594,Carsten Träger,SPD,yes
5418,53828,Markus Töns,SPD,yes
5418,53848,Michael Thews,SPD,yes
5418,53601,Claudia Tausend,SPD,yes
5418,54107,Ruppert Stüwe,SPD,yes
5418,53527,Nadja Sthamer,SPD,yes
5418,54050,Mathias Stein,SPD,yes
5418,54051,Ralf Stegner,SPD,yes
5418,53609,Martina Stamm-Fibich,SPD,yes
5418,53741,Svenja Stadler,SPD,yes
5418,53678,Lina Seitzl,SPD,no_show
5418,53666,Rita Schwarzelühr-Sutter,SPD,yes
5418,54137,Andreas Schwarz,SPD,no_show
5418,53838,Stefan Schwartze,SPD,yes
5418,53826,Frank Schwabe,SPD,yes
5418,54004,Svenja Schulze,SPD,yes
5418,53604,Michael Schrodi,SPD,yes
5418,53908,Christian Schreider,SPD,yes
5418,53751,Johannes Schraps,SPD,yes
5418,53766,Olaf Scholz,SPD,yes
5418,53895,Carsten Schneider,SPD,yes
5418,53734,Daniel Schneider,SPD,yes
5418,53875,Dagmar Schmidt,SPD,yes
5418,53760,Uwe Schmidt,SPD,yes
5418,53665,Nils Schmid,SPD,yes
5418,53600,Christoph Schmid,SPD,yes
5418,53841,Timo Schisanowski,SPD,yes
5418,53453,Peggy Schierenbeck,SPD,no_show
5418,54008,Udo Schiefner,SPD,yes
5418,53603,Marianne Schieder,SPD,yes
5418,54129,Nina Scheer,SPD,yes
5418,53608,Johannes Schätzl,SPD,no_show
5418,53748,Rebecca Schamber,SPD,yes
5418,53843,Axel Schäfer,SPD,yes
5418,53808,Ingo Schäfer,SPD,no_show
5418,53729,Johann Saathoff,SPD,no_show
5418,53759,Sarah Ryglewski,SPD,yes
5418,53598,Bernd Rützel,SPD,yes
5418,60633,Nadine Ruf,SPD,yes
5418,53568,Tina Rudolph,SPD,yes
5418,53573,Thorsten Rudolph,SPD,yes
5418,53872,Michael Roth,SPD,no_show
5418,54014,Jessica Rosenthal,SPD,yes
5418,53667,Martin Rosemann,SPD,yes
5418,53596,Sebastian Roloff,SPD,yes
5418,53732,Dennis Rohde,SPD,no_show
5418,54126,Sönke Rix,SPD,yes
5418,57091,Daniel Rinkert,SPD,yes
5418,53812,Andreas Rimkus,SPD,yes
5418,54021,Ye-One Rhie,SPD,yes
5418,60630,Martin Rabanus,SPD,yes
5418,53839,Achim Post,SPD,yes
5418,53846,Sabine Poschmann,SPD,yes
5418,53614,Jan Plobner,SPD,yes
5418,53978,Christian Petry,SPD,yes
5418,53845,Jens Peick,SPD,yes
5418,53880,Natalie Pawlik,SPD,yes
5418,53768,Mathias Papendieck,SPD,yes
5418,53761,Wiebke Papenbrock,SPD,yes
5418,53755,Christos Pantazis,SPD,yes
5418,54136,Aydan Özoğuz,SPD,no_show
5418,53821,Mahmut Özdemir,SPD,yes
5418,53976,Josephine Ortleb,SPD,yes
5418,53883,Lennard Oehl,SPD,yes
5418,53610,Jörg Nürnberger,SPD,yes
5418,54012,Dietmar Nietan,SPD,yes
5418,53827,Brian Nickholz,SPD,yes
5418,53525,Rasha Nasr,SPD,yes
5418,53800,Rolf Mützenich,SPD,yes
5418,53844,Michelle Müntefering,SPD,yes
5418,53865,Detlef Müller,SPD,yes
5418,53785,Michael Müller,SPD,yes
5418,53878,Bettina Müller,SPD,yes
5418,53731,Siemtje Möller,SPD,no_show
5418,53793,Claudia Moll,SPD,no_show
5418,53733,Susanne Mittag,SPD,no_show
5418,53910,Matthias Mieves,SPD,yes
5418,53752,Matthias Miersch,SPD,yes
5418,53524,Kathrin Michel,SPD,yes
5418,53679,Robin Mesarosch,SPD,yes
5418,58124,Dirk-Ulrich Mende,SPD,yes
5418,53684,Takis Mehmet Ali,SPD,yes
5418,53606,Andreas Mehltretter,SPD,yes
5418,53668,Katja Mast,SPD,no_show
5418,54112,Franziska Mascheck,SPD,yes
5418,53675,Parsa Marvi,SPD,yes
5418,54058,Dorothee Martin,SPD,yes
5418,54019,Zanda Martens,SPD,yes
5418,53523,Holger Mann,SPD,yes
5418,54056,Erik von Malottki,SPD,yes
5418,53574,Isabel Mackensen-Geis,SPD,yes
5418,53905,Tanja Machalet,SPD,yes
5418,53662,Thomas Lutze,SPD,yes
5418,54011,Bettina Lugk,SPD,yes
5418,53807,Helge Lindh,SPD,yes
5418,53979,Esra Limbacher,SPD,no_show
5418,54022,Luiza Licina-Bode,SPD,yes
5418,53682,Kevin Leiser,SPD,yes
5418,53767,Sylvia Lehmann,SPD,yes
5418,53806,Karl Lauterbach,SPD,yes
5418,53888,Andreas Larem,SPD,yes
5418,54017,Sarah Lahrkamp,SPD,yes
5418,53786,Kevin Kühnert,SPD,yes
5418,53774,Martin Kröber,SPD,yes
5418,53754,Dunja Kreiser,SPD,yes
5418,53595,Anette Kramme,SPD,yes
5418,53764,Simona Koß,SPD,yes
5418,53593,Bärbel Kofler,SPD,yes
5418,54053,Tim Klüssendorf,SPD,yes
5418,54106,Annika Klose,SPD,yes
5418,53740,Lars Klingbeil,SPD,yes
5418,54127,Kristian Klinck,SPD,yes
5418,53783,Helmut Kleebank,SPD,yes
5418,53772,Franziska Kersten,SPD,yes
5418,53674,Gabriele Katzmarek,SPD,yes
5418,54055,Anna Kassautzki,SPD,yes
5418,53526,Carlos Kasper,SPD,yes
5418,53677,Macit Karaahmetoğlu,SPD,yes
5418,53567,Elisabeth Kaiser,SPD,yes
5418,53847,Oliver Kaczmarek,SPD,yes
5418,53680,Josip Juratovic,SPD,yes
5418,54054,Frank Junge,SPD,yes
5418,53612,Markus Hümpfer,SPD,yes
5418,53904,Verena Hubertz,SPD,yes
5418,53672,Jasmina Hostert,SPD,yes
5418,53912,Thomas Hitschler,SPD,yes
5418,54010,Nadine Heselhaus,SPD,yes
5418,53452,Anke Hennig,SPD,yes
5418,54015,Wolfgang Hellmich,SPD,yes
5418,53599,Gabriela Heinrich,SPD,yes
5418,53757,Frauke Heiligenstadt,SPD,yes
5418,53750,Hubertus Heil,SPD,yes
5418,53824,Dirk Heidenblut,SPD,yes
5418,54005,Sebastian Hartmann,SPD,no
5418,54059,Metin Hakverdi,SPD,yes
5418,53597,Rita Hagl-Kehl,SPD,yes
5418,54128,Bettina Hagedorn,SPD,yes
5418,53592,Uli Grötsch,SPD,yes
5418,54006,Kerstin Griese,SPD,yes
5418,53911,Angelika Glöckner,SPD,yes
5418,53671,Martin Gerster,SPD,yes
5418,53830,Michael Gerdes,SPD,yes
5418,53744,Manuel Gava,SPD,no_show
5418,53528,Fabian Funke,SPD,yes
5418,53873,Edgar Franke,SPD,yes
5418,53823,Sebastian Fiedler,SPD,no
5418,53669,Johannes Fechner,SPD,yes
5418,53763,Ariane Fäscher,SPD,yes
5418,53664,Saskia Esken,SPD,yes
5418,53837,Wiebke Esdar,SPD,no_show
5418,53683,Heike Engelhardt,SPD,yes
5418,53765,Sonja Eichwede,SPD,yes
5418,53842,Axel Echeverria,SPD,yes
5418,53727,Falko Droßmann,SPD,yes
5418,53876,Felix Döring,SPD,yes
5418,53605,Sabine Dittmar,SPD,yes
5418,53870,Esther Dilcher,SPD,yes
5418,53819,Jan Dieren,SPD,yes
5418,53575,Martin Diedenhofen,SPD,yes
5418,53777,Karamba Diaby,SPD,yes
5418,53787,Hakan Demir,SPD,yes
5418,56401,Daniela De Ridder,SPD,no_show
5418,54009,Bernhard Daldrup,SPD,yes
5418,54020,Jürgen Coße,SPD,yes
5418,53673,Lars Castellucci,SPD,no_show
5418,53955,Isabel Cademartori,SPD,yes
5418,53505,Katrin Budde,SPD,yes
5418,53670,Leni Breymaier,SPD,yes
5418,53742,Jakob Blankenburg,SPD,yes
5418,54052,Bengt Bergt,SPD,yes
5418,53840,Jürgen Berghahn,SPD,no
5418,53893,Holger Becker,SPD,yes
5418,53820,Bärbel Bas,SPD,yes
5418,57240,Alexander Bartz,SPD,yes
5418,53874,Sören Bartol,SPD,yes
5418,54018,Nezahat Baradari,SPD,no_show
5418,53906,Daniel Baldy,SPD,yes
5418,53607,Ulrike Bahr,SPD,yes
5418,53676,Heike Baehrens,SPD,yes
5418,53726,Johannes Arlt,SPD,yes
5418,53992,Niels Annen,SPD,yes
5418,54013,Dagmar Andres,SPD,no_show
5418,53724,Reem Alabali Radovan,SPD,yes
5418,53746,Adis Ahmetović,SPD,no_show
5418,53798,Sanae Abdi,SPD,yes
5864,54095,Uwe Witt,fraktionslos,no_show
5864,53581,Volker Wissing,fraktionslos,no
5864,53714,Dirk Spaniel,fraktionslos,yes
5864,53719,Thomas Seitz,fraktionslos,yes
5864,54098,Stefan Seidler,fraktionslos,no
5864,53620,Johannes Huber,fraktionslos,yes
5864,53406,Matthias Helferich,fraktionslos,yes
5864,53779,Robert Farle,fraktionslos,no_show
5864,53544,Joana Cotar,fraktionslos,yes
5864,53436,Sahra Wagenknecht,BSW (Gruppe),yes
5864,53591,Alexander Ulrich,BSW (Gruppe),yes
5864,53723,Jessica Tatti,BSW (Gruppe),yes
5864,53993,Zaklin Nastić,BSW (Gruppe),no_show
5864,53481,Amira Mohamed Ali,BSW (Gruppe),yes
5864,53440,Christian Leye,BSW (Gruppe),no_show
5864,53438,Andrej Hunko,BSW (Gruppe),yes
5864,53657,Klaus Ernst,BSW (Gruppe),yes
5864,53437,Sevim Dağdelen,BSW (Gruppe),yes
5864,54115,Ali Al-Dailami,BSW (Gruppe),no_show
5864,54114,Janine Wissler,Die Linke. (Gruppe),no
5864,53439,Kathrin Vogler,Die Linke. (Gruppe),no
5864,53504,Petra Sitte,Die Linke. (Gruppe),no
5864,53721,Bernd Riexinger,Die Linke. (Gruppe),no
5864,53566,Martina Renner,Die Linke. (Gruppe),no
5864,53483,Heidi Reichinnek,Die Linke. (Gruppe),no
5864,53482,Victor Perli,Die Linke. (Gruppe),no
5864,53856,Sören Pellmann,Die Linke. (Gruppe),no
5864,54105,Petra Pau,Die Linke. (Gruppe),no
5864,54097,Cornelia Möhring,Die Linke. (Gruppe),no
5864,53791,Gesine Lötzsch,Die Linke. (Gruppe),no
5864,53565,Ralph Lenkert,Die Linke. (Gruppe),no
5864,53521,Caren Lay,Die Linke. (Gruppe),no
5864,53987,Ina Latendorf,Die Linke. (Gruppe),no
5864,53503,Jan Korte,Die Linke. (Gruppe),no
5864,53564,Susanne Hennig-Wellsow,Die Linke. (Gruppe),no
5864,53522,André Hahn,Die Linke. (Gruppe),no
5864,53789,Gregor Gysi,Die Linke. (Gruppe),no
5864,53659,Ates Gürpinar,Die Linke. (Gruppe),no
5864,53495,Christian Görke,Die Linke. (Gruppe),no
5864,53656,Nicole Gohlke,Die Linke. (Gruppe),no
5864,53658,Susanne Ferschl,Die Linke. (Gruppe),no
5864,54104,Anke Domscheit-Berg,Die Linke. (Gruppe),no
5864,60641,Jörg Cezanne,Die Linke. (Gruppe),no
5864,54422,Clara Bünger,Die Linke. (Gruppe),no
5864,54102,Matthias W. Birkwald,Die Linke. (Gruppe),no
5864,53986,Dietmar Bartsch,Die Linke. (Gruppe),no
5864,53722,Gökay Akbulut,Die Linke. (Gruppe),no_show
5864,53776,Kay-Uwe Ziegler,AfD,yes
5864,53462,Joachim Wundrak,AfD,yes
5864,54120,Christian Wirth,AfD,yes
5864,53621,Wolfgang Wiehle,AfD,yes
5864,53408,Harald Weyel,AfD,yes
5864,53712,Alice Weidel,AfD,yes
5864,53514,Beatrix von Storch,AfD,yes
5864,53892,Klaus Stöber,AfD,no_show
5864,53492,René Springer,AfD,yes
5864,53619,Martin Sichert,AfD,yes
5864,53545,Uwe Schulz,AfD,yes
5864,54046,Jörg Schneider,AfD,yes
5864,53502,Jan Wenzel Schmidt,AfD,yes
5864,53409,Eugen Schmidt,AfD,yes
5864,63197,Manfred Schiller,AfD,yes
5864,53985,Ulrike Schielke-Ziesing,AfD,yes
5864,53580,Bernd Schattner,AfD,yes
5864,58166,Rainer Rothfuß,AfD,yes
5864,53463,Frank Rinck,AfD,yes
5864,54045,Martin Erwin Renner,AfD,yes
5864,53501,Martin Reichardt,AfD,yes
5864,53617,Stephan Protschka,AfD,yes
5864,54116,Jürgen Pohl,AfD,yes
5864,54118,Tobias Matthias Peterka,AfD,yes
5864,53623,Gerold Otten,AfD,yes
5864,53546,Jan Ralf Nolte,AfD,yes
5864,53857,Edgar Naujok,AfD,yes
5864,53577,Sebastian Münzenmaier,AfD,yes
5864,62905,Volker Münz,AfD,yes
5864,53868,Matthias Moosdorf,AfD,yes
5864,53866,Mike Moncsek,AfD,yes
5864,54042,Rüdiger Lucassen,AfD,yes
5864,53622,Rainer Kraft,AfD,yes
5864,53493,Steffen Kotré,AfD,yes
5864,53466,Jörn König,AfD,yes
5864,53984,Enrico Komning,AfD,yes
5864,53494,Norbert Kleinwächter,AfD,yes
5864,53411,Stefan Keuter,AfD,yes
5864,53896,Michael Kaufmann,AfD,yes
5864,53717,Malte Kaufmann,AfD,yes
5864,53861,Steffen Janich,AfD,yes
5864,54044,Fabian Jacobi,AfD,yes
5864,53625,Gerrit Huy,AfD,yes
5864,53983,Leif-Erik Holm,AfD,yes
5864,53578,Nicole Höchst,AfD,yes
5864,53859,Karsten Hilse,AfD,yes
5864,53713,Martin Hess,AfD,yes
5864,53410,Jochen Haug,AfD,yes
5864,53543,Mariana Harder-Kühnel,AfD,yes
5864,54043,Kay Gottschalk,AfD,yes
5864,54103,Hannes Gnauck,AfD,yes
5864,53547,Albrecht Glaser,AfD,yes
5864,53491,Alexander Gauland,AfD,yes
5864,53516,Götz Frömming,AfD,yes
5864,54124,Markus Frohnmaier,AfD,yes
5864,53465,Dietmar Friedhoff,AfD,yes
5864,53624,Peter Felser,AfD,yes
5864,54047,Michael Espendiller,AfD,yes
5864,53464,Thomas Ehrhorn,AfD,yes
5864,53867,Thomas Dietz,AfD,yes
5864,53515,Gottfried Curio,AfD,yes
5864,53860,Tino Chrupalla,AfD,yes
5864,53894,Marcus Bühl,AfD,yes
5864,53720,Jürgen Braun,AfD,yes
5864,54061,Stephan Brandner,AfD,yes
5864,53467,Dirk Brandes,AfD,yes
5864,54096,Gereon Bollmann,AfD,yes
5864,53615,Peter Boehringer,AfD,yes
5864,53854,René Bochmann,AfD,yes
5864,53579,Andreas Bleck,AfD,yes
5864,53716,Marc Bernhard,AfD,yes
5864,53858,Barbara Benkstein,AfD,yes
5864,53407,Roger Beckamp,AfD,yes
5864,53994,Bernd Baumann,AfD,yes
5864,53718,Christina Baum,AfD,yes
5864,53864,Carolin Bachmann,AfD,yes
5864,60126,Katharina Willkomm,FDP,yes
5864,54032,Nicole Westig,FDP,no_show
5864,53584,Sandra Weeser,FDP,yes
5864,60616,Tim Wagner,FDP,yes
5864,54027,Johannes Vogel,FDP,no_show
5864,53569,Gerald Ullrich,FDP,yes
5864,53635,Andrew Ullmann,FDP,yes
5864,53702,Florian Toncar,FDP,yes
5864,54041,Manfred Todtenhausen,FDP,yes
5864,53533,Nico Tippelt,FDP,yes
5864,53631,Stephan Thomae,FDP,yes
5864,54040,Jens Teutrine,FDP,yes
5864,53496,Linda Teuteberg,FDP,yes
5864,53703,Benjamin Strasser,FDP,yes
5864,53710,Konrad Stockmeier,FDP,yes
5864,53548,Bettina Stark-Watzinger,FDP,yes
5864,53699,Judith Skudelny,FDP,yes
5864,53711,Rainer Semet,FDP,yes
5864,53708,Stephan Seiter,FDP,no_show
5864,53460,Matthias Seestern-Pauly,FDP,abstain
5864,53456,Anja Schulz,FDP,yes
5864,53403,Ria Schröder,FDP,no_show
5864,54031,Frank Schäffler,FDP,yes
5864,54038,Christian Sauter,FDP,yes
5864,54035,Bernd Reuther,FDP,yes
5864,53486,Volker Redder,FDP,yes
5864,54380,Claudia Raffelhüschen,FDP,yes
5864,53530,Frank Müller-Rosentritt,FDP,yes
5864,53551,Alexander Müller,FDP,yes
5864,54089,Max Mordhorst,FDP,yes
5864,54109,Christoph Meyer,FDP,yes
5864,53550,Till Mansmann,FDP,yes
5864,53637,Kristine Lütke,FDP,abstain
5864,53663,Oliver Luksic,FDP,yes
5864,53700,Michael Link,FDP,yes
5864,54023,Christian Lindner,FDP,yes
5864,53549,Thorsten Lieb,FDP,yes
5864,53552,Jürgen Lenders,FDP,yes
5864,53633,Ulrich Lechte,FDP,no
5864,53457,Konstantin Kuhle,FDP,no_show
5864,54086,Wolfgang Kubicki,FDP,yes
5864,53402,Michael Kruse,FDP,yes
5864,53582,Carina Konrad,FDP,abstain
5864,53629,Lukas Köhler,FDP,no_show
5864,53701,Pascal Kober,FDP,yes
5864,54110,Daniela Kluckert,FDP,yes
5864,53628,Karsten Klein,FDP,no_show
5864,54122,Ann-Veruschka Jurisch,FDP,no_show
5864,54087,Gyde Jensen-Bornhöft,FDP,yes
5864,54039,Olaf in der Beek,FDP,yes
5864,54030,Reinhard Houben,FDP,yes
5864,53706,Christoph Hoffmann,FDP,no_show
5864,53585,Manuel Höferlin,FDP,no_show
5864,53459,Gero Hocker,FDP,yes
5864,53627,Katja Hessel,FDP,yes
5864,53529,Torsten Herbst,FDP,yes
5864,54034,Markus Herbrand,FDP,yes
5864,54037,Katrin Helling-Plahr,FDP,no_show
5864,53554,Peter Heidt,FDP,yes
5864,53532,Ulrike Harzer,FDP,yes
5864,53531,Philipp Hartewig,FDP,yes
5864,53638,Thomas Hacker,FDP,no_show
5864,63290,Julian Simon Grünke,FDP,yes
5864,56410,Nils Gründer,FDP,abstain
5864,62904,Fabian Griewel,FDP,yes
5864,53461,Anikó Glogowski-Merten,FDP,no
5864,53458,Knut Gerschau,FDP,yes
5864,54123,Martin Gassner-Herz,FDP,yes
5864,53636,Maximilian Funke-Kaiser,FDP,yes
5864,54029,Otto Fricke,FDP,yes
5864,53626,Daniel Föst,FDP,yes
5864,53506,Marcus Faber,FDP,yes
5864,53454,Christian Dürr,FDP,yes
5864,54028,Bijan Djir-Sarai,FDP,yes
5864,54036,Carl-Julius Cronenberg,FDP,yes
5864,54033,Karlheinz Busen,FDP,yes
5864,54026,Marco Buschmann,FDP,no_show
5864,53634,Sandra Bubendorfer-Licht,FDP,yes
5864,53583,Mario Brandenburg,FDP,yes
5864,53705,Jens Brandenburg,FDP,no_show
5864,53497,Friedhelm Boginski,FDP,yes
5864,53507,Ingo Bodtke,FDP,yes
5864,53455,Jens Beeck,FDP,abstain
5864,53632,Nicole Bauer,FDP,yes
5864,60178,Christian Bartelt,FDP,yes
5864,54088,Christine Aschenberg-Dugnus,FDP,yes
5864,53704,Renata Alt,FDP,no_show
5864,53639,Muhanad Al-Halak,FDP,yes
5864,53553,Katja Adler,FDP,yes
5864,53709,Valentin Abel,FDP,no_show
5864,53654,Tina Winklmann,BÜNDNIS 90/­DIE GRÜNEN,no
5864,53477,Stefan Wenzel,BÜNDNIS 90/­DIE GRÜNEN,no
5864,53648,Saskia Weishaupt,BÜNDNIS 90/­DIE GRÜNEN,no
5864,54377,Beate Walter-Rosenheimer,BÜNDNIS 90/­DIE GRÜNEN,no
5864,53653,Johannes Wagner,BÜNDNIS 90/­DIE GRÜNEN,no
5864,53418,Robin Wagener,BÜNDNIS 90/­DIE GRÜNEN,no
5864,53651,Niklas Wagener,BÜNDNIS 90/­DIE GRÜNEN,no
5864,53472,Julia Verlinden,BÜNDNIS 90/­DIE GRÜNEN,no
5864,53801,Katrin Uhlig,BÜNDNIS 90/­DIE GRÜNEN,no
5864,53561,Awet Tesfaiesus,BÜNDNIS 90/­DIE GRÜNEN,no
5864,54135,Kassem Taher Saleh,BÜNDNIS 90/­DIE GRÜNEN,no
5864,53557,Wolfgang Strengmann-Kuhn,BÜNDNIS 90/­DIE GRÜNEN,no
5864,53780,Hanna Steinmüller,BÜNDNIS 90/­DIE GRÜNEN,no
5864,54057,Till Steffen,BÜNDNIS 90/­DIE GRÜNEN,no
5864,53536,Merle Spellerberg,BÜNDNIS 90/­DIE GRÜNEN,no
5864,53428,Anne-Monika Spallek,BÜNDNIS 90/­DIE GRÜNEN,no_show
5864,53419,Nyke Slawik,BÜNDNIS 90/­DIE GRÜNEN,no
5864,53556,Kordula Schulz-Asche,BÜNDNIS 90/­DIE GRÜNEN,no
5864,53470,Christina-Johanne Schröder,BÜNDNIS 90/­DIE GRÜNEN,no
5864,53652,Marlene Schönberger,BÜNDNIS 90/­DIE GRÜNEN,no
5864,53647,Stefan Schmidt,BÜNDNIS 90/­DIE GRÜNEN,no
5864,53417,Ulle Schauws,BÜNDNIS 90/­DIE GRÜNEN,no
5864,53696,Sebastian Schäfer,BÜNDNIS 90/­DIE GRÜNEN,no
5864,54064,Jamila Anna Schäfer,BÜNDNIS 90/­DIE GRÜNEN,no
5864,56408,Michael Sacher,BÜNDNIS 90/­DIE GRÜNEN,no
5864,53588,Corinna Rüffer,BÜNDNIS 90/­DIE GRÜNEN,no
5864,53640,Claudia Roth,BÜNDNIS 90/­DIE GRÜNEN,no
5864,53586,Tabea Rößner,BÜNDNIS 90/­DIE GRÜNEN,no
5864,53697,Anja Reinalter,BÜNDNIS 90/­DIE GRÜNEN,no
5864,53468,Filiz Polat,BÜNDNIS 90/­DIE GRÜNEN,no
5864,53534,Paula Piechotta,BÜNDNIS 90/­DIE GRÜNEN,no
5864,54134,Lisa Paus,BÜNDNIS 90/­DIE GRÜNEN,no
5864,53479,Julian Pahlke,BÜNDNIS 90/­DIE GRÜNEN,no
5864,53944,Cem Özdemir,BÜNDNIS 90/­DIE GRÜNEN,no
5864,53476,Karoline Otte,BÜNDNIS 90/­DIE GRÜNEN,no
5864,54060,Omid Nouripour,BÜNDNIS 90/­DIE GRÜNEN,no
5864,54092,Konstantin von Notz,BÜNDNIS 90/­DIE GRÜNEN,no
5864,53421,Ophelia Nick,BÜNDNIS 90/­DIE GRÜNEN,no
5864,54091,Ingrid Nestle,BÜNDNIS 90/­DIE GRÜNEN,no
5864,53424,Sara Nanni,BÜNDNIS 90/­DIE GRÜNEN,no
5864,53688,Beate Müller-Gemmeke,BÜNDNIS 90/­DIE GRÜNEN,no
5864,54138,Sascha Müller,BÜNDNIS 90/­DIE GRÜNEN,no
5864,53989,Claudia Müller,BÜNDNIS 90/­DIE GRÜNEN,no
5864,54113,Boris Mijatović,BÜNDNIS 90/­DIE GRÜNEN,no
5864,53413,Irene Mihalic,BÜNDNIS 90/­DIE GRÜNEN,no
5864,53478,Swantje Michaelsen,BÜNDNIS 90/­DIE GRÜNEN,no
5864,53480,Susanne Menge,BÜNDNIS 90/­DIE GRÜNEN,no
5864,53951,Zoe Mayer,BÜNDNIS 90/­DIE GRÜNEN,no
5864,53558,Anna Lührmann,BÜNDNIS 90/­DIE GRÜNEN,no
5864,53422,Max Lucks,BÜNDNIS 90/­DIE GRÜNEN,no
5864,54093,Denise Loop,BÜNDNIS 90/­DIE GRÜNEN,no
5864,53587,Tobias Lindner,BÜNDNIS 90/­DIE GRÜNEN,no
5864,53475,Helge Limburg,BÜNDNIS 90/­DIE GRÜNEN,no
5864,53434,Anja Liebert,BÜNDNIS 90/­DIE GRÜNEN,no
5864,53508,Steffi Lemke,BÜNDNIS 90/­DIE GRÜNEN,no
5864,53799,Sven Lehmann,BÜNDNIS 90/­DIE GRÜNEN,no
5864,53692,Ricarda Lang,BÜNDNIS 90/­DIE GRÜNEN,no
5864,53429,Markus Kurth,BÜNDNIS 90/­DIE GRÜNEN,no
5864,54108,Renate Künast,BÜNDNIS 90/­DIE GRÜNEN,no
5864,60638,Franziska Krumwiede-Steiner,BÜNDNIS 90/­DIE GRÜNEN,no
5864,60635,Jürgen Kretz,BÜNDNIS 90/­DIE GRÜNEN,no
5864,67422,Johannes F. Kretschmann,BÜNDNIS 90/­DIE GRÜNEN,no
5864,53559,Philip Krämer,BÜNDNIS 90/­DIE GRÜNEN,no
5864,53430,Laura Kraft,BÜNDNIS 90/­DIE GRÜNEN,no
5864,53961,Chantal Kopf,BÜNDNIS 90/­DIE GRÜNEN,no
5864,53834,Maria Klein-Schmeink,BÜNDNIS 90/­DIE GRÜNEN,no
5864,53469,Sven-Christian Kindler,BÜNDNIS 90/­DIE GRÜNEN,no
5864,53590,Misbah Khan,BÜNDNIS 90/­DIE GRÜNEN,no
5864,53474,Katja Keul,BÜNDNIS 90/­DIE GRÜNEN,no
5864,53499,Michael Kellner,BÜNDNIS 90/­DIE GRÜNEN,no
5864,63655,Uwe Kekeritz,BÜNDNIS 90/­DIE GRÜNEN,no
5864,53485,Kirsten Kappert-Gonther,BÜNDNIS 90/­DIE GRÜNEN,no
5864,53420,Lamya Kaddor,BÜNDNIS 90/­DIE GRÜNEN,no
5864,54119,Dieter Janecek,BÜNDNIS 90/­DIE GRÜNEN,no
5864,54094,Bruno Hönel,BÜNDNIS 90/­DIE GRÜNEN,no
5864,60624,Ottmar von Holtz,BÜNDNIS 90/­DIE GRÜNEN,no
5864,53641,Anton Hofreiter,BÜNDNIS 90/­DIE GRÜNEN,no
5864,53555,Bettina Hoffmann,BÜNDNIS 90/­DIE GRÜNEN,no
5864,53535,Bernhard Herrmann,BÜNDNIS 90/­DIE GRÜNEN,no
5864,53427,Kathrin Henneberger,BÜNDNIS 90/­DIE GRÜNEN,no
5864,53728,Linda Heitmann,BÜNDNIS 90/­DIE GRÜNEN,no
5864,53412,Britta Haßelmann,BÜNDNIS 90/­DIE GRÜNEN,no
5864,54125,Robert Habeck,BÜNDNIS 90/­DIE GRÜNEN,no
5864,53432,Sabine Grützmacher,BÜNDNIS 90/­DIE GRÜNEN,no
5864,53645,Erhard Grundl,BÜNDNIS 90/­DIE GRÜNEN,no
5864,53589,Armin Grau,BÜNDNIS 90/­DIE GRÜNEN,no
5864,54117,Katrin Göring-Eckardt,BÜNDNIS 90/­DIE GRÜNEN,no
5864,53416,Jan-Niclas Gesenhues,BÜNDNIS 90/­DIE GRÜNEN,no
5864,53781,Stefan Gelbhaar,BÜNDNIS 90/­DIE GRÜNEN,no
5864,53423,Kai Gehring,BÜNDNIS 90/­DIE GRÜNEN,no
5864,53691,Matthias Gastel,BÜNDNIS 90/­DIE GRÜNEN,no
5864,53650,Tessa Ganserer,BÜNDNIS 90/­DIE GRÜNEN,no_show
5864,53426,Schahina Gambir,BÜNDNIS 90/­DIE GRÜNEN,no
5864,54101,Emilia Fester,BÜNDNIS 90/­DIE GRÜNEN,no
5864,53693,Marcel Emmerich,BÜNDNIS 90/­DIE GRÜNEN,no
5864,53655,Leon Eckert,BÜNDNIS 90/­DIE GRÜNEN,no
5864,53689,Harald Ebner,BÜNDNIS 90/­DIE GRÜNEN,no
5864,53560,Deborah Düring,BÜNDNIS 90/­DIE GRÜNEN,no
5864,53414,Katharina Dröge,BÜNDNIS 90/­DIE GRÜNEN,no
5864,53687,Sandra Detzer,BÜNDNIS 90/­DIE GRÜNEN,no
5864,53642,Ekin Deligöz,BÜNDNIS 90/­DIE GRÜNEN,no
5864,53431,Janosch Dahmen,BÜNDNIS 90/­DIE GRÜNEN,no
5864,53690,Anna Christmann,BÜNDNIS 90/­DIE GRÜNEN,no
5864,53473,Frank Bsirske,BÜNDNIS 90/­DIE GRÜNEN,no
5864,53685,Agnieszka Brugger,BÜNDNIS 90/­DIE GRÜNEN,no
5864,53954,Franziska Brantner,BÜNDNIS 90/­DIE GRÜNEN,no
5864,53433,Lukas Benner,BÜNDNIS 90/­DIE GRÜNEN,no
5864,54100,Katharina Beck,BÜNDNIS 90/­DIE GRÜNEN,no
5864,53788,Canan Bayram,BÜNDNIS 90/­DIE GRÜNEN,no
5864,53649,Karl Bär,BÜNDNIS 90/­DIE GRÜNEN,no
5864,53415,Felix Banaszak,BÜNDNIS 90/­DIE GRÜNEN,no
5864,53498,Annalena Baerbock,BÜNDNIS 90/­DIE GRÜNEN,no
5864,53646,Lisa Badum,BÜNDNIS 90/­DIE GRÜNEN,no
5864,54121,Tobias B. Bacherle,BÜNDNIS 90/­DIE GRÜNEN,no
5864,53425,Maik Außendorf,BÜNDNIS 90/­DIE GRÜNEN,no
5864,53512,Andreas Audretsch,BÜNDNIS 90/­DIE GRÜNEN,no
5864,54090,Luise Amtsberg,BÜNDNIS 90/­DIE GRÜNEN,no
5864,53952,Nicolas Zippelius,CDU/CSU,yes
5864,53853,Paul Ziemiak,CDU/CSU,yes
5864,53930,Emmi Zeulner,CDU/CSU,yes
5864,53448,Mareike Lotte Wulf,CDU/CSU,yes
5864,53942,Mechthilde Wittmann,CDU/CSU,yes
5864,53933,Tobias Winkler,CDU/CSU,yes
5864,53802,Elisabeth Winkelmeier-Becker,CDU/CSU,no_show
5864,53881,Klaus-Peter Willsch,CDU/CSU,yes
5864,60632,Bettina Wiesmann,CDU/CSU,yes
5864,53809,Klaus Wiener,CDU/CSU,yes
5864,53970,Annette Widmann-Mauz,CDU/CSU,no_show
5864,53953,Kai Whittaker,CDU/CSU,yes
5864,61989,Ingo Wellenreuther,CDU/CSU,yes
5864,53405,Sabine Weiss,CDU/CSU,no_show
5864,53965,Maria-Lena Weiss,CDU/CSU,yes
5864,54073,Anja Weisgerber,CDU/CSU,yes
5864,53956,Nina Warken,CDU/CSU,yes
5864,53517,Marco Wanderwitz,CDU/CSU,no_show
5864,54082,Johann Wadephul,CDU/CSU,yes
5864,53991,Christoph de Vries,CDU/CSU,yes
5864,54001,Oliver Vogt,CDU/CSU,yes
5864,53999,Kerstin Vieregge,CDU/CSU,yes
5864,54075,Volker Ullrich,CDU/CSU,yes
5864,54370,Markus Uhl,CDU/CSU,yes
5864,53996,Astrid Timmermann-Fechter,CDU/CSU,no_show
5864,53563,Antje Tillmann,CDU/CSU,no_show
5864,54081,Alexander Throm,CDU/CSU,yes
5864,53849,Hans-Jürgen Thies,CDU/CSU,yes
5864,53805,Hermann-Josef Tebroke,CDU/CSU,yes
5864,54078,Christina Stumpp,CDU/CSU,yes
5864,53923,Max Straubinger,CDU/CSU,yes
5864,53943,Stephan Stracke,CDU/CSU,yes
5864,53778,Dieter Stier,CDU/CSU,yes
5864,53948,Christian von Stetten,CDU/CSU,yes
5864,53909,Johannes Steiniger,CDU/CSU,yes
5864,53736,Albert Stegemann,CDU/CSU,yes
5864,54063,Wolfgang Stefinger,CDU/CSU,yes
5864,53916,Katrin Staffler,CDU/CSU,yes
5864,53829,Jens Spahn,CDU/CSU,yes
5864,53500,Tino Sorge,CDU/CSU,yes
5864,53887,Björn Simon,CDU/CSU,yes
5864,53927,Thomas Silberhorn,CDU/CSU,yes
5864,53695,Melis Sekmen,CDU/CSU,yes
5864,53797,Detlef Seif,CDU/CSU,yes
5864,53968,Felix Schreiner,CDU/CSU,yes
5864,54369,Nadine Schön,CDU/CSU,yes
5864,53903,Patrick Schnieder,CDU/CSU,yes
5864,53489,Jana Schimke,CDU/CSU,yes
5864,53518,Christiane Schenderlein,CDU/CSU,yes
5864,53997,Catarina dos Santos-Wintz,CDU/CSU,yes
5864,54071,Albert Rupprecht,CDU/CSU,yes
5864,53898,Erwin Rüddel,CDU/CSU,yes
5864,53484,Thomas Röwekamp,CDU/CSU,yes
5864,53817,Stefan Rouenhoff,CDU/CSU,yes
5864,53803,Norbert Röttgen,CDU/CSU,yes
5864,53863,Lars Rohwer,CDU/CSU,yes
5864,53972,Josef Rief,CDU/CSU,yes
5864,53862,Markus Reichel,CDU/CSU,yes
5864,53835,Henning Rehbaum,CDU/CSU,yes
5864,53920,Peter Ramsauer,CDU/CSU,yes
5864,54070,Alois Rainer,CDU/CSU,yes
5864,54067,Alexander Radwan,CDU/CSU,yes
5864,54002,Kerstin Radomski,CDU/CSU,yes
5864,53795,Thomas Rachel,CDU/CSU,yes
5864,53816,Martin Plum,CDU/CSU,no_show
5864,53990,Christoph Ploß,CDU/CSU,yes
5864,54065,Stephan Pilsinger,CDU/CSU,yes
5864,60617,Ingrid Pahlmann,CDU/CSU,yes
5864,53749,Henning Otte,CDU/CSU,yes
5864,53900,Josef Oster,CDU/CSU,yes
5864,53922,Florian Oßner,CDU/CSU,yes
5864,53957,Moritz Oppelt,CDU/CSU,yes
5864,53794,Wilfried Oellers,CDU/CSU,yes
5864,54084,Petra Nicolaisen,CDU/CSU,yes
5864,54000,Stefan Nacke,CDU/CSU,yes
5864,53447,Carsten Müller,CDU/CSU,yes
5864,53775,Sepp Müller,CDU/CSU,yes
5864,53852,Florian Müller,CDU/CSU,yes
5864,53974,Axel Müller,CDU/CSU,yes
5864,54076,Maximilian Mörseburg,CDU/CSU,yes
5864,53981,Dietrich Monstadt,CDU/CSU,yes
5864,53443,Mathias Middelberg,CDU/CSU,yes
5864,53907,Jan Metzler,CDU/CSU,yes
5864,53850,Friedrich Merz,CDU/CSU,yes
5864,53890,Michael Meister,CDU/CSU,yes
5864,53973,Volker Mayer-Lay,CDU/CSU,yes
5864,53913,Stephan Mayer,CDU/CSU,yes
5864,53739,Andreas Mattfeldt,CDU/CSU,yes
5864,60631,Astrid Mannes,CDU/CSU,yes
5864,53869,Yvonne Magwas,CDU/CSU,no_show
5864,53960,Klaus Mack,CDU/CSU,yes
5864,53918,Daniela Ludwig,CDU/CSU,yes
5864,53509,Jan-Marco Luczak,CDU/CSU,yes
5864,54062,Bernhard Loos,CDU/CSU,yes
5864,53538,Patricia Lips,CDU/CSU,yes
5864,54131,Carsten Linnemann,CDU/CSU,yes
5864,53937,Andrea Lindholz,CDU/CSU,yes
5864,53914,Andreas Lenz,CDU/CSU,yes
5864,53539,Katja Leikert,CDU/CSU,yes
5864,54074,Paul Lehrieder,CDU/CSU,yes
5864,53855,Jens Lehmann,CDU/CSU,yes
5864,53928,Silke Launert,CDU/CSU,yes
5864,53404,Armin Laschet,CDU/CSU,yes
5864,53940,Ulrich Lange,CDU/CSU,yes
5864,53446,Tilman Kuban,CDU/CSU,yes
5864,53814,Günter Krings,CDU/CSU,yes
5864,53959,Gunther Krichbaum,CDU/CSU,yes
5864,53519,Carsten Körber,CDU/CSU,yes
5864,53879,Markus Koob,CDU/CSU,yes
5864,53831,Anne König,CDU/CSU,yes
5864,53487,Jens Koeppen,CDU/CSU,yes
5864,53738,Axel Knoerig,CDU/CSU,yes
5864,53571,Julia Klöckner,CDU/CSU,yes
5864,53851,Volkmar Klein,CDU/CSU,yes
5864,54133,Ottilie Klein,CDU/CSU,yes
5864,53796,Georg Kippels,CDU/CSU,yes
5864,53919,Michael Kießling,CDU/CSU,yes
5864,53950,Roderich Kiesewetter,CDU/CSU,no_show
5864,53971,Ronja Kemmer,CDU/CSU,yes
5864,60622,Stefan Kaufmann,CDU/CSU,yes
5864,53833,Anja Karliczek,CDU/CSU,yes
5864,53967,Andreas Jung,CDU/CSU,yes
5864,53811,Thomas Jarzombek,CDU/CSU,yes
5864,53445,Anne Janssen,CDU/CSU,yes
5864,53915,Erich Irlstorfer,CDU/CSU,yes
5864,54003,Hubert Hüppe,CDU/CSU,yes
5864,54099,Franziska Hoppermann,CDU/CSU,yes
5864,53441,Hendrik Hoppenstedt,CDU/CSU,yes
5864,53938,Alexander Hoffmann,CDU/CSU,yes
5864,53562,Christian Hirte,CDU/CSU,yes
5864,53924,Susanne Hierl,CDU/CSU,yes
5864,53815,Ansgar Heveling,CDU/CSU,yes
5864,53832,Marc Henrichmann,CDU/CSU,yes
5864,54049,Mark Helfrich,CDU/CSU,yes
5864,53784,Thomas Heilmann,CDU/CSU,no_show
5864,53899,Mechthild Heil,CDU/CSU,yes
5864,53541,Stefan Heck,CDU/CSU,yes
5864,53825,Matthias Hauer,CDU/CSU,yes
5864,54378,Jürgen Hardt,CDU/CSU,yes
5864,54066,Florian Hahn,CDU/CSU,yes
5864,54130,Christian Haase,CDU/CSU,yes
5864,53958,Olav Gutting,CDU/CSU,yes
5864,53449,Fritz Güntzler,CDU/CSU,yes
5864,53995,Serap Güler,CDU/CSU,yes
5864,53782,Monika Grütters,CDU/CSU,no_show
5864,53735,Oliver Grundmann,CDU/CSU,yes
5864,53891,Manfred Grund,CDU/CSU,yes
5864,53945,Markus Grübel,CDU/CSU,yes
5864,53442,Michael Grosse-Brömer,CDU/CSU,yes
5864,53813,Hermann Gröhe,CDU/CSU,yes
5864,53949,Inge Gräßle,CDU/CSU,yes
5864,54080,Fabian Gramling,CDU/CSU,yes
5864,54132,Jonas Geissler,CDU/CSU,yes
5864,53572,Thomas Gebhart,CDU/CSU,yes
5864,54083,Ingo Gädechens,CDU/CSU,yes
5864,53935,Michael Frieser,CDU/CSU,yes
5864,53929,Hans-Peter Friedrich,CDU/CSU,yes
5864,53966,Thorsten Frei,CDU/CSU,yes
5864,58167,Alexander Föhr,CDU/CSU,yes
5864,53444,Enak Ferlemann,CDU/CSU,yes
5864,53488,Uwe Feiler,CDU/CSU,yes
5864,53947,Hermann Färber,CDU/CSU,yes
5864,54068,Thomas Erndl,CDU/CSU,yes
5864,53926,Martina Englhardt-Kopf,CDU/CSU,yes
5864,53941,Alexander Engelhard,CDU/CSU,yes
5864,53936,Ralph Edelhäußer,CDU/CSU,yes
5864,53939,Hansjörg Durz,CDU/CSU,yes
5864,53969,Michael Donth,CDU/CSU,yes
5864,53921,Alexander Dobrindt,CDU/CSU,yes
5864,54048,Astrid Damerow,CDU/CSU,yes
5864,53790,Mario Czaja,CDU/CSU,yes
5864,53730,Gitta Connemann,CDU/CSU,yes
5864,53963,Yannick Bury,CDU/CSU,yes
5864,53901,Marlon Bröhr,CDU/CSU,yes
5864,53804,Carsten Brodesser,CDU/CSU,yes
5864,53836,Ralph Brinkhaus,CDU/CSU,yes
5864,53998,Michael Breilmann,CDU/CSU,yes
5864,53773,Heike Brehmer,CDU/CSU,yes
5864,53934,Sebastian Brehm,CDU/CSU,yes
5864,53737,Silvia Breher,CDU/CSU,yes
5864,53537,Helge Braun,CDU/CSU,no_show
5864,53917,Reinhard Brandl,CDU/CSU,yes
5864,53877,Michael Brand,CDU/CSU,yes
5864,53982,Simone Borchardt,CDU/CSU,yes
5864,54079,Steffen Bilger,CDU/CSU,yes
5864,54077,Marc Biadacz,CDU/CSU,yes
5864,53810,Peter Beyer,CDU/CSU,yes
5864,58127,Melanie Bernstein,CDU/CSU,yes
5864,53975,Thomas Bareiß,CDU/CSU,yes
5864,54072,Dorothee Bär,CDU/CSU,yes
5864,53925,Peter Aumer,CDU/CSU,yes
5864,53931,Artur Auernhammer,CDU/CSU,yes
5864,53980,Philipp Amthor,CDU/CSU,yes
5864,53884,Norbert Maria Altenkamp,CDU/CSU,yes
5864,53450,Stephan Albani,CDU/CSU,yes
5864,53490,Knut Abraham,CDU/CSU,yes
5864,53725,Katrin Zschau,SPD,no
5864,53885,Armand Zorn,SPD,no
5864,53889,Jens Zimmermann,SPD,no
5864,53762,Stefan Zierke,SPD,no
5864,54016,Gülistan Yüksel,SPD,no
5864,53771,Herbert Wollmann,SPD,no
5864,54007,Dirk Wiese,SPD,no
5864,53753,Bernd Westphal,SPD,no
5864,53576,Lena Werner,SPD,no
5864,53902,Joe Weingarten,SPD,no
5864,53886,Melanie Wegling,SPD,no
5864,53611,Carmen Wegge,SPD,no
5864,53770,Hannes Walter,SPD,no
5864,53769,Maja Wallstein,SPD,no
5864,53613,Carolin Wagner,SPD,no_show
5864,53822,Dirk Vöpel,SPD,no
5864,57246,Emily Vontz,SPD,no
5864,53745,Marja-Liisa Völlers,SPD,no
5864,53897,Frank Ullrich,SPD,no
5864,53681,Derya Türk-Nachbaur,SPD,no
5864,53451,Anja Troff-Schaffarzyk,SPD,no
5864,53594,Carsten Träger,SPD,no
5864,53828,Markus Töns,SPD,no
5864,53848,Michael Thews,SPD,no
5864,53601,Claudia Tausend,SPD,no
5864,54107,Ruppert Stüwe,SPD,no
5864,53527,Nadja Sthamer,SPD,no
5864,54050,Mathias Stein,SPD,no
5864,54051,Ralf Stegner,SPD,no
5864,53609,Martina Stamm-Fibich,SPD,no
5864,53741,Svenja Stadler,SPD,no
5864,53678,Lina Seitzl,SPD,no
5864,53666,Rita Schwarzelühr-Sutter,SPD,no
5864,54137,Andreas Schwarz,SPD,no
5864,53838,Stefan Schwartze,SPD,no
5864,53826,Frank Schwabe,SPD,no
5864,54004,Svenja Schulze,SPD,no
5864,53604,Michael Schrodi,SPD,no
5864,53908,Christian Schreider,SPD,no
5864,53751,Johannes Schraps,SPD,no
5864,53766,Olaf Scholz,SPD,no
5864,53895,Carsten Schneider,SPD,no
5864,53734,Daniel Schneider,SPD,no
5864,53875,Dagmar Schmidt,SPD,no
5864,53760,Uwe Schmidt,SPD,no
5864,53665,Nils Schmid,SPD,no
5864,53600,Christoph Schmid,SPD,no
5864,53841,Timo Schisanowski,SPD,no
5864,53453,Peggy Schierenbeck,SPD,no
5864,54008,Udo Schiefner,SPD,no_show
5864,53603,Marianne Schieder,SPD,no
5864,54129,Nina Scheer,SPD,no
5864,53608,Johannes Schätzl,SPD,no
5864,63660,Lucia Schanbacher,SPD,no
5864,53748,Rebecca Schamber,SPD,no
5864,53843,Axel Schäfer,SPD,no
5864,53808,Ingo Schäfer,SPD,no
5864,53729,Johann Saathoff,SPD,no
5864,53759,Sarah Ryglewski,SPD,no
5864,53598,Bernd Rützel,SPD,no
5864,60633,Nadine Ruf,SPD,no
5864,53568,Tina Rudolph,SPD,no
5864,53573,Thorsten Rudolph,SPD,no
5864,53872,Michael Roth,SPD,no
5864,54014,Jessica Rosenthal,SPD,no
5864,53667,Martin Rosemann,SPD,no
5864,53596,Sebastian Roloff,SPD,no
5864,53732,Dennis Rohde,SPD,no
5864,54126,Sönke Rix,SPD,no
5864,57091,Daniel Rinkert,SPD,no
5864,53812,Andreas Rimkus,SPD,no
5864,54021,Ye-One Rhie,SPD,no
5864,60630,Martin Rabanus,SPD,no
5864,53839,Achim Post,SPD,no
5864,53846,Sabine Poschmann,SPD,no
5864,53614,Jan Plobner,SPD,no
5864,53978,Christian Petry,SPD,no
5864,53845,Jens Peick,SPD,no
5864,53880,Natalie Pawlik,SPD,no
5864,53768,Mathias Papendieck,SPD,no
5864,53761,Wiebke Papenbrock,SPD,no
5864,53755,Christos Pantazis,SPD,no
5864,54136,Aydan Özoğuz,SPD,no
5864,53821,Mahmut Özdemir,SPD,no
5864,53976,Josephine Ortleb,SPD,no
5864,53883,Lennard Oehl,SPD,no
5864,53610,Jörg Nürnberger,SPD,no
5864,54012,Dietmar Nietan,SPD,no
5864,53827,Brian Nickholz,SPD,no
5864,53525,Rasha Nasr,SPD,no
5864,53800,Rolf Mützenich,SPD,no
5864,53844,Michelle Müntefering,SPD,no
5864,53865,Detlef Müller,SPD,no
5864,53785,Michael Müller,SPD,no
5864,53878,Bettina Müller,SPD,no
5864,53731,Siemtje Möller,SPD,no
5864,53793,Claudia Moll,SPD,no
5864,53733,Susanne Mittag,SPD,no
5864,53910,Matthias Mieves,SPD,no
5864,53752,Matthias Miersch,SPD,no
5864,53524,Kathrin Michel,SPD,no
5864,53679,Robin Mesarosch,SPD,no
5864,58124,Dirk-Ulrich Mende,SPD,no
5864,53606,Andreas Mehltretter,SPD,no
5864,53668,Katja Mast,SPD,no
5864,54112,Franziska Mascheck,SPD,no
5864,53675,Parsa Marvi,SPD,no
5864,54058,Dorothee Martin,SPD,no
5864,54019,Zanda Martens,SPD,no
5864,53523,Holger Mann,SPD,no
5864,54056,Erik von Malottki,SPD,no
5864,53574,Isabel Mackensen-Geis,SPD,no
5864,53905,Tanja Machalet,SPD,no
5864,53662,Thomas Lutze,SPD,no
5864,54011,Bettina Lugk,SPD,no
5864,53807,Helge Lindh,SPD,no
5864,53979,Esra Limbacher,SPD,no
5864,54022,Luiza Licina-Bode,SPD,no
5864,53682,Kevin Leiser,SPD,no
5864,53767,Sylvia Lehmann,SPD,no
5864,53806,Karl Lauterbach,SPD,no
5864,53888,Andreas Larem,SPD,no
5864,54017,Sarah Lahrkamp,SPD,no
5864,53786,Kevin Kühnert,SPD,no
5864,53774,Martin Kröber,SPD,no
5864,53754,Dunja Kreiser,SPD,no
5864,53595,Anette Kramme,SPD,no
5864,53764,Simona Koß,SPD,no
5864,53593,Bärbel Kofler,SPD,no
5864,54053,Tim Klüssendorf,SPD,no
5864,54106,Annika Klose,SPD,no
5864,53740,Lars Klingbeil,SPD,no
5864,54127,Kristian Klinck,SPD,no
5864,53783,Helmut Kleebank,SPD,no
5864,53772,Franziska Kersten,SPD,no
5864,53674,Gabriele Katzmarek,SPD,no
5864,54055,Anna Kassautzki,SPD,no
5864,53526,Carlos Kasper,SPD,no
5864,53677,Macit Karaahmetoğlu,SPD,no
5864,53567,Elisabeth Kaiser,SPD,no
5864,53847,Oliver Kaczmarek,SPD,no
5864,53680,Josip Juratovic,SPD,no
5864,54054,Frank Junge,SPD,no
5864,53612,Markus Hümpfer,SPD,no
5864,53904,Verena Hubertz,SPD,no
5864,53672,Jasmina Hostert,SPD,no
5864,60639,Angela Hohmann,SPD,no
5864,53912,Thomas Hitschler,SPD,no
5864,60644,Heike Heubach,SPD,no
5864,54010,Nadine Heselhaus,SPD,no
5864,53452,Anke Hennig,SPD,no
5864,54015,Wolfgang Hellmich,SPD,no
5864,53599,Gabriela Heinrich,SPD,no
5864,53757,Frauke Heiligenstadt,SPD,no
5864,53750,Hubertus Heil,SPD,no
5864,53824,Dirk Heidenblut,SPD,no
5864,54005,Sebastian Hartmann,SPD,no
5864,54059,Metin Hakverdi,SPD,no
5864,53597,Rita Hagl-Kehl,SPD,no
5864,54128,Bettina Hagedorn,SPD,no
5864,54006,Kerstin Griese,SPD,no
5864,53911,Angelika Glöckner,SPD,no
5864,53671,Martin Gerster,SPD,no
5864,53830,Michael Gerdes,SPD,no
5864,53744,Manuel Gava,SPD,no_show
5864,53528,Fabian Funke,SPD,no
5864,53873,Edgar Franke,SPD,no
5864,53823,Sebastian Fiedler,SPD,no
5864,53669,Johannes Fechner,SPD,no
5864,53763,Ariane Fäscher,SPD,no
5864,53664,Saskia Esken,SPD,no
5864,53837,Wiebke Esdar,SPD,no
5864,53683,Heike Engelhardt,SPD,no
5864,53765,Sonja Eichwede,SPD,no
5864,53842,Axel Echeverria,SPD,no
5864,53727,Falko Droßmann,SPD,no
5864,53876,Felix Döring,SPD,no
5864,53605,Sabine Dittmar,SPD,no
5864,53870,Esther Dilcher,SPD,no
5864,53819,Jan Dieren,SPD,no
5864,53575,Martin Diedenhofen,SPD,no_show
5864,53777,Karamba Diaby,SPD,no
5864,53787,Hakan Demir,SPD,no
5864,56401,Daniela De Ridder,SPD,no
5864,54009,Bernhard Daldrup,SPD,no
5864,54020,Jürgen Coße,SPD,no
5864,53673,Lars Castellucci,SPD,no
5864,53955,Isabel Cademartori,SPD,no
5864,53505,Katrin Budde,SPD,no
5864,53670,Leni Breymaier,SPD,no
5864,53742,Jakob Blankenburg,SPD,no
5864,54052,Bengt Bergt,SPD,no
5864,53840,Jürgen Berghahn,SPD,no
5864,53893,Holger Becker,SPD,no
5864,53820,Bärbel Bas,SPD,no
5864,57240,Alexander Bartz,SPD,no
5864,53874,Sören Bartol,SPD,no
5864,54018,Nezahat Baradari,SPD,no
5864,53906,Daniel Baldy,SPD,no
5864,53607,Ulrike Bahr,SPD,no
5864,53676,Heike Baehrens,SPD,no
5864,53726,Johannes Arlt,SPD,no
5864,53992,Niels Annen,SPD,no
5864,54013,Dagmar Andres,SPD,no
5864,53724,Reem Alabali Radovan,SPD,no
5864,53746,Adis Ahmetović,SPD,no
5864,53798,Sanae Abdi,SPD,no
5957,54087,Gyde Jensen-Bornhöft,FDP,no
5957,53746,Adis Ahmetović,SPD,yes
5957,54095,Uwe Witt,fraktionslos,no_show
5957,53581,Volker Wissing,fraktionslos,yes
5957,53714,Dirk Spaniel,fraktionslos,no
5957,53719,Thomas Seitz,fraktionslos,no
5957,54098,Stefan Seidler,fraktionslos,yes
5957,53620,Johannes Huber,fraktionslos,no
5957,53406,Matthias Helferich,fraktionslos,no
5957,53779,Robert Farle,fraktionslos,no
5957,53544,Joana Cotar,fraktionslos,no
5957,53436,Sahra Wagenknecht,BSW (Gruppe),no
5957,53591,Alexander Ulrich,BSW (Gruppe),no
5957,53723,Jessica Tatti,BSW (Gruppe),no
5957,53993,Zaklin Nastić,BSW (Gruppe),no
5957,53481,Amira Mohamed Ali,BSW (Gruppe),no
5957,53440,Christian Leye,BSW (Gruppe),no
5957,53438,Andrej Hunko,BSW (Gruppe),no
5957,53657,Klaus Ernst,BSW (Gruppe),no_show
5957,53437,Sevim Dağdelen,BSW (Gruppe),no
5957,54115,Ali Al-Dailami,BSW (Gruppe),no
5957,54114,Janine Wissler,Die Linke. (Gruppe),no
5957,53439,Kathrin Vogler,Die Linke. (Gruppe),no
5957,53504,Petra Sitte,Die Linke. (Gruppe),no
5957,53721,Bernd Riexinger,Die Linke. (Gruppe),no
5957,53566,Martina Renner,Die Linke. (Gruppe),no
5957,53483,Heidi Reichinnek,Die Linke. (Gruppe),no
5957,53482,Victor Perli,Die Linke. (Gruppe),no
5957,53856,Sören Pellmann,Die Linke. (Gruppe),no
5957,54105,Petra Pau,Die Linke. (Gruppe),no
5957,54097,Cornelia Möhring,Die Linke. (Gruppe),no
5957,53791,Gesine Lötzsch,Die Linke. (Gruppe),no
5957,53565,Ralph Lenkert,Die Linke. (Gruppe),no
5957,53521,Caren Lay,Die Linke. (Gruppe),no
5957,53987,Ina Latendorf,Die Linke. (Gruppe),no
5957,53503,Jan Korte,Die Linke. (Gruppe),no
5957,53564,Susanne Hennig-Wellsow,Die Linke. (Gruppe),no
5957,53522,André Hahn,Die Linke. (Gruppe),no
5957,53789,Gregor Gysi,Die Linke. (Gruppe),no
5957,53659,Ates Gürpinar,Die Linke. (Gruppe),no
5957,53495,Christian Görke,Die Linke. (Gruppe),no
5957,53656,Nicole Gohlke,Die Linke. (Gruppe),no
5957,53658,Susanne Ferschl,Die Linke. (Gruppe),no
5957,54104,Anke Domscheit-Berg,Die Linke. (Gruppe),no
5957,60641,Jörg Cezanne,Die Linke. (Gruppe),no
5957,54422,Clara Bünger,Die Linke. (Gruppe),no
5957,54102,Matthias W. Birkwald,Die Linke. (Gruppe),no
5957,53986,Dietmar Bartsch,Die Linke. (Gruppe),no
5957,53722,Gökay Akbulut,Die Linke. (Gruppe),no
5957,53776,Kay-Uwe Ziegler,AfD,no
5957,53462,Joachim Wundrak,AfD,no
5957,54120,Christian Wirth,AfD,no
5957,53621,Wolfgang Wiehle,AfD,no
5957,53408,Harald Weyel,AfD,no
5957,53712,Alice Weidel,AfD,no
5957,53514,Beatrix von Storch,AfD,no
5957,53892,Klaus Stöber,AfD,no
5957,53492,René Springer,AfD,no
5957,53619,Martin Sichert,AfD,no
5957,53545,Uwe Schulz,AfD,no
5957,54046,Jörg Schneider,AfD,no
5957,53502,Jan Wenzel Schmidt,AfD,no
5957,53409,Eugen Schmidt,AfD,no
5957,63197,Manfred Schiller,AfD,no
5957,53985,Ulrike Schielke-Ziesing,AfD,no
5957,53580,Bernd Schattner,AfD,no
5957,58166,Rainer Rothfuß,AfD,no
5957,53463,Frank Rinck,AfD,no
5957,54045,Martin Erwin Renner,AfD,no
5957,53501,Martin Reichardt,AfD,no
5957,53617,Stephan Protschka,AfD,no
5957,54116,Jürgen Pohl,AfD,no
5957,54118,Tobias Matthias Peterka,AfD,no
5957,53623,Gerold Otten,AfD,no
5957,53546,Jan Ralf Nolte,AfD,no
5957,53857,Edgar Naujok,AfD,no
5957,53577,Sebastian Münzenmaier,AfD,no_show
5957,62905,Volker Münz,AfD,no
5957,53868,Matthias Moosdorf,AfD,no
5957,53866,Mike Moncsek,AfD,no
5957,54042,Rüdiger Lucassen,AfD,no_show
5957,53622,Rainer Kraft,AfD,no
5957,53493,Steffen Kotré,AfD,no
5957,53466,Jörn König,AfD,no
5957,53984,Enrico Komning,AfD,no
5957,53494,Norbert Kleinwächter,AfD,no
5957,53411,Stefan Keuter,AfD,no
5957,53896,Michael Kaufmann,AfD,no
5957,53717,Malte Kaufmann,AfD,no
5957,53861,Steffen Janich,AfD,no
5957,54044,Fabian Jacobi,AfD,no
5957,53625,Gerrit Huy,AfD,no
5957,53983,Leif-Erik Holm,AfD,no
5957,53578,Nicole Höchst,AfD,no
5957,53859,Karsten Hilse,AfD,no
5957,53713,Martin Hess,AfD,no
5957,53410,Jochen Haug,AfD,no
5957,53543,Mariana Harder-Kühnel,AfD,no
5957,54043,Kay Gottschalk,AfD,no
5957,54103,Hannes Gnauck,AfD,no
5957,53547,Albrecht Glaser,AfD,no
5957,53491,Alexander Gauland,AfD,no
5957,53516,Götz Frömming,AfD,no
5957,54124,Markus Frohnmaier,AfD,no
5957,53465,Dietmar Friedhoff,AfD,no
5957,53624,Peter Felser,AfD,no
5957,54047,Michael Espendiller,AfD,no
5957,53464,Thomas Ehrhorn,AfD,no
5957,53867,Thomas Dietz,AfD,no
5957,53515,Gottfried Curio,AfD,no
5957,53860,Tino Chrupalla,AfD,no
5957,53894,Marcus Bühl,AfD,no
5957,53720,Jürgen Braun,AfD,no
5957,54061,Stephan Brandner,AfD,no
5957,53467,Dirk Brandes,AfD,no
5957,54096,Gereon Bollmann,AfD,no
5957,53615,Peter Boehringer,AfD,no
5957,53854,René Bochmann,AfD,no
5957,53579,Andreas Bleck,AfD,no_show
5957,53716,Marc Bernhard,AfD,no
5957,53858,Barbara Benkstein,AfD,no
5957,53407,Roger Beckamp,AfD,no
5957,53994,Bernd Baumann,AfD,no
5957,53718,Christina Baum,AfD,no
5957,53864,Carolin Bachmann,AfD,no
5957,60126,Katharina Willkomm,FDP,no
5957,54032,Nicole Westig,FDP,no
5957,53584,Sandra Weeser,FDP,no
5957,60616,Tim Wagner,FDP,no
5957,54027,Johannes Vogel,FDP,no
5957,53569,Gerald Ullrich,FDP,no
5957,53635,Andrew Ullmann,FDP,no
5957,53702,Florian Toncar,FDP,no
5957,54041,Manfred Todtenhausen,FDP,no
5957,53533,Nico Tippelt,FDP,no_show
5957,53631,Stephan Thomae,FDP,no
5957,54040,Jens Teutrine,FDP,no
5957,53496,Linda Teuteberg,FDP,no
5957,53703,Benjamin Strasser,FDP,no
5957,53710,Konrad Stockmeier,FDP,no
5957,53548,Bettina Stark-Watzinger,FDP,no
5957,53699,Judith Skudelny,FDP,no
5957,53711,Rainer Semet,FDP,no
5957,53708,Stephan Seiter,FDP,no
5957,53460,Matthias Seestern-Pauly,FDP,no
5957,53456,Anja Schulz,FDP,no
5957,53403,Ria Schröder,FDP,no
5957,54031,Frank Schäffler,FDP,no
5957,54038,Christian Sauter,FDP,no
5957,54035,Bernd Reuther,FDP,no
5957,53486,Volker Redder,FDP,no_show
5957,54380,Claudia Raffelhüschen,FDP,no
5957,53530,Frank Müller-Rosentritt,FDP,no
5957,53551,Alexander Müller,FDP,no
5957,54089,Max Mordhorst,FDP,no
5957,54109,Christoph Meyer,FDP,no
5957,53550,Till Mansmann,FDP,no
5957,53637,Kristine Lütke,FDP,no
5957,53663,Oliver Luksic,FDP,no
5957,53700,Michael Link,FDP,no
5957,54023,Christian Lindner,FDP,no
5957,53549,Thorsten Lieb,FDP,no
5957,53552,Jürgen Lenders,FDP,no
5957,53633,Ulrich Lechte,FDP,no
5957,53457,Konstantin Kuhle,FDP,no
5957,54086,Wolfgang Kubicki,FDP,no
5957,53402,Michael Kruse,FDP,no
5957,53582,Carina Konrad,FDP,no
5957,53629,Lukas Köhler,FDP,no
5957,53701,Pascal Kober,FDP,no
5957,54110,Daniela Kluckert,FDP,no
5957,53628,Karsten Klein,FDP,no
5957,54122,Ann-Veruschka Jurisch,FDP,no
5957,54039,Olaf in der Beek,FDP,no
5957,54030,Reinhard Houben,FDP,no
5957,53706,Christoph Hoffmann,FDP,no
5957,53585,Manuel Höferlin,FDP,no
5957,53459,Gero Hocker,FDP,no
5957,53627,Katja Hessel,FDP,no
5957,53529,Torsten Herbst,FDP,no
5957,54034,Markus Herbrand,FDP,no
5957,54037,Katrin Helling-Plahr,FDP,no_show
5957,53554,Peter Heidt,FDP,no
5957,53532,Ulrike Harzer,FDP,no
5957,53531,Philipp Hartewig,FDP,no
5957,53638,Thomas Hacker,FDP,no
5957,63290,Julian Simon Grünke,FDP,no
5957,56410,Nils Gründer,FDP,no
5957,62904,Fabian Griewel,FDP,no
5957,53461,Anikó Glogowski-Merten,FDP,no
5957,53458,Knut Gerschau,FDP,no
5957,54123,Martin Gassner-Herz,FDP,no
5957,53636,Maximilian Funke-Kaiser,FDP,no
5957,54029,Otto Fricke,FDP,no
5957,53626,Daniel Föst,FDP,no
5957,53506,Marcus Faber,FDP,no
5957,53454,Christian Dürr,FDP,no
5957,54028,Bijan Djir-Sarai,FDP,no
5957,54036,Carl-Julius Cronenberg,FDP,no
5957,54033,Karlheinz Busen,FDP,no
5957,54026,Marco Buschmann,FDP,no
5957,53634,Sandra Bubendorfer-Licht,FDP,no
5957,53583,Mario Brandenburg,FDP,no
5957,53705,Jens Brandenburg,FDP,no
5957,53497,Friedhelm Boginski,FDP,no
5957,53507,Ingo Bodtke,FDP,no
5957,53455,Jens Beeck,FDP,no
5957,53632,Nicole Bauer,FDP,no
5957,60178,Christian Bartelt,FDP,no
5957,54088,Christine Aschenberg-Dugnus,FDP,no
5957,53704,Renata Alt,FDP,no
5957,53639,Muhanad Al-Halak,FDP,no
5957,53553,Katja Adler,FDP,no
5957,53709,Valentin Abel,FDP,no
5957,53654,Tina Winklmann,BÜNDNIS 90/­DIE GRÜNEN,yes
5957,53477,Stefan Wenzel,BÜNDNIS 90/­DIE GRÜNEN,yes
5957,53648,Saskia Weishaupt,BÜNDNIS 90/­DIE GRÜNEN,yes
5957,54377,Beate Walter-Rosenheimer,BÜNDNIS 90/­DIE GRÜNEN,no_show
5957,53653,Johannes Wagner,BÜNDNIS 90/­DIE GRÜNEN,yes
5957,53418,Robin Wagener,BÜNDNIS 90/­DIE GRÜNEN,yes
5957,53651,Niklas Wagener,BÜNDNIS 90/­DIE GRÜNEN,yes
5957,53472,Julia Verlinden,BÜNDNIS 90/­DIE GRÜNEN,yes
5957,53801,Katrin Uhlig,BÜNDNIS 90/­DIE GRÜNEN,yes
5957,53561,Awet Tesfaiesus,BÜNDNIS 90/­DIE GRÜNEN,yes
5957,54135,Kassem Taher Saleh,BÜNDNIS 90/­DIE GRÜNEN,yes
5957,53557,Wolfgang Strengmann-Kuhn,BÜNDNIS 90/­DIE GRÜNEN,yes
5957,53780,Hanna Steinmüller,BÜNDNIS 90/­DIE GRÜNEN,yes
5957,54057,Till Steffen,BÜNDNIS 90/­DIE GRÜNEN,yes
5957,53536,Merle Spellerberg,BÜNDNIS 90/­DIE GRÜNEN,yes
5957,53428,Anne-Monika Spallek,BÜNDNIS 90/­DIE GRÜNEN,yes
5957,53419,Nyke Slawik,BÜNDNIS 90/­DIE GRÜNEN,yes
5957,53556,Kordula Schulz-Asche,BÜNDNIS 90/­DIE GRÜNEN,yes
5957,53470,Christina-Johanne Schröder,BÜNDNIS 90/­DIE GRÜNEN,yes
5957,53652,Marlene Schönberger,BÜNDNIS 90/­DIE GRÜNEN,yes
5957,53647,Stefan Schmidt,BÜNDNIS 90/­DIE GRÜNEN,yes
5957,53417,Ulle Schauws,BÜNDNIS 90/­DIE GRÜNEN,yes
5957,53696,Sebastian Schäfer,BÜNDNIS 90/­DIE GRÜNEN,yes
5957,54064,Jamila Anna Schäfer,BÜNDNIS 90/­DIE GRÜNEN,yes
5957,56408,Michael Sacher,BÜNDNIS 90/­DIE GRÜNEN,yes
5957,53588,Corinna Rüffer,BÜNDNIS 90/­DIE GRÜNEN,yes
5957,53640,Claudia Roth,BÜNDNIS 90/­DIE GRÜNEN,yes
5957,53586,Tabea Rößner,BÜNDNIS 90/­DIE GRÜNEN,no_show
5957,53697,Anja Reinalter,BÜNDNIS 90/­DIE GRÜNEN,yes
5957,53468,Filiz Polat,BÜNDNIS 90/­DIE GRÜNEN,yes
5957,53534,Paula Piechotta,BÜNDNIS 90/­DIE GRÜNEN,yes
5957,54134,Lisa Paus,BÜNDNIS 90/­DIE GRÜNEN,yes
5957,53479,Julian Pahlke,BÜNDNIS 90/­DIE GRÜNEN,yes
5957,53944,Cem Özdemir,BÜNDNIS 90/­DIE GRÜNEN,yes
5957,53476,Karoline Otte,BÜNDNIS 90/­DIE GRÜNEN,yes
5957,54060,Omid Nouripour,BÜNDNIS 90/­DIE GRÜNEN,yes
5957,54092,Konstantin von Notz,BÜNDNIS 90/­DIE GRÜNEN,yes
5957,53421,Ophelia Nick,BÜNDNIS 90/­DIE GRÜNEN,yes
5957,54091,Ingrid Nestle,BÜNDNIS 90/­DIE GRÜNEN,yes
5957,53424,Sara Nanni,BÜNDNIS 90/­DIE GRÜNEN,yes
5957,53688,Beate Müller-Gemmeke,BÜNDNIS 90/­DIE GRÜNEN,yes
5957,54138,Sascha Müller,BÜNDNIS 90/­DIE GRÜNEN,yes
5957,53989,Claudia Müller,BÜNDNIS 90/­DIE GRÜNEN,yes
5957,54113,Boris Mijatović,BÜNDNIS 90/­DIE GRÜNEN,yes
5957,53413,Irene Mihalic,BÜNDNIS 90/­DIE GRÜNEN,yes
5957,53478,Swantje Michaelsen,BÜNDNIS 90/­DIE GRÜNEN,yes
5957,53480,Susanne Menge,BÜNDNIS 90/­DIE GRÜNEN,yes
5957,53951,Zoe Mayer,BÜNDNIS 90/­DIE GRÜNEN,yes
5957,53558,Anna Lührmann,BÜNDNIS 90/­DIE GRÜNEN,yes
5957,53422,Max Lucks,BÜNDNIS 90/­DIE GRÜNEN,yes
5957,54093,Denise Loop,BÜNDNIS 90/­DIE GRÜNEN,yes
5957,53587,Tobias Lindner,BÜNDNIS 90/­DIE GRÜNEN,yes
5957,53475,Helge Limburg,BÜNDNIS 90/­DIE GRÜNEN,yes
5957,53434,Anja Liebert,BÜNDNIS 90/­DIE GRÜNEN,yes
5957,53508,Steffi Lemke,BÜNDNIS 90/­DIE GRÜNEN,yes
5957,53799,Sven Lehmann,BÜNDNIS 90/­DIE GRÜNEN,yes
5957,53692,Ricarda Lang,BÜNDNIS 90/­DIE GRÜNEN,yes
5957,53429,Markus Kurth,BÜNDNIS 90/­DIE GRÜNEN,yes
5957,54108,Renate Künast,BÜNDNIS 90/­DIE GRÜNEN,yes
5957,60638,Franziska Krumwiede-Steiner,BÜNDNIS 90/­DIE GRÜNEN,yes
5957,60635,Jürgen Kretz,BÜNDNIS 90/­DIE GRÜNEN,yes
5957,67422,Johannes F. Kretschmann,BÜNDNIS 90/­DIE GRÜNEN,yes
5957,53559,Philip Krämer,BÜNDNIS 90/­DIE GRÜNEN,yes
5957,53430,Laura Kraft,BÜNDNIS 90/­DIE GRÜNEN,yes
5957,53961,Chantal Kopf,BÜNDNIS 90/­DIE GRÜNEN,yes
5957,53834,Maria Klein-Schmeink,BÜNDNIS 90/­DIE GRÜNEN,yes
5957,53469,Sven-Christian Kindler,BÜNDNIS 90/­DIE GRÜNEN,yes
5957,53590,Misbah Khan,BÜNDNIS 90/­DIE GRÜNEN,yes
5957,53474,Katja Keul,BÜNDNIS 90/­DIE GRÜNEN,yes
5957,53499,Michael Kellner,BÜNDNIS 90/­DIE GRÜNEN,yes
5957,63655,Uwe Kekeritz,BÜNDNIS 90/­DIE GRÜNEN,yes
5957,53485,Kirsten Kappert-Gonther,BÜNDNIS 90/­DIE GRÜNEN,yes
5957,53420,Lamya Kaddor,BÜNDNIS 90/­DIE GRÜNEN,yes
5957,54119,Dieter Janecek,BÜNDNIS 90/­DIE GRÜNEN,yes
5957,54094,Bruno Hönel,BÜNDNIS 90/­DIE GRÜNEN,yes
5957,60624,Ottmar von Holtz,BÜNDNIS 90/­DIE GRÜNEN,yes
5957,53641,Anton Hofreiter,BÜNDNIS 90/­DIE GRÜNEN,yes
5957,53555,Bettina Hoffmann,BÜNDNIS 90/­DIE GRÜNEN,yes
5957,53535,Bernhard Herrmann,BÜNDNIS 90/­DIE GRÜNEN,yes
5957,53427,Kathrin Henneberger,BÜNDNIS 90/­DIE GRÜNEN,yes
5957,53728,Linda Heitmann,BÜNDNIS 90/­DIE GRÜNEN,yes
5957,53412,Britta Haßelmann,BÜNDNIS 90/­DIE GRÜNEN,yes
5957,54125,Robert Habeck,BÜNDNIS 90/­DIE GRÜNEN,yes
5957,53432,Sabine Grützmacher,BÜNDNIS 90/­DIE GRÜNEN,no_show
5957,53645,Erhard Grundl,BÜNDNIS 90/­DIE GRÜNEN,yes
5957,53589,Armin Grau,BÜNDNIS 90/­DIE GRÜNEN,yes
5957,54117,Katrin Göring-Eckardt,BÜNDNIS 90/­DIE GRÜNEN,yes
5957,53416,Jan-Niclas Gesenhues,BÜNDNIS 90/­DIE GRÜNEN,yes
5957,53781,Stefan Gelbhaar,BÜNDNIS 90/­DIE GRÜNEN,yes
5957,53423,Kai Gehring,BÜNDNIS 90/­DIE GRÜNEN,yes
5957,53691,Matthias Gastel,BÜNDNIS 90/­DIE GRÜNEN,yes
5957,53650,Tessa Ganserer,BÜNDNIS 90/­DIE GRÜNEN,no_show
5957,53426,Schahina Gambir,BÜNDNIS 90/­DIE GRÜNEN,yes
5957,54101,Emilia Fester,BÜNDNIS 90/­DIE GRÜNEN,yes
5957,53693,Marcel Emmerich,BÜNDNIS 90/­DIE GRÜNEN,yes
5957,53655,Leon Eckert,BÜNDNIS 90/­DIE GRÜNEN,yes
5957,53689,Harald Ebner,BÜNDNIS 90/­DIE GRÜNEN,yes
5957,53560,Deborah Düring,BÜNDNIS 90/­DIE GRÜNEN,yes
5957,53414,Katharina Dröge,BÜNDNIS 90/­DIE GRÜNEN,yes
5957,53687,Sandra Detzer,BÜNDNIS 90/­DIE GRÜNEN,yes
5957,53642,Ekin Deligöz,BÜNDNIS 90/­DIE GRÜNEN,yes
5957,53431,Janosch Dahmen,BÜNDNIS 90/­DIE GRÜNEN,yes
5957,53690,Anna Christmann,BÜNDNIS 90/­DIE GRÜNEN,yes
5957,53473,Frank Bsirske,BÜNDNIS 90/­DIE GRÜNEN,yes
5957,53685,Agnieszka Brugger,BÜNDNIS 90/­DIE GRÜNEN,yes
5957,53954,Franziska Brantner,BÜNDNIS 90/­DIE GRÜNEN,yes
5957,53433,Lukas Benner,BÜNDNIS 90/­DIE GRÜNEN,yes
5957,54100,Katharina Beck,BÜNDNIS 90/­DIE GRÜNEN,yes
5957,53788,Canan Bayram,BÜNDNIS 90/­DIE GRÜNEN,no
5957,53649,Karl Bär,BÜNDNIS 90/­DIE GRÜNEN,yes
5957,53415,Felix Banaszak,BÜNDNIS 90/­DIE GRÜNEN,yes
5957,53498,Annalena Baerbock,BÜNDNIS 90/­DIE GRÜNEN,yes
5957,53646,Lisa Badum,BÜNDNIS 90/­DIE GRÜNEN,yes
5957,54121,Tobias B. Bacherle,BÜNDNIS 90/­DIE GRÜNEN,yes
5957,53425,Maik Außendorf,BÜNDNIS 90/­DIE GRÜNEN,yes
5957,53512,Andreas Audretsch,BÜNDNIS 90/­DIE GRÜNEN,yes
5957,54090,Luise Amtsberg,BÜNDNIS 90/­DIE GRÜNEN,yes
5957,53952,Nicolas Zippelius,CDU/CSU,yes
5957,53853,Paul Ziemiak,CDU/CSU,yes
5957,53930,Emmi Zeulner,CDU/CSU,yes
5957,53448,Mareike Lotte Wulf,CDU/CSU,yes
5957,53942,Mechthilde Wittmann,CDU/CSU,yes
5957,53933,Tobias Winkler,CDU/CSU,yes
5957,53802,Elisabeth Winkelmeier-Becker,CDU/CSU,yes
5957,53881,Klaus-Peter Willsch,CDU/CSU,yes
5957,60632,Bettina Wiesmann,CDU/CSU,yes
5957,53809,Klaus Wiener,CDU/CSU,yes
5957,53970,Annette Widmann-Mauz,CDU/CSU,yes
5957,53953,Kai Whittaker,CDU/CSU,yes
5957,61989,Ingo Wellenreuther,CDU/CSU,yes
5957,53405,Sabine Weiss,CDU/CSU,yes
5957,53965,Maria-Lena Weiss,CDU/CSU,yes
5957,54073,Anja Weisgerber,CDU/CSU,yes
5957,53956,Nina Warken,CDU/CSU,yes
5957,53517,Marco Wanderwitz,CDU/CSU,yes
5957,54082,Johann Wadephul,CDU/CSU,yes
5957,53991,Christoph de Vries,CDU/CSU,yes
5957,54001,Oliver Vogt,CDU/CSU,yes
5957,53999,Kerstin Vieregge,CDU/CSU,yes
5957,54075,Volker Ullrich,CDU/CSU,yes
5957,54370,Markus Uhl,CDU/CSU,yes
5957,53996,Astrid Timmermann-Fechter,CDU/CSU,yes
5957,53563,Antje Tillmann,CDU/CSU,yes
5957,54081,Alexander Throm,CDU/CSU,yes
5957,53849,Hans-Jürgen Thies,CDU/CSU,yes
5957,53805,Hermann-Josef Tebroke,CDU/CSU,yes
5957,54078,Christina Stumpp,CDU/CSU,yes
5957,53923,Max Straubinger,CDU/CSU,yes
5957,53943,Stephan Stracke,CDU/CSU,yes
5957,53778,Dieter Stier,CDU/CSU,yes
5957,53948,Christian von Stetten,CDU/CSU,yes
5957,53909,Johannes Steiniger,CDU/CSU,yes
5957,53736,Albert Stegemann,CDU/CSU,yes
5957,54063,Wolfgang Stefinger,CDU/CSU,yes
5957,53916,Katrin Staffler,CDU/CSU,yes
5957,53829,Jens Spahn,CDU/CSU,yes
5957,53500,Tino Sorge,CDU/CSU,yes
5957,53887,Björn Simon,CDU/CSU,yes
5957,53927,Thomas Silberhorn,CDU/CSU,yes
5957,53695,Melis Sekmen,CDU/CSU,yes
5957,53797,Detlef Seif,CDU/CSU,yes
5957,53968,Felix Schreiner,CDU/CSU,yes
5957,54369,Nadine Schön,CDU/CSU,yes
5957,53903,Patrick Schnieder,CDU/CSU,yes
5957,53489,Jana Schimke,CDU/CSU,yes
5957,53518,Christiane Schenderlein,CDU/CSU,yes
5957,53997,Catarina dos Santos-Wintz,CDU/CSU,yes
5957,54071,Albert Rupprecht,CDU/CSU,yes
5957,53484,Thomas Röwekamp,CDU/CSU,yes
5957,53817,Stefan Rouenhoff,CDU/CSU,yes
5957,53803,Norbert Röttgen,CDU/CSU,yes
5957,53863,Lars Rohwer,CDU/CSU,yes
5957,53972,Josef Rief,CDU/CSU,yes
5957,53862,Markus Reichel,CDU/CSU,yes
5957,53835,Henning Rehbaum,CDU/CSU,yes
5957,53920,Peter Ramsauer,CDU/CSU,yes
5957,54070,Alois Rainer,CDU/CSU,yes
5957,54067,Alexander Radwan,CDU/CSU,yes
5957,54002,Kerstin Radomski,CDU/CSU,yes
5957,53795,Thomas Rachel,CDU/CSU,yes
5957,53816,Martin Plum,CDU/CSU,yes
5957,53990,Christoph Ploß,CDU/CSU,yes
5957,54065,Stephan Pilsinger,CDU/CSU,yes
5957,60617,Ingrid Pahlmann,CDU/CSU,yes
5957,53749,Henning Otte,CDU/CSU,yes
5957,53900,Josef Oster,CDU/CSU,yes
5957,53922,Florian Oßner,CDU/CSU,yes
5957,53957,Moritz Oppelt,CDU/CSU,yes
5957,53794,Wilfried Oellers,CDU/CSU,yes
5957,54084,Petra Nicolaisen,CDU/CSU,yes
5957,54000,Stefan Nacke,CDU/CSU,yes
5957,53447,Carsten Müller,CDU/CSU,yes
5957,53775,Sepp Müller,CDU/CSU,yes
5957,53852,Florian Müller,CDU/CSU,yes
5957,53974,Axel Müller,CDU/CSU,yes
5957,54076,Maximilian Mörseburg,CDU/CSU,yes
5957,53981,Dietrich Monstadt,CDU/CSU,yes
5957,53443,Mathias Middelberg,CDU/CSU,yes
5957,53907,Jan Metzler,CDU/CSU,yes
5957,53850,Friedrich Merz,CDU/CSU,yes
5957,53890,Michael Meister,CDU/CSU,yes
5957,53973,Volker Mayer-Lay,CDU/CSU,yes
5957,53913,Stephan Mayer,CDU/CSU,yes
5957,53739,Andreas Mattfeldt,CDU/CSU,yes
5957,60631,Astrid Mannes,CDU/CSU,yes
5957,53869,Yvonne Magwas,CDU/CSU,yes
5957,53960,Klaus Mack,CDU/CSU,yes
5957,53918,Daniela Ludwig,CDU/CSU,yes
5957,53509,Jan-Marco Luczak,CDU/CSU,yes
5957,54062,Bernhard Loos,CDU/CSU,yes
5957,53538,Patricia Lips,CDU/CSU,yes
5957,54131,Carsten Linnemann,CDU/CSU,yes
5957,53937,Andrea Lindholz,CDU/CSU,yes
5957,53914,Andreas Lenz,CDU/CSU,yes
5957,53539,Katja Leikert,CDU/CSU,yes
5957,54074,Paul Lehrieder,CDU/CSU,yes
5957,53855,Jens Lehmann,CDU/CSU,yes
5957,53928,Silke Launert,CDU/CSU,yes
5957,53404,Armin Laschet,CDU/CSU,yes
5957,53940,Ulrich Lange,CDU/CSU,yes
5957,53446,Tilman Kuban,CDU/CSU,yes
5957,53814,Günter Krings,CDU/CSU,yes
5957,53959,Gunther Krichbaum,CDU/CSU,yes
5957,53519,Carsten Körber,CDU/CSU,yes
5957,53879,Markus Koob,CDU/CSU,yes
5957,53831,Anne König,CDU/CSU,yes
5957,53487,Jens Koeppen,CDU/CSU,no_show
5957,53738,Axel Knoerig,CDU/CSU,yes
5957,53571,Julia Klöckner,CDU/CSU,yes
5957,53851,Volkmar Klein,CDU/CSU,yes
5957,54133,Ottilie Klein,CDU/CSU,yes
5957,53796,Georg Kippels,CDU/CSU,yes
5957,53919,Michael Kießling,CDU/CSU,yes
5957,53950,Roderich Kiesewetter,CDU/CSU,yes
5957,53971,Ronja Kemmer,CDU/CSU,no_show
5957,60622,Stefan Kaufmann,CDU/CSU,yes
5957,53833,Anja Karliczek,CDU/CSU,yes
5957,53967,Andreas Jung,CDU/CSU,yes
5957,53811,Thomas Jarzombek,CDU/CSU,yes
5957,53445,Anne Janssen,CDU/CSU,yes
5957,53915,Erich Irlstorfer,CDU/CSU,yes
5957,54003,Hubert Hüppe,CDU/CSU,yes
5957,54099,Franziska Hoppermann,CDU/CSU,yes
5957,53441,Hendrik Hoppenstedt,CDU/CSU,yes
5957,53938,Alexander Hoffmann,CDU/CSU,yes
5957,53562,Christian Hirte,CDU/CSU,yes
5957,53924,Susanne Hierl,CDU/CSU,yes
5957,53815,Ansgar Heveling,CDU/CSU,yes
5957,53832,Marc Henrichmann,CDU/CSU,yes
5957,54049,Mark Helfrich,CDU/CSU,yes
5957,53784,Thomas Heilmann,CDU/CSU,yes
5957,53899,Mechthild Heil,CDU/CSU,yes
5957,53541,Stefan Heck,CDU/CSU,yes
5957,53825,Matthias Hauer,CDU/CSU,yes
5957,54378,Jürgen Hardt,CDU/CSU,yes
5957,54066,Florian Hahn,CDU/CSU,yes
5957,54130,Christian Haase,CDU/CSU,yes
5957,53958,Olav Gutting,CDU/CSU,yes
5957,53449,Fritz Güntzler,CDU/CSU,yes
5957,53995,Serap Güler,CDU/CSU,yes
5957,53782,Monika Grütters,CDU/CSU,yes
5957,53735,Oliver Grundmann,CDU/CSU,yes
5957,53891,Manfred Grund,CDU/CSU,yes
5957,53945,Markus Grübel,CDU/CSU,yes
5957,53442,Michael Grosse-Brömer,CDU/CSU,yes
5957,53813,Hermann Gröhe,CDU/CSU,yes
5957,67615,Ursula Groden-Kranich,CDU/CSU,yes
5957,53949,Inge Gräßle,CDU/CSU,yes
5957,54080,Fabian Gramling,CDU/CSU,yes
5957,54132,Jonas Geissler,CDU/CSU,yes
5957,53572,Thomas Gebhart,CDU/CSU,yes
5957,54083,Ingo Gädechens,CDU/CSU,yes
5957,53935,Michael Frieser,CDU/CSU,yes
5957,53929,Hans-Peter Friedrich,CDU/CSU,yes
5957,53966,Thorsten Frei,CDU/CSU,yes
5957,58167,Alexander Föhr,CDU/CSU,yes
5957,53444,Enak Ferlemann,CDU/CSU,yes
5957,53488,Uwe Feiler,CDU/CSU,yes
5957,53947,Hermann Färber,CDU/CSU,yes
5957,54068,Thomas Erndl,CDU/CSU,yes
5957,53926,Martina Englhardt-Kopf,CDU/CSU,yes
5957,53941,Alexander Engelhard,CDU/CSU,yes
5957,53936,Ralph Edelhäußer,CDU/CSU,yes
5957,53939,Hansjörg Durz,CDU/CSU,yes
5957,53969,Michael Donth,CDU/CSU,yes
5957,53921,Alexander Dobrindt,CDU/CSU,yes
5957,54048,Astrid Damerow,CDU/CSU,yes
5957,53790,Mario Czaja,CDU/CSU,no
5957,53730,Gitta Connemann,CDU/CSU,yes
5957,53963,Yannick Bury,CDU/CSU,yes
5957,53901,Marlon Bröhr,CDU/CSU,yes
5957,53804,Carsten Brodesser,CDU/CSU,yes
5957,53836,Ralph Brinkhaus,CDU/CSU,yes
5957,53998,Michael Breilmann,CDU/CSU,yes
5957,53773,Heike Brehmer,CDU/CSU,yes
5957,53934,Sebastian Brehm,CDU/CSU,yes
5957,53737,Silvia Breher,CDU/CSU,yes
5957,53537,Helge Braun,CDU/CSU,yes
5957,53917,Reinhard Brandl,CDU/CSU,yes
5957,53877,Michael Brand,CDU/CSU,yes
5957,53982,Simone Borchardt,CDU/CSU,yes
5957,54079,Steffen Bilger,CDU/CSU,yes
5957,54077,Marc Biadacz,CDU/CSU,yes
5957,53810,Peter Beyer,CDU/CSU,yes
5957,58127,Melanie Bernstein,CDU/CSU,yes
5957,53975,Thomas Bareiß,CDU/CSU,yes
5957,54072,Dorothee Bär,CDU/CSU,yes
5957,53925,Peter Aumer,CDU/CSU,yes
5957,53931,Artur Auernhammer,CDU/CSU,yes
5957,53980,Philipp Amthor,CDU/CSU,yes
5957,53884,Norbert Maria Altenkamp,CDU/CSU,yes
5957,53450,Stephan Albani,CDU/CSU,yes
5957,53490,Knut Abraham,CDU/CSU,yes
5957,53725,Katrin Zschau,SPD,yes
5957,53885,Armand Zorn,SPD,yes
5957,53889,Jens Zimmermann,SPD,yes
5957,53762,Stefan Zierke,SPD,yes
5957,54016,Gülistan Yüksel,SPD,yes
5957,53771,Herbert Wollmann,SPD,yes
5957,54007,Dirk Wiese,SPD,yes
5957,53753,Bernd Westphal,SPD,yes
5957,53576,Lena Werner,SPD,yes
5957,53902,Joe Weingarten,SPD,yes
5957,53886,Melanie Wegling,SPD,yes
5957,53611,Carmen Wegge,SPD,yes
5957,53770,Hannes Walter,SPD,yes
5957,53769,Maja Wallstein,SPD,yes
5957,53613,Carolin Wagner,SPD,yes
5957,53822,Dirk Vöpel,SPD,yes
5957,57246,Emily Vontz,SPD,yes
5957,53745,Marja-Liisa Völlers,SPD,yes
5957,53897,Frank Ullrich,SPD,yes
5957,53681,Derya Türk-Nachbaur,SPD,yes
5957,53451,Anja Troff-Schaffarzyk,SPD,yes
5957,53594,Carsten Träger,SPD,yes
5957,53828,Markus Töns,SPD,yes
5957,53848,Michael Thews,SPD,yes
5957,53601,Claudia Tausend,SPD,yes
5957,54107,Ruppert Stüwe,SPD,yes
5957,53527,Nadja Sthamer,SPD,yes
5957,54050,Mathias Stein,SPD,yes
5957,54051,Ralf Stegner,SPD,yes
5957,53609,Martina Stamm-Fibich,SPD,yes
5957,53741,Svenja Stadler,SPD,yes
5957,53678,Lina Seitzl,SPD,yes
5957,53666,Rita Schwarzelühr-Sutter,SPD,yes
5957,54137,Andreas Schwarz,SPD,yes
5957,53838,Stefan Schwartze,SPD,yes
5957,53826,Frank Schwabe,SPD,yes
5957,54004,Svenja Schulze,SPD,yes
5957,53604,Michael Schrodi,SPD,yes
5957,53908,Christian Schreider,SPD,yes
5957,53751,Johannes Schraps,SPD,yes
5957,53766,Olaf Scholz,SPD,yes
5957,53895,Carsten Schneider,SPD,yes
5957,53734,Daniel Schneider,SPD,yes
5957,53875,Dagmar Schmidt,SPD,yes
5957,53760,Uwe Schmidt,SPD,yes
5957,53665,Nils Schmid,SPD,yes
5957,53600,Christoph Schmid,SPD,yes
5957,53841,Timo Schisanowski,SPD,yes
5957,53453,Peggy Schierenbeck,SPD,yes
5957,54008,Udo Schiefner,SPD,yes
5957,53603,Marianne Schieder,SPD,yes
5957,54129,Nina Scheer,SPD,yes
5957,53608,Johannes Schätzl,SPD,yes
5957,63660,Lucia Schanbacher,SPD,yes
5957,53748,Rebecca Schamber,SPD,yes
5957,53843,Axel Schäfer,SPD,yes
5957,53808,Ingo Schäfer,SPD,yes
5957,53729,Johann Saathoff,SPD,yes
5957,53759,Sarah Ryglewski,SPD,yes
5957,53598,Bernd Rützel,SPD,yes
5957,60633,Nadine Ruf,SPD,yes
5957,53568,Tina Rudolph,SPD,yes
5957,53573,Thorsten Rudolph,SPD,yes
5957,53872,Michael Roth,SPD,yes
5957,54014,Jessica Rosenthal,SPD,yes
5957,53667,Martin Rosemann,SPD,yes
5957,53596,Sebastian Roloff,SPD,yes
5957,53732,Dennis Rohde,SPD,yes
5957,54126,Sönke Rix,SPD,yes
5957,57091,Daniel Rinkert,SPD,yes
5957,53812,Andreas Rimkus,SPD,yes
5957,54021,Ye-One Rhie,SPD,yes
5957,60630,Martin Rabanus,SPD,yes
5957,53839,Achim Post,SPD,yes
5957,53846,Sabine Poschmann,SPD,yes
5957,53614,Jan Plobner,SPD,yes
5957,53978,Christian Petry,SPD,yes
5957,53845,Jens Peick,SPD,yes
5957,53880,Natalie Pawlik,SPD,yes
5957,53768,Mathias Papendieck,SPD,yes
5957,53761,Wiebke Papenbrock,SPD,yes
5957,53755,Christos Pantazis,SPD,yes
5957,54136,Aydan Özoğuz,SPD,yes
5957,53821,Mahmut Özdemir,SPD,yes
5957,53976,Josephine Ortleb,SPD,yes
5957,53883,Lennard Oehl,SPD,yes
5957,53610,Jörg Nürnberger,SPD,yes
5957,54012,Dietmar Nietan,SPD,yes
5957,53827,Brian Nickholz,SPD,yes
5957,53525,Rasha Nasr,SPD,yes
5957,53800,Rolf Mützenich,SPD,yes
5957,53844,Michelle Müntefering,SPD,yes
5957,53865,Detlef Müller,SPD,yes
5957,53785,Michael Müller,SPD,yes
5957,53878,Bettina Müller,SPD,yes
5957,53731,Siemtje Möller,SPD,yes
5957,53793,Claudia Moll,SPD,yes
5957,53733,Susanne Mittag,SPD,yes
5957,53910,Matthias Mieves,SPD,yes
5957,53752,Matthias Miersch,SPD,yes
5957,53524,Kathrin Michel,SPD,yes
5957,53679,Robin Mesarosch,SPD,yes
5957,58124,Dirk-Ulrich Mende,SPD,yes
5957,53606,Andreas Mehltretter,SPD,yes
5957,53668,Katja Mast,SPD,yes
5957,54112,Franziska Mascheck,SPD,yes
5957,53675,Parsa Marvi,SPD,yes
5957,54058,Dorothee Martin,SPD,yes
5957,54019,Zanda Martens,SPD,yes
5957,53523,Holger Mann,SPD,yes
5957,54056,Erik von Malottki,SPD,yes
5957,53574,Isabel Mackensen-Geis,SPD,yes
5957,53905,Tanja Machalet,SPD,yes
5957,53662,Thomas Lutze,SPD,yes
5957,54011,Bettina Lugk,SPD,yes
5957,53807,Helge Lindh,SPD,yes
5957,53979,Esra Limbacher,SPD,yes
5957,54022,Luiza Licina-Bode,SPD,yes
5957,53682,Kevin Leiser,SPD,yes
5957,53767,Sylvia Lehmann,SPD,yes
5957,53806,Karl Lauterbach,SPD,yes
5957,53888,Andreas Larem,SPD,yes
5957,54017,Sarah Lahrkamp,SPD,yes
5957,53786,Kevin Kühnert,SPD,yes
5957,53774,Martin Kröber,SPD,yes
5957,53754,Dunja Kreiser,SPD,yes
5957,53595,Anette Kramme,SPD,yes
5957,53764,Simona Koß,SPD,yes
5957,53593,Bärbel Kofler,SPD,yes
5957,54053,Tim Klüssendorf,SPD,yes
5957,54106,Annika Klose,SPD,yes
5957,53740,Lars Klingbeil,SPD,yes
5957,54127,Kristian Klinck,SPD,yes
5957,53783,Helmut Kleebank,SPD,yes
5957,53772,Franziska Kersten,SPD,yes
5957,53674,Gabriele Katzmarek,SPD,yes
5957,54055,Anna Kassautzki,SPD,yes
5957,53526,Carlos Kasper,SPD,yes
5957,53677,Macit Karaahmetoğlu,SPD,yes
5957,53567,Elisabeth Kaiser,SPD,yes
5957,53847,Oliver Kaczmarek,SPD,yes
5957,53680,Josip Juratovic,SPD,yes
5957,54054,Frank Junge,SPD,yes
5957,53612,Markus Hümpfer,SPD,yes
5957,53904,Verena Hubertz,SPD,yes
5957,53672,Jasmina Hostert,SPD,yes
5957,60639,Angela Hohmann,SPD,yes
5957,53912,Thomas Hitschler,SPD,yes
5957,60644,Heike Heubach,SPD,yes
5957,54010,Nadine Heselhaus,SPD,yes
5957,53452,Anke Hennig,SPD,yes
5957,54015,Wolfgang Hellmich,SPD,yes
5957,53599,Gabriela Heinrich,SPD,yes
5957,53757,Frauke Heiligenstadt,SPD,yes
5957,53750,Hubertus Heil,SPD,yes
5957,53824,Dirk Heidenblut,SPD,yes
5957,54005,Sebastian Hartmann,SPD,yes
5957,54059,Metin Hakverdi,SPD,yes
5957,53597,Rita Hagl-Kehl,SPD,yes
5957,54128,Bettina Hagedorn,SPD,yes
5957,54006,Kerstin Griese,SPD,yes
5957,53911,Angelika Glöckner,SPD,yes
5957,53671,Martin Gerster,SPD,yes
5957,53830,Michael Gerdes,SPD,yes
5957,53744,Manuel Gava,SPD,yes
5957,53528,Fabian Funke,SPD,yes
5957,53873,Edgar Franke,SPD,yes
5957,53823,Sebastian Fiedler,SPD,yes
5957,53669,Johannes Fechner,SPD,yes
5957,53763,Ariane Fäscher,SPD,yes
5957,53664,Saskia Esken,SPD,yes
5957,53837,Wiebke Esdar,SPD,yes
5957,53683,Heike Engelhardt,SPD,yes
5957,53765,Sonja Eichwede,SPD,yes
5957,53842,Axel Echeverria,SPD,yes
5957,53727,Falko Droßmann,SPD,yes
5957,53876,Felix Döring,SPD,yes
5957,53605,Sabine Dittmar,SPD,yes
5957,53870,Esther Dilcher,SPD,yes
5957,53819,Jan Dieren,SPD,no
5957,53575,Martin Diedenhofen,SPD,yes
5957,53777,Karamba Diaby,SPD,yes
5957,53787,Hakan Demir,SPD,yes
5957,56401,Daniela De Ridder,SPD,yes
5957,54009,Bernhard Daldrup,SPD,yes
5957,54020,Jürgen Coße,SPD,yes
5957,53673,Lars Castellucci,SPD,yes
5957,53955,Isabel Cademartori,SPD,yes
5957,53505,Katrin Budde,SPD,yes
5957,53670,Leni Breymaier,SPD,yes
5957,53742,Jakob Blankenburg,SPD,yes
5957,54052,Bengt Bergt,SPD,yes
5957,53840,Jürgen Berghahn,SPD,yes
5957,53893,Holger Becker,SPD,yes
5957,53820,Bärbel Bas,SPD,yes
5957,57240,Alexander Bartz,SPD,yes
5957,53874,Sören Bartol,SPD,yes
5957,54018,Nezahat Baradari,SPD,no_show
5957,53906,Daniel Baldy,SPD,yes
5957,53607,Ulrike Bahr,SPD,yes
5957,53676,Heike Baehrens,SPD,yes
5957,53726,Johannes Arlt,SPD,yes
5957,53992,Niels Annen,SPD,yes
5957,54013,Dagmar Andres,SPD,yes
5957,53724,Reem Alabali Radovan,SPD,yes
5957,53798,Sanae Abdi,SPD,yes
929,41178,Arfst Wagner,DIE GRÜNEN,yes
929,38797,Manfred Zöllmer,SPD,yes
929,44261,Brigitte Zypries,SPD,yes
929,38814,Waltraud Wolff,SPD,yes
929,38819,Jörn Wunderlich,DIE LINKE,yes
929,44342,Uta Zapf,SPD,yes
929,38806,Dagmar Ziegler,SPD,yes
929,38794,Sabine Zimmermann,DIE LINKE,yes
929,40828,Josef Winkler,DIE GRÜNEN,yes
929,38829,Valerie Wilms,DIE GRÜNEN,yes
929,40613,Dieter Wiefelspütz,SPD,yes
929,41050,Wolfgang Wieland,DIE GRÜNEN,yes
929,38823,Andrea Wicklein,SPD,yes
929,44318,Heidemarie Wieczorek-Zeul,SPD,yes
929,38869,Halina Wawzyniak,DIE LINKE,yes
929,38860,Harald Weinberg,DIE LINKE,yes
929,41098,Daniela Wagner,DIE GRÜNEN,yes
929,38898,Ute Vogt,SPD,yes
929,44304,Marlies Volkmer,SPD,yes
929,39834,Wolfgang Tiefensee,SPD,yes
929,38799,Markus Tressel,DIE GRÜNEN,yes
929,38907,Jürgen Trittin,DIE GRÜNEN,yes
929,38910,Axel Troost,DIE LINKE,yes
929,38655,Alexander Ulrich,DIE LINKE,yes
929,39080,Rüdiger Veit,SPD,yes
929,41048,Wolfgang Thierse,SPD,yes
929,44264,Franz Thönnes,SPD,yes
929,40515,Alexander Süßmair,DIE LINKE,yes
929,38930,Kerstin Tack,SPD,yes
929,38933,Kirsten Tackmann,DIE LINKE,yes
929,38938,Frank Tempel,DIE LINKE,yes
929,38918,Harald Terpe,DIE GRÜNEN,yes
929,41165,Sabine Stüber,DIE LINKE,yes
929,44252,Hans-Christian Ströbele,DIE GRÜNEN,yes
929,38956,Frank-Walter Steinmeier,SPD,yes
929,38946,Christoph Strässer,SPD,yes
929,39824,Wolfgang Strengmann-Kuhn,DIE GRÜNEN,yes
929,41104,Dorothea Steiner,DIE GRÜNEN,yes
929,38961,Peer Steinbrück,SPD,yes
929,38967,Sonja Steffen,SPD,yes
929,45212,Carsten Sieling,SPD,yes
929,38665,Petra Sitte,DIE LINKE,yes
929,41182,Raju Sharma,DIE LINKE,yes
929,41141,Kathrin Senger-Schäfer,DIE LINKE,yes
929,38987,Stefan Schwartze,SPD,yes
929,40638,Ilja Seifert,DIE LINKE,yes
929,40973,Rolf Schwanitz,SPD,yes
929,40890,Martin Schwanholz,SPD,yes
929,38985,Frank Schwabe,SPD,yes
929,44591,Ewald Schurer,SPD,yes
929,38998,Swen Schulz,SPD,yes
929,38687,Frithjof Schmidt,DIE GRÜNEN,yes
929,39011,Ulla Schmidt,SPD,yes
929,39014,Carsten Schneider,SPD,yes
929,40928,Ottmar Schreiner,SPD,yes
929,39026,Elisabeth Scharfenberg,DIE GRÜNEN,yes
929,44295,Bernd Scheelen,SPD,yes
929,44598,Gerhard Schick,DIE GRÜNEN,yes
929,39037,Marianne Schieder,SPD,yes
929,44379,Werner Schieder,SPD,yes
929,39059,Michael Schlecht,DIE LINKE,yes
929,40859,Krista Sager,DIE GRÜNEN,yes
929,39052,Manuel Sarrazin,DIE GRÜNEN,yes
929,40149,Anton Schaaf,SPD,yes
929,39023,Axel Schäfer,SPD,yes
929,40943,Paul Schäfer,DIE LINKE,yes
929,40887,Marlene Rupprecht,SPD,yes
929,39071,Michael Roth,SPD,yes
929,40842,Karin Roth,SPD,yes
929,39068,Claudia Roth,DIE GRÜNEN,yes
929,39063,Ernst Dieter Rossmann,SPD,yes
929,39065,Tabea Rößner,DIE GRÜNEN,yes
929,39115,Sönke Rix,SPD,yes
929,44575,Carola Reimann,SPD,yes
929,41179,Ingrid Remmers,DIE LINKE,yes
929,39096,Mechthild Rawert,SPD,yes
929,39107,Gerold Reichenbach,SPD,yes
929,38788,Sascha Raabe,SPD,yes
929,39144,Florian Pronold,SPD,yes
929,39141,Wilhelm Priesmeier,SPD,yes
929,39138,Brigitte Pothmer,DIE GRÜNEN,yes
929,44270,Joachim Poß,SPD,yes
929,39130,Richard Pitterle,DIE LINKE,yes
929,40826,Johannes Pflug,SPD,yes
929,44375,Heinz Paula,SPD,yes
929,39158,Lisa Paus,DIE GRÜNEN,yes
929,38300,Jens Petermann,DIE LINKE,yes
929,39161,Petra Pau,DIE LINKE,yes
929,41125,Hermann Ott,DIE GRÜNEN,yes
929,39180,Omid Nouripour,DIE GRÜNEN,yes
929,39169,Aydan Özoğuz,SPD,yes
929,39188,Thomas Oppermann,SPD,yes
929,40789,Holger Ortel,SPD,yes
929,39171,Friedrich Ostendorff,DIE GRÜNEN,yes
929,38660,Konstantin von Notz,DIE GRÜNEN,yes
929,39193,Dietmar Nietan,SPD,yes
929,44378,Manfred Nink,SPD,yes
929,39199,Thomas Nord,DIE LINKE,yes
929,38695,Andrea Nahles,SPD,yes
929,38965,Kersten Steinke,DIE LINKE,yes
929,41085,Wolfgang Neškovic,fraktionslos,yes
929,41068,Franz Müntefering,SPD,yes
929,38692,Rolf Mützenich,SPD,yes
929,39206,Beate Müller-Gemmeke,DIE GRÜNEN,yes
929,40846,Kerstin Müller,DIE GRÜNEN,yes
929,41073,Kornelia Möller,DIE LINKE,yes
929,39221,Cornelia Möhring,DIE LINKE,yes
929,44334,Petra Merkel,SPD,yes
929,41174,Ullrich Meßmer,SPD,yes
929,39235,Matthias Miersch,SPD,yes
929,41060,Dorothée Menzner,DIE LINKE,yes
929,39252,Katja Mast,SPD,yes
929,38704,Hilde Mattheis,SPD,yes
929,41014,Ulrich Maurer,DIE LINKE,yes
929,39249,Caren Marks,SPD,yes
929,38763,Agnieszka Brugger,DIE GRÜNEN,yes
929,38781,Thomas Lutze,DIE LINKE,yes
929,39274,Burkhard Lischka,SPD,yes
929,44357,Gabriele Lösekrug-Möller,SPD,yes
929,44337,Ulla Lötzer,DIE LINKE,yes
929,38707,Gesine Lötzsch,DIE LINKE,yes
929,39261,Kirsten Lühmann,SPD,yes
929,39290,Ralph Lenkert,DIE LINKE,yes
929,39296,Sabine Leidig,DIE LINKE,yes
929,39293,Steffen-Claudio Lemme,SPD,yes
929,39330,Karl Lauterbach,SPD,yes
929,39302,Monika Lazar,DIE GRÜNEN,yes
929,39325,Christian Lange,SPD,yes
929,39310,Christine Lambrecht,SPD,yes
929,40708,Fritz Kuhn,DIE GRÜNEN,yes
929,44344,Ute Kumpf,SPD,yes
929,39333,Katrin Kunert,DIE LINKE,yes
929,38711,Markus Kurth,DIE GRÜNEN,yes
929,41020,Undine Kurth,DIE GRÜNEN,yes
929,39336,Renate Künast,DIE GRÜNEN,yes
929,39342,Stephan Kühn,DIE GRÜNEN,yes
929,41086,Agnes Krumwiede,DIE GRÜNEN,yes
929,40529,Angelika Krüger-Leißner,SPD,yes
929,39016,Annette Sawade,SPD,yes
929,39358,Oliver Krischer,DIE GRÜNEN,yes
929,39347,Jutta Krellmann,DIE LINKE,yes
929,38714,Sylvia Kotting-Uhl,DIE GRÜNEN,yes
929,38717,Jan Korte,DIE LINKE,yes
929,41080,Ute Koczy,DIE GRÜNEN,yes
929,39369,Tom Koenigs,DIE GRÜNEN,yes
929,40710,Fritz Rudolf Körper,SPD,yes
929,39375,Bärbel Kofler,SPD,yes
929,37976,Harald Koch,DIE LINKE,yes
929,39410,Uwe Kekeritz,DIE GRÜNEN,yes
929,44769,Ulrich Kelber,SPD,yes
929,39396,Katja Keul,DIE GRÜNEN,yes
929,40901,Memet Kilic,DIE GRÜNEN,yes
929,38722,Sven-Christian Kindler,DIE GRÜNEN,yes
929,39390,Katja Kipping,DIE LINKE,yes
929,39384,Maria Klein-Schmeink,DIE GRÜNEN,yes
929,39386,Lars Klingbeil,SPD,yes
929,40997,Susanne Kastner,SPD,yes
929,39431,Josip Juratovic,SPD,yes
929,38725,Oliver Kaczmarek,SPD,yes
929,39426,Johannes Kahrs,SPD,yes
929,41065,Lukrezia Luise Jochimsen,DIE LINKE,yes
929,41002,Thilo Hoppe,DIE GRÜNEN,yes
929,44297,Christel Humme,SPD,yes
929,39460,Eva Högl,SPD,yes
929,44279,Bärbel Höhn,DIE GRÜNEN,yes
929,40599,Barbara Höll,DIE LINKE,yes
929,40801,Ingrid Hönlinger,DIE GRÜNEN,yes
929,40697,Frank Hofmann,SPD,yes
929,39469,Anton Hofreiter,DIE GRÜNEN,yes
929,39493,Gustav Herzog,SPD,yes
929,39498,Gabriele Hiller-Ohm,SPD,yes
929,39504,Petra Hinz,SPD,yes
929,39844,Priska Hinz,DIE GRÜNEN,yes
929,39281,Tobias Lindner,DIE GRÜNEN,yes
929,41056,Bettina Herlitzius,DIE GRÜNEN,yes
929,39484,Barbara Hendricks,SPD,yes
929,39528,Britta Haßelmann,DIE GRÜNEN,yes
929,39513,Hubertus Heil,SPD,yes
929,39517,Rosemarie Hein,DIE LINKE,yes
929,39547,Gregor Gysi,DIE LINKE,yes
929,38729,Heike Hänsel,DIE LINKE,yes
929,40852,Klaus Hagemann,SPD,yes
929,44386,Michael Hartmann,SPD,yes
929,39556,Wolfgang Gunkel,SPD,yes
929,39573,Michael Groß,SPD,yes
929,39581,Ulrike Gottschalck,SPD,yes
929,44372,Angelika Graf,SPD,yes
929,44292,Diana Golze,DIE LINKE,yes
929,39583,Nicole Gohlke,DIE LINKE,yes
929,39586,Iris Gleicke,SPD,yes
929,40736,Günter Gloser,SPD,yes
929,38779,Katrin Göring-Eckardt,DIE GRÜNEN,yes
929,39590,Martin Gerster,SPD,yes
929,39598,Michael Gerdes,SPD,yes
929,39607,Thomas Gambke,DIE GRÜNEN,yes
929,41042,Wolfgang Gehrcke-Reymann,DIE LINKE,yes
929,39596,Kai Gehring,DIE GRÜNEN,yes
929,39631,Gabriele Fograscher,SPD,yes
929,39633,Edgar Franke,SPD,yes
929,39627,Dagmar Freitag,SPD,yes
929,44392,Elke Ferner,SPD,yes
929,40744,Hans-Josef Fell,DIE GRÜNEN,yes
929,39654,Karin Evers-Meyer,SPD,yes
929,39650,Petra Ernstberger,SPD,yes
929,38761,Gernot Erler,SPD,yes
929,39647,Klaus Ernst,DIE LINKE,yes
929,40609,Dagmar Enkelmann,DIE LINKE,yes
929,39848,Sebastian Edathy,SPD,yes
929,38758,Siegmund Ehrmann,SPD,yes
929,41083,Werner Dreibus,DIE LINKE,yes
929,40683,Elvira Drobinski-Weiß,SPD,yes
929,39669,Martin Dörmann,SPD,yes
929,39671,Katja Dörner,DIE GRÜNEN,yes
929,41123,Heidrun Dittrich,DIE LINKE,yes
929,39682,Ekin Deligöz,DIE GRÜNEN,yes
929,38629,Diether Dehm,DIE LINKE,yes
929,44307,Peter Danckert,SPD,yes
929,39703,Petra Crone,SPD,yes
929,39698,Roland Claus,DIE LINKE,yes
929,39717,Martin Burkert,SPD,yes
929,39723,Edelgard Bulmahn,SPD,yes
929,40646,Martina Bunge,DIE LINKE,yes
929,41010,Ulla Burchardt,SPD,yes
929,39710,Marco Bülow,SPD,yes
929,39720,Eva Bulling-Schröter,DIE LINKE,yes
929,39733,Willi Brase,SPD,yes
929,40849,Klaus Brandner,SPD,yes
929,39098,Stefan Rebmann,SPD,yes
929,40722,Gerd Friedrich Bollmann,SPD,yes
929,38771,Matthias W. Birkwald,DIE LINKE,yes
929,39760,Lothar Binding,SPD,yes
929,40557,Birgitt Bender,DIE GRÜNEN,yes
929,38801,Herbert Behrens,DIE LINKE,yes
929,44286,Uwe Beckmeyer,SPD,yes
929,40578,Cornelia Behm,DIE GRÜNEN,yes
929,44395,Dirk Becker,SPD,yes
929,39792,Volker Beck,DIE GRÜNEN,yes
929,39789,Marieluise Beck,DIE GRÜNEN,yes
929,39783,Bärbel Bas,SPD,yes
929,38775,Sören Bartol,SPD,yes
929,39781,Dietmar Bartsch,DIE LINKE,yes
929,39798,Klaus Barthel,SPD,yes
929,44289,Hans-Peter Bartels,SPD,yes
929,39795,Doris Barnett,SPD,yes
929,39806,Heinz-Joachim Barchmann,SPD,yes
929,39812,Kerstin Andreae,DIE GRÜNEN,yes
929,44363,Rainer Arnold,SPD,yes
929,39817,Ingrid Arndt-Brauer,SPD,yes
929,39836,Agnes Alpers,DIE LINKE,yes
929,39544,Bettina Hagedorn,SPD,yes
929,41183,Yvonne Ploetz,DIE LINKE,yes
929,38991,Rita Schwarzelühr-Sutter,SPD,yes
929,39576,Kerstin Griese,SPD,yes
929,41136,Johanna Voß,DIE LINKE,yes
929,41129,Ingo Egloff,SPD,yes
929,39678,Harald Ebner,DIE GRÜNEN,yes
929,41015,Ulrich Schneider,DIE GRÜNEN,yes
929,38875,Beate Walter-Rosenheimer,DIE GRÜNEN,yes
929,39480,Wolfgang Hellmich,SPD,yes
929,41105,Christiane Ratjen-Damerau,FDP,no
929,41033,Willi Zylajew,CDU/CSU,no
929,41052,Wolfgang Zöller,CDU/CSU,no
929,38811,Dagmar Wöhrl,CDU/CSU,no
929,40753,Hartfrid Wolff,FDP,no
929,40607,Claudia Winterstein,FDP,no
929,38827,Klaus-Peter Willsch,CDU/CSU,no
929,38832,Elisabeth Winkelmeier-Becker,CDU/CSU,no
929,38845,Peter Weiß,CDU/CSU,no
929,38842,Sabine Weiss,CDU/CSU,no
929,38848,Ingo Wellenreuther,CDU/CSU,no
929,38851,Karl-Georg Wellmann,CDU/CSU,no
929,38837,Peter Wichtel,CDU/CSU,no
929,40537,Annette Widmann-Mauz,CDU/CSU,no
929,38857,Kai Wegner,CDU/CSU,no
929,38864,Marcus Weinberg,CDU/CSU,no
929,40518,Andrea Voßhoff,CDU/CSU,no
929,38658,Johann Wadephul,CDU/CSU,no
929,38867,Marco Wanderwitz,CDU/CSU,no
929,38893,Volkmar Vogel,CDU/CSU,no
929,41171,Stefanie Vogelsang,CDU/CSU,no
929,40611,Daniel Volk,FDP,no
929,41137,Johannes Vogel,FDP,no
929,38913,Antje Tillmann,CDU/CSU,no
929,41169,Serkan Tören,FDP,no
929,40620,Florian Toncar,FDP,no
929,44381,Hans-Peter Uhl,CDU/CSU,no
929,38901,Arnold Vaatz,CDU/CSU,no
929,40993,Stephan Thomae,FDP,no
929,38935,Peter Tauber,CDU/CSU,no
929,38927,Michael Stübgen,CDU/CSU,no
929,38924,Lena Strothmann,CDU/CSU,no
929,38880,Christian von Stetten,CDU/CSU,no
929,38954,Dieter Stier,CDU/CSU,no
929,40659,Rainer Stinner,FDP,no
929,38952,Gero Storjohann,CDU/CSU,no
929,38948,Stephan Stracke,CDU/CSU,no
929,38943,Max Straubinger,CDU/CSU,no
929,38940,Karin Strenz,CDU/CSU,no
929,38921,Thomas Strobl,CDU/CSU,no
929,44351,Erika Steinbach,CDU/CSU,no
929,38970,Frank Steffel,CDU/CSU,no
929,38972,Carola Stauche,CDU/CSU,no
929,41173,Torsten Staffeldt,FDP,no
929,40650,Max Stadler,FDP,no
929,41134,Joachim Spatz,FDP,no
929,38977,Jens Spahn,CDU/CSU,no
929,40634,Hermann Otto Solms,FDP,no
929,38677,Thomas Silberhorn,CDU/CSU,no
929,41029,Werner Simmling,FDP,no
929,38680,Johannes Singhammer,CDU/CSU,no
929,41139,Judith Skudelny,FDP,no
929,38672,Reinhold Sendker,CDU/CSU,no
929,38674,Patrick Sensburg,CDU/CSU,no
929,40952,Erik Schweickert,FDP,no
929,38667,Detlef Seif,CDU/CSU,no
929,40882,Marina Schuster,FDP,no
929,38982,Armin Schuster,CDU/CSU,no
929,44354,Bernhard Schulte-Drüggelte,CDU/CSU,no
929,41133,Jimmy Schulz,FDP,no
929,38689,Patrick Schnieder,CDU/CSU,no
929,40575,Christoph Schnurr,FDP,no
929,39863,Andreas Schockenhoff,CDU/CSU,no
929,39510,Helmut Heiderich,CDU/CSU,no
929,39002,Ole Schröder,CDU/CSU,no
929,39055,Christian Schmidt,CDU/CSU,no
929,39029,Wolfgang Schäuble,CDU/CSU,no
929,44369,Annette Schavan,CDU/CSU,no
929,39041,Karl Schiewerling,CDU/CSU,no
929,39045,Norbert Schindler,CDU/CSU,no
929,39047,Tankred Schipanski,CDU/CSU,no
929,40719,Georg Schirmbeck,CDU/CSU,no
929,40558,Björn Sänger,FDP,no
929,39020,Anita Schäfer,CDU/CSU,no
929,40699,Frank Schäffler,FDP,no
929,39084,Albert Rupprecht,CDU/CSU,no
929,41115,Stefan Ruppert,FDP,no
929,40605,Christian Ruck,CDU/CSU,no
929,39077,Erwin Rüddel,CDU/CSU,no
929,39074,Norbert Röttgen,CDU/CSU,no
929,39089,Johannes Röring,CDU/CSU,no
929,41114,Peter Röhlinger,FDP,no
929,44267,Heinz Riesenhuber,CDU/CSU,no
929,40600,Birgit Reinemund,FDP,no
929,39109,Lothar Riebsamen,CDU/CSU,no
929,39111,Josef Rief,CDU/CSU,no
929,40855,Klaus Riegert,CDU/CSU,no
929,39101,Eckhardt Rehberg,CDU/CSU,no
929,39104,Katherina Reiche,CDU/CSU,no
929,39120,Peter Ramsauer,CDU/CSU,no
929,39264,Daniela Ludwig,CDU/CSU,no
929,39127,Thomas Rachel,CDU/CSU,no
929,39132,Eckhard Pols,CDU/CSU,no
929,40580,Cornelia Pieper,FDP,no
929,40730,Gisela Piltz,FDP,no
929,39839,Ronald Pofalla,CDU/CSU,no
929,41096,Christoph Poland,CDU/CSU,no
929,40976,Ruprecht Polenz,CDU/CSU,no
929,39154,Sibylle Pfeiffer,CDU/CSU,no
929,40545,Beatrix Philipp,CDU/CSU,no
929,39151,Joachim Pfeiffer,CDU/CSU,no
929,39148,Ulrich Petzold,CDU/CSU,no
929,40967,Rita Pawelski,CDU/CSU,no
929,40742,Hans-Joachim Otto,FDP,no
929,39175,Henning Otte,CDU/CSU,no
929,40680,Eduard Oswald,CDU/CSU,no
929,39184,Georg Nüßlein,CDU/CSU,no
929,40703,Franz Obermeier,CDU/CSU,no
929,40955,Martin Neumann,FDP,no
929,40591,Dirk Niebel,FDP,no
929,39197,Michaela Noll,CDU/CSU,no
929,39209,Philipp Murmann,CDU/CSU,no
929,40950,Petra Müller,FDP,no
929,39202,Stefan Müller,CDU/CSU,no
929,41058,Burkhardt Müller-Sönksen,FDP,no
929,39214,Gerd Müller,CDU/CSU,no
929,39007,Nadine Schön,CDU/CSU,no
929,38699,Marlene Mortler,CDU/CSU,no
929,40712,Gabriele Molitor,FDP,no
929,39218,Dietrich Monstadt,CDU/CSU,no
929,39224,Philipp Mißfelder,CDU/CSU,no
929,44273,Maria Michalk,CDU/CSU,no
929,39230,Hans Michelbach,CDU/CSU,no
929,39232,Mathias Middelberg,CDU/CSU,no
929,39241,Michael Meister,CDU/CSU,no
929,38884,Hans-Georg von der Marwitz,CDU/CSU,no
929,39254,Andreas Mattfeldt,CDU/CSU,no
929,39238,Stephan Mayer,CDU/CSU,no
929,40792,Horst Meierhofer,FDP,no
929,40939,Patrick Meinhardt,FDP,no
929,39693,Thomas de Maizière,CDU/CSU,no
929,40654,Michael Luther,CDU/CSU,no
929,39259,Karin Maag,CDU/CSU,no
929,39269,Carsten Linnemann,CDU/CSU,no
929,39272,Patricia Lips,CDU/CSU,no
929,40617,Erwin Lotter,FDP,no
929,39266,Jan-Marco Luczak,CDU/CSU,no
929,40978,Sabine Leutheusser-Schnarrenberger,FDP,no
929,38882,Ursula von der Leyen,CDU/CSU,no
929,44905,Ingbert Liebing,CDU/CSU,no
929,39278,Matthias Lietz,CDU/CSU,no
929,41181,Lars Lindemann,FDP,no
929,41093,Christian Lindner,FDP,no
929,41112,Martin Lindner,FDP,no
929,40906,Michael Link,FDP,no
929,39299,Paul Lehrieder,CDU/CSU,no
929,44316,Harald Leibrecht,FDP,no
929,39327,Ulrich Lange,CDU/CSU,no
929,40982,Sibylle Laurischk,FDP,no
929,40652,Max Lehmer,CDU/CSU,no
929,39322,Katharina Landgraf,CDU/CSU,no
929,40763,Heinz Lanfermann,FDP,no
929,39316,Andreas Lämmel,CDU/CSU,no
929,39313,Karl A. Lamers,CDU/CSU,no
929,39319,Norbert Lammert,CDU/CSU,no
929,40632,Hermann Kues,CDU/CSU,no
929,40937,Patrick Kurth,FDP,no
929,39306,Günter Lach,CDU/CSU,no
929,39364,Rüdiger Kruse,CDU/CSU,no
929,39339,Bettina Kudla,CDU/CSU,no
929,39350,Michael Kretschmer,CDU/CSU,no
929,39353,Gunther Krichbaum,CDU/CSU,no
929,39356,Günter Krings,CDU/CSU,no
929,41006,Thomas Kossendey,CDU/CSU,no
929,39367,Hartmut Koschyk,CDU/CSU,no
929,40665,Rolf Koschorrek,CDU/CSU,no
929,40734,Gudrun Kopp,FDP,no
929,40872,Manfred Kolbe,CDU/CSU,no
929,39372,Jens Koeppen,CDU/CSU,no
929,40630,Heinrich Kolb,FDP,no
929,39382,Axel Knoerig,CDU/CSU,no
929,41110,Lutz Knopek,FDP,no
929,40933,Pascal Kober,FDP,no
929,39394,Roderich Kiesewetter,CDU/CSU,no
929,44311,Eckart von Klaeden,CDU/CSU,no
929,38720,Volkmar Klein,CDU/CSU,no
929,40984,Siegfried Kauder,CDU/CSU,no
929,39406,Volker Kauder,CDU/CSU,no
929,39416,Alois Karl,CDU/CSU,no
929,39402,Bernhard Kaster,CDU/CSU,no
929,39438,Franz-Josef Jung,CDU/CSU,no
929,44258,Bartholomäus Kalb,CDU/CSU,no
929,44373,Heiner Kamp,FDP,no
929,39420,Steffen Kampeter,CDU/CSU,no
929,41102,Dieter Jasper,CDU/CSU,no
929,39428,Egon Jüttner,CDU/CSU,no
929,38742,Andreas Jung,CDU/CSU,no
929,39452,Anette Hübinger,CDU/CSU,no
929,39448,Thomas Jarzombek,CDU/CSU,no
929,40814,Joachim Hörster,CDU/CSU,no
929,44313,Elke Hoff,FDP,no
929,39462,Karl Holmeier,CDU/CSU,no
929,39465,Franz-Josef Holzenkamp,CDU/CSU,no
929,40555,Birgit Homburger,FDP,no
929,40831,Jürgen Herrmann,CDU/CSU,no
929,39495,Ansgar Heveling,CDU/CSU,no
929,40692,Ernst Hinsken,CDU/CSU,no
929,38735,Christian Hirte,CDU/CSU,no
929,39473,Robert Hochbaum,CDU/CSU,no
929,41147,Manuel Höferlin,FDP,no
929,39519,Frank Heinrich,CDU/CSU,no
929,39487,Rudolf Henke,CDU/CSU,no
929,39490,Michael Hennrich,CDU/CSU,no
929,40765,Heinz-Peter Haustein,FDP,no
929,39508,Matthias Heider,CDU/CSU,no
929,39515,Mechthild Heil,CDU/CSU,no
929,44339,Ursula Heinen-Esser,CDU/CSU,no
929,39536,Florian Hahn,CDU/CSU,no
929,40603,Christel Happach-Kasan,FDP,no
929,44765,Stephan Harbarth,CDU/CSU,no
929,38731,Jürgen Hardt,CDU/CSU,no
929,39525,Gerda Hasselfeldt,CDU/CSU,no
929,39552,Olav Gutting,CDU/CSU,no
929,39567,Manfred Grund,CDU/CSU,no
929,40917,Miriam Gruß,FDP,no
929,40812,Joachim Günther,FDP,no
929,40910,Michael Grosse-Brömer,CDU/CSU,no
929,39564,Markus Grübel,CDU/CSU,no
929,39571,Monika Grütters,CDU/CSU,no
929,38745,Reinhard Grindel,CDU/CSU,no
929,38749,Hermann Gröhe,CDU/CSU,no
929,40946,Peter Götz,CDU/CSU,no
929,40676,Wolfgang Götzer,CDU/CSU,no
929,40747,Hans-Michael Goldmann,FDP,no
929,37944,Heinz Golombeck,FDP,no
929,39593,Eberhard Gienger,CDU/CSU,no
929,40908,Michael Glos,CDU/CSU,no
929,44348,Josef Göppel,CDU/CSU,no
929,39600,Alois Gerig,CDU/CSU,no
929,44309,Wolfgang Gerhardt,FDP,no
929,39615,Alexander Funk,CDU/CSU,no
929,39605,Ingo Gädechens,CDU/CSU,no
929,39613,Thomas Gebhart,CDU/CSU,no
929,40922,Norbert Geis,CDU/CSU,no
929,44346,Edmund Geisen,FDP,no
929,40687,Erich Georg Fritz,CDU/CSU,no
929,39624,Michael Fuchs,CDU/CSU,no
929,38753,Hans-Joachim Fuchtel,CDU/CSU,no
929,39620,Michael Frieser,CDU/CSU,no
929,39618,Hans-Peter Friedrich,CDU/CSU,no
929,40757,Hartwig Fischer,CDU/CSU,no
929,41017,Ulrike Flach,FDP,no
929,39641,Maria Flachsbarth,CDU/CSU,no
929,44389,Klaus-Peter Flosbach,CDU/CSU,no
929,40775,Herbert Frankenhauser,CDU/CSU,no
929,40931,Otto Fricke,FDP,no
929,39638,Dirk Fischer,CDU/CSU,no
929,39644,Ingrid Fischbach,CDU/CSU,no
929,43871,Axel Eduard Fischer,CDU/CSU,no
929,39661,Enak Ferlemann,CDU/CSU,no
929,44321,Jörg van Essen,FDP,no
929,38755,Thomas Feist,CDU/CSU,no
929,41160,Rainer Erdel,FDP,no
929,40898,Mechthild Dyckmans,FDP,no
929,39674,Marie-Luise Dött,CDU/CSU,no
929,39690,Alexander Dobrindt,CDU/CSU,no
929,39666,Thomas Dörflinger,CDU/CSU,no
929,40936,Patrick Döring,FDP,no
929,40552,Bijan Djir-Sarai,FDP,no
929,41161,Reiner Deutschmann,FDP,no
929,39714,Cajus Caesar,CDU/CSU,no
929,40767,Helga Daub,FDP,no
929,39701,Gitta Connemann,CDU/CSU,no
929,40873,Marco Buschmann,FDP,no
929,38481,Sylvia Canel,FDP,no
929,40690,Ernst Burgbacher,FDP,no
929,40525,Angelika Brunkhorst,FDP,no
929,44282,Ralf Brauksiepe,CDU/CSU,no
929,39735,Helge Braun,CDU/CSU,no
929,39737,Heike Brehmer,CDU/CSU,no
929,40850,Klaus Breil,FDP,no
929,39739,Ralph Brinkhaus,CDU/CSU,no
929,39728,Helmut Brandt,CDU/CSU,no
929,38769,Michael Brand,CDU/CSU,no
929,39725,Reinhard Brandl,CDU/CSU,no
929,39751,Norbert Brackmann,CDU/CSU,no
929,39754,Klaus Brähmig,CDU/CSU,no
929,41155,Nicole Bracht-Bendt,FDP,no
929,39749,Wolfgang Bosbach,CDU/CSU,no
929,44360,Maria Böhmer,CDU/CSU,no
929,41040,Wolfgang Börnsen,CDU/CSU,no
929,41097,Claudia Bögel-Hoyer,FDP,no
929,40979,Sebastian Blumenthal,FDP,no
929,39742,Peter Bleser,CDU/CSU,no
929,39757,Clemens Binninger,CDU/CSU,no
929,39762,Steffen Bilger,CDU/CSU,no
929,39767,Peter Beyer,CDU/CSU,no
929,41117,Florian Bernschneider,FDP,no
929,39771,Christoph Bergner,CDU/CSU,no
929,39775,Veronika Bellmann,CDU/CSU,no
929,39777,Manfred Behrens,CDU/CSU,no
929,40695,Ernst-Reinhard Beck,CDU/CSU,no
929,39786,Helmut Günter Baumann,CDU/CSU,no
929,39801,Norbert Barthle,CDU/CSU,no
929,39804,Thomas Bareiß,CDU/CSU,no
929,40582,Daniel Bahr,FDP,no
929,39809,Dorothee Bär,CDU/CSU,no
929,41158,Peter Aumer,CDU/CSU,no
929,40572,Christine Aschenberg-Dugnus,FDP,no
929,38652,Peter Altmaier,CDU/CSU,no
929,40797,Ilse Aigner,CDU/CSU,no
929,40570,Christian Ahrendt,FDP,no
929,40807,Jens Ackermann,FDP,no
929,39423,Hans-Werner Kammer,CDU/CSU,no
929,44398,Ewa Klamt,CDU/CSU,no
929,41126,Holger Krestel,FDP,no
929,43858,Bernd Siebert,CDU/CSU,no
929,41135,Jörg von Polheim,FDP,no
929,37972,Manfred Todtenhausen,FDP,no
929,38791,Matthias Zimmer,CDU/CSU,abstain
929,40804,Jan Mücke,FDP,abstain
929,39216,Niema Movassat,DIE LINKE,abstain
929,40834,Jürgen Koppelin,FDP,abstain
929,41166,Sebastian Körber,FDP,abstain
929,38784,Jürgen Klimke,CDU/CSU,abstain
929,39408,Stefan Kaufmann,CDU/CSU,abstain
929,40913,Michael Kauch,FDP,abstain
929,38738,Ulla Jelpke,DIE LINKE,abstain
929,39454,Andrej Hunko,DIE LINKE,abstain
929,39457,Inge Höger,DIE LINKE,abstain
929,39765,Karin Binder,DIE LINKE,abstain
929,40255,Volker Wissing,FDP,no_show
929,43580,Katrin Werner,DIE LINKE,no_show
929,40626,Guido Westerwelle,FDP,no_show
929,38872,Sahra Wagenknecht,DIE LINKE,no_show
929,38895,Kathrin Vogler,DIE LINKE,no_show
929,38669,Johannes Selle,CDU/CSU,no_show
929,38683,Uwe Schummer,CDU/CSU,no_show
929,40987,Silvia Schmidt,SPD,no_show
929,39034,Andreas Scheuer,CDU/CSU,no_show
929,39093,René Röspel,SPD,no_show
929,41113,Michael Paul,CDU/CSU,no_show
929,41054,Bernd Neumann,CDU/CSU,no_show
929,40810,Jerzy Montag,DIE GRÜNEN,no_show
929,39245,Angela Merkel,CDU/CSU,no_show
929,44255,Nicole Maisch,DIE GRÜNEN,no_show
929,41156,Oliver Luksic,FDP,no_show
929,39285,Michael Leutert,DIE LINKE,no_show
929,39288,Stefan Liebich,DIE LINKE,no_show
929,39304,Caren Lay,DIE LINKE,no_show
929,39345,Anette Kramme,SPD,no_show
929,39377,Daniela Kolbe,SPD,no_show
929,39005,Kristina Schröder,CDU/CSU,no_show
929,40751,Hans-Ulrich Klose,SPD,no_show
929,39501,Peter Hintze,CDU/CSU,no_show
929,40970,Rolf Hempelmann,SPD,no_show
929,40740,Hans-Joachim Hacker,SPD,no_show
929,39560,Annette Groth,DIE LINKE,no_show
929,44377,Ute Granold,CDU/CSU,no_show
929,39603,Sigmar Gabriel,SPD,no_show
929,39611,Peter Gauweiler,CDU/CSU,no_show
929,39706,Sevim Dağdelen,DIE LINKE,no_show
929,41175,Viola von Cramon-Taubadel,DIE GRÜNEN,no_show
929,38765,Christine Buchholz,DIE LINKE,no_show
929,40958,Rainer Brüderle,FDP,no_show
929,40991,Steffen Bockhahn,DIE LINKE,no_show
929,39746,Heidrun Bluhm-Förster,DIE LINKE,no_show
929,39851,Sabine Bätzing-Lichtenthäler,SPD,no_show
929,38903,Jan van Aken,DIE LINKE,no_show
929,44366,Gabriele Groneberg,SPD,no_show
1048,38630,Diether Dehm,DIE LINKE,yes
1048,38656,Alexander Ulrich,DIE LINKE,yes
1048,38661,Konstantin von Notz,DIE GRÜNEN,yes
1048,44253,Hans-Christian Ströbele,DIE GRÜNEN,yes
1048,38666,Petra Sitte,DIE LINKE,yes
1048,38688,Frithjof Schmidt,DIE GRÜNEN,yes
1048,38705,Hilde Mattheis,SPD,yes
1048,44256,Nicole Maisch,DIE GRÜNEN,yes
1048,38708,Gesine Lötzsch,DIE LINKE,yes
1048,38712,Markus Kurth,DIE GRÜNEN,yes
1048,38715,Sylvia Kotting-Uhl,DIE GRÜNEN,yes
1048,38718,Jan Korte,DIE LINKE,yes
1048,38723,Sven-Christian Kindler,DIE GRÜNEN,yes
1048,38730,Heike Hänsel,DIE LINKE,yes
1048,38739,Ulla Jelpke,DIE LINKE,yes
1048,38764,Agnieszka Brugger,DIE GRÜNEN,yes
1048,38772,Matthias W. Birkwald,DIE LINKE,yes
1048,38782,Thomas Lutze,DIE LINKE,yes
1048,38790,Martina Renner,DIE LINKE,yes
1048,38795,Sabine Zimmermann,DIE LINKE,yes
1048,38800,Markus Tressel,DIE GRÜNEN,yes
1048,38802,Herbert Behrens,DIE LINKE,yes
1048,38804,Pia Zimmermann,DIE LINKE,yes
1048,38809,Hubertus Zdebel,DIE LINKE,yes
1048,38817,Birgit Wöllert,DIE LINKE,yes
1048,38820,Jörn Wunderlich,DIE LINKE,yes
1048,38830,Valerie Wilms,DIE GRÜNEN,yes
1048,43581,Katrin Werner,DIE LINKE,yes
1048,38861,Harald Weinberg,DIE LINKE,yes
1048,38870,Halina Wawzyniak,DIE LINKE,yes
1048,38874,Doris Wagner,DIE GRÜNEN,yes
1048,38889,Julia Verlinden,DIE GRÜNEN,yes
1048,38904,Jan van Aken,DIE LINKE,yes
1048,38908,Jürgen Trittin,DIE GRÜNEN,yes
1048,38911,Axel Troost,DIE LINKE,yes
1048,38934,Kirsten Tackmann,DIE LINKE,yes
1048,45916,Frank Tempel,DIE LINKE,yes
1048,38947,Christoph Strässer,SPD,yes
1048,38966,Kersten Steinke,DIE LINKE,yes
1048,38968,Sonja Steffen,SPD,yes
1048,38986,Frank Schwabe,SPD,yes
1048,38995,Kordula Schulz-Asche,DIE GRÜNEN,yes
1048,39027,Elisabeth Scharfenberg,DIE GRÜNEN,yes
1048,39031,Ulle Schauws,DIE GRÜNEN,yes
1048,44599,Gerhard Schick,DIE GRÜNEN,yes
1048,39053,Manuel Sarrazin,DIE GRÜNEN,yes
1048,39060,Michael Schlecht,DIE LINKE,yes
1048,39066,Tabea Rößner,DIE GRÜNEN,yes
1048,39069,Claudia Roth,DIE GRÜNEN,yes
1048,39082,Corinna Rüffer,DIE GRÜNEN,yes
1048,39131,Richard Pitterle,DIE LINKE,yes
1048,39139,Brigitte Pothmer,DIE GRÜNEN,yes
1048,39146,Harald Petzold,DIE LINKE,yes
1048,39159,Lisa Paus,DIE GRÜNEN,yes
1048,39162,Petra Pau,DIE LINKE,yes
1048,39172,Friedrich Ostendorff,DIE GRÜNEN,yes
1048,39178,Cem Özdemir,DIE GRÜNEN,yes
1048,39181,Omid Nouripour,DIE GRÜNEN,yes
1048,39191,Alexander S. Neu,DIE LINKE,yes
1048,39200,Thomas Nord,DIE LINKE,yes
1048,39207,Beate Müller-Gemmeke,DIE GRÜNEN,yes
1048,39212,Özcan Mutlu,DIE GRÜNEN,yes
1048,39217,Niema Movassat,DIE LINKE,yes
1048,39222,Cornelia Möhring,DIE LINKE,yes
1048,39228,Irene Mihalic,DIE GRÜNEN,yes
1048,39243,Peter Meiwald,DIE GRÜNEN,yes
1048,39282,Tobias Lindner,DIE GRÜNEN,yes
1048,39286,Michael Leutert,DIE LINKE,yes
1048,39289,Stefan Liebich,DIE LINKE,yes
1048,39291,Ralph Lenkert,DIE LINKE,yes
1048,39292,Steffi Lemke,DIE GRÜNEN,yes
1048,39297,Sabine Leidig,DIE LINKE,yes
1048,39303,Monika Lazar,DIE GRÜNEN,yes
1048,39305,Caren Lay,DIE LINKE,yes
1048,39341,Christian Kühn,DIE GRÜNEN,yes
1048,39343,Stephan Kühn,DIE GRÜNEN,yes
1048,39359,Oliver Krischer,DIE GRÜNEN,yes
1048,39370,Tom Koenigs,DIE GRÜNEN,yes
1048,39385,Maria Klein-Schmeink,DIE GRÜNEN,yes
1048,39391,Katja Kipping,DIE LINKE,yes
1048,39411,Uwe Kekeritz,DIE GRÜNEN,yes
1048,39414,Susanna Karawanskij,DIE LINKE,yes
1048,39427,Johannes Kahrs,SPD,yes
1048,39445,Dieter Janecek,DIE GRÜNEN,yes
1048,39455,Andrej Hunko,DIE LINKE,yes
1048,45897,Sigrid Hupach,DIE LINKE,yes
1048,39458,Inge Höger,DIE LINKE,yes
1048,44280,Bärbel Höhn,DIE GRÜNEN,yes
1048,39470,Anton Hofreiter,DIE GRÜNEN,yes
1048,39529,Britta Haßelmann,DIE GRÜNEN,yes
1048,39535,André Hahn,DIE LINKE,yes
1048,39540,Anja Hajduk,DIE GRÜNEN,yes
1048,39548,Gregor Gysi,DIE LINKE,yes
1048,39561,Annette Groth,DIE LINKE,yes
1048,44293,Diana Golze,DIE LINKE,yes
1048,39597,Kai Gehring,DIE GRÜNEN,yes
1048,39608,Thomas Gambke,DIE GRÜNEN,yes
1048,39609,Matthias Gastel,DIE GRÜNEN,yes
1048,39648,Klaus Ernst,DIE LINKE,yes
1048,39672,Katja Dörner,DIE GRÜNEN,yes
1048,39676,Katharina Dröge,DIE GRÜNEN,yes
1048,39679,Harald Ebner,DIE GRÜNEN,yes
1048,39699,Roland Claus,DIE LINKE,yes
1048,39715,Cajus Caesar,CDU/CSU,yes
1048,39721,Eva Bulling-Schröter,DIE LINKE,yes
1048,39747,Heidrun Bluhm-Förster,DIE LINKE,yes
1048,39766,Karin Binder,DIE LINKE,yes
1048,39782,Dietmar Bartsch,DIE LINKE,yes
1048,43777,Luise Amtsberg,DIE GRÜNEN,yes
1048,39813,Kerstin Andreae,DIE GRÜNEN,yes
1048,39820,Annalena Baerbock,DIE GRÜNEN,yes
1048,39825,Wolfgang Strengmann-Kuhn,DIE GRÜNEN,yes
1048,38626,Jens Zimmermann,SPD,no
1048,38627,Yvonne Magwas,CDU/CSU,no
1048,38631,Barbara Woltmann,CDU/CSU,no
1048,38632,Heinrich Zertik,CDU/CSU,no
1048,38633,Johannes Steiniger,CDU/CSU,no
1048,38634,Kordula Kovac,CDU/CSU,no
1048,38635,Astrid Freudenstein,CDU/CSU,no
1048,38636,Julia Obermeier,CDU/CSU,no
1048,38637,Gudrun Zollner,CDU/CSU,no
1048,38638,Heidtrud Henn,SPD,no
1048,38639,Heinz Wiese,CDU/CSU,no
1048,38640,Gabriele Schmidt,CDU/CSU,no
1048,38641,Nina Warken,CDU/CSU,no
1048,38642,Margaret Horb,CDU/CSU,no
1048,38644,Reiner Meier,CDU/CSU,no
1048,38646,Matthäus Strebl,CDU/CSU,no
1048,38647,Artur Auernhammer,CDU/CSU,no
1048,38648,Tobias Zech,CDU/CSU,no
1048,38649,Silke Launert,CDU/CSU,no
1048,38650,Barbara Lanzinger,CDU/CSU,no
1048,45245,Katrin Albsteiger,CDU/CSU,no
1048,38657,Kai Whittaker,CDU/CSU,no
1048,38659,Johann Wadephul,CDU/CSU,no
1048,38662,Sven Volmering,CDU/CSU,no
1048,38663,Carsten Träger,SPD,no
1048,39835,Wolfgang Tiefensee,SPD,no
1048,38668,Detlef Seif,CDU/CSU,no
1048,38670,Johannes Selle,CDU/CSU,no
1048,38673,Reinhold Sendker,CDU/CSU,no
1048,38675,Patrick Sensburg,CDU/CSU,no
1048,43859,Bernd Siebert,CDU/CSU,no
1048,45213,Carsten Sieling,SPD,no
1048,38681,Johannes Singhammer,CDU/CSU,no
1048,38684,Uwe Schummer,CDU/CSU,no
1048,38685,Mahmut Özdemir,SPD,no
1048,38690,Patrick Schnieder,CDU/CSU,no
1048,38693,Rolf Mützenich,SPD,no
1048,38697,Bettina Müller,SPD,no
1048,38700,Marlene Mortler,CDU/CSU,no
1048,38702,Jan Metzler,CDU/CSU,no
1048,38709,Katja Leikert,CDU/CSU,no
1048,38721,Volkmar Klein,CDU/CSU,no
1048,38724,Sylvia Jörrißen,CDU/CSU,no
1048,44259,Bartholomäus Kalb,CDU/CSU,no
1048,38726,Oliver Kaczmarek,SPD,no
1048,38727,Ulrich Hampel,SPD,no
1048,44766,Stephan Harbarth,CDU/CSU,no
1048,38732,Jürgen Hardt,CDU/CSU,no
1048,38733,Thomas Hitschler,SPD,no
1048,38736,Christian Hirte,CDU/CSU,no
1048,38743,Andreas Jung,CDU/CSU,no
1048,38746,Reinhard Grindel,CDU/CSU,no
1048,38747,Ursula Groden-Kranich,CDU/CSU,no
1048,38750,Hermann Gröhe,CDU/CSU,no
1048,38751,Klaus-Dieter Gröhler,CDU/CSU,no
1048,44349,Josef Göppel,CDU/CSU,no
1048,38754,Hans-Joachim Fuchtel,CDU/CSU,no
1048,38756,Thomas Feist,CDU/CSU,no
1048,40915,Michaela Engelmeier,SPD,no
1048,38759,Siegmund Ehrmann,SPD,no
1048,38762,Gernot Erler,SPD,no
1048,38767,Karl-Heinz Brunner,SPD,no
1048,38773,Ulrike Bahr,SPD,no
1048,38776,Sören Bartol,SPD,no
1048,38777,Matthias Bartke,SPD,no
1048,38785,Jürgen Klimke,CDU/CSU,no
1048,38786,Ute Bertram,CDU/CSU,no
1048,38789,Sascha Raabe,SPD,no
1048,38792,Matthias Zimmer,CDU/CSU,no
1048,38808,Emmi Zeulner,CDU/CSU,no
1048,38812,Dagmar Wöhrl,CDU/CSU,no
1048,38821,Gülistan Yüksel,SPD,no
1048,40538,Annette Widmann-Mauz,CDU/CSU,no
1048,38825,Dirk Wiese,SPD,no
1048,38828,Klaus-Peter Willsch,CDU/CSU,no
1048,38833,Elisabeth Winkelmeier-Becker,CDU/CSU,no
1048,38836,Oliver Wittke,CDU/CSU,no
1048,38838,Peter Wichtel,CDU/CSU,no
1048,38841,Anja Weisgerber,CDU/CSU,no
1048,38843,Sabine Weiss,CDU/CSU,no
1048,38846,Peter Weiß,CDU/CSU,no
1048,38849,Ingo Wellenreuther,CDU/CSU,no
1048,38852,Karl-Georg Wellmann,CDU/CSU,no
1048,38853,Marian Wendt,CDU/CSU,no
1048,38854,Bernd Westphal,SPD,no
1048,38859,Albert Weiler,CDU/CSU,no
1048,38865,Marcus Weinberg,CDU/CSU,no
1048,38868,Marco Wanderwitz,CDU/CSU,no
1048,38877,Christel Voßbeck-Kayser,CDU/CSU,no
1048,38878,Dirk Vöpel,SPD,no
1048,38881,Christian von Stetten,CDU/CSU,no
1048,38883,Ursula von der Leyen,CDU/CSU,no
1048,38885,Hans-Georg von der Marwitz,CDU/CSU,no
1048,38886,Matern von Marschall,CDU/CSU,no
1048,38888,Oswin Veith,CDU/CSU,no
1048,38890,Thomas Viesehon,CDU/CSU,no
1048,38891,Michael Vietz,CDU/CSU,no
1048,38894,Volkmar Vogel,CDU/CSU,no
1048,38899,Ute Vogt,SPD,no
1048,38902,Arnold Vaatz,CDU/CSU,no
1048,38905,Volker Ullrich,CDU/CSU,no
1048,44382,Hans-Peter Uhl,CDU/CSU,no
1048,38914,Antje Tillmann,CDU/CSU,no
1048,38915,Astrid Timmermann-Fechter,CDU/CSU,no
1048,38916,Michael Thews,SPD,no
1048,38922,Thomas Strobl,CDU/CSU,no
1048,38925,Lena Strothmann,CDU/CSU,no
1048,38928,Michael Stübgen,CDU/CSU,no
1048,38929,Sabine Sütterlin-Waack,CDU/CSU,no
1048,38931,Kerstin Tack,SPD,no
1048,38936,Peter Tauber,CDU/CSU,no
1048,38937,Claudia Tausend,SPD,no
1048,38939,Thomas Stritzl,CDU/CSU,no
1048,38941,Karin Strenz,CDU/CSU,no
1048,38944,Max Straubinger,CDU/CSU,no
1048,38949,Stephan Stracke,CDU/CSU,no
1048,38950,Rita Stockhofe,CDU/CSU,no
1048,38953,Gero Storjohann,CDU/CSU,no
1048,38955,Dieter Stier,CDU/CSU,no
1048,38958,Albert Stegemann,CDU/CSU,no
1048,38959,Peter Stein,CDU/CSU,no
1048,44352,Erika Steinbach,CDU/CSU,no
1048,39864,Andreas Schockenhoff,CDU/CSU,no_show
1048,38962,Peer Steinbrück,SPD,no
1048,38963,Sebastian Steineke,CDU/CSU,no
1048,38969,Wolfgang Stefinger,CDU/CSU,no
1048,38971,Frank Steffel,CDU/CSU,no
1048,38973,Carola Stauche,CDU/CSU,no
1048,38974,Martina Stamm-Fibich,SPD,no
1048,38975,Tino Sorge,CDU/CSU,no
1048,38978,Jens Spahn,CDU/CSU,no
1048,38979,Rainer Spiering,SPD,no
1048,38980,Norbert Spinrath,SPD,no
1048,38981,Svenja Stadler,SPD,no
1048,38983,Armin Schuster,CDU/CSU,no
1048,38988,Stefan Schwartze,SPD,no
1048,38992,Rita Schwarzelühr-Sutter,SPD,no
1048,38993,Christina Schwarzer,CDU/CSU,no
1048,44592,Ewald Schurer,SPD,no
1048,38996,Klaus-Peter Schulze,CDU/CSU,no
1048,38999,Swen Schulz,SPD,no
1048,44355,Bernhard Schulte-Drüggelte,CDU/CSU,no
1048,39000,Ursula Schulte,SPD,no
1048,39003,Ole Schröder,CDU/CSU,no
1048,39008,Nadine Schön,CDU/CSU,no
1048,39009,Matthias Schmidt,SPD,no
1048,39012,Ulla Schmidt,SPD,no
1048,39015,Carsten Schneider,SPD,no
1048,39017,Annette Sawade,SPD,no
1048,39018,Hans Joachim Schabedoth,SPD,no
1048,39021,Anita Schäfer,CDU/CSU,no
1048,39024,Axel Schäfer,SPD,no
1048,39030,Wolfgang Schäuble,CDU/CSU,no
1048,39032,Nina Scheer,SPD,no
1048,39038,Marianne Schieder,SPD,no
1048,39039,Udo Schiefner,SPD,no
1048,39042,Karl Schiewerling,CDU/CSU,no
1048,39046,Norbert Schindler,CDU/CSU,no
1048,39048,Tankred Schipanski,CDU/CSU,no
1048,39049,Johann Saathoff,SPD,no
1048,44384,Heiko Schmelzle,CDU/CSU,no
1048,39056,Christian Schmidt,CDU/CSU,no
1048,39058,Dagmar Schmidt,SPD,no
1048,39061,Dorothee Schlegel,SPD,no
1048,39072,Michael Roth,SPD,no
1048,39076,Norbert Röttgen,CDU/CSU,no
1048,39078,Erwin Rüddel,CDU/CSU,no
1048,39081,Rüdiger Veit,SPD,no
1048,39085,Albert Rupprecht,CDU/CSU,no
1048,39087,Bernd Rützel,SPD,no
1048,39090,Johannes Röring,CDU/CSU,no
1048,39091,Martin Rosemann,SPD,no
1048,39094,René Röspel,SPD,no
1048,39102,Eckhardt Rehberg,CDU/CSU,no
1048,39108,Gerold Reichenbach,SPD,no
1048,44576,Carola Reimann,SPD,no
1048,39110,Lothar Riebsamen,CDU/CSU,no
1048,39112,Josef Rief,CDU/CSU,no
1048,44268,Heinz Riesenhuber,CDU/CSU,no
1048,39116,Sönke Rix,SPD,no
1048,39117,Dennis Rohde,SPD,no
1048,39118,Alois Rainer,CDU/CSU,no
1048,39121,Peter Ramsauer,CDU/CSU,no
1048,39124,Alexander Radwan,CDU/CSU,no
1048,39125,Kerstin Radomski,CDU/CSU,no
1048,39128,Thomas Rachel,CDU/CSU,no
1048,41170,Simone Raatz,SPD,no
1048,39129,Martin Rabanus,SPD,no
1048,39133,Eckhard Pols,CDU/CSU,no
1048,39134,Sabine Poschmann,SPD,no
1048,44271,Joachim Poß,SPD,no
1048,39135,Florian Post,SPD,no
1048,39136,Achim Post,SPD,no
1048,39142,Wilhelm Priesmeier,SPD,no
1048,39149,Ulrich Petzold,CDU/CSU,no
1048,39152,Joachim Pfeiffer,CDU/CSU,no
1048,39155,Sibylle Pfeiffer,CDU/CSU,no
1048,39164,Martin Patzelt,CDU/CSU,no
1048,39165,Markus Paschke,SPD,no
1048,39166,Ingrid Pahlmann,CDU/CSU,no
1048,39167,Sylvia Pantel,CDU/CSU,no
1048,39170,Aydan Özoğuz,SPD,no
1048,39173,Tim Ostermann,CDU/CSU,no
1048,39176,Henning Otte,CDU/CSU,no
1048,39182,Helmut Nowak,CDU/CSU,no
1048,39185,Georg Nüßlein,CDU/CSU,no
1048,39186,Wilfried Oellers,CDU/CSU,no
1048,39190,Florian Oßner,CDU/CSU,no
1048,39192,Andreas Nick,CDU/CSU,no
1048,39194,Dietmar Nietan,SPD,no
1048,39195,Ulli Nissen,SPD,no
1048,39198,Michaela Noll,CDU/CSU,no
1048,39203,Stefan Müller,CDU/CSU,no
1048,39205,Carsten Müller,CDU/CSU,no
1048,39208,Michelle Müntefering,SPD,no
1048,39210,Philipp Murmann,CDU/CSU,no
1048,39215,Gerd Müller,CDU/CSU,no
1048,39219,Dietrich Monstadt,CDU/CSU,no
1048,39220,Karsten Möring,CDU/CSU,no
1048,39225,Philipp Mißfelder,CDU/CSU,no
1048,39226,Susanne Mittag,SPD,no
1048,39227,Klaus Mindrup,SPD,no
1048,44274,Maria Michalk,CDU/CSU,no
1048,39231,Hans Michelbach,CDU/CSU,no
1048,39233,Mathias Middelberg,CDU/CSU,no
1048,39236,Matthias Miersch,SPD,no
1048,39239,Stephan Mayer,CDU/CSU,no
1048,39242,Michael Meister,CDU/CSU,no
1048,39247,Gisela Manderla,CDU/CSU,no
1048,39250,Caren Marks,SPD,no
1048,39253,Katja Mast,SPD,no
1048,39255,Andreas Mattfeldt,CDU/CSU,no
1048,39256,Birgit Malecha-Nissen,SPD,no
1048,39258,Thomas Mahlberg,CDU/CSU,no
1048,39260,Karin Maag,CDU/CSU,no
1048,39262,Kirsten Lühmann,SPD,no
1048,39265,Daniela Ludwig,CDU/CSU,no
1048,39268,Claudia Lücking-Michel,CDU/CSU,no
1048,39270,Carsten Linnemann,CDU/CSU,no
1048,39273,Patricia Lips,CDU/CSU,no
1048,39275,Burkhard Lischka,SPD,no
1048,39276,Wilfried Lorenz,CDU/CSU,no
1048,39277,Hiltrud Lotze,SPD,no
1048,44906,Ingbert Liebing,CDU/CSU,no
1048,39279,Matthias Lietz,CDU/CSU,no
1048,39280,Andrea Lindholz,CDU/CSU,no
1048,39283,Andreas Lenz,CDU/CSU,no
1048,39287,Antje Lezius,CDU/CSU,no
1048,39294,Steffen-Claudio Lemme,SPD,no
1048,39300,Paul Lehrieder,CDU/CSU,no
1048,39307,Günter Lach,CDU/CSU,no
1048,39308,Uwe Lagosky,CDU/CSU,no
1048,39311,Christine Lambrecht,SPD,no
1048,39317,Andreas Lämmel,CDU/CSU,no
1048,39320,Norbert Lammert,CDU/CSU,no
1048,39323,Katharina Landgraf,CDU/CSU,no
1048,39326,Christian Lange,SPD,no
1048,39328,Ulrich Lange,CDU/CSU,no
1048,39331,Karl Lauterbach,SPD,no
1048,39338,Roy Kühne,CDU/CSU,no
1048,44276,Helga Kühn-Mengel,SPD,no
1048,39346,Anette Kramme,SPD,no
1048,39351,Michael Kretschmer,CDU/CSU,no
1048,39354,Gunther Krichbaum,CDU/CSU,no
1048,39357,Günter Krings,CDU/CSU,no
1048,39361,Hans-Ulrich Krüger,SPD,no
1048,39365,Rüdiger Kruse,CDU/CSU,no
1048,39368,Hartmut Koschyk,CDU/CSU,no
1048,39373,Jens Koeppen,CDU/CSU,no
1048,39378,Daniela Kolbe,SPD,no
1048,39379,Birgit Kömpel,SPD,no
1048,39380,Markus Koob,CDU/CSU,no
1048,39381,Carsten Körber,CDU/CSU,no
1048,39383,Axel Knoerig,CDU/CSU,no
1048,39387,Lars Klingbeil,SPD,no
1048,39388,Georg Kippels,CDU/CSU,no
1048,39393,Arno Klare,SPD,no
1048,39395,Roderich Kiesewetter,CDU/CSU,no
1048,39398,Marina Kermer,SPD,no
1048,39399,Anja Karliczek,CDU/CSU,no
1048,39403,Bernhard Kaster,CDU/CSU,no
1048,39404,Gabriele Katzmarek,SPD,no
1048,39407,Volker Kauder,CDU/CSU,no
1048,44770,Ulrich Kelber,SPD,no
1048,39413,Ralf Kapschack,SPD,no
1048,39417,Alois Karl,CDU/CSU,no
1048,39418,Christina Kampmann,SPD,no
1048,39424,Hans-Werner Kammer,CDU/CSU,no
1048,39429,Egon Jüttner,CDU/CSU,no
1048,39432,Josip Juratovic,SPD,no
1048,39434,Thomas Jurk,SPD,no
1048,39435,Frank Junge,SPD,no
1048,39436,Xaver Jung,CDU/CSU,no
1048,39439,Franz-Josef Jung,CDU/CSU,no
1048,39444,Erich Irlstorfer,CDU/CSU,no
1048,39446,Christina Jantz-Herrmann,SPD,no
1048,39449,Thomas Jarzombek,CDU/CSU,no
1048,45214,Bettina Hornhues,CDU/CSU,no
1048,39450,Karl-Heinz (Charles M.) Huber,CDU/CSU,no
1048,39453,Anette Hübinger,CDU/CSU,no
1048,39461,Eva Högl,SPD,no
1048,39463,Karl Holmeier,CDU/CSU,no
1048,39466,Franz-Josef Holzenkamp,CDU/CSU,no
1048,39467,Hendrik Hoppenstedt,CDU/CSU,no
1048,39471,Alexander Hoffmann,CDU/CSU,no
1048,39474,Robert Hochbaum,CDU/CSU,no
1048,39475,Heribert Hirte,CDU/CSU,no
1048,39476,Marcus Held,SPD,no
1048,39477,Mark Helfrich,CDU/CSU,no
1048,39479,Uda Heller,CDU/CSU,no
1048,39481,Wolfgang Hellmich,SPD,no
1048,39482,Jörg Hellmuth,CDU/CSU,no
1048,39485,Barbara Hendricks,SPD,no
1048,39494,Gustav Herzog,SPD,no
1048,39496,Ansgar Heveling,CDU/CSU,no
1048,39502,Peter Hintze,CDU/CSU,no
1048,39506,Stefan Heck,CDU/CSU,no
1048,39509,Matthias Heider,CDU/CSU,no
1048,39511,Helmut Heiderich,CDU/CSU,no
1048,39514,Hubertus Heil,SPD,no
1048,39516,Mechthild Heil,CDU/CSU,no
1048,39520,Frank Heinrich,CDU/CSU,no
1048,39521,Gabriela Heinrich,SPD,no
1048,39522,Mark Hauptmann,CDU/CSU,no
1048,39523,Matthias Hauer,CDU/CSU,no
1048,44387,Michael Hartmann,SPD,no
1048,39526,Gerda Hasselfeldt,CDU/CSU,no
1048,39530,Sebastian Hartmann,SPD,no
1048,39533,Metin Hakverdi,SPD,no
1048,39537,Florian Hahn,CDU/CSU,no
1048,39541,Rita Hagl-Kehl,SPD,no
1048,39542,Christian Haase,CDU/CSU,no
1048,39545,Bettina Hagedorn,SPD,no
1048,39550,Fritz Güntzler,CDU/CSU,no
1048,39553,Olav Gutting,CDU/CSU,no
1048,39554,Herlind Gundelach,CDU/CSU,no
1048,39557,Wolfgang Gunkel,SPD,no
1048,39559,Astrid Grotelüschen,CDU/CSU,no
1048,39562,Uli Grötsch,SPD,no
1048,39565,Markus Grübel,CDU/CSU,no
1048,39568,Manfred Grund,CDU/CSU,no
1048,39569,Oliver Grundmann,CDU/CSU,no
1048,39572,Monika Grütters,CDU/CSU,no
1048,40911,Michael Grosse-Brömer,CDU/CSU,no
1048,39577,Kerstin Griese,SPD,no
1048,39579,Philipp Graf von und zu Lerchenfeld,CDU/CSU,no
1048,39582,Ulrike Gottschalck,SPD,no
1048,39587,Iris Gleicke,SPD,no
1048,39588,Cemile Giousouf,CDU/CSU,no
1048,39591,Martin Gerster,SPD,no
1048,39594,Eberhard Gienger,CDU/CSU,no
1048,39599,Michael Gerdes,SPD,no
1048,39601,Alois Gerig,CDU/CSU,no
1048,39606,Ingo Gädechens,CDU/CSU,no
1048,39612,Peter Gauweiler,CDU/CSU,no
1048,39614,Thomas Gebhart,CDU/CSU,no
1048,39616,Alexander Funk,CDU/CSU,no
1048,39619,Hans-Peter Friedrich,CDU/CSU,no
1048,39621,Michael Frieser,CDU/CSU,no
1048,39625,Michael Fuchs,CDU/CSU,no
1048,39629,Christian Flisek,SPD,no
1048,44390,Klaus-Peter Flosbach,CDU/CSU,no
1048,39632,Gabriele Fograscher,SPD,no
1048,39634,Edgar Franke,SPD,no
1048,39636,Thorsten Frei,CDU/CSU,no
1048,39639,Dirk Fischer,CDU/CSU,no
1048,39642,Maria Flachsbarth,CDU/CSU,no
1048,43872,Axel Eduard Fischer,CDU/CSU,no
1048,39645,Ingrid Fischbach,CDU/CSU,no
1048,39651,Petra Ernstberger,SPD,no
1048,39652,Saskia Esken,SPD,no
1048,39655,Karin Evers-Meyer,SPD,no
1048,39656,Hermann Färber,CDU/CSU,no
1048,39657,Johannes Fechner,SPD,no
1048,39658,Uwe Feiler,CDU/CSU,no
1048,39659,Fritz Felgentreu,SPD,no
1048,39662,Enak Ferlemann,CDU/CSU,no
1048,44393,Elke Ferner,SPD,no
1048,39664,Michael Donth,CDU/CSU,no
1048,39667,Thomas Dörflinger,CDU/CSU,no
1048,39675,Marie-Luise Dött,CDU/CSU,no
1048,40684,Elvira Drobinski-Weiß,SPD,no
1048,39677,Hansjörg Durz,CDU/CSU,no
1048,39680,Jutta Eckenbach,CDU/CSU,no
1048,39684,Karamba Diaby,SPD,no
1048,39686,Alexandra Dinges-Dierig,CDU/CSU,no
1048,39688,Sabine Dittmar,SPD,no
1048,39692,Kees de Vries,CDU/CSU,no
1048,39696,Lars Castellucci,SPD,no
1048,39702,Gitta Connemann,CDU/CSU,no
1048,39704,Petra Crone,SPD,no
1048,39708,Bernhard Daldrup,SPD,no
1048,39711,Marco Bülow,SPD,no
1048,39718,Martin Burkert,SPD,no
1048,39724,Edelgard Bulmahn,SPD,no
1048,39726,Reinhard Brandl,CDU/CSU,no
1048,39729,Helmut Brandt,CDU/CSU,no
1048,39734,Willi Brase,SPD,no
1048,44283,Ralf Brauksiepe,CDU/CSU,no
1048,39736,Helge Braun,CDU/CSU,no
1048,39738,Heike Brehmer,CDU/CSU,no
1048,39740,Ralph Brinkhaus,CDU/CSU,no
1048,39743,Peter Bleser,CDU/CSU,no
1048,39744,Burkhard Blienert,SPD,no
1048,44361,Maria Böhmer,CDU/CSU,no
1048,39750,Wolfgang Bosbach,CDU/CSU,no
1048,39752,Norbert Brackmann,CDU/CSU,no
1048,39755,Klaus Brähmig,CDU/CSU,no
1048,39758,Clemens Binninger,CDU/CSU,no
1048,39761,Lothar Binding,SPD,no
1048,39763,Steffen Bilger,CDU/CSU,no
1048,39768,Peter Beyer,CDU/CSU,no
1048,39769,André Berghegger,CDU/CSU,no
1048,39772,Christoph Bergner,CDU/CSU,no
1048,39773,Sybille Benning,CDU/CSU,no
1048,39776,Veronika Bellmann,CDU/CSU,no
1048,39778,Manfred Behrens,CDU/CSU,no
1048,39779,Maik Beermann,CDU/CSU,no
1048,39784,Bärbel Bas,SPD,no
1048,39787,Helmut Günter Baumann,CDU/CSU,no
1048,44396,Dirk Becker,SPD,no
1048,44290,Hans-Peter Bartels,SPD,no
1048,39799,Klaus Barthel,SPD,no
1048,39802,Norbert Barthle,CDU/CSU,no
1048,39805,Thomas Bareiß,CDU/CSU,no
1048,44644,Katarina Barley,SPD,no
1048,39815,Niels Annen,SPD,no
1048,39818,Ingrid Arndt-Brauer,SPD,no
1048,44364,Rainer Arnold,SPD,no
1048,39819,Heike Baehrens,SPD,no
1048,39821,Stephan Albani,CDU/CSU,no
1048,44367,Gabriele Groneberg,SPD,no
1048,38805,Stefan Zierke,SPD,abstain
1048,38815,Waltraud Wolff,SPD,abstain
1048,38824,Andrea Wicklein,SPD,abstain
1048,38855,Gabi Weber,SPD,abstain
1048,39064,Ernst Dieter Rossmann,SPD,abstain
1048,39086,Susann Rüthrich,SPD,abstain
1048,39097,Mechthild Rawert,SPD,abstain
1048,39099,Stefan Rebmann,SPD,abstain
1048,39113,Andreas Rimkus,SPD,abstain
1048,39157,Detlev Pilger,SPD,abstain
1048,39295,Philipp Lengsfeld,CDU/CSU,abstain
1048,39376,Bärbel Kofler,SPD,abstain
1048,39392,Cansel Kiziltepe,SPD,abstain
1048,39409,Stefan Kaufmann,CDU/CSU,abstain
1048,39499,Gabriele Hiller-Ohm,SPD,abstain
1048,39505,Petra Hinz,SPD,abstain
1048,39507,Dirk Heidenblut,SPD,abstain
1048,39628,Dagmar Freitag,SPD,abstain
1048,39695,Daniela De Ridder,SPD,abstain
1048,39807,Heinz-Joachim Barchmann,SPD,abstain
1048,38643,Bernd-Bernhard Fabritius,CDU/CSU,no_show
1048,38653,Peter Altmaier,CDU/CSU,no_show
1048,38678,Thomas Silberhorn,CDU/CSU,no_show
1048,38696,Andrea Nahles,SPD,no_show
1048,38766,Christine Buchholz,DIE LINKE,no_show
1048,38770,Michael Brand,CDU/CSU,no_show
1048,38780,Katrin Göring-Eckardt,DIE GRÜNEN,no_show
1048,39837,Agnes Alpers,DIE LINKE,no_show
1048,38798,Manfred Zöllmer,SPD,no_show
1048,44262,Brigitte Zypries,SPD,no_show
1048,38807,Dagmar Ziegler,SPD,no_show
1048,38858,Kai Wegner,CDU/CSU,no_show
1048,38873,Sahra Wagenknecht,DIE LINKE,no_show
1048,38876,Beate Walter-Rosenheimer,DIE GRÜNEN,no_show
1048,38896,Kathrin Vogler,DIE LINKE,no_show
1048,44265,Franz Thönnes,SPD,no_show
1048,38919,Harald Terpe,DIE GRÜNEN,no_show
1048,44383,Azize Tank,DIE LINKE,no_show
1048,38957,Frank-Walter Steinmeier,SPD,no_show
1048,38989,Andreas Schwarz,SPD,no_show
1048,39006,Kristina Schröder,CDU/CSU,no_show
1048,44370,Annette Schavan,CDU/CSU,no_show
1048,39035,Andreas Scheuer,CDU/CSU,no_show
1048,39043,Jana Schimke,CDU/CSU,no_show
1048,39105,Katherina Reiche,CDU/CSU,no_show
1048,39145,Florian Pronold,SPD,no_show
1048,39156,Jeannine Pflugradt,SPD,no_show
1048,39163,Martin Pätzold,CDU/CSU,no_show
1048,39189,Thomas Oppermann,SPD,no_show
1048,41323,Elisabeth Motschmann,CDU/CSU,no_show
1048,39246,Angela Merkel,CDU/CSU,no_show
1048,39267,Jan-Marco Luczak,CDU/CSU,no_show
1048,44358,Gabriele Lösekrug-Möller,SPD,no_show
1048,39314,Karl A. Lamers,CDU/CSU,no_show
1048,39334,Katrin Kunert,DIE LINKE,no_show
1048,39337,Renate Künast,DIE GRÜNEN,no_show
1048,39340,Bettina Kudla,CDU/CSU,no_show
1048,39348,Jutta Krellmann,DIE LINKE,no_show
1048,39397,Katja Keul,DIE GRÜNEN,no_show
1048,39400,Kerstin Kassner,DIE LINKE,no_show
1048,39412,Steffen Kanitz,CDU/CSU,no_show
1048,39421,Steffen Kampeter,CDU/CSU,no_show
1048,39442,Hubert Hüppe,CDU/CSU,no_show
1048,39443,Matthias Ilgen,SPD,no_show
1048,39488,Rudolf Henke,CDU/CSU,no_show
1048,39491,Michael Hennrich,CDU/CSU,no_show
1048,39518,Rosemarie Hein,DIE LINKE,no_show
1048,39574,Michael Groß,SPD,no_show
1048,39584,Nicole Gohlke,DIE LINKE,no_show
1048,39604,Sigmar Gabriel,SPD,no_show
1048,41043,Wolfgang Gehrcke-Reymann,DIE LINKE,no_show
1048,39635,Ulrich Freese,SPD,no_show
1048,39663,Ute Finckh-Krämer,SPD,no_show
1048,39670,Martin Dörmann,SPD,no_show
1048,39683,Ekin Deligöz,DIE GRÜNEN,no_show
1048,39691,Alexander Dobrindt,CDU/CSU,no_show
1048,39694,Thomas de Maizière,CDU/CSU,no_show
1048,39707,Sevim Dağdelen,DIE LINKE,no_show
1048,39731,Franziska Brantner,DIE GRÜNEN,no_show
1048,44287,Uwe Beckmeyer,SPD,no_show
1048,39852,Sabine Bätzing-Lichtenthäler,SPD,no_show
1048,39790,Marieluise Beck,DIE GRÜNEN,no_show
1048,39793,Volker Beck,DIE GRÜNEN,no_show
1048,39796,Doris Barnett,SPD,no_show
1048,39810,Dorothee Bär,CDU/CSU,no_show
1048,39822,Christian Petry,SPD,no_show
4146,38267,Frauke Petry,fraktionslos,yes
4146,45481,Frank Pasemann,fraktionslos,no_show
4146,45348,Georg Nüßlein,fraktionslos,no
4146,41210,Mario Mieruch,fraktionslos,no
4146,43916,Uwe Kamann,fraktionslos,yes
4146,46133,Lars Herrmann,fraktionslos,no
4146,46185,Verena Hartmann,fraktionslos,no
4146,39712,Marco Bülow,fraktionslos,yes
4146,45452,Gerhard Zickenheiner,DIE GRÜNEN,yes
4146,46564,Wolfgang Wetzel,DIE GRÜNEN,yes
4146,44071,Beate Walter-Rosenheimer,DIE GRÜNEN,yes
4146,41099,Daniela Wagner,DIE GRÜNEN,abstain
4146,44614,Julia Verlinden,DIE GRÜNEN,yes
4146,44621,Jürgen Trittin,DIE GRÜNEN,yes
4146,45427,Markus Tressel,DIE GRÜNEN,yes
4146,41209,Margit Stumpp,DIE GRÜNEN,yes
4146,45422,Wolfgang Strengmann-Kuhn,DIE GRÜNEN,yes
4146,45397,Kordula Schulz-Asche,DIE GRÜNEN,yes
4146,46262,Charlotte Schneidewind-Hartnagel,DIE GRÜNEN,yes
4146,41219,Stefan Schmidt,DIE GRÜNEN,yes
4146,45391,Frithjof Schmidt,DIE GRÜNEN,yes
4146,45450,Ulle Schauws,DIE GRÜNEN,yes
4146,45384,Manuel Sarrazin,DIE GRÜNEN,yes
4146,45497,Corinna Rüffer,DIE GRÜNEN,yes
4146,43882,Manuela Rottmann,DIE GRÜNEN,yes
4146,45378,Claudia Roth,DIE GRÜNEN,yes
4146,45562,Tabea Rößner,DIE GRÜNEN,yes
4146,43029,Filiz Polat,DIE GRÜNEN,yes
4146,46009,Lisa Paus,DIE GRÜNEN,yes
4146,45352,Cem Özdemir,DIE GRÜNEN,yes
4146,45351,Friedrich Ostendorff,DIE GRÜNEN,no_show
4146,45347,Omid Nouripour,DIE GRÜNEN,yes
4146,44579,Konstantin von Notz,DIE GRÜNEN,yes
4146,41132,Ingrid Nestle,DIE GRÜNEN,yes
4146,44067,Beate Müller-Gemmeke,DIE GRÜNEN,yes
4146,41188,Claudia Müller,DIE GRÜNEN,yes
4146,45510,Irene Mihalic,DIE GRÜNEN,yes
4146,45323,Tobias Lindner,DIE GRÜNEN,yes
4146,45318,Steffi Lemke,DIE GRÜNEN,yes
4146,43881,Sven Lehmann,DIE GRÜNEN,yes
4146,45314,Monika Lazar,DIE GRÜNEN,yes
4146,45307,Markus Kurth,DIE GRÜNEN,yes
4146,45306,Renate Künast,DIE GRÜNEN,yes
4146,45303,Christian Kühn,DIE GRÜNEN,no_show
4146,45301,Oliver Krischer,DIE GRÜNEN,yes
4146,45787,Sylvia Kotting-Uhl,DIE GRÜNEN,yes
4146,45295,Maria Klein-Schmeink,DIE GRÜNEN,yes
4146,45290,Sven-Christian Kindler,DIE GRÜNEN,yes
4146,45288,Katja Keul,DIE GRÜNEN,yes
4146,45286,Uwe Kekeritz,DIE GRÜNEN,yes
4146,46255,Kirsten Kappert-Gonther,DIE GRÜNEN,yes
4146,45274,Dieter Janecek,DIE GRÜNEN,no_show
4146,43155,Ottmar von Holtz,DIE GRÜNEN,yes
4146,46200,Anton Hofreiter,DIE GRÜNEN,yes
4146,42696,Bettina Hoffmann,DIE GRÜNEN,yes
4146,44558,Britta Haßelmann,DIE GRÜNEN,yes
4146,44530,Anja Hajduk,DIE GRÜNEN,yes
4146,45854,Erhard Grundl,DIE GRÜNEN,yes
4146,46024,Katrin Göring-Eckardt,DIE GRÜNEN,yes
4146,40479,Stefan Gelbhaar,DIE GRÜNEN,yes
4146,44617,Kai Gehring,DIE GRÜNEN,yes
4146,45251,Matthias Gastel,DIE GRÜNEN,yes
4146,45247,Harald Ebner,DIE GRÜNEN,yes
4146,45246,Katharina Dröge,DIE GRÜNEN,yes
4146,44503,Ekin Deligöz,DIE GRÜNEN,no_show
4146,46566,Janosch Dahmen,DIE GRÜNEN,yes
4146,45561,Anna Christmann,DIE GRÜNEN,yes
4146,44076,Agnieszka Brugger,DIE GRÜNEN,yes
4146,44496,Franziska Brantner,DIE GRÜNEN,yes
4146,40338,Canan Bayram,DIE GRÜNEN,yes
4146,44064,Danyal Bayaz,DIE GRÜNEN,no_show
4146,46230,Margarete Bause,DIE GRÜNEN,yes
4146,44808,Annalena Baerbock,DIE GRÜNEN,yes
4146,41142,Lisa Badum,DIE GRÜNEN,yes
4146,44474,Luise Amtsberg,DIE GRÜNEN,yes
4146,45447,Sabine Zimmermann,DIE LINKE,yes
4146,45448,Pia Zimmermann,DIE LINKE,no_show
4146,44608,Hubertus Zdebel,DIE LINKE,no_show
4146,45441,Katrin Werner,DIE LINKE,no_show
4146,45437,Harald Weinberg,DIE LINKE,yes
4146,44701,Andreas Wagner,DIE LINKE,yes
4146,44584,Sahra Wagenknecht,DIE LINKE,no
4146,46197,Kathrin Vogler,DIE LINKE,yes
4146,44546,Alexander Ulrich,DIE LINKE,no
4146,47869,Axel Troost,DIE LINKE,abstain
4146,40021,Jessica Tatti,DIE LINKE,yes
4146,44578,Kirsten Tackmann,DIE LINKE,yes
4146,43883,Friedrich Straetmanns,DIE LINKE,yes
4146,45418,Kersten Steinke,DIE LINKE,yes
4146,44097,Helin Evrim Sommer,DIE LINKE,yes
4146,44583,Petra Sitte,DIE LINKE,yes
4146,43886,Eva-Maria Schreiber,DIE LINKE,yes
4146,45892,Bernd Riexinger,DIE LINKE,no_show
4146,45369,Martina Renner,DIE LINKE,yes
4146,41180,Ingrid Remmers,DIE LINKE,no_show
4146,41222,Tobias Pflüger,DIE LINKE,yes
4146,43214,Victor Perli,DIE LINKE,yes
4146,43884,Sören Pellmann,DIE LINKE,yes
4146,45357,Petra Pau,DIE LINKE,yes
4146,45346,Thomas Nord,DIE LINKE,yes
4146,44571,Alexander S. Neu,DIE LINKE,yes
4146,45829,Zaklin Nastić,DIE LINKE,yes
4146,45338,Norbert Müller,DIE LINKE,yes
4146,45337,Niema Movassat,DIE LINKE,yes
4146,44566,Cornelia Möhring,DIE LINKE,no_show
4146,46022,Amira Mohamed Ali,DIE LINKE,yes
4146,40509,Pascal Meiser,DIE LINKE,yes
4146,45327,Thomas Lutze,DIE LINKE,yes
4146,45325,Gesine Lötzsch,DIE LINKE,yes
4146,45321,Stefan Liebich,DIE LINKE,yes
4146,45319,Ralph Lenkert,DIE LINKE,yes
4146,45316,Sabine Leidig,DIE LINKE,yes
4146,44560,Caren Lay,DIE LINKE,yes
4146,44616,Jutta Krellmann,DIE LINKE,yes
4146,44611,Jan Korte,DIE LINKE,yes
4146,45292,Katja Kipping,DIE LINKE,yes
4146,45496,Achim Kessler,DIE LINKE,yes
4146,45282,Kerstin Kassner,DIE LINKE,yes
4146,38740,Ulla Jelpke,DIE LINKE,yes
4146,45273,Andrej Hunko,DIE LINKE,yes
4146,41313,Matthias Höhn,DIE LINKE,yes
4146,44531,Heike Hänsel,DIE LINKE,yes
4146,44528,André Hahn,DIE LINKE,yes
4146,44524,Gregor Gysi,DIE LINKE,yes
4146,44520,Nicole Gohlke,DIE LINKE,yes
4146,46228,Sylvia Gabelmann,DIE LINKE,no_show
4146,40204,Brigitte Freihold,DIE LINKE,no_show
4146,46014,Susanne Ferschl,DIE LINKE,yes
4146,45491,Klaus Ernst,DIE LINKE,no
4146,37947,Anke Domscheit-Berg,DIE LINKE,yes
4146,44502,Diether Dehm,DIE LINKE,no_show
4146,37913,Fabio De Masi,DIE LINKE,no_show
4146,44501,Sevim Dağdelen,DIE LINKE,no
4146,43885,Jörg Cezanne,DIE LINKE,yes
4146,44043,Birke Bull-Bischoff,DIE LINKE,yes
4146,44499,Christine Buchholz,DIE LINKE,yes
4146,40082,Michel Brandt,DIE LINKE,yes
4146,46265,Heidrun Bluhm-Förster,DIE LINKE,abstain
4146,44492,Matthias W. Birkwald,DIE LINKE,yes
4146,45239,Lorenz Gösta Beutin,DIE LINKE,yes
4146,46023,Dietmar Bartsch,DIE LINKE,yes
4146,43887,Simone Barrientos,DIE LINKE,yes
4146,39953,Gökay Akbulut,DIE LINKE,yes
4146,43888,Doris Achelwilm,DIE LINKE,yes
4146,45591,Katharina Willkomm,FDP,abstain
4146,44777,Nicole Westig,FDP,abstain
4146,45551,Sandra Weeser,FDP,abstain
4146,41138,Johannes Vogel,FDP,abstain
4146,45902,Gerald Ullrich,FDP,abstain
4146,43900,Andrew Ullmann,FDP,abstain
4146,40621,Florian Toncar,FDP,abstain
4146,37973,Manfred Todtenhausen,FDP,abstain
4146,40994,Stephan Thomae,FDP,abstain
4146,37879,Michael Theurer,FDP,abstain
4146,42162,Linda Teuteberg,FDP,no_show
4146,38473,Katja Suding,FDP,abstain
4146,40100,Benjamin Strasser,FDP,abstain
4146,45232,Marie-Agnes Strack-Zimmermann,FDP,abstain
4146,41089,Bettina Stark-Watzinger,FDP,no_show
4146,40635,Hermann Otto Solms,FDP,abstain
4146,41140,Judith Skudelny,FDP,abstain
4146,43890,Frank Sitta,FDP,abstain
4146,41152,Matthias Seestern-Pauly,FDP,abstain
4146,38476,Wieland Schinnenburg,FDP,abstain
4146,40700,Frank Schäffler,FDP,abstain
4146,41666,Christian Sauter,FDP,abstain
4146,43898,Thomas Sattelberger,FDP,no_show
4146,43549,Bernd Reuther,FDP,abstain
4146,41121,Hagen Reinhold,FDP,abstain
4146,46540,Matthias Nölke,FDP,abstain
4146,45509,Martin Neumann,FDP,abstain
4146,43895,Frank Müller-Rosentritt,FDP,abstain
4146,44804,Roman Müller-Böhm,FDP,abstain
4146,41087,Alexander Müller,FDP,abstain
4146,45504,Christoph Meyer,FDP,abstain
4146,38101,Jürgen Martens,FDP,abstain
4146,41220,Till Mansmann,FDP,abstain
4146,41157,Oliver Luksic,FDP,no_show
4146,46202,Michael Link,FDP,no_show
4146,46025,Christian Lindner,FDP,abstain
4146,43821,Ulrich Lechte,FDP,abstain
4146,37798,Alexander Graf Lambsdorff,FDP,abstain
4146,39936,Alexander Kulitz,FDP,abstain
4146,37956,Konstantin Kuhle,FDP,abstain
4146,41227,Wolfgang Kubicki,FDP,abstain
4146,43896,Carina Konrad,FDP,abstain
4146,43899,Lukas Köhler,FDP,abstain
4146,40934,Pascal Kober,FDP,abstain
4146,41262,Daniela Kluckert,FDP,abstain
4146,41111,Marcel Klinge,FDP,no_show
4146,42591,Karsten Klein,FDP,abstain
4146,45587,Gyde Jensen-Bornhöft,FDP,abstain
4146,43893,Olaf in der Beek,FDP,abstain
4146,46205,Ulla Ihnen,FDP,abstain
4146,43892,Reinhard Houben,FDP,abstain
4146,43902,Christoph Hoffmann,FDP,abstain
4146,41148,Manuel Höferlin,FDP,abstain
4146,45453,Gero Hocker,FDP,abstain
4146,42593,Katja Hessel,FDP,abstain
4146,45860,Torsten Herbst,FDP,abstain
4146,43891,Markus Herbrand,FDP,abstain
4146,44062,Katrin Helling-Plahr,FDP,abstain
4146,46215,Peter Heidt,FDP,abstain
4146,46258,Reginald Hanke,FDP,abstain
4146,44041,Thomas Hacker,FDP,abstain
4146,48231,Christopher Gohl,FDP,abstain
4146,40932,Otto Fricke,FDP,abstain
4146,43818,Daniel Föst,FDP,abstain
4146,41208,Marcus Faber,FDP,abstain
4146,40754,Hartmut Ebbing,FDP,abstain
4146,45451,Christian Dürr,FDP,abstain
4146,40553,Bijan Djir-Sarai,FDP,abstain
4146,41090,Britta Dassler,FDP,abstain
4146,43894,Carl-Julius Cronenberg,FDP,abstain
4146,43532,Karlheinz Busen,FDP,abstain
4146,40874,Marco Buschmann,FDP,abstain
4146,46257,Sandra Bubendorfer-Licht,FDP,abstain
4146,43897,Mario Brandenburg,FDP,abstain
4146,39979,Jens Brandenburg,FDP,abstain
4146,43245,Jens Beeck,FDP,abstain
4146,43820,Nicole Bauer,FDP,abstain
4146,40573,Christine Aschenberg-Dugnus,FDP,abstain
4146,41217,Renata Alt,FDP,abstain
4146,43889,Grigorios Aggelidis,FDP,abstain
4146,44624,Uwe Witt,AfD,no
4146,44646,Christian Wirth,AfD,no
4146,43836,Heiko Wildberg,AfD,no
4146,46247,Wolfgang Wiehle,AfD,no
4146,43948,Harald Weyel,AfD,no_show
4146,46026,Alice Weidel,AfD,no_show
4146,45921,Beatrix von Storch,AfD,no
4146,43824,René Springer,AfD,no
4146,46015,Dirk Spaniel,AfD,no
4146,44622,Detlev Spangenberg,AfD,no
4146,44035,Martin Sichert,AfD,no
4146,40147,Thomas Seitz,AfD,no
4146,44040,Uwe Schulz,AfD,no
4146,44092,Jörg Schneider,AfD,no
4146,43833,Robby Schlund,AfD,no
4146,41290,Ulrike Schielke-Ziesing,AfD,no
4146,43946,Roman Reusch,AfD,no
4146,41211,Martin Erwin Renner,AfD,no
4146,46182,Martin Reichardt,AfD,no_show
4146,44075,Stephan Protschka,AfD,no
4146,45493,Jürgen Pohl,AfD,no_show
4146,43838,Paul Podolay,AfD,no
4146,45830,Tobias Matthias Peterka,AfD,no
4146,45857,Gerold Otten,AfD,no
4146,43831,Ulrich Oehme,AfD,no
4146,44042,Jan Ralf Nolte,AfD,no
4146,38268,Christoph Neumann,AfD,no
4146,43835,Sebastian Münzenmaier,AfD,no
4146,41223,Volker Münz,AfD,no_show
4146,44640,Hansjörg Müller,AfD,no
4146,45465,Andreas Mrosek,AfD,no
4146,45592,Corinna Miazga,AfD,no_show
4146,43945,Birgit Malsack-Winkemann,AfD,no
4146,43829,Jens Maier,AfD,no
4146,43841,Lothar Maier,AfD,no
4146,46155,Frank Magnitz,AfD,no
4146,44059,Rüdiger Lucassen,AfD,no
4146,43839,Rainer Kraft,AfD,no
4146,38250,Steffen Kotré,AfD,no
4146,41204,Jörn König,AfD,no
4146,41287,Enrico Komning,AfD,no
4146,45835,Norbert Kleinwächter,AfD,no
4146,43918,Stefan Keuter,AfD,no
4146,43823,Jens Kestner,AfD,no_show
4146,41192,Marc Jongen,AfD,no
4146,43912,Fabian Jacobi,AfD,no
4146,43837,Johannes Huber,AfD,no
4146,41294,Leif-Erik Holm,AfD,no
4146,43915,Bruno Hollnagel,AfD,no
4146,40888,Martin Hohmann,AfD,no
4146,46203,Nicole Höchst,AfD,no
4146,43827,Karsten Hilse,AfD,no
4146,43830,Heiko Heßenkemper,AfD,no
4146,43843,Martin Hess,AfD,no
4146,37970,Waldemar Herdt,AfD,no
4146,43826,Udo Hemmelgarn,AfD,no
4146,46204,Martin Hebner,AfD,no_show
4146,43913,Jochen Haug,AfD,no
4146,45263,Roland Hartwig,AfD,no
4146,43832,Mariana Harder-Kühnel,AfD,no
4146,37963,Armin Paul Hampel,AfD,no
4146,44470,Kay Gottschalk,AfD,no
4146,43947,Wilhelm von Gottberg,AfD,no
4146,43944,Franziska Gminder,AfD,no
4146,45518,Albrecht Glaser,AfD,no
4146,41216,Axel Gehrke,AfD,no_show
4146,46027,Alexander Gauland,AfD,no
4146,44199,Götz Frömming,AfD,no
4146,40069,Markus Frohnmaier,AfD,no
4146,43950,Anton Friesen,AfD,no
4146,43822,Dietmar Friedhoff,AfD,no
4146,43840,Peter Felser,AfD,no
4146,43919,Michael Espendiller,AfD,no
4146,43914,Berengar Elsner von Gronow,AfD,no
4146,44197,Thomas Ehrhorn,AfD,no
4146,38269,Siegbert Droese,AfD,no_show
4146,43814,Gottfried Curio,AfD,no
4146,45502,Joana Cotar,AfD,no
4146,43828,Tino Chrupalla,AfD,no
4146,37965,Petr Bystron,AfD,no
4146,45494,Matthias Büttner,AfD,no
4146,43949,Marcus Bühl,AfD,no
4146,43842,Jürgen Braun,AfD,no
4146,38315,Stephan Brandner,AfD,no
4146,44102,Peter Boehringer,AfD,no
4146,43834,Andreas Bleck,AfD,no
4146,40066,Marc Bernhard,AfD,no
4146,45234,Bernd Baumann,AfD,no
4146,45446,Jens Zimmermann,SPD,no
4146,45445,Stefan Zierke,SPD,no
4146,44568,Dagmar Ziegler,SPD,no
4146,44602,Gülistan Yüksel,SPD,abstain
4146,44570,Dirk Wiese,SPD,no
4146,45442,Bernd Westphal,SPD,no
4146,46263,Joe Weingarten,SPD,no
4146,44072,Gabi Weber,SPD,no
4146,45434,Dirk Vöpel,SPD,no
4146,43905,Marja-Liisa Völlers,SPD,no
4146,45432,Ute Vogt,SPD,no
4146,45426,Carsten Träger,SPD,no
4146,43423,Markus Töns,SPD,no
4146,45425,Michael Thews,SPD,no
4146,44565,Claudia Tausend,SPD,no
4146,46209,Kerstin Tack,SPD,no
4146,43903,Mathias Stein,SPD,no
4146,45414,Sonja Steffen,SPD,no
4146,45412,Martina Stamm-Fibich,SPD,no
4146,45411,Svenja Stadler,SPD,no
4146,45410,Rainer Spiering,SPD,no
4146,45402,Rita Schwarzelühr-Sutter,SPD,no
4146,45401,Andreas Schwarz,SPD,no
4146,45400,Stefan Schwartze,SPD,no_show
4146,45399,Frank Schwabe,SPD,no
4146,45396,Swen Schulz,SPD,no
4146,37851,Martin Schulz,SPD,no
4146,45395,Ursula Schulte,SPD,no
4146,41213,Michael Schrodi,SPD,no
4146,37960,Johannes Schraps,SPD,no
4146,45806,Carsten Schneider,SPD,no
4146,44567,Dagmar Schmidt,SPD,no
4146,44069,Ulla Schmidt,SPD,no
4146,43809,Uwe Schmidt,SPD,no
4146,40161,Nils Schmid,SPD,no
4146,45388,Udo Schiefner,SPD,no
4146,45387,Marianne Schieder,SPD,no
4146,44582,Nina Scheer,SPD,no
4146,45474,Axel Schäfer,SPD,no
4146,45383,Johann Saathoff,SPD,no
4146,45580,Sarah Ryglewski,SPD,no
4146,45382,Bernd Rützel,SPD,no
4146,45381,Susann Rüthrich,SPD,no
4146,45379,Michael Roth,SPD,no
4146,45377,Ernst Dieter Rossmann,SPD,no
4146,45376,René Röspel,SPD,no
4146,44580,Martin Rosemann,SPD,no
4146,45374,Dennis Rohde,SPD,no
4146,45373,Sönke Rix,SPD,no
4146,45372,Andreas Rimkus,SPD,no
4146,46547,Mechthild Rawert,SPD,no
4146,45364,Martin Rabanus,SPD,no
4146,45363,Sascha Raabe,SPD,no
4146,44596,Florian Pronold,SPD,no
4146,44541,Achim Post,SPD,no
4146,44595,Florian Post,SPD,no_show
4146,45362,Sabine Poschmann,SPD,no
4146,45360,Detlev Pilger,SPD,no_show
4146,45358,Christian Petry,SPD,no
4146,45856,Markus Paschke,SPD,no_show
4146,45354,Aydan Özoğuz,SPD,no
4146,45353,Mahmut Özdemir,SPD,no
4146,43911,Josephine Ortleb,SPD,no
4146,44068,Ulli Nissen,SPD,no
4146,45344,Dietmar Nietan,SPD,no
4146,46021,Rolf Mützenich,SPD,no
4146,45343,Michelle Müntefering,SPD,no
4146,45339,Detlef Müller,SPD,no
4146,45340,Bettina Müller,SPD,no_show
4146,43904,Siemtje Möller,SPD,no
4146,43907,Claudia Moll,SPD,no
4146,43906,Falko Mohrs,SPD,no
4146,45335,Susanne Mittag,SPD,no
4146,45334,Klaus Mindrup,SPD,no_show
4146,44581,Matthias Miersch,SPD,no
4146,44066,Hilde Mattheis,SPD,no
4146,43800,Christoph Matschie,SPD,no
4146,45329,Katja Mast,SPD,no
4146,46541,Dorothee Martin,SPD,no
4146,44561,Caren Marks,SPD,no
4146,45844,Isabel Mackensen-Geis,SPD,no
4146,43624,Heiko Maas,SPD,no
4146,44096,Kirsten Lühmann,SPD,no
4146,46568,Hiltrud Lotze,SPD,no
4146,43908,Helge Lindh,SPD,no_show
4146,46259,Sylvia Lehmann,SPD,no
4146,45313,Karl Lauterbach,SPD,no_show
4146,45310,Christian Lange,SPD,no
4146,45231,Christine Lambrecht,SPD,no
4146,45300,Anette Kramme,SPD,no
4146,46267,Elvan Korkmaz-Emre,SPD,no
4146,45238,Daniela Kolbe,SPD,no_show
4146,44573,Bärbel Kofler,SPD,no
4146,45296,Lars Klingbeil,SPD,no
4146,45293,Arno Klare,SPD,no
4146,44559,Cansel Kiziltepe,SPD,no
4146,45283,Gabriele Katzmarek,SPD,no
4146,45281,Ralf Kapschack,SPD,no
4146,43910,Elisabeth Kaiser,SPD,no
4146,45279,Oliver Kaczmarek,SPD,no
4146,45278,Thomas Jurk,SPD,no
4146,44613,Josip Juratovic,SPD,yes
4146,45277,Frank Junge,SPD,no
4146,45270,Thomas Hitschler,SPD,no
4146,45267,Gabriele Hiller-Ohm,SPD,no
4146,44605,Gustav Herzog,SPD,no
4146,44538,Barbara Hendricks,SPD,no
4146,44537,Wolfgang Hellmich,SPD,no
4146,44535,Marcus Held,SPD,no_show
4146,44534,Gabriela Heinrich,SPD,no
4146,44533,Hubertus Heil,SPD,no
4146,45265,Dirk Heidenblut,SPD,no
4146,45262,Sebastian Hartmann,SPD,no
4146,46138,Metin Hakverdi,SPD,no
4146,44527,Rita Hagl-Kehl,SPD,no
4146,44526,Bettina Hagedorn,SPD,no_show
4146,45257,Uli Grötsch,SPD,no
4146,44523,Michael Groß,SPD,no
4146,46177,Kerstin Griese,SPD,no
4146,42869,Timon Gremmels,SPD,no
4146,44519,Angelika Glöckner,SPD,no
4146,45254,Martin Gerster,SPD,no
4146,45253,Michael Gerdes,SPD,no
4146,44516,Dagmar Freitag,SPD,no
4146,44514,Ulrich Freese,SPD,no
4146,44513,Edgar Franke,SPD,no
4146,44511,Fritz Felgentreu,SPD,no
4146,45249,Johannes Fechner,SPD,no
4146,43917,Yasmin Fahimi,SPD,no
4146,46168,Saskia Esken,SPD,no
4146,45459,Wiebke Esdar,SPD,no
4146,44506,Sabine Dittmar,SPD,no
4146,43909,Esther Dilcher,SPD,no
4146,44505,Karamba Diaby,SPD,no
4146,45466,Daniela De Ridder,SPD,no_show
4146,45859,Bernhard Daldrup,SPD,no
4146,44058,Lars Castellucci,SPD,no
4146,41309,Katrin Budde,SPD,no
4146,44065,Karl-Heinz Brunner,SPD,no
4146,45235,Leni Breymaier,SPD,no
4146,46264,Eberhard Brecht,SPD,no
4146,44491,Lothar Binding,SPD,no
4146,44485,Bärbel Bas,SPD,no
4146,44484,Sören Bartol,SPD,no
4146,44483,Matthias Bartke,SPD,no
4146,44481,Doris Barnett,SPD,no
4146,45230,Nezahat Baradari,SPD,no
4146,44479,Ulrike Bahr,SPD,no
4146,44477,Heike Baehrens,SPD,no
4146,46256,Bela Bach,SPD,no
4146,44476,Ingrid Arndt-Brauer,SPD,no
4146,44475,Niels Annen,SPD,no
4146,46180,Matthias Zimmer,CDU/CSU,no
4146,44037,Paul Ziemiak,CDU/CSU,no
4146,44586,Emmi Zeulner,CDU/CSU,no_show
4146,44585,Elisabeth Winkelmeier-Becker,CDU/CSU,no
4146,45443,Klaus-Peter Willsch,CDU/CSU,no
4146,43864,Bettina Wiesmann,CDU/CSU,no
4146,44554,Annette Widmann-Mauz,CDU/CSU,no
4146,44619,Kai Whittaker,CDU/CSU,no
4146,45440,Marian Wendt,CDU/CSU,no
4146,44610,Ingo Wellenreuther,CDU/CSU,no
4146,45438,Sabine Weiss,CDU/CSU,no
4146,45439,Peter Weiß,CDU/CSU,no
4146,44553,Anja Weisgerber,CDU/CSU,no
4146,46240,Marcus Weinberg,CDU/CSU,no
4146,44543,Albert Weiler,CDU/CSU,no
4146,44618,Kai Wegner,CDU/CSU,no
4146,45436,Nina Warken,CDU/CSU,no
4146,45435,Marco Wanderwitz,CDU/CSU,no_show
4146,44070,Johann Wadephul,CDU/CSU,no
4146,44057,Kees de Vries,CDU/CSU,no_show
4146,38357,Christoph de Vries,CDU/CSU,no
4146,45431,Volkmar Vogel,CDU/CSU,no_show
4146,48522,Thomas Viesehon,CDU/CSU,no
4146,43855,Kerstin Vieregge,CDU/CSU,no
4146,45429,Arnold Vaatz,CDU/CSU,no
4146,45428,Volker Ullrich,CDU/CSU,no
4146,43643,Markus Uhl,CDU/CSU,no
4146,46198,Antje Tillmann,CDU/CSU,no
4146,43848,Dietlind Tiemann,CDU/CSU,no
4146,39962,Alexander Throm,CDU/CSU,no
4146,43856,Hans-Jürgen Thies,CDU/CSU,no
4146,43852,Hermann-Josef Tebroke,CDU/CSU,no
4146,45421,Max Straubinger,CDU/CSU,no
4146,45420,Stephan Stracke,CDU/CSU,no
4146,46194,Gero Storjohann,CDU/CSU,no
4146,45419,Dieter Stier,CDU/CSU,no
4146,45433,Christian von Stetten,CDU/CSU,no
4146,45417,Johannes Steiniger,CDU/CSU,no
4146,45416,Sebastian Steineke,CDU/CSU,no
4146,45415,Peter Stein,CDU/CSU,no
4146,43867,Andreas Steier,CDU/CSU,no
4146,44542,Albert Stegemann,CDU/CSU,no
4146,45455,Wolfgang Stefinger,CDU/CSU,no
4146,45413,Frank Steffel,CDU/CSU,no
4146,43875,Katrin Staffler,CDU/CSU,no
4146,45409,Jens Spahn,CDU/CSU,no
4146,45408,Tino Sorge,CDU/CSU,no
4146,43866,Björn Simon,CDU/CSU,no
4146,45407,Thomas Silberhorn,CDU/CSU,no
4146,46398,Bernd Siebert,CDU/CSU,no
4146,45405,Patrick Sensburg,CDU/CSU,no
4146,46229,Reinhold Sendker,CDU/CSU,no
4146,45404,Johannes Selle,CDU/CSU,no
4146,45403,Detlef Seif,CDU/CSU,no
4146,45895,Torsten Schweiger,CDU/CSU,no
4146,45398,Uwe Schummer,CDU/CSU,no
4146,45458,Klaus-Peter Schulze,CDU/CSU,no
4146,40081,Felix Schreiner,CDU/CSU,no
4146,45394,Nadine Schön,CDU/CSU,no
4146,45393,Patrick Schnieder,CDU/CSU,no
4146,43845,Claudia Schmidtke,CDU/CSU,no
4146,45392,Christian Schmidt,CDU/CSU,no
4146,45390,Tankred Schipanski,CDU/CSU,no
4146,45389,Jana Schimke,CDU/CSU,no
4146,45386,Andreas Scheuer,CDU/CSU,no
4146,45385,Wolfgang Schäuble,CDU/CSU,no
4146,44551,Anita Schäfer,CDU/CSU,no
4146,43865,Stefan Sauer,CDU/CSU,no
4146,45636,Albert Rupprecht,CDU/CSU,no
4146,44588,Erwin Rüddel,CDU/CSU,no
4146,43853,Stefan Rouenhoff,CDU/CSU,no
4146,45380,Norbert Röttgen,CDU/CSU,no
4146,45375,Johannes Röring,CDU/CSU,no
4146,45371,Josef Rief,CDU/CSU,no
4146,45370,Lothar Riebsamen,CDU/CSU,no
4146,45368,Eckhardt Rehberg,CDU/CSU,no
4146,45367,Peter Ramsauer,CDU/CSU,no
4146,44549,Alois Rainer,CDU/CSU,no
4146,44545,Alexander Radwan,CDU/CSU,no
4146,45366,Kerstin Radomski,CDU/CSU,no
4146,45365,Thomas Rachel,CDU/CSU,no
4146,45361,Eckhard Pols,CDU/CSU,no
4146,38359,Christoph Ploß,CDU/CSU,no
4146,43878,Stephan Pilsinger,CDU/CSU,no
4146,45359,Joachim Pfeiffer,CDU/CSU,no
4146,45356,Martin Patzelt,CDU/CSU,no
4146,45355,Sylvia Pantel,CDU/CSU,no
4146,46199,Ingrid Pahlmann,CDU/CSU,no
4146,45837,Henning Otte,CDU/CSU,no
4146,48230,Tim Ostermann,CDU/CSU,no
4146,46206,Josef Oster,CDU/CSU,no
4146,44594,Florian Oßner,CDU/CSU,no
4146,45349,Wilfried Oellers,CDU/CSU,no
4146,47908,Kristina Nordt,CDU/CSU,no
4146,45345,Michaela Noll,CDU/CSU,no
4146,41857,Petra Nicolaisen,CDU/CSU,no
4146,44572,Andreas Nick,CDU/CSU,no
4146,46567,Christian Natterer,CDU/CSU,no
4146,45341,Stefan Müller,CDU/CSU,no
4146,44564,Carsten Müller,CDU/CSU,no
4146,46143,Sepp Müller,CDU/CSU,no
4146,45342,Gerd Müller,CDU/CSU,no_show
4146,43874,Axel Müller,CDU/CSU,no
4146,46188,Elisabeth Motschmann,CDU/CSU,no
4146,45336,Karsten Möring,CDU/CSU,no
4146,45822,Dietrich Monstadt,CDU/CSU,no
4146,45333,Mathias Middelberg,CDU/CSU,no
4146,45332,Hans Michelbach,CDU/CSU,no
4146,44612,Jan Metzler,CDU/CSU,no
4146,44550,Angela Merkel,CDU/CSU,no_show
4146,44061,Michael Meister,CDU/CSU,no
4146,45331,Stephan Mayer,CDU/CSU,no
4146,45330,Andreas Mattfeldt,CDU/CSU,no
4146,44606,Hans-Georg von der Marwitz,CDU/CSU,no
4146,38887,Matern von Marschall,CDU/CSU,no
4146,45473,Astrid Mannes,CDU/CSU,no
4146,44601,Gisela Manderla,CDU/CSU,no
4146,44504,Thomas de Maizière,CDU/CSU,no
4146,45328,Yvonne Magwas,CDU/CSU,no
4146,44620,Karin Maag,CDU/CSU,no
4146,46261,Saskia Ludwig,CDU/CSU,no
4146,44569,Daniela Ludwig,CDU/CSU,no
4146,45326,Jan-Marco Luczak,CDU/CSU,no_show
4146,43876,Bernhard Loos,CDU/CSU,no
4146,45324,Patricia Lips,CDU/CSU,no
4146,44563,Carsten Linnemann,CDU/CSU,no
4146,45322,Andrea Lindholz,CDU/CSU,no
4146,44556,Antje Lezius,CDU/CSU,no
4146,45489,Andreas Lenz,CDU/CSU,no
4146,45317,Katja Leikert,CDU/CSU,no
4146,45315,Paul Lehrieder,CDU/CSU,no
4146,40808,Jens Lehmann,CDU/CSU,no
4146,45312,Silke Launert,CDU/CSU,no
4146,45311,Ulrich Lange,CDU/CSU,no
4146,45309,Katharina Landgraf,CDU/CSU,no
4146,45308,Andreas Lämmel,CDU/CSU,no
4146,44055,Karl A. Lamers,CDU/CSU,no
4146,45305,Roy Kühne,CDU/CSU,no
4146,43877,Michael Kuffer,CDU/CSU,no_show
4146,45302,Rüdiger Kruse,CDU/CSU,no
4146,44603,Günter Krings,CDU/CSU,no
4146,44604,Gunther Krichbaum,CDU/CSU,no
4146,38078,Alexander Krauß,CDU/CSU,no
4146,47907,Kordula Kovac,CDU/CSU,no
4146,44562,Carsten Körber,CDU/CSU,no
4146,45299,Markus Koob,CDU/CSU,no
4146,45298,Jens Koeppen,CDU/CSU,no
4146,45297,Axel Knoerig,CDU/CSU,no
4146,45294,Volkmar Klein,CDU/CSU,no
4146,45291,Georg Kippels,CDU/CSU,no
4146,43879,Michael Kießling,CDU/CSU,no
4146,45289,Roderich Kiesewetter,CDU/CSU,no
4146,45287,Ronja Kemmer,CDU/CSU,no
4146,45285,Stefan Kaufmann,CDU/CSU,no
4146,45284,Volker Kauder,CDU/CSU,no
4146,43868,Torbjörn Kartes,CDU/CSU,no
4146,44552,Anja Karliczek,CDU/CSU,no
4146,44548,Alois Karl,CDU/CSU,no
4146,43860,Ingmar Jung,CDU/CSU,no
4146,45276,Andreas Jung,CDU/CSU,no
4146,45275,Thomas Jarzombek,CDU/CSU,no
4146,42741,Hans-Jürgen Irmer,CDU/CSU,no
4146,44587,Erich Irlstorfer,CDU/CSU,no_show
4146,45272,Hendrik Hoppenstedt,CDU/CSU,no
4146,45271,Karl Holmeier,CDU/CSU,no
4146,44544,Alexander Hoffmann,CDU/CSU,no
4146,45269,Heribert Hirte,CDU/CSU,no
4146,45268,Christian Hirte,CDU/CSU,no
4146,44555,Ansgar Heveling,CDU/CSU,no
4146,43854,Marc Henrichmann,CDU/CSU,no
4146,44540,Michael Hennrich,CDU/CSU,no
4146,44539,Rudolf Henke,CDU/CSU,no
4146,44536,Mark Helfrich,CDU/CSU,no
4146,45858,Frank Heinrich,CDU/CSU,no
4146,41271,Thomas Heilmann,CDU/CSU,no
4146,44532,Mechthild Heil,CDU/CSU,no
4146,45266,Matthias Heider,CDU/CSU,no
4146,45264,Matthias Hauer,CDU/CSU,no
4146,44615,Jürgen Hardt,CDU/CSU,no
4146,44529,Florian Hahn,CDU/CSU,no
4146,44525,Christian Haase,CDU/CSU,no
4146,45261,Olav Gutting,CDU/CSU,no
4146,45260,Fritz Güntzler,CDU/CSU,no
4146,45259,Monika Grütters,CDU/CSU,no
4146,45581,Oliver Grundmann,CDU/CSU,no_show
4146,45258,Manfred Grund,CDU/CSU,no
4146,46201,Markus Grübel,CDU/CSU,no
4146,45256,Astrid Grotelüschen,CDU/CSU,no
4146,45255,Michael Grosse-Brömer,CDU/CSU,no
4146,44522,Klaus-Dieter Gröhler,CDU/CSU,no
4146,44521,Hermann Gröhe,CDU/CSU,no
4146,45472,Ursula Groden-Kranich,CDU/CSU,no
4146,43849,Eckhard Gnodtke,CDU/CSU,no
4146,44518,Eberhard Gienger,CDU/CSU,no_show
4146,44547,Alois Gerig,CDU/CSU,no
4146,45252,Thomas Gebhart,CDU/CSU,no
4146,44609,Ingo Gädechens,CDU/CSU,no
4146,44607,Hans-Joachim Fuchtel,CDU/CSU,no
4146,45862,Michael Frieser,CDU/CSU,no
4146,48217,Maika Friemann-Jennert,CDU/CSU,no
4146,44517,Hans-Peter Friedrich,CDU/CSU,no
4146,44515,Thorsten Frei,CDU/CSU,no
4146,44512,Maria Flachsbarth,CDU/CSU,no
4146,43873,Axel Eduard Fischer,CDU/CSU,no_show
4146,45611,Enak Ferlemann,CDU/CSU,no
4146,45250,Uwe Feiler,CDU/CSU,no
4146,45248,Hermann Färber,CDU/CSU,no
4146,47906,Bernd-Bernhard Fabritius,CDU/CSU,no
4146,43880,Thomas Erndl,CDU/CSU,no
4146,44056,Hansjörg Durz,CDU/CSU,no
4146,44510,Marie-Luise Dött,CDU/CSU,no
4146,44508,Michael Donth,CDU/CSU,no
4146,44507,Alexander Dobrindt,CDU/CSU,no
4146,43685,Astrid Damerow,CDU/CSU,no
4146,44500,Gitta Connemann,CDU/CSU,no
4146,43851,Carsten Brodesser,CDU/CSU,no
4146,46020,Ralph Brinkhaus,CDU/CSU,no
4146,44498,Heike Brehmer,CDU/CSU,no
4146,44060,Sebastian Brehm,CDU/CSU,no
4146,43847,Silvia Breher,CDU/CSU,no
4146,44497,Helge Braun,CDU/CSU,no_show
4146,44495,Reinhard Brandl,CDU/CSU,no
4146,46271,Michael Brand,CDU/CSU,no
4146,44494,Norbert Brackmann,CDU/CSU,no
4146,44493,Peter Bleser,CDU/CSU,no
4146,44490,Steffen Bilger,CDU/CSU,no
4146,43869,Marc Biadacz,CDU/CSU,no
4146,44489,Peter Beyer,CDU/CSU,no
4146,43850,Christoph Bernstiel,CDU/CSU,no
4146,43844,Melanie Bernstein,CDU/CSU,no
4146,44488,André Berghegger,CDU/CSU,no
4146,45564,Sybille Benning,CDU/CSU,no
4146,45241,Veronika Bellmann,CDU/CSU,no_show
4146,44487,Manfred Behrens,CDU/CSU,no
4146,44486,Maik Beermann,CDU/CSU,no
4146,44482,Norbert Barthle,CDU/CSU,no
4146,44480,Thomas Bareiß,CDU/CSU,no
4146,44478,Dorothee Bär,CDU/CSU,no
4146,41159,Peter Aumer,CDU/CSU,no
4146,46196,Artur Auernhammer,CDU/CSU,no
4146,43846,Philipp Amthor,CDU/CSU,no
4146,44473,Peter Altmaier,CDU/CSU,no
4146,43861,Norbert Maria Altenkamp,CDU/CSU,no_show
4146,44472,Stephan Albani,CDU/CSU,no
4146,45467,Michael von Abercron,CDU/CSU,no
661,38326,Christoph Waitz,FDP,yes
661,41079,Ute Koczy,DIE GRÜNEN,yes
661,39437,Franz-Josef Jung,CDU/CSU,yes
661,38900,Arnold Vaatz,CDU/CSU,yes
661,41057,Burkhardt Müller-Sönksen,FDP,yes
661,40556,Birgitt Bender,DIE GRÜNEN,yes
661,40577,Cornelia Behm,DIE GRÜNEN,yes
661,39527,Britta Haßelmann,DIE GRÜNEN,yes
661,39352,Gunther Krichbaum,CDU/CSU,yes
661,39174,Henning Otte,CDU/CSU,yes
661,40823,Johann-Henrich Krummacher,CDU/CSU,yes
661,44214,Julia Klöckner,CDU/CSU,yes
661,40528,Angelika Krüger-Leißner,SPD,yes
661,39741,Peter Bleser,CDU/CSU,yes
661,40571,Christian Kleiminger,SPD,yes
661,39623,Michael Fuchs,CDU/CSU,yes
661,39312,Karl A. Lamers,CDU/CSU,yes
661,39595,Kai Gehring,DIE GRÜNEN,yes
661,44590,Ewald Schurer,SPD,yes
661,40597,Axel Berg,SPD,yes
661,40653,Michael Luther,CDU/CSU,yes
661,39472,Robert Hochbaum,CDU/CSU,yes
661,38866,Marco Wanderwitz,CDU/CSU,yes
661,39237,Stephan Mayer,CDU/CSU,yes
661,39727,Helmut Brandt,CDU/CSU,yes
661,40604,Christian Ruck,CDU/CSU,yes
661,40606,Claudia Winterstein,FDP,yes
661,39067,Claudia Roth,DIE GRÜNEN,yes
661,40679,Eduard Oswald,CDU/CSU,yes
661,40725,Gerhard Wächter,CDU/CSU,yes
661,40656,Peter Paziorek,CDU/CSU,yes
661,41045,Wolfgang Meckelburg,CDU/CSU,yes
661,40519,Andreas Schmidt,CDU/CSU,yes
661,44374,Heinz Paula,SPD,yes
661,40743,Hans-Josef Fell,DIE GRÜNEN,yes
661,41005,Thomas Kossendey,CDU/CSU,yes
661,39797,Klaus Barthel,SPD,yes
661,39201,Stefan Müller,CDU/CSU,yes
661,40766,Heinz Schmitt,SPD,yes
661,39422,Hans-Werner Kammer,CDU/CSU,yes
661,39040,Karl Schiewerling,CDU/CSU,yes
661,44371,Angelika Graf,SPD,yes
661,40688,Ernst Bahr,SPD,yes
661,39153,Sibylle Pfeiffer,CDU/CSU,yes
661,44312,Elke Hoff,FDP,yes
661,40254,Volker Wissing,FDP,yes
661,39785,Helmut Günter Baumann,CDU/CSU,yes
661,40759,Heidemarie Wright,SPD,yes
661,40735,Günter Gloser,SPD,yes
661,39374,Bärbel Kofler,SPD,yes
661,39137,Brigitte Pothmer,DIE GRÜNEN,yes
661,40643,Margrit Spielmann,SPD,yes
661,39298,Paul Lehrieder,CDU/CSU,yes
661,40790,Horst Friedrich,FDP,yes
661,38676,Thomas Silberhorn,CDU/CSU,yes
661,40935,Patrick Döring,FDP,yes
661,40806,Jens Ackermann,FDP,yes
661,41012,Ulrich Kasparick,SPD,yes
661,40601,Carl-Christian Dressel,SPD,yes
661,39344,Anette Kramme,SPD,yes
661,40869,Lydia Westrich,SPD,yes
661,39183,Georg Nüßlein,CDU/CSU,yes
661,39492,Gustav Herzog,SPD,yes
661,40971,Rolf Kramer,SPD,yes
661,40644,Margrit Wetzel,SPD,yes
661,40694,Ernst-Reinhard Beck,CDU/CSU,yes
661,38752,Hans-Joachim Fuchtel,CDU/CSU,yes
661,40768,Helga Lopez,SPD,yes
661,44326,Marion Caspers-Merk,SPD,yes
661,39079,Rüdiger Veit,SPD,yes
661,40995,Susanne Jaffke-Witt,CDU/CSU,yes
661,39088,Johannes Röring,CDU/CSU,yes
661,44365,Gabriele Groneberg,SPD,yes
661,39464,Franz-Josef Holzenkamp,CDU/CSU,yes
661,40966,Rita Pawelski,CDU/CSU,yes
661,44347,Josef Göppel,CDU/CSU,yes
661,44305,Michael Bürsch,SPD,yes
661,39497,Gabriele Hiller-Ohm,SPD,yes
661,40651,Max Lehmer,CDU/CSU,yes
661,40702,Franz Obermeier,CDU/CSU,yes
661,40301,Ulrike Höfken-Deipenbrock,DIE GRÜNEN,yes
661,39630,Gabriele Fograscher,SPD,yes
661,40827,Josef Winkler,DIE GRÜNEN,yes
661,40824,Johannes Jung,SPD,yes
661,40905,Michael Link,FDP,yes
661,40938,Patrick Meinhardt,FDP,yes
661,44278,Bärbel Höhn,DIE GRÜNEN,yes
661,44272,Maria Michalk,CDU/CSU,yes
661,40988,Simone Violka,SPD,yes
661,39019,Anita Schäfer,CDU/CSU,yes
661,40705,Friedrich Merz,CDU/CSU,yes
661,39440,Hubert Hüppe,CDU/CSU,yes
661,39794,Doris Barnett,SPD,yes
661,40686,Erich Georg Fritz,CDU/CSU,yes
661,40957,Rainer Brüderle,FDP,yes
661,40813,Joachim Hörster,CDU/CSU,yes
661,40912,Michael Kauch,FDP,yes
661,38710,Markus Kurth,DIE GRÜNEN,yes
661,40947,Peter Rauen,CDU/CSU,yes
661,40709,Fritz Rudolf Körper,SPD,yes
661,39318,Norbert Lammert,CDU/CSU,yes
661,40721,Gerd Friedrich Bollmann,SPD,yes
661,44281,Ralf Brauksiepe,CDU/CSU,yes
661,41016,Ulrike Flach,FDP,yes
661,41021,Ursula Mogg,SPD,yes
661,40930,Otto Fricke,FDP,yes
661,40544,Beatrix Philipp,CDU/CSU,yes
661,40783,Hildegard Müller,CDU/CSU,yes
661,40584,Detlef Parr,FDP,yes
661,39196,Michaela Noll,CDU/CSU,yes
661,40961,Reinhard Loske,DIE GRÜNEN,yes
661,39500,Peter Hintze,CDU/CSU,yes
661,39073,Norbert Röttgen,CDU/CSU,yes
661,44388,Klaus-Peter Flosbach,CDU/CSU,yes
661,40845,Kerstin Müller,DIE GRÜNEN,yes
661,39791,Volker Beck,DIE GRÜNEN,yes
661,40672,Werner Hoyer,FDP,yes
661,40865,Leo Dautzenberg,CDU/CSU,yes
661,44338,Ursula Heinen-Esser,CDU/CSU,yes
661,40965,Renate Schmidt,SPD,yes
661,40951,Petra Weis,SPD,yes
661,40633,Hermann Otto Solms,FDP,yes
661,39309,Christine Lambrecht,SPD,yes
661,39240,Michael Meister,CDU/CSU,yes
661,40682,Elvira Drobinski-Weiß,SPD,yes
661,38694,Andrea Nahles,SPD,yes
661,40996,Susanne Kastner,SPD,yes
661,40803,Jan Mücke,FDP,yes
661,40809,Jerzy Montag,DIE GRÜNEN,yes
661,40796,Ilse Aigner,CDU/CSU,yes
661,44303,Marlies Volkmer,SPD,yes
661,39062,Ernst Dieter Rossmann,SPD,yes
661,39244,Angela Merkel,CDU/CSU,yes
661,39689,Alexander Dobrindt,CDU/CSU,yes
661,40631,Hermann Kues,CDU/CSU,yes
661,40716,Georg Fahrenschon,CDU/CSU,yes
661,40749,Hans Raidel,CDU/CSU,yes
661,39349,Michael Kretschmer,CDU/CSU,yes
661,40589,Dirk Manzewski,SPD,yes
661,37868,Dieter Peter Jahr,CDU/CSU,yes
661,39700,Gitta Connemann,CDU/CSU,yes
661,40864,Laurenz Meyer,CDU/CSU,yes
661,44574,Carola Reimann,SPD,yes
661,40618,Eva Möllring,CDU/CSU,yes
661,40718,Georg Schirmbeck,CDU/CSU,yes
661,38847,Ingo Wellenreuther,CDU/CSU,yes
661,38741,Andreas Jung,CDU/CSU,yes
661,40119,Peter Friedrich,SPD,yes
661,38748,Hermann Gröhe,CDU/CSU,yes
661,39570,Monika Grütters,CDU/CSU,yes
661,40800,Ingo Schmitt,CDU/CSU,yes
661,40641,Konrad Schily,FDP,yes
661,40579,Cornelia Pieper,FDP,yes
661,38951,Gero Storjohann,CDU/CSU,yes
661,40614,Ditmar Staffelt,SPD,yes
661,44353,Bernhard Schulte-Drüggelte,CDU/CSU,yes
661,39095,Mechthild Rawert,SPD,yes
661,40856,Klaus Uwe Benneter,SPD,yes
661,44333,Petra Merkel,SPD,yes
661,38997,Swen Schulz,SPD,yes
661,40583,Detlef Dzembritzki,SPD,yes
661,41047,Wolfgang Thierse,SPD,yes
661,40818,Jörg-Otto Spiller,SPD,yes
661,38856,Kai Wegner,CDU/CSU,yes
661,38850,Karl-Georg Wellmann,CDU/CSU,yes
661,39788,Marieluise Beck,DIE GRÜNEN,yes
661,41053,Bernd Neumann,CDU/CSU,yes
661,44331,Peter Rzepka,CDU/CSU,yes
661,44285,Uwe Beckmeyer,SPD,yes
661,40546,Bernd Heynemann,CDU/CSU,yes
661,40799,Ina Lenke,FDP,yes
661,39770,Christoph Bergner,CDU/CSU,yes
661,40627,Hans-Georg Faust,CDU/CSU,yes
661,41035,Winfried Nachtwei,DIE GRÜNEN,yes
661,40756,Hartwig Fischer,CDU/CSU,yes
661,39643,Ingrid Fischbach,CDU/CSU,yes
661,44296,Christel Humme,SPD,yes
661,40698,Frank Schäffler,FDP,yes
661,40940,Paul Klemens Friedhoff,FDP,yes
661,39360,Hans-Ulrich Krüger,SPD,yes
661,40764,Heinz-Peter Haustein,FDP,yes
661,39803,Thomas Bareiß,CDU/CSU,yes
661,40704,Franz-Xaver Romer,CDU/CSU,yes
661,38844,Peter Weiß,CDU/CSU,yes
661,39405,Volker Kauder,CDU/CSU,yes
661,39665,Thomas Dörflinger,CDU/CSU,yes
661,40536,Annette Widmann-Mauz,CDU/CSU,yes
661,40513,Alexander Bonde,DIE GRÜNEN,yes
661,39251,Katja Mast,SPD,yes
661,39811,Kerstin Andreae,DIE GRÜNEN,yes
661,44597,Gerhard Schick,DIE GRÜNEN,yes
661,40863,Kurt Segner,CDU/CSU,yes
661,40707,Fritz Kuhn,DIE GRÜNEN,yes
661,43870,Axel Eduard Fischer,CDU/CSU,yes
661,39800,Norbert Barthle,CDU/CSU,yes
661,39324,Christian Lange,SPD,yes
661,40896,Matthias Wissmann,CDU/CSU,yes
661,39592,Eberhard Gienger,CDU/CSU,yes
661,41026,Walter Riester,SPD,yes
661,40670,Ursula Eid,DIE GRÜNEN,yes
661,44343,Ute Kumpf,SPD,yes
661,39843,Priska Hinz,DIE GRÜNEN,yes
661,39321,Katharina Landgraf,CDU/CSU,yes
661,39850,Sabine Bätzing-Lichtenthäler,SPD,yes
661,44320,Jörg van Essen,FDP,yes
661,39847,Sebastian Edathy,SPD,yes
661,40524,Angelika Brunkhorst,FDP,yes
661,40728,Gesine Multhaupt,SPD,yes
661,40664,Rolf Koschorrek,CDU/CSU,yes
661,40851,Klaus Hagemann,SPD,yes
661,40769,Hellmut Königshaus,FDP,yes
661,39355,Günter Krings,CDU/CSU,yes
661,40531,Anke Eymer,CDU/CSU,yes
661,40677,Wolfgang Wodarg,SPD,yes
661,44288,Hans-Peter Bartels,SPD,yes
661,40696,Frank Hofmann,SPD,yes
661,40822,Jörn Thießen,SPD,yes
661,37977,Jörg Vogelsänger,SPD,yes
661,38942,Max Straubinger,CDU/CSU,yes
661,40517,Andrea Voßhoff,CDU/CSU,yes
661,39649,Petra Ernstberger,SPD,yes
661,41009,Ulla Burchardt,SPD,yes
661,40825,Johannes Pflug,SPD,yes
661,40839,Karin Kortmann,SPD,yes
661,44768,Ulrich Kelber,SPD,yes
661,40612,Dieter Wiefelspütz,SPD,yes
661,40974,Rolf Stöckel,SPD,yes
661,40148,Anton Schaaf,SPD,yes
661,39092,René Röspel,SPD,yes
661,41022,Ute Berg,SPD,yes
661,44394,Dirk Becker,SPD,yes
661,40661,Rainer Wend,SPD,yes
661,40962,Reinhard Schultz,SPD,yes
661,39483,Barbara Hendricks,SPD,yes
661,38757,Siegmund Ehrmann,SPD,yes
661,39329,Karl Lauterbach,SPD,yes
661,40512,Achim Großmann,SPD,yes
661,40889,Martin Schwanholz,SPD,yes
661,40986,Silvia Schmidt,SPD,yes
661,39478,Uda Heller,CDU/CSU,yes
661,39681,Ekin Deligöz,DIE GRÜNEN,yes
661,41025,Walter Kolbow,SPD,yes
661,44298,Christine Scheel,DIE GRÜNEN,yes
661,40678,Eduard Lintner,CDU/CSU,yes
661,38698,Marlene Mortler,CDU/CSU,yes
661,40843,Karl Theodor von und zu Guttenberg,CDU/CSU,yes
661,38810,Dagmar Wöhrl,CDU/CSU,yes
661,39366,Hartmut Koschyk,CDU/CSU,yes
661,40675,Wolfgang Götzer,CDU/CSU,yes
661,39415,Alois Karl,CDU/CSU,yes
661,39234,Matthias Miersch,SPD,yes
661,40720,Gerd Andres,SPD,yes
661,39640,Maria Flachsbarth,CDU/CSU,yes
661,39660,Enak Ferlemann,CDU/CSU,yes
661,43857,Bernd Siebert,CDU/CSU,yes
661,38774,Sören Bartol,SPD,yes
661,40561,Carl-Eduard Graf von Bismarck,CDU/CSU,yes
661,39033,Andreas Scheuer,CDU/CSU,yes
661,40891,Martin Zeil,FDP,yes
661,40711,Gabriele Frechen,SPD,yes
661,38920,Thomas Strobl,CDU/CSU,yes
661,39489,Michael Hennrich,CDU/CSU,yes
661,39563,Markus Grübel,CDU/CSU,yes
661,39585,Iris Gleicke,SPD,yes
661,38892,Volkmar Vogel,CDU/CSU,yes
661,41023,Volker Blumentritt,SPD,yes
661,39566,Manfred Grund,CDU/CSU,yes
661,40960,Ralf Göbel,CDU/CSU,yes
661,39401,Bernhard Kaster,CDU/CSU,yes
661,41031,Wilhelm Josef Sebastian,CDU/CSU,yes
661,40983,Siegfried Kauder,CDU/CSU,yes
661,39589,Martin Gerster,SPD,yes
661,38760,Gernot Erler,SPD,yes
661,40715,Georg Brunnhuber,CDU/CSU,yes
661,40945,Peter Götz,CDU/CSU,yes
661,40841,Karin Roth,SPD,yes
661,44362,Rainer Arnold,SPD,yes
661,40854,Klaus Riegert,CDU/CSU,yes
661,39430,Josip Juratovic,SPD,yes
661,38990,Rita Schwarzelühr-Sutter,SPD,yes
661,39229,Hans Michelbach,CDU/CSU,yes
661,40977,Sabine Leutheusser-Schnarrenberger,FDP,yes
661,40547,Bernd Schmidbauer,CDU/CSU,yes
661,40923,Ortwin Runde,SPD,yes
661,40568,Christian Carstensen,SPD,yes
661,40858,Krista Sager,DIE GRÜNEN,yes
661,44247,Olaf Scholz,SPD,yes
661,40750,Hans-Ulrich Klose,SPD,yes
661,38783,Jürgen Klimke,CDU/CSU,yes
661,39637,Dirk Fischer,CDU/CSU,yes
661,39814,Niels Annen,SPD,yes
661,38863,Marcus Weinberg,CDU/CSU,yes
661,39538,Anja Hajduk,DIE GRÜNEN,yes
661,40539,Antje Blumenthal,CDU/CSU,yes
661,41011,Ulrich Adam,CDU/CSU,yes
661,40602,Christel Happach-Kasan,FDP,yes
661,37871,Iris Hoffmann,SPD,yes
661,40732,Grietje Staffelt,DIE GRÜNEN,yes
661,40956,Rainder Steenblock,DIE GRÜNEN,yes
661,40723,Gerd Höfer,SPD,yes
661,44904,Ingbert Liebing,CDU/CSU,yes
661,40739,Hans-Joachim Hacker,SPD,yes
661,40909,Michael Grosse-Brömer,CDU/CSU,yes
661,39862,Andreas Schockenhoff,CDU/CSU,yes
661,40523,Andreas Weigel,SPD,yes
661,39022,Axel Schäfer,SPD,yes
661,40876,Maria Eichhorn,CDU/CSU,yes
661,40636,Herta Däubler-Gmelin,SPD,yes
661,39036,Marianne Schieder,SPD,yes
661,39626,Dagmar Freitag,SPD,yes
661,44325,Ludwig Stiegler,SPD,yes
661,40758,Hedi Wegener,SPD,yes
661,39004,Kristina Schröder,CDU/CSU,yes
661,40853,Klaus Hofbauer,CDU/CSU,yes
661,41019,Undine Kurth,DIE GRÜNEN,yes
661,39001,Ole Schröder,CDU/CSU,yes
661,40959,Rainer Fornahl,SPD,yes
661,40929,Otto Bernhardt,CDU/CSU,yes
661,39114,Sönke Rix,SPD,yes
661,39335,Renate Künast,DIE GRÜNEN,yes
661,40884,Markus Löning,FDP,yes
661,39543,Bettina Hagedorn,SPD,yes
661,44263,Franz Thönnes,SPD,yes
661,39263,Daniela Ludwig,CDU/CSU,yes
661,39028,Wolfgang Schäuble,CDU/CSU,yes
661,44315,Harald Leibrecht,FDP,yes
661,40689,Ernst Burgbacher,FDP,yes
661,40658,Rainer Stinner,FDP,yes
661,39756,Clemens Binninger,CDU/CSU,yes
661,40752,Hartfrid Wolff,FDP,yes
661,38879,Christian von Stetten,CDU/CSU,yes
661,40821,Jörg Tauss,SPD,yes
661,40590,Dirk Niebel,FDP,yes
661,40981,Sibylle Laurischk,FDP,yes
661,40554,Birgit Homburger,FDP,yes
661,40921,Norbert Geis,CDU/CSU,yes
661,38768,Michael Brand,CDU/CSU,yes
661,40870,Maik Reichel,SPD,yes
661,39070,Michael Roth,SPD,yes
661,40516,Alfred Hartenbach,SPD,yes
661,40639,Jürgen Gehb,CDU/CSU,yes
661,40738,Hans Eichel,SPD,yes
661,40897,Mechthild Dyckmans,FDP,yes
661,40895,Matthias Berninger,DIE GRÜNEN,yes
661,40522,Andreas Storm,CDU/CSU,yes
661,39271,Patricia Lips,CDU/CSU,yes
661,44260,Brigitte Zypries,SPD,yes
661,40622,Frank Schmidt,SPD,yes
661,39106,Gerold Reichenbach,SPD,yes
661,44314,Gerald Weiß,CDU/CSU,yes
661,40786,Holger Haibach,CDU/CSU,yes
661,40567,Christel Riemann-Hanewinckel,SPD,yes
661,40847,Klaas Hübner,SPD,yes
661,40685,Engelbert Wistuba,SPD,yes
661,38813,Waltraud Wolff,SPD,yes
661,40883,Marko Mühlstein,SPD,yes
661,40671,Uwe Küster,SPD,yes
661,38831,Elisabeth Winkelmeier-Becker,CDU/CSU,yes
661,40871,Manfred Kolbe,CDU/CSU,yes
661,40551,Bernward Müller,CDU/CSU,yes
661,44300,Hermann Scheer,SPD,yes
661,39829,Detlef Müller,SPD,yes
661,39204,Carsten Müller,CDU/CSU,yes
661,39551,Olav Gutting,CDU/CSU,yes
661,40726,Gert Weisskirchen,SPD,yes
661,40729,Gisela Piltz,FDP,yes
661,41049,Wolfgang Wieland,DIE GRÜNEN,yes
661,39716,Martin Burkert,SPD,yes
661,40886,Marlene Rupprecht,SPD,yes
661,40681,Eike Hovermann,SPD,yes
661,38945,Christoph Strässer,SPD,yes
661,40848,Klaus Brandner,SPD,yes
661,40914,Michael Müller,SPD,yes
661,39010,Ulla Schmidt,SPD,yes
661,40619,Florian Toncar,FDP,yes
661,40733,Gudrun Kopp,FDP,yes
661,39419,Steffen Kampeter,CDU/CSU,yes
661,44201,Wolfgang Spanier,SPD,yes
661,40662,Reinhard Göhner,CDU/CSU,yes
661,44310,Eckart von Klaeden,CDU/CSU,yes
661,44356,Gabriele Lösekrug-Möller,SPD,yes
661,38923,Lena Strothmann,CDU/CSU,yes
661,40985,Silke Stokar von Neuforn,DIE GRÜNEN,yes
661,40581,Daniel Bahr,FDP,yes
661,38976,Jens Spahn,CDU/CSU,yes
661,40623,Friedbert Pflüger,CDU/CSU,yes
661,40562,Carl-Ludwig Thiele,FDP,yes
661,44269,Joachim Poß,SPD,yes
661,41027,Waltraud Lehn,SPD,yes
661,40535,Annette Faße,SPD,yes
661,40816,Jochen Borchert,CDU/CSU,yes
661,40969,Rolf Hempelmann,SPD,yes
661,44329,Norbert Königshofen,CDU/CSU,yes
661,40746,Hans-Michael Goldmann,FDP,yes
661,44319,Ilse Falk,CDU/CSU,yes
661,39722,Edelgard Bulmahn,SPD,yes
661,39248,Caren Marks,SPD,yes
661,40919,Monika Griefahn,SPD,yes
661,39602,Sigmar Gabriel,SPD,yes
661,38744,Reinhard Grindel,CDU/CSU,yes
661,39223,Philipp Mißfelder,CDU/CSU,yes
661,39512,Hubertus Heil,SPD,yes
661,39653,Karin Evers-Meyer,SPD,yes
661,40815,Joachim Stünker,SPD,yes
661,40669,Thea Dückert,DIE GRÜNEN,yes
661,39187,Thomas Oppermann,SPD,yes
661,38906,Jürgen Trittin,DIE GRÜNEN,yes
661,40647,Martina Krogmann,CDU/CSU,yes
661,39748,Wolfgang Bosbach,CDU/CSU,yes
661,40762,Heinz Lanfermann,FDP,yes
661,40674,Wolf Bauer,CDU/CSU,yes
661,41032,Willi Zylajew,CDU/CSU,yes
661,40624,Gerhard Botz,SPD,yes
661,40949,Petra Heß,SPD,yes
661,39013,Carsten Schneider,SPD,yes
661,38912,Antje Tillmann,CDU/CSU,yes
661,44266,Heinz Riesenhuber,CDU/CSU,yes
661,38826,Klaus-Peter Willsch,CDU/CSU,yes
661,44257,Bartholomäus Kalb,CDU/CSU,yes
661,39025,Elisabeth Scharfenberg,DIE GRÜNEN,yes
661,39524,Gerda Hasselfeldt,CDU/CSU,yes
661,40918,Monika Brüning,CDU/CSU,yes
661,40774,Herbert Frankenhauser,CDU/CSU,yes
661,44380,Hans-Peter Uhl,CDU/CSU,yes
661,40875,Margareta Wolf,DIE GRÜNEN,yes
661,40862,Kurt Rossmanith,CDU/CSU,yes
661,40532,Anna Lührmann,DIE GRÜNEN,yes
661,40640,Klaus W. Lippold,CDU/CSU,yes
661,40741,Hans-Joachim Otto,FDP,yes
661,38787,Sascha Raabe,SPD,yes
661,40920,Nina Hauer,SPD,yes
661,44376,Ute Granold,CDU/CSU,yes
661,44385,Michael Hartmann,SPD,yes
661,39617,Hans-Peter Friedrich,CDU/CSU,yes
661,44317,Heidemarie Wieczorek-Zeul,SPD,yes
661,40713,Garrelt Duin,SPD,yes
661,40885,Markus Meckel,SPD,yes
661,38822,Andrea Wicklein,SPD,yes
661,39673,Marie-Luise Dött,CDU/CSU,yes
661,44332,Petra Bierwirth,SPD,yes
661,40649,Max Stadler,FDP,yes
661,39143,Florian Pronold,SPD,yes
661,40521,Andreas Steppuhn,SPD,yes
661,39083,Albert Rupprecht,CDU/CSU,yes
661,40642,Lale Akgün,SPD,yes
661,39753,Klaus Brähmig,CDU/CSU,yes
661,41044,Wolfgang Grotthaus,SPD,yes
661,39100,Eckhardt Rehberg,CDU/CSU,yes
661,44327,Nicolette Kressl,SPD,yes
661,40657,Peter Struck,SPD,yes
661,40788,Holger Ortel,SPD,yes
661,40992,Steffen Reiche,SPD,yes
661,44322,Karl Diller,SPD,yes
661,40927,Ottmar Schreiner,SPD,yes
661,40540,Astrid Klug,SPD,yes
661,39425,Johannes Kahrs,SPD,yes
661,38651,Peter Altmaier,CDU/CSU,yes
661,44391,Elke Ferner,SPD,yes
661,40594,Angelica Schwall-Düren,SPD,yes
661,40587,Dieter Grasedieck,SPD,yes
661,39147,Ulrich Petzold,CDU/CSU,yes
661,39816,Ingrid Arndt-Brauer,SPD,yes
661,40628,Hans-Heinrich Jordan,CDU/CSU,yes
661,39575,Kerstin Griese,SPD,yes
661,41018,Ulrike Merten,SPD,yes
661,38796,Manfred Zöllmer,SPD,yes
661,40835,Jürgen Kucharczyk,SPD,yes
661,38691,Rolf Mützenich,SPD,yes
661,39668,Martin Dörmann,SPD,yes
661,44275,Helga Kühn-Mengel,SPD,yes
661,41001,Thilo Hoppe,DIE GRÜNEN,yes
661,41024,Volker Kröning,SPD,yes
661,40691,Ernst Hinsken,CDU/CSU,yes
661,40972,Rolf Schwanitz,SPD,yes
661,40625,Guido Westerwelle,FDP,yes
661,38926,Michael Stübgen,CDU/CSU,yes
661,39103,Katherina Reiche,CDU/CSU,yes
661,39371,Jens Koeppen,CDU/CSU,yes
661,40805,Jella Teuchner,SPD,yes
661,41051,Wolfgang Zöller,CDU/CSU,yes
661,40560,Brunhilde Irber,SPD,yes
661,39451,Anette Hübinger,CDU/CSU,yes
661,40778,Hermann-Josef Scharf,CDU/CSU,yes
661,38679,Johannes Singhammer,CDU/CSU,yes
661,40576,Clemens Bollen,SPD,yes
661,41067,Franz Müntefering,SPD,yes
661,40574,Christoph Pries,SPD,yes
661,40569,Christian Ahrendt,FDP,yes
661,40819,Jörg Rohde,FDP,yes
661,40881,Marina Schuster,FDP,yes
661,39179,Omid Nouripour,DIE GRÜNEN,yes
661,41066,Elke Reinke,DIE LINKE,no
661,41077,Nele Hirsch,DIE LINKE,no
661,41064,Lukrezia Luise Jochimsen,DIE LINKE,no
661,39284,Michael Leutert,DIE LINKE,no
661,41076,Monika Knoche,DIE LINKE,no
661,41070,Hans-Kurt Hill,DIE LINKE,no
661,41081,Volker Schneider,DIE LINKE,no
661,39745,Heidrun Bluhm-Förster,DIE LINKE,no
661,41059,Dorothée Menzner,DIE LINKE,no
661,41071,Hüseyin Aydin,DIE LINKE,no
661,41082,Werner Dreibus,DIE LINKE,no
661,38917,Harald Terpe,DIE GRÜNEN,no
661,41072,Kornelia Möller,DIE LINKE,no
661,39456,Inge Höger,DIE LINKE,no
661,40942,Paul Schäfer,DIE LINKE,no
661,39705,Sevim Dağdelen,DIE LINKE,no
661,41074,Lutz Heilmann,DIE LINKE,no
661,40776,Herbert Schui,DIE LINKE,no
661,40727,Gert Winkelmeier,fraktionslos,no
661,44336,Ulla Lötzer,DIE LINKE,no
661,38793,Sabine Zimmermann,DIE LINKE,no
661,39332,Katrin Kunert,DIE LINKE,no
661,38654,Alexander Ulrich,DIE LINKE,no
661,38713,Sylvia Kotting-Uhl,DIE GRÜNEN,no
661,39764,Karin Binder,DIE LINKE,no
661,39719,Eva Bulling-Schröter,DIE LINKE,no
661,39389,Katja Kipping,DIE LINKE,no
661,38964,Kersten Steinke,DIE LINKE,no
661,39697,Roland Claus,DIE LINKE,no
661,41041,Wolfgang Gehrcke-Reymann,DIE LINKE,no
661,39468,Anton Hofreiter,DIE GRÜNEN,no
661,38909,Axel Troost,DIE LINKE,no
661,38716,Jan Korte,DIE LINKE,no
661,40629,Heinrich Kolb,FDP,no
661,38932,Kirsten Tackmann,DIE LINKE,no
661,40773,Henry Nitzsche,fraktionslos,no
661,41034,Willy Wimmer,CDU/CSU,no
661,39546,Gregor Gysi,DIE LINKE,no
661,38706,Gesine Lötzsch,DIE LINKE,no
661,39160,Petra Pau,DIE LINKE,no
661,44251,Hans-Christian Ströbele,DIE GRÜNEN,no
661,38703,Hilde Mattheis,SPD,no
661,40964,Renate Gradistanac,SPD,no
661,40868,Lothar Mark,SPD,no
661,41013,Ulrich Maurer,DIE LINKE,no
661,40833,Jürgen Koppelin,FDP,no
661,38664,Petra Sitte,DIE LINKE,no
661,40663,Reinhold Hemker,SPD,no
661,41039,Wolfgang Börnsen,CDU/CSU,no
661,40701,Frank Spieth,DIE LINKE,no
661,40171,Winfried Hermann,DIE GRÜNEN,no
661,40954,Hakki Keskin,DIE LINKE,no
661,39301,Monika Lazar,DIE GRÜNEN,no
661,38325,Peter Hettlich,DIE GRÜNEN,no
661,41078,Norman Paech,DIE LINKE,no
661,40608,Dagmar Enkelmann,DIE LINKE,no
661,44291,Diana Golze,DIE LINKE,no
661,44323,Lothar Bisky,DIE LINKE,no
661,39503,Petra Hinz,SPD,no
661,39610,Peter Gauweiler,CDU/CSU,no
661,40731,Gregor Amann,SPD,no
661,38818,Jörn Wunderlich,DIE LINKE,no
661,40811,Joachim Günther,FDP,no
661,44306,Peter Danckert,SPD,no
661,40637,Ilja Seifert,DIE LINKE,no
661,40598,Barbara Höll,DIE LINKE,no
661,38728,Heike Hänsel,DIE LINKE,no
661,39780,Dietmar Bartsch,DIE LINKE,no
661,39646,Klaus Ernst,DIE LINKE,no
661,38628,Diether Dehm,DIE LINKE,no
661,40645,Martina Bunge,DIE LINKE,no
661,44345,Edmund Geisen,FDP,abstain
661,40802,Irmingard Schewe-Gerigk,DIE GRÜNEN,abstain
661,39140,Wilhelm Priesmeier,SPD,abstain
661,39709,Marco Bülow,SPD,abstain
661,40963,Renate Blank,CDU/CSU,abstain
661,38313,Uwe Barth,FDP,abstain
661,40693,Ernst Kranz,SPD,abstain
661,38984,Frank Schwabe,SPD,abstain
661,40916,Miriam Gruß,FDP,abstain
661,38737,Ulla Jelpke,DIE LINKE,no_show
661,41084,Wolfgang Neškovic,DIE LINKE,no_show
661,40660,Rainer Tabillion,SPD,no_show
661,39315,Andreas Lämmel,CDU/CSU,no_show
661,39213,Gerd Müller,CDU/CSU,no_show
661,39044,Norbert Schindler,CDU/CSU,no_show
661,40924,Oskar Lafontaine,DIE LINKE,no_show
661,39774,Veronika Bellmann,CDU/CSU,no_show
661,39555,Wolfgang Gunkel,SPD,no_show
661,44359,Maria Böhmer,CDU/CSU,no_show
661,39838,Ronald Pofalla,CDU/CSU,no_show
661,39126,Thomas Rachel,CDU/CSU,no_show
661,40745,Hans-Jürgen Uhl,SPD,no_show
661,40817,Jochen Konrad Fromme,CDU/CSU,no_show
661,39119,Peter Ramsauer,CDU/CSU,no_show
661,40795,Hubert Deittert,CDU/CSU,no_show
661,39732,Willi Brase,SPD,no_show
661,40867,Lothar Ibrügger,SPD,no_show
661,44294,Bernd Scheelen,SPD,no_show
661,40907,Michael Glos,CDU/CSU,no_show
661,40791,Horst Meierhofer,FDP,no_show
661,40793,Horst Seehofer,CDU/CSU,no_show
661,39150,Joachim Pfeiffer,CDU/CSU,no_show
661,38301,Bodo Ramelow,DIE LINKE,no_show
661,38682,Uwe Schummer,CDU/CSU,no_show
661,40830,Jürgen Herrmann,CDU/CSU,no_show
661,40755,Hartmut Schauerte,CDU/CSU,no_show
661,40737,Gunter Weißgerber,SPD,no_show
661,39759,Lothar Binding,SPD,no_show
661,39054,Christian Schmidt,CDU/CSU,no_show
661,40975,Ruprecht Polenz,CDU/CSU,no_show
661,40944,Peter Albach,CDU/CSU,no_show
661,38778,Katrin Göring-Eckardt,DIE GRÜNEN,no_show
661,44330,Otto Schily,SPD,no_show
661,44368,Annette Schavan,CDU/CSU,no_show
661,44308,Wolfgang Gerhardt,FDP,no_show
661,44341,Uta Zapf,SPD,no_show
661,44350,Erika Steinbach,CDU/CSU,no_show
661,44335,Stephan Hilsberg,SPD,no_show
661,44302,Karl Addicks,FDP,no_show
661,40860,Kurt Bodewig,SPD,no_show
661,39808,Dorothee Bär,CDU/CSU,no_show
679,38326,Christoph Waitz,FDP,yes
679,39437,Franz-Josef Jung,CDU/CSU,yes
679,38900,Arnold Vaatz,CDU/CSU,yes
679,41057,Burkhardt Müller-Sönksen,FDP,yes
679,40556,Birgitt Bender,DIE GRÜNEN,yes
679,40577,Cornelia Behm,DIE GRÜNEN,yes
679,39352,Gunther Krichbaum,CDU/CSU,yes
679,39174,Henning Otte,CDU/CSU,yes
679,40823,Johann-Henrich Krummacher,CDU/CSU,yes
679,44214,Julia Klöckner,CDU/CSU,yes
679,40528,Angelika Krüger-Leißner,SPD,yes
679,39741,Peter Bleser,CDU/CSU,yes
679,39623,Michael Fuchs,CDU/CSU,yes
679,39312,Karl A. Lamers,CDU/CSU,yes
679,40653,Michael Luther,CDU/CSU,yes
679,39472,Robert Hochbaum,CDU/CSU,yes
679,38866,Marco Wanderwitz,CDU/CSU,yes
679,39237,Stephan Mayer,CDU/CSU,yes
679,39727,Helmut Brandt,CDU/CSU,yes
679,40604,Christian Ruck,CDU/CSU,yes
679,40606,Claudia Winterstein,FDP,yes
679,40679,Eduard Oswald,CDU/CSU,yes
679,40725,Gerhard Wächter,CDU/CSU,yes
679,41045,Wolfgang Meckelburg,CDU/CSU,yes
679,40519,Andreas Schmidt,CDU/CSU,yes
679,44374,Heinz Paula,SPD,yes
679,40743,Hans-Josef Fell,DIE GRÜNEN,yes
679,41005,Thomas Kossendey,CDU/CSU,yes
679,39201,Stefan Müller,CDU/CSU,yes
679,39422,Hans-Werner Kammer,CDU/CSU,yes
679,39040,Karl Schiewerling,CDU/CSU,yes
679,44371,Angelika Graf,SPD,yes
679,40688,Ernst Bahr,SPD,yes
679,39153,Sibylle Pfeiffer,CDU/CSU,yes
679,44312,Elke Hoff,FDP,yes
679,40254,Volker Wissing,FDP,yes
679,39785,Helmut Günter Baumann,CDU/CSU,yes
679,39774,Veronika Bellmann,CDU/CSU,yes
679,40759,Heidemarie Wright,SPD,yes
679,40735,Günter Gloser,SPD,yes
679,39374,Bärbel Kofler,SPD,yes
679,39298,Paul Lehrieder,CDU/CSU,yes
679,40790,Horst Friedrich,FDP,yes
679,38676,Thomas Silberhorn,CDU/CSU,yes
679,40935,Patrick Döring,FDP,yes
679,40806,Jens Ackermann,FDP,yes
679,41012,Ulrich Kasparick,SPD,yes
679,40601,Carl-Christian Dressel,SPD,yes
679,39344,Anette Kramme,SPD,yes
679,40869,Lydia Westrich,SPD,yes
679,39183,Georg Nüßlein,CDU/CSU,yes
679,39492,Gustav Herzog,SPD,yes
679,40971,Rolf Kramer,SPD,yes
679,40644,Margrit Wetzel,SPD,yes
679,40694,Ernst-Reinhard Beck,CDU/CSU,yes
679,38752,Hans-Joachim Fuchtel,CDU/CSU,yes
679,44326,Marion Caspers-Merk,SPD,yes
679,39079,Rüdiger Veit,SPD,yes
679,40995,Susanne Jaffke-Witt,CDU/CSU,yes
679,39088,Johannes Röring,CDU/CSU,yes
679,44365,Gabriele Groneberg,SPD,yes
679,39464,Franz-Josef Holzenkamp,CDU/CSU,yes
679,40966,Rita Pawelski,CDU/CSU,yes
679,44347,Josef Göppel,CDU/CSU,yes
679,44305,Michael Bürsch,SPD,yes
679,39497,Gabriele Hiller-Ohm,SPD,yes
679,40651,Max Lehmer,CDU/CSU,yes
679,40702,Franz Obermeier,CDU/CSU,yes
679,39630,Gabriele Fograscher,SPD,yes
679,40824,Johannes Jung,SPD,yes
679,40905,Michael Link,FDP,yes
679,40938,Patrick Meinhardt,FDP,yes
679,44272,Maria Michalk,CDU/CSU,yes
679,40988,Simone Violka,SPD,yes
679,39555,Wolfgang Gunkel,SPD,yes
679,39019,Anita Schäfer,CDU/CSU,yes
679,40705,Friedrich Merz,CDU/CSU,yes
679,44359,Maria Böhmer,CDU/CSU,yes
679,39794,Doris Barnett,SPD,yes
679,40686,Erich Georg Fritz,CDU/CSU,yes
679,40813,Joachim Hörster,CDU/CSU,yes
679,40947,Peter Rauen,CDU/CSU,yes
679,40709,Fritz Rudolf Körper,SPD,yes
679,39318,Norbert Lammert,CDU/CSU,yes
679,40721,Gerd Friedrich Bollmann,SPD,yes
679,44281,Ralf Brauksiepe,CDU/CSU,yes
679,41016,Ulrike Flach,FDP,yes
679,41021,Ursula Mogg,SPD,yes
679,39838,Ronald Pofalla,CDU/CSU,yes
679,40930,Otto Fricke,FDP,yes
679,40544,Beatrix Philipp,CDU/CSU,yes
679,40783,Hildegard Müller,CDU/CSU,yes
679,40584,Detlef Parr,FDP,yes
679,39196,Michaela Noll,CDU/CSU,yes
679,39500,Peter Hintze,CDU/CSU,yes
679,39073,Norbert Röttgen,CDU/CSU,yes
679,44388,Klaus-Peter Flosbach,CDU/CSU,yes
679,40672,Werner Hoyer,FDP,yes
679,40865,Leo Dautzenberg,CDU/CSU,yes
679,44338,Ursula Heinen-Esser,CDU/CSU,yes
679,40965,Renate Schmidt,SPD,yes
679,40951,Petra Weis,SPD,yes
679,40633,Hermann Otto Solms,FDP,yes
679,39240,Michael Meister,CDU/CSU,yes
679,40682,Elvira Drobinski-Weiß,SPD,yes
679,38694,Andrea Nahles,SPD,yes
679,40996,Susanne Kastner,SPD,yes
679,40803,Jan Mücke,FDP,yes
679,40796,Ilse Aigner,CDU/CSU,yes
679,44303,Marlies Volkmer,SPD,yes
679,39062,Ernst Dieter Rossmann,SPD,yes
679,39244,Angela Merkel,CDU/CSU,yes
679,39689,Alexander Dobrindt,CDU/CSU,yes
679,39126,Thomas Rachel,CDU/CSU,yes
679,40716,Georg Fahrenschon,CDU/CSU,yes
679,40749,Hans Raidel,CDU/CSU,yes
679,39349,Michael Kretschmer,CDU/CSU,yes
679,37868,Dieter Peter Jahr,CDU/CSU,yes
679,39700,Gitta Connemann,CDU/CSU,yes
679,40864,Laurenz Meyer,CDU/CSU,yes
679,40817,Jochen Konrad Fromme,CDU/CSU,yes
679,44574,Carola Reimann,SPD,yes
679,40618,Eva Möllring,CDU/CSU,yes
679,40718,Georg Schirmbeck,CDU/CSU,yes
679,38847,Ingo Wellenreuther,CDU/CSU,yes
679,38741,Andreas Jung,CDU/CSU,yes
679,40119,Peter Friedrich,SPD,yes
679,38748,Hermann Gröhe,CDU/CSU,yes
679,39570,Monika Grütters,CDU/CSU,yes
679,40800,Ingo Schmitt,CDU/CSU,yes
679,40641,Konrad Schily,FDP,yes
679,40579,Cornelia Pieper,FDP,yes
679,38951,Gero Storjohann,CDU/CSU,yes
679,40614,Ditmar Staffelt,SPD,yes
679,44353,Bernhard Schulte-Drüggelte,CDU/CSU,yes
679,39095,Mechthild Rawert,SPD,yes
679,40856,Klaus Uwe Benneter,SPD,yes
679,44333,Petra Merkel,SPD,yes
679,38997,Swen Schulz,SPD,yes
679,40583,Detlef Dzembritzki,SPD,yes
679,41047,Wolfgang Thierse,SPD,yes
679,40818,Jörg-Otto Spiller,SPD,yes
679,38856,Kai Wegner,CDU/CSU,yes
679,38850,Karl-Georg Wellmann,CDU/CSU,yes
679,39788,Marieluise Beck,DIE GRÜNEN,yes
679,44331,Peter Rzepka,CDU/CSU,yes
679,44285,Uwe Beckmeyer,SPD,yes
679,40546,Bernd Heynemann,CDU/CSU,yes
679,39119,Peter Ramsauer,CDU/CSU,yes
679,40799,Ina Lenke,FDP,yes
679,40756,Hartwig Fischer,CDU/CSU,yes
679,39643,Ingrid Fischbach,CDU/CSU,yes
679,44296,Christel Humme,SPD,yes
679,40795,Hubert Deittert,CDU/CSU,yes
679,40698,Frank Schäffler,FDP,yes
679,40940,Paul Klemens Friedhoff,FDP,yes
679,39360,Hans-Ulrich Krüger,SPD,yes
679,39803,Thomas Bareiß,CDU/CSU,yes
679,40704,Franz-Xaver Romer,CDU/CSU,yes
679,38703,Hilde Mattheis,SPD,yes
679,38844,Peter Weiß,CDU/CSU,yes
679,39405,Volker Kauder,CDU/CSU,yes
679,39665,Thomas Dörflinger,CDU/CSU,yes
679,40536,Annette Widmann-Mauz,CDU/CSU,yes
679,40513,Alexander Bonde,DIE GRÜNEN,yes
679,39251,Katja Mast,SPD,yes
679,39811,Kerstin Andreae,DIE GRÜNEN,yes
679,40863,Kurt Segner,CDU/CSU,yes
679,40868,Lothar Mark,SPD,yes
679,40707,Fritz Kuhn,DIE GRÜNEN,yes
679,43870,Axel Eduard Fischer,CDU/CSU,yes
679,39800,Norbert Barthle,CDU/CSU,yes
679,39324,Christian Lange,SPD,yes
679,39592,Eberhard Gienger,CDU/CSU,yes
679,41026,Walter Riester,SPD,yes
679,40670,Ursula Eid,DIE GRÜNEN,yes
679,44343,Ute Kumpf,SPD,yes
679,39843,Priska Hinz,DIE GRÜNEN,yes
679,39321,Katharina Landgraf,CDU/CSU,yes
679,39850,Sabine Bätzing-Lichtenthäler,SPD,yes
679,44320,Jörg van Essen,FDP,yes
679,39847,Sebastian Edathy,SPD,yes
679,40524,Angelika Brunkhorst,FDP,yes
679,40728,Gesine Multhaupt,SPD,yes
679,40664,Rolf Koschorrek,CDU/CSU,yes
679,40851,Klaus Hagemann,SPD,yes
679,40769,Hellmut Königshaus,FDP,yes
679,39355,Günter Krings,CDU/CSU,yes
679,40531,Anke Eymer,CDU/CSU,yes
679,44288,Hans-Peter Bartels,SPD,yes
679,40696,Frank Hofmann,SPD,yes
679,40822,Jörn Thießen,SPD,yes
679,37977,Jörg Vogelsänger,SPD,yes
679,40517,Andrea Voßhoff,CDU/CSU,yes
679,39649,Petra Ernstberger,SPD,yes
679,39140,Wilhelm Priesmeier,SPD,yes
679,41009,Ulla Burchardt,SPD,yes
679,40825,Johannes Pflug,SPD,yes
679,40839,Karin Kortmann,SPD,yes
679,44768,Ulrich Kelber,SPD,yes
679,39732,Willi Brase,SPD,yes
679,40612,Dieter Wiefelspütz,SPD,yes
679,40974,Rolf Stöckel,SPD,yes
679,40148,Anton Schaaf,SPD,yes
679,39092,René Röspel,SPD,yes
679,41022,Ute Berg,SPD,yes
679,40867,Lothar Ibrügger,SPD,yes
679,44394,Dirk Becker,SPD,yes
679,40661,Rainer Wend,SPD,yes
679,40962,Reinhard Schultz,SPD,yes
679,39483,Barbara Hendricks,SPD,yes
679,38757,Siegmund Ehrmann,SPD,yes
679,44294,Bernd Scheelen,SPD,yes
679,39329,Karl Lauterbach,SPD,yes
679,40512,Achim Großmann,SPD,yes
679,40889,Martin Schwanholz,SPD,yes
679,40986,Silvia Schmidt,SPD,yes
679,39478,Uda Heller,CDU/CSU,yes
679,41025,Walter Kolbow,SPD,yes
679,40907,Michael Glos,CDU/CSU,yes
679,40678,Eduard Lintner,CDU/CSU,yes
679,38698,Marlene Mortler,CDU/CSU,yes
679,40843,Karl Theodor von und zu Guttenberg,CDU/CSU,yes
679,40791,Horst Meierhofer,FDP,yes
679,38810,Dagmar Wöhrl,CDU/CSU,yes
679,39366,Hartmut Koschyk,CDU/CSU,yes
679,40793,Horst Seehofer,CDU/CSU,yes
679,40675,Wolfgang Götzer,CDU/CSU,yes
679,39415,Alois Karl,CDU/CSU,yes
679,39234,Matthias Miersch,SPD,yes
679,40720,Gerd Andres,SPD,yes
679,39640,Maria Flachsbarth,CDU/CSU,yes
679,39660,Enak Ferlemann,CDU/CSU,yes
679,43857,Bernd Siebert,CDU/CSU,yes
679,38774,Sören Bartol,SPD,yes
679,39033,Andreas Scheuer,CDU/CSU,yes
679,40891,Martin Zeil,FDP,yes
679,40711,Gabriele Frechen,SPD,yes
679,38920,Thomas Strobl,CDU/CSU,yes
679,39489,Michael Hennrich,CDU/CSU,yes
679,39563,Markus Grübel,CDU/CSU,yes
679,39585,Iris Gleicke,SPD,yes
679,38892,Volkmar Vogel,CDU/CSU,yes
679,41023,Volker Blumentritt,SPD,yes
679,39566,Manfred Grund,CDU/CSU,yes
679,40960,Ralf Göbel,CDU/CSU,yes
679,39401,Bernhard Kaster,CDU/CSU,yes
679,41031,Wilhelm Josef Sebastian,CDU/CSU,yes
679,40983,Siegfried Kauder,CDU/CSU,yes
679,39589,Martin Gerster,SPD,yes
679,38760,Gernot Erler,SPD,yes
679,40715,Georg Brunnhuber,CDU/CSU,yes
679,40945,Peter Götz,CDU/CSU,yes
679,40841,Karin Roth,SPD,yes
679,44362,Rainer Arnold,SPD,yes
679,40854,Klaus Riegert,CDU/CSU,yes
679,39430,Josip Juratovic,SPD,yes
679,38990,Rita Schwarzelühr-Sutter,SPD,yes
679,39229,Hans Michelbach,CDU/CSU,yes
679,38682,Uwe Schummer,CDU/CSU,yes
679,40977,Sabine Leutheusser-Schnarrenberger,FDP,yes
679,40547,Bernd Schmidbauer,CDU/CSU,yes
679,40830,Jürgen Herrmann,CDU/CSU,yes
679,40755,Hartmut Schauerte,CDU/CSU,yes
679,40923,Ortwin Runde,SPD,yes
679,40568,Christian Carstensen,SPD,yes
679,40858,Krista Sager,DIE GRÜNEN,yes
679,44247,Olaf Scholz,SPD,yes
679,40750,Hans-Ulrich Klose,SPD,yes
679,39637,Dirk Fischer,CDU/CSU,yes
679,39814,Niels Annen,SPD,yes
679,38863,Marcus Weinberg,CDU/CSU,yes
679,40539,Antje Blumenthal,CDU/CSU,yes
679,41011,Ulrich Adam,CDU/CSU,yes
679,37871,Iris Hoffmann,SPD,yes
679,40723,Gerd Höfer,SPD,yes
679,44904,Ingbert Liebing,CDU/CSU,yes
679,40739,Hans-Joachim Hacker,SPD,yes
679,40909,Michael Grosse-Brömer,CDU/CSU,yes
679,39862,Andreas Schockenhoff,CDU/CSU,yes
679,40523,Andreas Weigel,SPD,yes
679,39022,Axel Schäfer,SPD,yes
679,40876,Maria Eichhorn,CDU/CSU,yes
679,40636,Herta Däubler-Gmelin,SPD,yes
679,39036,Marianne Schieder,SPD,yes
679,39626,Dagmar Freitag,SPD,yes
679,44325,Ludwig Stiegler,SPD,yes
679,40758,Hedi Wegener,SPD,yes
679,39004,Kristina Schröder,CDU/CSU,yes
679,40853,Klaus Hofbauer,CDU/CSU,yes
679,39001,Ole Schröder,CDU/CSU,yes
679,40737,Gunter Weißgerber,SPD,yes
679,40959,Rainer Fornahl,SPD,yes
679,40929,Otto Bernhardt,CDU/CSU,yes
679,40884,Markus Löning,FDP,yes
679,39543,Bettina Hagedorn,SPD,yes
679,44263,Franz Thönnes,SPD,yes
679,39263,Daniela Ludwig,CDU/CSU,yes
679,39028,Wolfgang Schäuble,CDU/CSU,yes
679,44315,Harald Leibrecht,FDP,yes
679,40689,Ernst Burgbacher,FDP,yes
679,40658,Rainer Stinner,FDP,yes
679,39756,Clemens Binninger,CDU/CSU,yes
679,40752,Hartfrid Wolff,FDP,yes
679,38879,Christian von Stetten,CDU/CSU,yes
679,40821,Jörg Tauss,SPD,yes
679,40590,Dirk Niebel,FDP,yes
679,40981,Sibylle Laurischk,FDP,yes
679,40554,Birgit Homburger,FDP,yes
679,40921,Norbert Geis,CDU/CSU,yes
679,38768,Michael Brand,CDU/CSU,yes
679,39070,Michael Roth,SPD,yes
679,40516,Alfred Hartenbach,SPD,yes
679,40639,Jürgen Gehb,CDU/CSU,yes
679,40738,Hans Eichel,SPD,yes
679,40897,Mechthild Dyckmans,FDP,yes
679,40522,Andreas Storm,CDU/CSU,yes
679,39271,Patricia Lips,CDU/CSU,yes
679,44260,Brigitte Zypries,SPD,yes
679,40622,Frank Schmidt,SPD,yes
679,39106,Gerold Reichenbach,SPD,yes
679,44314,Gerald Weiß,CDU/CSU,yes
679,40786,Holger Haibach,CDU/CSU,yes
679,40567,Christel Riemann-Hanewinckel,SPD,yes
679,40685,Engelbert Wistuba,SPD,yes
679,40671,Uwe Küster,SPD,yes
679,38831,Elisabeth Winkelmeier-Becker,CDU/CSU,yes
679,40551,Bernward Müller,CDU/CSU,yes
679,39829,Detlef Müller,SPD,yes
679,39204,Carsten Müller,CDU/CSU,yes
679,39551,Olav Gutting,CDU/CSU,yes
679,40726,Gert Weisskirchen,SPD,yes
679,40729,Gisela Piltz,FDP,yes
679,39759,Lothar Binding,SPD,yes
679,39054,Christian Schmidt,CDU/CSU,yes
679,38945,Christoph Strässer,SPD,yes
679,40848,Klaus Brandner,SPD,yes
679,40914,Michael Müller,SPD,yes
679,39010,Ulla Schmidt,SPD,yes
679,40733,Gudrun Kopp,FDP,yes
679,39419,Steffen Kampeter,CDU/CSU,yes
679,44310,Eckart von Klaeden,CDU/CSU,yes
679,44356,Gabriele Lösekrug-Möller,SPD,yes
679,40581,Daniel Bahr,FDP,yes
679,40975,Ruprecht Polenz,CDU/CSU,yes
679,38976,Jens Spahn,CDU/CSU,yes
679,44269,Joachim Poß,SPD,yes
679,41027,Waltraud Lehn,SPD,yes
679,40535,Annette Faße,SPD,yes
679,40816,Jochen Borchert,CDU/CSU,yes
679,40969,Rolf Hempelmann,SPD,yes
679,44329,Norbert Königshofen,CDU/CSU,yes
679,40746,Hans-Michael Goldmann,FDP,yes
679,44319,Ilse Falk,CDU/CSU,yes
679,39722,Edelgard Bulmahn,SPD,yes
679,39248,Caren Marks,SPD,yes
679,40919,Monika Griefahn,SPD,yes
679,39602,Sigmar Gabriel,SPD,yes
679,38744,Reinhard Grindel,CDU/CSU,yes
679,39223,Philipp Mißfelder,CDU/CSU,yes
679,39512,Hubertus Heil,SPD,yes
679,39653,Karin Evers-Meyer,SPD,yes
679,40815,Joachim Stünker,SPD,yes
679,40669,Thea Dückert,DIE GRÜNEN,yes
679,39187,Thomas Oppermann,SPD,yes
679,40647,Martina Krogmann,CDU/CSU,yes
679,39748,Wolfgang Bosbach,CDU/CSU,yes
679,40762,Heinz Lanfermann,FDP,yes
679,41032,Willi Zylajew,CDU/CSU,yes
679,40624,Gerhard Botz,SPD,yes
679,40949,Petra Heß,SPD,yes
679,38912,Antje Tillmann,CDU/CSU,yes
679,44330,Otto Schily,SPD,yes
679,44266,Heinz Riesenhuber,CDU/CSU,yes
679,38826,Klaus-Peter Willsch,CDU/CSU,yes
679,44257,Bartholomäus Kalb,CDU/CSU,yes
679,39524,Gerda Hasselfeldt,CDU/CSU,yes
679,38984,Frank Schwabe,SPD,yes
679,44368,Annette Schavan,CDU/CSU,yes
679,44308,Wolfgang Gerhardt,FDP,yes
679,40918,Monika Brüning,CDU/CSU,yes
679,40774,Herbert Frankenhauser,CDU/CSU,yes
679,44380,Hans-Peter Uhl,CDU/CSU,yes
679,40875,Margareta Wolf,DIE GRÜNEN,yes
679,40862,Kurt Rossmanith,CDU/CSU,yes
679,40532,Anna Lührmann,DIE GRÜNEN,yes
679,40741,Hans-Joachim Otto,FDP,yes
679,44341,Uta Zapf,SPD,yes
679,38787,Sascha Raabe,SPD,yes
679,40920,Nina Hauer,SPD,yes
679,44376,Ute Granold,CDU/CSU,yes
679,44385,Michael Hartmann,SPD,yes
679,44350,Erika Steinbach,CDU/CSU,yes
679,39617,Hans-Peter Friedrich,CDU/CSU,yes
679,44317,Heidemarie Wieczorek-Zeul,SPD,yes
679,40713,Garrelt Duin,SPD,yes
679,40885,Markus Meckel,SPD,yes
679,38822,Andrea Wicklein,SPD,yes
679,44332,Petra Bierwirth,SPD,yes
679,40649,Max Stadler,FDP,yes
679,39143,Florian Pronold,SPD,yes
679,39083,Albert Rupprecht,CDU/CSU,yes
679,39753,Klaus Brähmig,CDU/CSU,yes
679,41044,Wolfgang Grotthaus,SPD,yes
679,39100,Eckhardt Rehberg,CDU/CSU,yes
679,44327,Nicolette Kressl,SPD,yes
679,40657,Peter Struck,SPD,yes
679,40668,Stephan Eisel,CDU/CSU,yes
679,39713,Cajus Caesar,CDU/CSU,yes
679,40588,Dieter Steinecke,SPD,yes
679,44254,Nicole Maisch,DIE GRÜNEN,yes
679,40748,Hans Peter Thul,CDU/CSU,yes
679,39179,Omid Nouripour,DIE GRÜNEN,yes
679,40881,Marina Schuster,FDP,yes
679,40819,Jörg Rohde,FDP,yes
679,40916,Miriam Gruß,FDP,yes
679,40569,Christian Ahrendt,FDP,yes
679,40574,Christoph Pries,SPD,yes
679,41067,Franz Müntefering,SPD,yes
679,40576,Clemens Bollen,SPD,yes
679,39808,Dorothee Bär,CDU/CSU,yes
679,38679,Johannes Singhammer,CDU/CSU,yes
679,40778,Hermann-Josef Scharf,CDU/CSU,yes
679,39451,Anette Hübinger,CDU/CSU,yes
679,40560,Brunhilde Irber,SPD,yes
679,41051,Wolfgang Zöller,CDU/CSU,yes
679,40805,Jella Teuchner,SPD,yes
679,39371,Jens Koeppen,CDU/CSU,yes
679,39103,Katherina Reiche,CDU/CSU,yes
679,40625,Guido Westerwelle,FDP,yes
679,40972,Rolf Schwanitz,SPD,yes
679,40691,Ernst Hinsken,CDU/CSU,yes
679,41024,Volker Kröning,SPD,yes
679,44275,Helga Kühn-Mengel,SPD,yes
679,39668,Martin Dörmann,SPD,yes
679,38691,Rolf Mützenich,SPD,yes
679,38796,Manfred Zöllmer,SPD,yes
679,40860,Kurt Bodewig,SPD,yes
679,39575,Kerstin Griese,SPD,yes
679,40628,Hans-Heinrich Jordan,CDU/CSU,yes
679,39816,Ingrid Arndt-Brauer,SPD,yes
679,39147,Ulrich Petzold,CDU/CSU,yes
679,40587,Dieter Grasedieck,SPD,yes
679,44302,Karl Addicks,FDP,yes
679,44391,Elke Ferner,SPD,yes
679,38651,Peter Altmaier,CDU/CSU,yes
679,39425,Johannes Kahrs,SPD,yes
679,40540,Astrid Klug,SPD,yes
679,44335,Stephan Hilsberg,SPD,yes
679,44322,Karl Diller,SPD,yes
679,40992,Steffen Reiche,SPD,yes
679,40788,Holger Ortel,SPD,yes
679,41066,Elke Reinke,DIE LINKE,no
679,41077,Nele Hirsch,DIE LINKE,no
679,41064,Lukrezia Luise Jochimsen,DIE LINKE,no
679,39284,Michael Leutert,DIE LINKE,no
679,41076,Monika Knoche,DIE LINKE,no
679,38737,Ulla Jelpke,DIE LINKE,no
679,41070,Hans-Kurt Hill,DIE LINKE,no
679,41081,Volker Schneider,DIE LINKE,no
679,39745,Heidrun Bluhm-Förster,DIE LINKE,no
679,41059,Dorothée Menzner,DIE LINKE,no
679,41071,Hüseyin Aydin,DIE LINKE,no
679,41084,Wolfgang Neškovic,DIE LINKE,no
679,41082,Werner Dreibus,DIE LINKE,no
679,38917,Harald Terpe,DIE GRÜNEN,no
679,41072,Kornelia Möller,DIE LINKE,no
679,39456,Inge Höger,DIE LINKE,no
679,40942,Paul Schäfer,DIE LINKE,no
679,39705,Sevim Dağdelen,DIE LINKE,no
679,41074,Lutz Heilmann,DIE LINKE,no
679,40776,Herbert Schui,DIE LINKE,no
679,40727,Gert Winkelmeier,fraktionslos,no
679,44336,Ulla Lötzer,DIE LINKE,no
679,38793,Sabine Zimmermann,DIE LINKE,no
679,39332,Katrin Kunert,DIE LINKE,no
679,38654,Alexander Ulrich,DIE LINKE,no
679,38713,Sylvia Kotting-Uhl,DIE GRÜNEN,no
679,39764,Karin Binder,DIE LINKE,no
679,39719,Eva Bulling-Schröter,DIE LINKE,no
679,39044,Norbert Schindler,CDU/CSU,no
679,39797,Klaus Barthel,SPD,no
679,40766,Heinz Schmitt,SPD,no
679,39389,Katja Kipping,DIE LINKE,no
679,38964,Kersten Steinke,DIE LINKE,no
679,39697,Roland Claus,DIE LINKE,no
679,41041,Wolfgang Gehrcke-Reymann,DIE LINKE,no
679,39468,Anton Hofreiter,DIE GRÜNEN,no
679,38909,Axel Troost,DIE LINKE,no
679,38716,Jan Korte,DIE LINKE,no
679,38932,Kirsten Tackmann,DIE LINKE,no
679,41034,Willy Wimmer,CDU/CSU,no
679,39546,Gregor Gysi,DIE LINKE,no
679,38706,Gesine Lötzsch,DIE LINKE,no
679,39160,Petra Pau,DIE LINKE,no
679,44251,Hans-Christian Ströbele,DIE GRÜNEN,no
679,40764,Heinz-Peter Haustein,FDP,no
679,40964,Renate Gradistanac,SPD,no
679,41013,Ulrich Maurer,DIE LINKE,no
679,40833,Jürgen Koppelin,FDP,no
679,40677,Wolfgang Wodarg,SPD,no
679,38664,Petra Sitte,DIE LINKE,no
679,39709,Marco Bülow,SPD,no
679,40663,Reinhold Hemker,SPD,no
679,41039,Wolfgang Börnsen,CDU/CSU,no
679,38301,Bodo Ramelow,DIE LINKE,no
679,40701,Frank Spieth,DIE LINKE,no
679,40171,Winfried Hermann,DIE GRÜNEN,no
679,40954,Hakki Keskin,DIE LINKE,no
679,39301,Monika Lazar,DIE GRÜNEN,no
679,39114,Sönke Rix,SPD,no
679,38325,Peter Hettlich,DIE GRÜNEN,no
679,41078,Norman Paech,DIE LINKE,no
679,44291,Diana Golze,DIE LINKE,no
679,44323,Lothar Bisky,DIE LINKE,no
679,38813,Waltraud Wolff,SPD,no
679,39503,Petra Hinz,SPD,no
679,39610,Peter Gauweiler,CDU/CSU,no
679,40731,Gregor Amann,SPD,no
679,40521,Andreas Steppuhn,SPD,no
679,38818,Jörn Wunderlich,DIE LINKE,no
679,40811,Joachim Günther,FDP,no
679,40642,Lale Akgün,SPD,no
679,40637,Ilja Seifert,DIE LINKE,no
679,40598,Barbara Höll,DIE LINKE,no
679,38728,Heike Hänsel,DIE LINKE,no
679,39780,Dietmar Bartsch,DIE LINKE,no
679,40835,Jürgen Kucharczyk,SPD,no
679,39646,Klaus Ernst,DIE LINKE,no
679,38628,Diether Dehm,DIE LINKE,no
679,40645,Martina Bunge,DIE LINKE,no
679,41079,Ute Koczy,DIE GRÜNEN,abstain
679,44345,Edmund Geisen,FDP,abstain
679,39527,Britta Haßelmann,DIE GRÜNEN,abstain
679,40571,Christian Kleiminger,SPD,abstain
679,40660,Rainer Tabillion,SPD,abstain
679,39595,Kai Gehring,DIE GRÜNEN,abstain
679,44590,Ewald Schurer,SPD,abstain
679,40597,Axel Berg,SPD,abstain
679,39067,Claudia Roth,DIE GRÜNEN,abstain
679,39137,Brigitte Pothmer,DIE GRÜNEN,abstain
679,40643,Margrit Spielmann,SPD,abstain
679,40301,Ulrike Höfken-Deipenbrock,DIE GRÜNEN,abstain
679,40827,Josef Winkler,DIE GRÜNEN,abstain
679,44278,Bärbel Höhn,DIE GRÜNEN,abstain
679,40912,Michael Kauch,FDP,abstain
679,38710,Markus Kurth,DIE GRÜNEN,abstain
679,40802,Irmingard Schewe-Gerigk,DIE GRÜNEN,abstain
679,40845,Kerstin Müller,DIE GRÜNEN,abstain
679,39791,Volker Beck,DIE GRÜNEN,abstain
679,40629,Heinrich Kolb,FDP,abstain
679,39309,Christine Lambrecht,SPD,abstain
679,40809,Jerzy Montag,DIE GRÜNEN,abstain
679,40589,Dirk Manzewski,SPD,abstain
679,41035,Winfried Nachtwei,DIE GRÜNEN,abstain
679,44597,Gerhard Schick,DIE GRÜNEN,abstain
679,44298,Christine Scheel,DIE GRÜNEN,abstain
679,38313,Uwe Barth,FDP,abstain
679,39538,Anja Hajduk,DIE GRÜNEN,abstain
679,40732,Grietje Staffelt,DIE GRÜNEN,abstain
679,40956,Rainder Steenblock,DIE GRÜNEN,abstain
679,41019,Undine Kurth,DIE GRÜNEN,abstain
679,39335,Renate Künast,DIE GRÜNEN,abstain
679,40870,Maik Reichel,SPD,abstain
679,40883,Marko Mühlstein,SPD,abstain
679,40871,Manfred Kolbe,CDU/CSU,abstain
679,41049,Wolfgang Wieland,DIE GRÜNEN,abstain
679,39716,Martin Burkert,SPD,abstain
679,44201,Wolfgang Spanier,SPD,abstain
679,40985,Silke Stokar von Neuforn,DIE GRÜNEN,abstain
679,38906,Jürgen Trittin,DIE GRÜNEN,abstain
679,40674,Wolf Bauer,CDU/CSU,abstain
679,40944,Peter Albach,CDU/CSU,abstain
679,38778,Katrin Göring-Eckardt,DIE GRÜNEN,abstain
679,39025,Elisabeth Scharfenberg,DIE GRÜNEN,abstain
679,44306,Peter Danckert,SPD,abstain
679,40927,Ottmar Schreiner,SPD,abstain
679,41001,Thilo Hoppe,DIE GRÜNEN,abstain
679,41055,Bettina Herlitzius,DIE GRÜNEN,abstain
679,39315,Andreas Lämmel,CDU/CSU,no_show
679,39213,Gerd Müller,CDU/CSU,no_show
679,40924,Oskar Lafontaine,DIE LINKE,no_show
679,40768,Helga Lopez,SPD,no_show
679,39440,Hubert Hüppe,CDU/CSU,no_show
679,40957,Rainer Brüderle,FDP,no_show
679,40631,Hermann Kues,CDU/CSU,no_show
679,40773,Henry Nitzsche,fraktionslos,no_show
679,41053,Bernd Neumann,CDU/CSU,no_show
679,39770,Christoph Bergner,CDU/CSU,no_show
679,40627,Hans-Georg Faust,CDU/CSU,no_show
679,38942,Max Straubinger,CDU/CSU,no_show
679,40963,Renate Blank,CDU/CSU,no_show
679,39681,Ekin Deligöz,DIE GRÜNEN,no_show
679,40561,Carl-Eduard Graf von Bismarck,CDU/CSU,no_show
679,39150,Joachim Pfeiffer,CDU/CSU,no_show
679,38783,Jürgen Klimke,CDU/CSU,no_show
679,40602,Christel Happach-Kasan,FDP,no_show
679,40608,Dagmar Enkelmann,DIE LINKE,no_show
679,40847,Klaas Hübner,SPD,no_show
679,44300,Hermann Scheer,SPD,no_show
679,40886,Marlene Rupprecht,SPD,no_show
679,40681,Eike Hovermann,SPD,no_show
679,40619,Florian Toncar,FDP,no_show
679,38923,Lena Strothmann,CDU/CSU,no_show
679,40562,Carl-Ludwig Thiele,FDP,no_show
679,40693,Ernst Kranz,SPD,no_show
679,39013,Carsten Schneider,SPD,no_show
679,40640,Klaus W. Lippold,CDU/CSU,no_show
679,39673,Marie-Luise Dött,CDU/CSU,no_show
679,40594,Angelica Schwall-Düren,SPD,no_show
679,41018,Ulrike Merten,SPD,no_show
679,38926,Michael Stübgen,CDU/CSU,no_show
699,39437,Franz-Josef Jung,CDU/CSU,yes
699,38900,Arnold Vaatz,CDU/CSU,yes
699,40556,Birgitt Bender,DIE GRÜNEN,yes
699,40577,Cornelia Behm,DIE GRÜNEN,yes
699,39352,Gunther Krichbaum,CDU/CSU,yes
699,39174,Henning Otte,CDU/CSU,yes
699,44214,Julia Klöckner,CDU/CSU,yes
699,40528,Angelika Krüger-Leißner,SPD,yes
699,39741,Peter Bleser,CDU/CSU,yes
699,39623,Michael Fuchs,CDU/CSU,yes
699,39312,Karl A. Lamers,CDU/CSU,yes
699,44590,Ewald Schurer,SPD,yes
699,40653,Michael Luther,CDU/CSU,yes
699,39472,Robert Hochbaum,CDU/CSU,yes
699,38866,Marco Wanderwitz,CDU/CSU,yes
699,39315,Andreas Lämmel,CDU/CSU,yes
699,39237,Stephan Mayer,CDU/CSU,yes
699,39727,Helmut Brandt,CDU/CSU,yes
699,40606,Claudia Winterstein,FDP,yes
699,39213,Gerd Müller,CDU/CSU,yes
699,40679,Eduard Oswald,CDU/CSU,yes
699,40725,Gerhard Wächter,CDU/CSU,yes
699,41045,Wolfgang Meckelburg,CDU/CSU,yes
699,44374,Heinz Paula,SPD,yes
699,40743,Hans-Josef Fell,DIE GRÜNEN,yes
699,41005,Thomas Kossendey,CDU/CSU,yes
699,39201,Stefan Müller,CDU/CSU,yes
699,40766,Heinz Schmitt,SPD,yes
699,39422,Hans-Werner Kammer,CDU/CSU,yes
699,39040,Karl Schiewerling,CDU/CSU,yes
699,44371,Angelika Graf,SPD,yes
699,40688,Ernst Bahr,SPD,yes
699,39153,Sibylle Pfeiffer,CDU/CSU,yes
699,44312,Elke Hoff,FDP,yes
699,40254,Volker Wissing,FDP,yes
699,39785,Helmut Günter Baumann,CDU/CSU,yes
699,39774,Veronika Bellmann,CDU/CSU,yes
699,40759,Heidemarie Wright,SPD,yes
699,39374,Bärbel Kofler,SPD,yes
699,39298,Paul Lehrieder,CDU/CSU,yes
699,38676,Thomas Silberhorn,CDU/CSU,yes
699,40935,Patrick Döring,FDP,yes
699,40806,Jens Ackermann,FDP,yes
699,41012,Ulrich Kasparick,SPD,yes
699,40601,Carl-Christian Dressel,SPD,yes
699,39344,Anette Kramme,SPD,yes
699,40869,Lydia Westrich,SPD,yes
699,39183,Georg Nüßlein,CDU/CSU,yes
699,39492,Gustav Herzog,SPD,yes
699,40971,Rolf Kramer,SPD,yes
699,40644,Margrit Wetzel,SPD,yes
699,40694,Ernst-Reinhard Beck,CDU/CSU,yes
699,38752,Hans-Joachim Fuchtel,CDU/CSU,yes
699,44326,Marion Caspers-Merk,SPD,yes
699,39079,Rüdiger Veit,SPD,yes
699,40995,Susanne Jaffke-Witt,CDU/CSU,yes
699,39088,Johannes Röring,CDU/CSU,yes
699,44365,Gabriele Groneberg,SPD,yes
699,39464,Franz-Josef Holzenkamp,CDU/CSU,yes
699,40966,Rita Pawelski,CDU/CSU,yes
699,44347,Josef Göppel,CDU/CSU,yes
699,44305,Michael Bürsch,SPD,yes
699,39497,Gabriele Hiller-Ohm,SPD,yes
699,40651,Max Lehmer,CDU/CSU,yes
699,40702,Franz Obermeier,CDU/CSU,yes
699,39630,Gabriele Fograscher,SPD,yes
699,40824,Johannes Jung,SPD,yes
699,40905,Michael Link,FDP,yes
699,40938,Patrick Meinhardt,FDP,yes
699,44272,Maria Michalk,CDU/CSU,yes
699,40988,Simone Violka,SPD,yes
699,39019,Anita Schäfer,CDU/CSU,yes
699,44359,Maria Böhmer,CDU/CSU,yes
699,39440,Hubert Hüppe,CDU/CSU,yes
699,39794,Doris Barnett,SPD,yes
699,40686,Erich Georg Fritz,CDU/CSU,yes
699,40957,Rainer Brüderle,FDP,yes
699,40813,Joachim Hörster,CDU/CSU,yes
699,40912,Michael Kauch,FDP,yes
699,40947,Peter Rauen,CDU/CSU,yes
699,40709,Fritz Rudolf Körper,SPD,yes
699,39318,Norbert Lammert,CDU/CSU,yes
699,40721,Gerd Friedrich Bollmann,SPD,yes
699,44281,Ralf Brauksiepe,CDU/CSU,yes
699,41016,Ulrike Flach,FDP,yes
699,41021,Ursula Mogg,SPD,yes
699,39838,Ronald Pofalla,CDU/CSU,yes
699,40930,Otto Fricke,FDP,yes
699,40544,Beatrix Philipp,CDU/CSU,yes
699,39196,Michaela Noll,CDU/CSU,yes
699,39500,Peter Hintze,CDU/CSU,yes
699,39073,Norbert Röttgen,CDU/CSU,yes
699,44388,Klaus-Peter Flosbach,CDU/CSU,yes
699,40672,Werner Hoyer,FDP,yes
699,40865,Leo Dautzenberg,CDU/CSU,yes
699,44338,Ursula Heinen-Esser,CDU/CSU,yes
699,40951,Petra Weis,SPD,yes
699,40633,Hermann Otto Solms,FDP,yes
699,39309,Christine Lambrecht,SPD,yes
699,39240,Michael Meister,CDU/CSU,yes
699,40682,Elvira Drobinski-Weiß,SPD,yes
699,38694,Andrea Nahles,SPD,yes
699,40996,Susanne Kastner,SPD,yes
699,40803,Jan Mücke,FDP,yes
699,40796,Ilse Aigner,CDU/CSU,yes
699,44303,Marlies Volkmer,SPD,yes
699,39062,Ernst Dieter Rossmann,SPD,yes
699,39689,Alexander Dobrindt,CDU/CSU,yes
699,39126,Thomas Rachel,CDU/CSU,yes
699,40631,Hermann Kues,CDU/CSU,yes
699,40749,Hans Raidel,CDU/CSU,yes
699,39349,Michael Kretschmer,CDU/CSU,yes
699,37868,Dieter Peter Jahr,CDU/CSU,yes
699,39700,Gitta Connemann,CDU/CSU,yes
699,40864,Laurenz Meyer,CDU/CSU,yes
699,40817,Jochen Konrad Fromme,CDU/CSU,yes
699,44574,Carola Reimann,SPD,yes
699,40618,Eva Möllring,CDU/CSU,yes
699,40718,Georg Schirmbeck,CDU/CSU,yes
699,38847,Ingo Wellenreuther,CDU/CSU,yes
699,38741,Andreas Jung,CDU/CSU,yes
699,40119,Peter Friedrich,SPD,yes
699,39570,Monika Grütters,CDU/CSU,yes
699,40800,Ingo Schmitt,CDU/CSU,yes
699,40641,Konrad Schily,FDP,yes
699,40579,Cornelia Pieper,FDP,yes
699,38951,Gero Storjohann,CDU/CSU,yes
699,40614,Ditmar Staffelt,SPD,yes
699,44353,Bernhard Schulte-Drüggelte,CDU/CSU,yes
699,39095,Mechthild Rawert,SPD,yes
699,40856,Klaus Uwe Benneter,SPD,yes
699,44333,Petra Merkel,SPD,yes
699,38997,Swen Schulz,SPD,yes
699,40583,Detlef Dzembritzki,SPD,yes
699,41047,Wolfgang Thierse,SPD,yes
699,40818,Jörg-Otto Spiller,SPD,yes
699,38856,Kai Wegner,CDU/CSU,yes
699,38850,Karl-Georg Wellmann,CDU/CSU,yes
699,39788,Marieluise Beck,DIE GRÜNEN,yes
699,44331,Peter Rzepka,CDU/CSU,yes
699,44285,Uwe Beckmeyer,SPD,yes
699,40546,Bernd Heynemann,CDU/CSU,yes
699,39119,Peter Ramsauer,CDU/CSU,yes
699,40799,Ina Lenke,FDP,yes
699,40627,Hans-Georg Faust,CDU/CSU,yes
699,40756,Hartwig Fischer,CDU/CSU,yes
699,39643,Ingrid Fischbach,CDU/CSU,yes
699,44296,Christel Humme,SPD,yes
699,40795,Hubert Deittert,CDU/CSU,yes
699,40698,Frank Schäffler,FDP,yes
699,40940,Paul Klemens Friedhoff,FDP,yes
699,39360,Hans-Ulrich Krüger,SPD,yes
699,39803,Thomas Bareiß,CDU/CSU,yes
699,40704,Franz-Xaver Romer,CDU/CSU,yes
699,38703,Hilde Mattheis,SPD,yes
699,38844,Peter Weiß,CDU/CSU,yes
699,39405,Volker Kauder,CDU/CSU,yes
699,39665,Thomas Dörflinger,CDU/CSU,yes
699,40536,Annette Widmann-Mauz,CDU/CSU,yes
699,40513,Alexander Bonde,DIE GRÜNEN,yes
699,39811,Kerstin Andreae,DIE GRÜNEN,yes
699,40863,Kurt Segner,CDU/CSU,yes
699,40707,Fritz Kuhn,DIE GRÜNEN,yes
699,43870,Axel Eduard Fischer,CDU/CSU,yes
699,39800,Norbert Barthle,CDU/CSU,yes
699,39324,Christian Lange,SPD,yes
699,39592,Eberhard Gienger,CDU/CSU,yes
699,41026,Walter Riester,SPD,yes
699,40670,Ursula Eid,DIE GRÜNEN,yes
699,44343,Ute Kumpf,SPD,yes
699,39843,Priska Hinz,DIE GRÜNEN,yes
699,39321,Katharina Landgraf,CDU/CSU,yes
699,39850,Sabine Bätzing-Lichtenthäler,SPD,yes
699,44320,Jörg van Essen,FDP,yes
699,39847,Sebastian Edathy,SPD,yes
699,40524,Angelika Brunkhorst,FDP,yes
699,40728,Gesine Multhaupt,SPD,yes
699,40664,Rolf Koschorrek,CDU/CSU,yes
699,40851,Klaus Hagemann,SPD,yes
699,40769,Hellmut Königshaus,FDP,yes
699,39355,Günter Krings,CDU/CSU,yes
699,40531,Anke Eymer,CDU/CSU,yes
699,44288,Hans-Peter Bartels,SPD,yes
699,40696,Frank Hofmann,SPD,yes
699,40822,Jörn Thießen,SPD,yes
699,37977,Jörg Vogelsänger,SPD,yes
699,38942,Max Straubinger,CDU/CSU,yes
699,40517,Andrea Voßhoff,CDU/CSU,yes
699,39649,Petra Ernstberger,SPD,yes
699,41009,Ulla Burchardt,SPD,yes
699,40825,Johannes Pflug,SPD,yes
699,40839,Karin Kortmann,SPD,yes
699,44768,Ulrich Kelber,SPD,yes
699,40612,Dieter Wiefelspütz,SPD,yes
699,40148,Anton Schaaf,SPD,yes
699,39092,René Röspel,SPD,yes
699,41022,Ute Berg,SPD,yes
699,40867,Lothar Ibrügger,SPD,yes
699,44394,Dirk Becker,SPD,yes
699,40661,Rainer Wend,SPD,yes
699,40962,Reinhard Schultz,SPD,yes
699,39483,Barbara Hendricks,SPD,yes
699,38757,Siegmund Ehrmann,SPD,yes
699,44294,Bernd Scheelen,SPD,yes
699,39329,Karl Lauterbach,SPD,yes
699,40512,Achim Großmann,SPD,yes
699,40889,Martin Schwanholz,SPD,yes
699,40986,Silvia Schmidt,SPD,yes
699,41025,Walter Kolbow,SPD,yes
699,40907,Michael Glos,CDU/CSU,yes
699,38698,Marlene Mortler,CDU/CSU,yes
699,40843,Karl Theodor von und zu Guttenberg,CDU/CSU,yes
699,40791,Horst Meierhofer,FDP,yes
699,38810,Dagmar Wöhrl,CDU/CSU,yes
699,39366,Hartmut Koschyk,CDU/CSU,yes
699,40675,Wolfgang Götzer,CDU/CSU,yes
699,39415,Alois Karl,CDU/CSU,yes
699,39234,Matthias Miersch,SPD,yes
699,40720,Gerd Andres,SPD,yes
699,39640,Maria Flachsbarth,CDU/CSU,yes
699,39660,Enak Ferlemann,CDU/CSU,yes
699,43857,Bernd Siebert,CDU/CSU,yes
699,38774,Sören Bartol,SPD,yes
699,39033,Andreas Scheuer,CDU/CSU,yes
699,40711,Gabriele Frechen,SPD,yes
699,38920,Thomas Strobl,CDU/CSU,yes
699,39489,Michael Hennrich,CDU/CSU,yes
699,39150,Joachim Pfeiffer,CDU/CSU,yes
699,39563,Markus Grübel,CDU/CSU,yes
699,39585,Iris Gleicke,SPD,yes
699,38892,Volkmar Vogel,CDU/CSU,yes
699,41023,Volker Blumentritt,SPD,yes
699,39566,Manfred Grund,CDU/CSU,yes
699,40960,Ralf Göbel,CDU/CSU,yes
699,39401,Bernhard Kaster,CDU/CSU,yes
699,41031,Wilhelm Josef Sebastian,CDU/CSU,yes
699,40983,Siegfried Kauder,CDU/CSU,yes
699,39589,Martin Gerster,SPD,yes
699,38760,Gernot Erler,SPD,yes
699,40715,Georg Brunnhuber,CDU/CSU,yes
699,40945,Peter Götz,CDU/CSU,yes
699,40841,Karin Roth,SPD,yes
699,44362,Rainer Arnold,SPD,yes
699,40854,Klaus Riegert,CDU/CSU,yes
699,39430,Josip Juratovic,SPD,yes
699,38990,Rita Schwarzelühr-Sutter,SPD,yes
699,39229,Hans Michelbach,CDU/CSU,yes
699,38682,Uwe Schummer,CDU/CSU,yes
699,40547,Bernd Schmidbauer,CDU/CSU,yes
699,40830,Jürgen Herrmann,CDU/CSU,yes
699,40923,Ortwin Runde,SPD,yes
699,40568,Christian Carstensen,SPD,yes
699,40858,Krista Sager,DIE GRÜNEN,yes
699,44247,Olaf Scholz,SPD,yes
699,40750,Hans-Ulrich Klose,SPD,yes
699,38783,Jürgen Klimke,CDU/CSU,yes
699,39637,Dirk Fischer,CDU/CSU,yes
699,39814,Niels Annen,SPD,yes
699,38863,Marcus Weinberg,CDU/CSU,yes
699,40539,Antje Blumenthal,CDU/CSU,yes
699,41011,Ulrich Adam,CDU/CSU,yes
699,40602,Christel Happach-Kasan,FDP,yes
699,40723,Gerd Höfer,SPD,yes
699,44904,Ingbert Liebing,CDU/CSU,yes
699,40739,Hans-Joachim Hacker,SPD,yes
699,40909,Michael Grosse-Brömer,CDU/CSU,yes
699,39862,Andreas Schockenhoff,CDU/CSU,yes
699,40523,Andreas Weigel,SPD,yes
699,39022,Axel Schäfer,SPD,yes
699,40876,Maria Eichhorn,CDU/CSU,yes
699,39036,Marianne Schieder,SPD,yes
699,39626,Dagmar Freitag,SPD,yes
699,44325,Ludwig Stiegler,SPD,yes
699,40758,Hedi Wegener,SPD,yes
699,39004,Kristina Schröder,CDU/CSU,yes
699,40853,Klaus Hofbauer,CDU/CSU,yes
699,39001,Ole Schröder,CDU/CSU,yes
699,40737,Gunter Weißgerber,SPD,yes
699,40959,Rainer Fornahl,SPD,yes
699,40929,Otto Bernhardt,CDU/CSU,yes
699,40884,Markus Löning,FDP,yes
699,39543,Bettina Hagedorn,SPD,yes
699,44263,Franz Thönnes,SPD,yes
699,39263,Daniela Ludwig,CDU/CSU,yes
699,39028,Wolfgang Schäuble,CDU/CSU,yes
699,44315,Harald Leibrecht,FDP,yes
699,40689,Ernst Burgbacher,FDP,yes
699,40658,Rainer Stinner,FDP,yes
699,39756,Clemens Binninger,CDU/CSU,yes
699,40752,Hartfrid Wolff,FDP,yes
699,38879,Christian von Stetten,CDU/CSU,yes
699,40821,Jörg Tauss,SPD,yes
699,40590,Dirk Niebel,FDP,yes
699,40981,Sibylle Laurischk,FDP,yes
699,40554,Birgit Homburger,FDP,yes
699,40921,Norbert Geis,CDU/CSU,yes
699,38768,Michael Brand,CDU/CSU,yes
699,40516,Alfred Hartenbach,SPD,yes
699,40639,Jürgen Gehb,CDU/CSU,yes
699,40738,Hans Eichel,SPD,yes
699,40897,Mechthild Dyckmans,FDP,yes
699,40522,Andreas Storm,CDU/CSU,yes
699,39271,Patricia Lips,CDU/CSU,yes
699,44260,Brigitte Zypries,SPD,yes
699,39106,Gerold Reichenbach,SPD,yes
699,44314,Gerald Weiß,CDU/CSU,yes
699,40786,Holger Haibach,CDU/CSU,yes
699,40567,Christel Riemann-Hanewinckel,SPD,yes
699,40847,Klaas Hübner,SPD,yes
699,40685,Engelbert Wistuba,SPD,yes
699,40883,Marko Mühlstein,SPD,yes
699,40671,Uwe Küster,SPD,yes
699,38831,Elisabeth Winkelmeier-Becker,CDU/CSU,yes
699,39829,Detlef Müller,SPD,yes
699,39204,Carsten Müller,CDU/CSU,yes
699,39551,Olav Gutting,CDU/CSU,yes
699,40726,Gert Weisskirchen,SPD,yes
699,40729,Gisela Piltz,FDP,yes
699,39759,Lothar Binding,SPD,yes
699,39054,Christian Schmidt,CDU/CSU,yes
699,39716,Martin Burkert,SPD,yes
699,40886,Marlene Rupprecht,SPD,yes
699,40681,Eike Hovermann,SPD,yes
699,38945,Christoph Strässer,SPD,yes
699,40848,Klaus Brandner,SPD,yes
699,40914,Michael Müller,SPD,yes
699,39010,Ulla Schmidt,SPD,yes
699,40619,Florian Toncar,FDP,yes
699,40733,Gudrun Kopp,FDP,yes
699,39419,Steffen Kampeter,CDU/CSU,yes
699,44310,Eckart von Klaeden,CDU/CSU,yes
699,44356,Gabriele Lösekrug-Möller,SPD,yes
699,38923,Lena Strothmann,CDU/CSU,yes
699,40581,Daniel Bahr,FDP,yes
699,40975,Ruprecht Polenz,CDU/CSU,yes
699,38976,Jens Spahn,CDU/CSU,yes
699,40562,Carl-Ludwig Thiele,FDP,yes
699,44269,Joachim Poß,SPD,yes
699,41027,Waltraud Lehn,SPD,yes
699,40535,Annette Faße,SPD,yes
699,40816,Jochen Borchert,CDU/CSU,yes
699,44329,Norbert Königshofen,CDU/CSU,yes
699,40746,Hans-Michael Goldmann,FDP,yes
699,44319,Ilse Falk,CDU/CSU,yes
699,39722,Edelgard Bulmahn,SPD,yes
699,39248,Caren Marks,SPD,yes
699,40919,Monika Griefahn,SPD,yes
699,38744,Reinhard Grindel,CDU/CSU,yes
699,39223,Philipp Mißfelder,CDU/CSU,yes
699,39512,Hubertus Heil,SPD,yes
699,39653,Karin Evers-Meyer,SPD,yes
699,40815,Joachim Stünker,SPD,yes
699,40669,Thea Dückert,DIE GRÜNEN,yes
699,39187,Thomas Oppermann,SPD,yes
699,40647,Martina Krogmann,CDU/CSU,yes
699,39748,Wolfgang Bosbach,CDU/CSU,yes
699,40762,Heinz Lanfermann,FDP,yes
699,41032,Willi Zylajew,CDU/CSU,yes
699,40624,Gerhard Botz,SPD,yes
699,40949,Petra Heß,SPD,yes
699,39013,Carsten Schneider,SPD,yes
699,38912,Antje Tillmann,CDU/CSU,yes
699,44266,Heinz Riesenhuber,CDU/CSU,yes
699,38826,Klaus-Peter Willsch,CDU/CSU,yes
699,44257,Bartholomäus Kalb,CDU/CSU,yes
699,39524,Gerda Hasselfeldt,CDU/CSU,yes
699,44308,Wolfgang Gerhardt,FDP,yes
699,40918,Monika Brüning,CDU/CSU,yes
699,44380,Hans-Peter Uhl,CDU/CSU,yes
699,40862,Kurt Rossmanith,CDU/CSU,yes
699,40532,Anna Lührmann,DIE GRÜNEN,yes
699,40640,Klaus W. Lippold,CDU/CSU,yes
699,40741,Hans-Joachim Otto,FDP,yes
699,44341,Uta Zapf,SPD,yes
699,38787,Sascha Raabe,SPD,yes
699,40920,Nina Hauer,SPD,yes
699,44376,Ute Granold,CDU/CSU,yes
699,44385,Michael Hartmann,SPD,yes
699,44350,Erika Steinbach,CDU/CSU,yes
699,39617,Hans-Peter Friedrich,CDU/CSU,yes
699,44317,Heidemarie Wieczorek-Zeul,SPD,yes
699,40713,Garrelt Duin,SPD,yes
699,40885,Markus Meckel,SPD,yes
699,38822,Andrea Wicklein,SPD,yes
699,39673,Marie-Luise Dött,CDU/CSU,yes
699,44332,Petra Bierwirth,SPD,yes
699,39143,Florian Pronold,SPD,yes
699,40521,Andreas Steppuhn,SPD,yes
699,39083,Albert Rupprecht,CDU/CSU,yes
699,39753,Klaus Brähmig,CDU/CSU,yes
699,41044,Wolfgang Grotthaus,SPD,yes
699,39100,Eckhardt Rehberg,CDU/CSU,yes
699,44327,Nicolette Kressl,SPD,yes
699,40657,Peter Struck,SPD,yes
699,40788,Holger Ortel,SPD,yes
699,40992,Steffen Reiche,SPD,yes
699,44322,Karl Diller,SPD,yes
699,44335,Stephan Hilsberg,SPD,yes
699,40540,Astrid Klug,SPD,yes
699,39425,Johannes Kahrs,SPD,yes
699,38651,Peter Altmaier,CDU/CSU,yes
699,44391,Elke Ferner,SPD,yes
699,44302,Karl Addicks,FDP,yes
699,40594,Angelica Schwall-Düren,SPD,yes
699,40587,Dieter Grasedieck,SPD,yes
699,39147,Ulrich Petzold,CDU/CSU,yes
699,40628,Hans-Heinrich Jordan,CDU/CSU,yes
699,39575,Kerstin Griese,SPD,yes
699,41018,Ulrike Merten,SPD,yes
699,38796,Manfred Zöllmer,SPD,yes
699,38691,Rolf Mützenich,SPD,yes
699,39668,Martin Dörmann,SPD,yes
699,44275,Helga Kühn-Mengel,SPD,yes
699,41024,Volker Kröning,SPD,yes
699,40691,Ernst Hinsken,CDU/CSU,yes
699,40972,Rolf Schwanitz,SPD,yes
699,40625,Guido Westerwelle,FDP,yes
699,38926,Michael Stübgen,CDU/CSU,yes
699,39371,Jens Koeppen,CDU/CSU,yes
699,40805,Jella Teuchner,SPD,yes
699,41051,Wolfgang Zöller,CDU/CSU,yes
699,40560,Brunhilde Irber,SPD,yes
699,39451,Anette Hübinger,CDU/CSU,yes
699,40778,Hermann-Josef Scharf,CDU/CSU,yes
699,38679,Johannes Singhammer,CDU/CSU,yes
699,39808,Dorothee Bär,CDU/CSU,yes
699,41067,Franz Müntefering,SPD,yes
699,40574,Christoph Pries,SPD,yes
699,40569,Christian Ahrendt,FDP,yes
699,40881,Marina Schuster,FDP,yes
699,39179,Omid Nouripour,DIE GRÜNEN,yes
699,40748,Hans Peter Thul,CDU/CSU,yes
699,44254,Nicole Maisch,DIE GRÜNEN,yes
699,40588,Dieter Steinecke,SPD,yes
699,39713,Cajus Caesar,CDU/CSU,yes
699,40668,Stephan Eisel,CDU/CSU,yes
699,41075,Marion Seib,CDU/CSU,yes
699,40772,Helmut Lamp,CDU/CSU,yes
699,39051,Manuel Sarrazin,DIE GRÜNEN,yes
699,38734,Christian Hirte,CDU/CSU,yes
699,39257,Thomas Mahlberg,CDU/CSU,yes
699,41066,Elke Reinke,DIE LINKE,no
699,41077,Nele Hirsch,DIE LINKE,no
699,41064,Lukrezia Luise Jochimsen,DIE LINKE,no
699,39284,Michael Leutert,DIE LINKE,no
699,41076,Monika Knoche,DIE LINKE,no
699,38737,Ulla Jelpke,DIE LINKE,no
699,41079,Ute Koczy,DIE GRÜNEN,no
699,44345,Edmund Geisen,FDP,no
699,41070,Hans-Kurt Hill,DIE LINKE,no
699,41081,Volker Schneider,DIE LINKE,no
699,39745,Heidrun Bluhm-Förster,DIE LINKE,no
699,41059,Dorothée Menzner,DIE LINKE,no
699,41071,Hüseyin Aydin,DIE LINKE,no
699,41084,Wolfgang Neškovic,DIE LINKE,no
699,41082,Werner Dreibus,DIE LINKE,no
699,38917,Harald Terpe,DIE GRÜNEN,no
699,41072,Kornelia Möller,DIE LINKE,no
699,39456,Inge Höger,DIE LINKE,no
699,40942,Paul Schäfer,DIE LINKE,no
699,39705,Sevim Dağdelen,DIE LINKE,no
699,41074,Lutz Heilmann,DIE LINKE,no
699,40776,Herbert Schui,DIE LINKE,no
699,40727,Gert Winkelmeier,fraktionslos,no
699,44336,Ulla Lötzer,DIE LINKE,no
699,38793,Sabine Zimmermann,DIE LINKE,no
699,39332,Katrin Kunert,DIE LINKE,no
699,38654,Alexander Ulrich,DIE LINKE,no
699,38713,Sylvia Kotting-Uhl,DIE GRÜNEN,no
699,39764,Karin Binder,DIE LINKE,no
699,39719,Eva Bulling-Schröter,DIE LINKE,no
699,40660,Rainer Tabillion,SPD,no
699,40597,Axel Berg,SPD,no
699,39044,Norbert Schindler,CDU/CSU,no
699,39797,Klaus Barthel,SPD,no
699,40924,Oskar Lafontaine,DIE LINKE,no
699,40643,Margrit Spielmann,SPD,no
699,39389,Katja Kipping,DIE LINKE,no
699,38964,Kersten Steinke,DIE LINKE,no
699,40768,Helga Lopez,SPD,no
699,39697,Roland Claus,DIE LINKE,no
699,41041,Wolfgang Gehrcke-Reymann,DIE LINKE,no
699,39468,Anton Hofreiter,DIE GRÜNEN,no
699,38909,Axel Troost,DIE LINKE,no
699,38716,Jan Korte,DIE LINKE,no
699,38710,Markus Kurth,DIE GRÜNEN,no
699,40629,Heinrich Kolb,FDP,no
699,38932,Kirsten Tackmann,DIE LINKE,no
699,40773,Henry Nitzsche,fraktionslos,no
699,41034,Willy Wimmer,CDU/CSU,no
699,39546,Gregor Gysi,DIE LINKE,no
699,38706,Gesine Lötzsch,DIE LINKE,no
699,39160,Petra Pau,DIE LINKE,no
699,44251,Hans-Christian Ströbele,DIE GRÜNEN,no
699,40764,Heinz-Peter Haustein,FDP,no
699,40964,Renate Gradistanac,SPD,no
699,40868,Lothar Mark,SPD,no
699,41013,Ulrich Maurer,DIE LINKE,no
699,40833,Jürgen Koppelin,FDP,no
699,40677,Wolfgang Wodarg,SPD,no
699,38664,Petra Sitte,DIE LINKE,no
699,39709,Marco Bülow,SPD,no
699,40663,Reinhold Hemker,SPD,no
699,41039,Wolfgang Börnsen,CDU/CSU,no
699,38313,Uwe Barth,FDP,no
699,38301,Bodo Ramelow,DIE LINKE,no
699,40701,Frank Spieth,DIE LINKE,no
699,40171,Winfried Hermann,DIE GRÜNEN,no
699,39301,Monika Lazar,DIE GRÜNEN,no
699,39114,Sönke Rix,SPD,no
699,38325,Peter Hettlich,DIE GRÜNEN,no
699,41078,Norman Paech,DIE LINKE,no
699,40608,Dagmar Enkelmann,DIE LINKE,no
699,44291,Diana Golze,DIE LINKE,no
699,44323,Lothar Bisky,DIE LINKE,no
699,38813,Waltraud Wolff,SPD,no
699,39503,Petra Hinz,SPD,no
699,40693,Ernst Kranz,SPD,no
699,40774,Herbert Frankenhauser,CDU/CSU,no
699,39610,Peter Gauweiler,CDU/CSU,no
699,40731,Gregor Amann,SPD,no
699,38818,Jörn Wunderlich,DIE LINKE,no
699,40811,Joachim Günther,FDP,no
699,40642,Lale Akgün,SPD,no
699,44306,Peter Danckert,SPD,no
699,40637,Ilja Seifert,DIE LINKE,no
699,40598,Barbara Höll,DIE LINKE,no
699,38728,Heike Hänsel,DIE LINKE,no
699,39780,Dietmar Bartsch,DIE LINKE,no
699,39816,Ingrid Arndt-Brauer,SPD,no
699,40835,Jürgen Kucharczyk,SPD,no
699,39646,Klaus Ernst,DIE LINKE,no
699,38628,Diether Dehm,DIE LINKE,no
699,40576,Clemens Bollen,SPD,no
699,40645,Martina Bunge,DIE LINKE,no
699,41055,Bettina Herlitzius,DIE GRÜNEN,no
699,39823,Wolfgang Strengmann-Kuhn,DIE GRÜNEN,no
699,39527,Britta Haßelmann,DIE GRÜNEN,abstain
699,40571,Christian Kleiminger,SPD,abstain
699,39595,Kai Gehring,DIE GRÜNEN,abstain
699,39067,Claudia Roth,DIE GRÜNEN,abstain
699,39137,Brigitte Pothmer,DIE GRÜNEN,abstain
699,40301,Ulrike Höfken-Deipenbrock,DIE GRÜNEN,abstain
699,40827,Josef Winkler,DIE GRÜNEN,abstain
699,44278,Bärbel Höhn,DIE GRÜNEN,abstain
699,40845,Kerstin Müller,DIE GRÜNEN,abstain
699,39791,Volker Beck,DIE GRÜNEN,abstain
699,40809,Jerzy Montag,DIE GRÜNEN,abstain
699,40589,Dirk Manzewski,SPD,abstain
699,41035,Winfried Nachtwei,DIE GRÜNEN,abstain
699,39140,Wilhelm Priesmeier,SPD,abstain
699,40963,Renate Blank,CDU/CSU,abstain
699,39681,Ekin Deligöz,DIE GRÜNEN,abstain
699,44298,Christine Scheel,DIE GRÜNEN,abstain
699,37871,Iris Hoffmann,SPD,abstain
699,40732,Grietje Staffelt,DIE GRÜNEN,abstain
699,40956,Rainder Steenblock,DIE GRÜNEN,abstain
699,41019,Undine Kurth,DIE GRÜNEN,abstain
699,39335,Renate Künast,DIE GRÜNEN,abstain
699,40871,Manfred Kolbe,CDU/CSU,abstain
699,41049,Wolfgang Wieland,DIE GRÜNEN,abstain
699,44201,Wolfgang Spanier,SPD,abstain
699,40985,Silke Stokar von Neuforn,DIE GRÜNEN,abstain
699,38906,Jürgen Trittin,DIE GRÜNEN,abstain
699,40674,Wolf Bauer,CDU/CSU,abstain
699,40944,Peter Albach,CDU/CSU,abstain
699,38778,Katrin Göring-Eckardt,DIE GRÜNEN,abstain
699,39025,Elisabeth Scharfenberg,DIE GRÜNEN,abstain
699,41001,Thilo Hoppe,DIE GRÜNEN,abstain
699,38326,Christoph Waitz,FDP,no_show
699,41057,Burkhardt Müller-Sönksen,FDP,no_show
699,40604,Christian Ruck,CDU/CSU,no_show
699,40519,Andreas Schmidt,CDU/CSU,no_show
699,40735,Günter Gloser,SPD,no_show
699,40790,Horst Friedrich,FDP,no_show
699,39555,Wolfgang Gunkel,SPD,no_show
699,40705,Friedrich Merz,CDU/CSU,no_show
699,40802,Irmingard Schewe-Gerigk,DIE GRÜNEN,no_show
699,40584,Detlef Parr,FDP,no_show
699,40965,Renate Schmidt,SPD,no_show
699,39244,Angela Merkel,CDU/CSU,no_show
699,38748,Hermann Gröhe,CDU/CSU,no_show
699,41053,Bernd Neumann,CDU/CSU,no_show
699,39770,Christoph Bergner,CDU/CSU,no_show
699,39251,Katja Mast,SPD,no_show
699,44597,Gerhard Schick,DIE GRÜNEN,no_show
699,39732,Willi Brase,SPD,no_show
699,40974,Rolf Stöckel,SPD,no_show
699,39478,Uda Heller,CDU/CSU,no_show
699,40678,Eduard Lintner,CDU/CSU,no_show
699,40793,Horst Seehofer,CDU/CSU,no_show
699,40891,Martin Zeil,FDP,no_show
699,40977,Sabine Leutheusser-Schnarrenberger,FDP,no_show
699,40755,Hartmut Schauerte,CDU/CSU,no_show
699,40636,Herta Däubler-Gmelin,SPD,no_show
699,40954,Hakki Keskin,DIE LINKE,no_show
699,40870,Maik Reichel,SPD,no_show
699,39070,Michael Roth,SPD,no_show
699,40622,Frank Schmidt,SPD,no_show
699,44300,Hermann Scheer,SPD,no_show
699,40969,Rolf Hempelmann,SPD,no_show
699,39602,Sigmar Gabriel,SPD,no_show
699,44330,Otto Schily,SPD,no_show
699,38984,Frank Schwabe,SPD,no_show
699,44368,Annette Schavan,CDU/CSU,no_show
699,40649,Max Stadler,FDP,no_show
699,40927,Ottmar Schreiner,SPD,no_show
699,40860,Kurt Bodewig,SPD,no_show
699,39103,Katherina Reiche,CDU/CSU,no_show
699,40916,Miriam Gruß,FDP,no_show
699,40819,Jörg Rohde,FDP,no_show
731,38797,Manfred Zöllmer,SPD,yes
731,41033,Willi Zylajew,CDU/CSU,yes
731,41052,Wolfgang Zöller,CDU/CSU,yes
731,40255,Volker Wissing,FDP,yes
731,40753,Hartfrid Wolff,FDP,yes
731,44342,Uta Zapf,SPD,yes
731,38806,Dagmar Ziegler,SPD,yes
731,38791,Matthias Zimmer,CDU/CSU,yes
731,40607,Claudia Winterstein,FDP,yes
731,38827,Klaus-Peter Willsch,CDU/CSU,yes
731,38832,Elisabeth Winkelmeier-Becker,CDU/CSU,yes
731,40613,Dieter Wiefelspütz,SPD,yes
731,38845,Peter Weiß,CDU/CSU,yes
731,38842,Sabine Weiss,CDU/CSU,yes
731,38848,Ingo Wellenreuther,CDU/CSU,yes
731,38851,Karl-Georg Wellmann,CDU/CSU,yes
731,40626,Guido Westerwelle,FDP,yes
731,38837,Peter Wichtel,CDU/CSU,yes
731,38823,Andrea Wicklein,SPD,yes
731,40537,Annette Widmann-Mauz,CDU/CSU,yes
731,44318,Heidemarie Wieczorek-Zeul,SPD,yes
731,38857,Kai Wegner,CDU/CSU,yes
731,38864,Marcus Weinberg,CDU/CSU,yes
731,40518,Andrea Voßhoff,CDU/CSU,yes
731,38658,Johann Wadephul,CDU/CSU,yes
731,38867,Marco Wanderwitz,CDU/CSU,yes
731,38893,Volkmar Vogel,CDU/CSU,yes
731,41171,Stefanie Vogelsang,CDU/CSU,yes
731,38898,Ute Vogt,SPD,yes
731,40611,Daniel Volk,FDP,yes
731,41137,Johannes Vogel,FDP,yes
731,39834,Wolfgang Tiefensee,SPD,yes
731,38913,Antje Tillmann,CDU/CSU,yes
731,41169,Serkan Tören,FDP,yes
731,40620,Florian Toncar,FDP,yes
731,44381,Hans-Peter Uhl,CDU/CSU,yes
731,38901,Arnold Vaatz,CDU/CSU,yes
731,39080,Rüdiger Veit,SPD,yes
731,40563,Carl-Ludwig Thiele,FDP,yes
731,41048,Wolfgang Thierse,SPD,yes
731,44264,Franz Thönnes,SPD,yes
731,40993,Stephan Thomae,FDP,yes
731,38930,Kerstin Tack,SPD,yes
731,38935,Peter Tauber,CDU/CSU,yes
731,38927,Michael Stübgen,CDU/CSU,yes
731,38924,Lena Strothmann,CDU/CSU,yes
731,38956,Frank-Walter Steinmeier,SPD,yes
731,38880,Christian von Stetten,CDU/CSU,yes
731,38954,Dieter Stier,CDU/CSU,yes
731,40659,Rainer Stinner,FDP,yes
731,38952,Gero Storjohann,CDU/CSU,yes
731,38948,Stephan Stracke,CDU/CSU,yes
731,38946,Christoph Strässer,SPD,yes
731,38943,Max Straubinger,CDU/CSU,yes
731,38940,Karin Strenz,CDU/CSU,yes
731,38921,Thomas Strobl,CDU/CSU,yes
731,44351,Erika Steinbach,CDU/CSU,yes
731,38967,Sonja Steffen,SPD,yes
731,38970,Frank Steffel,CDU/CSU,yes
731,38972,Carola Stauche,CDU/CSU,yes
731,41173,Torsten Staffeldt,FDP,yes
731,40650,Max Stadler,FDP,yes
731,41134,Joachim Spatz,FDP,yes
731,38977,Jens Spahn,CDU/CSU,yes
731,40634,Hermann Otto Solms,FDP,yes
731,45212,Carsten Sieling,SPD,yes
731,38677,Thomas Silberhorn,CDU/CSU,yes
731,41029,Werner Simmling,FDP,yes
731,38680,Johannes Singhammer,CDU/CSU,yes
731,41139,Judith Skudelny,FDP,yes
731,38672,Reinhold Sendker,CDU/CSU,yes
731,38674,Patrick Sensburg,CDU/CSU,yes
731,38987,Stefan Schwartze,SPD,yes
731,40952,Erik Schweickert,FDP,yes
731,38667,Detlef Seif,CDU/CSU,yes
731,38669,Johannes Selle,CDU/CSU,yes
731,40595,Angelica Schwall-Düren,SPD,yes
731,40882,Marina Schuster,FDP,yes
731,38985,Frank Schwabe,SPD,yes
731,38982,Armin Schuster,CDU/CSU,yes
731,44591,Ewald Schurer,SPD,yes
731,44354,Bernhard Schulte-Drüggelte,CDU/CSU,yes
731,41133,Jimmy Schulz,FDP,yes
731,38998,Swen Schulz,SPD,yes
731,38683,Uwe Schummer,CDU/CSU,yes
731,39011,Ulla Schmidt,SPD,yes
731,39014,Carsten Schneider,SPD,yes
731,38689,Patrick Schnieder,CDU/CSU,yes
731,40575,Christoph Schnurr,FDP,yes
731,39863,Andreas Schockenhoff,CDU/CSU,yes
731,44248,Olaf Scholz,SPD,yes
731,40928,Ottmar Schreiner,SPD,yes
731,39002,Ole Schröder,CDU/CSU,yes
731,39055,Christian Schmidt,CDU/CSU,yes
731,39029,Wolfgang Schäuble,CDU/CSU,yes
731,44369,Annette Schavan,CDU/CSU,yes
731,44295,Bernd Scheelen,SPD,yes
731,39034,Andreas Scheuer,CDU/CSU,yes
731,39037,Marianne Schieder,SPD,yes
731,44379,Werner Schieder,SPD,yes
731,39041,Karl Schiewerling,CDU/CSU,yes
731,39047,Tankred Schipanski,CDU/CSU,yes
731,40719,Georg Schirmbeck,CDU/CSU,yes
731,40558,Björn Sänger,FDP,yes
731,40859,Krista Sager,DIE GRÜNEN,yes
731,39052,Manuel Sarrazin,DIE GRÜNEN,yes
731,40149,Anton Schaaf,SPD,yes
731,39020,Anita Schäfer,CDU/CSU,yes
731,39023,Axel Schäfer,SPD,yes
731,40699,Frank Schäffler,FDP,yes
731,40887,Marlene Rupprecht,SPD,yes
731,39084,Albert Rupprecht,CDU/CSU,yes
731,41115,Stefan Ruppert,FDP,yes
731,39071,Michael Roth,SPD,yes
731,40605,Christian Ruck,CDU/CSU,yes
731,39077,Erwin Rüddel,CDU/CSU,yes
731,40842,Karin Roth,SPD,yes
731,39063,Ernst Dieter Rossmann,SPD,yes
731,39074,Norbert Röttgen,CDU/CSU,yes
731,39093,René Röspel,SPD,yes
731,39089,Johannes Röring,CDU/CSU,yes
731,41114,Peter Röhlinger,FDP,yes
731,44267,Heinz Riesenhuber,CDU/CSU,yes
731,44575,Carola Reimann,SPD,yes
731,40600,Birgit Reinemund,FDP,yes
731,39109,Lothar Riebsamen,CDU/CSU,yes
731,39111,Josef Rief,CDU/CSU,yes
731,40855,Klaus Riegert,CDU/CSU,yes
731,39096,Mechthild Rawert,SPD,yes
731,39101,Eckhardt Rehberg,CDU/CSU,yes
731,39104,Katherina Reiche,CDU/CSU,yes
731,39107,Gerold Reichenbach,SPD,yes
731,39264,Daniela Ludwig,CDU/CSU,yes
731,38788,Sascha Raabe,SPD,yes
731,39127,Thomas Rachel,CDU/CSU,yes
731,41143,Lucia Puttrich,CDU/CSU,yes
731,39144,Florian Pronold,SPD,yes
731,44270,Joachim Poß,SPD,yes
731,39132,Eckhard Pols,CDU/CSU,yes
731,40580,Cornelia Pieper,FDP,yes
731,40730,Gisela Piltz,FDP,yes
731,39839,Ronald Pofalla,CDU/CSU,yes
731,41096,Christoph Poland,CDU/CSU,yes
731,40976,Ruprecht Polenz,CDU/CSU,yes
731,39154,Sibylle Pfeiffer,CDU/CSU,yes
731,40545,Beatrix Philipp,CDU/CSU,yes
731,39151,Joachim Pfeiffer,CDU/CSU,yes
731,39148,Ulrich Petzold,CDU/CSU,yes
731,44375,Heinz Paula,SPD,yes
731,40967,Rita Pawelski,CDU/CSU,yes
731,40742,Hans-Joachim Otto,FDP,yes
731,41113,Michael Paul,CDU/CSU,yes
731,39175,Henning Otte,CDU/CSU,yes
731,40680,Eduard Oswald,CDU/CSU,yes
731,39180,Omid Nouripour,DIE GRÜNEN,yes
731,39184,Georg Nüßlein,CDU/CSU,yes
731,40703,Franz Obermeier,CDU/CSU,yes
731,39169,Aydan Özoğuz,SPD,yes
731,39188,Thomas Oppermann,SPD,yes
731,40789,Holger Ortel,SPD,yes
731,40955,Martin Neumann,FDP,yes
731,40591,Dirk Niebel,FDP,yes
731,39193,Dietmar Nietan,SPD,yes
731,44378,Manfred Nink,SPD,yes
731,39197,Michaela Noll,CDU/CSU,yes
731,39209,Philipp Murmann,CDU/CSU,yes
731,38695,Andrea Nahles,SPD,yes
731,41054,Bernd Neumann,CDU/CSU,yes
731,41068,Franz Müntefering,SPD,yes
731,38692,Rolf Mützenich,SPD,yes
731,40950,Petra Müller,FDP,yes
731,39202,Stefan Müller,CDU/CSU,yes
731,41058,Burkhardt Müller-Sönksen,FDP,yes
731,40804,Jan Mücke,FDP,yes
731,39214,Gerd Müller,CDU/CSU,yes
731,39007,Nadine Schön,CDU/CSU,yes
731,38699,Marlene Mortler,CDU/CSU,yes
731,40712,Gabriele Molitor,FDP,yes
731,39218,Dietrich Monstadt,CDU/CSU,yes
731,39224,Philipp Mißfelder,CDU/CSU,yes
731,39245,Angela Merkel,CDU/CSU,yes
731,44334,Petra Merkel,SPD,yes
731,41174,Ullrich Meßmer,SPD,yes
731,44273,Maria Michalk,CDU/CSU,yes
731,39230,Hans Michelbach,CDU/CSU,yes
731,39232,Mathias Middelberg,CDU/CSU,yes
731,39235,Matthias Miersch,SPD,yes
731,39241,Michael Meister,CDU/CSU,yes
731,38884,Hans-Georg von der Marwitz,CDU/CSU,yes
731,39252,Katja Mast,SPD,yes
731,39254,Andreas Mattfeldt,CDU/CSU,yes
731,39238,Stephan Mayer,CDU/CSU,yes
731,40792,Horst Meierhofer,FDP,yes
731,39249,Caren Marks,SPD,yes
731,40654,Michael Luther,CDU/CSU,yes
731,39259,Karin Maag,CDU/CSU,yes
731,41156,Oliver Luksic,FDP,yes
731,39269,Carsten Linnemann,CDU/CSU,yes
731,39272,Patricia Lips,CDU/CSU,yes
731,39274,Burkhard Lischka,SPD,yes
731,44357,Gabriele Lösekrug-Möller,SPD,yes
731,40617,Erwin Lotter,FDP,yes
731,39266,Jan-Marco Luczak,CDU/CSU,yes
731,39261,Kirsten Lühmann,SPD,yes
731,40978,Sabine Leutheusser-Schnarrenberger,FDP,yes
731,38882,Ursula von der Leyen,CDU/CSU,yes
731,44905,Ingbert Liebing,CDU/CSU,yes
731,39278,Matthias Lietz,CDU/CSU,yes
731,41181,Lars Lindemann,FDP,yes
731,41093,Christian Lindner,FDP,yes
731,41112,Martin Lindner,FDP,yes
731,40906,Michael Link,FDP,yes
731,39299,Paul Lehrieder,CDU/CSU,yes
731,44316,Harald Leibrecht,FDP,yes
731,39293,Steffen-Claudio Lemme,SPD,yes
731,39327,Ulrich Lange,CDU/CSU,yes
731,40982,Sibylle Laurischk,FDP,yes
731,39330,Karl Lauterbach,SPD,yes
731,40652,Max Lehmer,CDU/CSU,yes
731,39322,Katharina Landgraf,CDU/CSU,yes
731,40763,Heinz Lanfermann,FDP,yes
731,39325,Christian Lange,SPD,yes
731,39316,Andreas Lämmel,CDU/CSU,yes
731,39310,Christine Lambrecht,SPD,yes
731,39313,Karl A. Lamers,CDU/CSU,yes
731,39319,Norbert Lammert,CDU/CSU,yes
731,40632,Hermann Kues,CDU/CSU,yes
731,44344,Ute Kumpf,SPD,yes
731,40937,Patrick Kurth,FDP,yes
731,39364,Rüdiger Kruse,CDU/CSU,yes
731,39339,Bettina Kudla,CDU/CSU,yes
731,40648,Martina Krogmann,CDU/CSU,yes
731,40529,Angelika Krüger-Leißner,SPD,yes
731,44328,Nicolette Kressl,SPD,yes
731,39350,Michael Kretschmer,CDU/CSU,yes
731,39353,Gunther Krichbaum,CDU/CSU,yes
731,39356,Günter Krings,CDU/CSU,yes
731,39345,Anette Kramme,SPD,yes
731,41006,Thomas Kossendey,CDU/CSU,yes
731,39367,Hartmut Koschyk,CDU/CSU,yes
731,40665,Rolf Koschorrek,CDU/CSU,yes
731,40734,Gudrun Kopp,FDP,yes
731,39005,Kristina Schröder,CDU/CSU,yes
731,39369,Tom Koenigs,DIE GRÜNEN,yes
731,40770,Hellmut Königshaus,FDP,yes
731,39372,Jens Koeppen,CDU/CSU,yes
731,41166,Sebastian Körber,FDP,yes
731,40710,Fritz Rudolf Körper,SPD,yes
731,39375,Bärbel Kofler,SPD,yes
731,40630,Heinrich Kolb,FDP,yes
731,39382,Axel Knoerig,CDU/CSU,yes
731,41110,Lutz Knopek,FDP,yes
731,40933,Pascal Kober,FDP,yes
731,40751,Hans-Ulrich Klose,SPD,yes
731,44769,Ulrich Kelber,SPD,yes
731,39394,Roderich Kiesewetter,CDU/CSU,yes
731,44311,Eckart von Klaeden,CDU/CSU,yes
731,38720,Volkmar Klein,CDU/CSU,yes
731,38784,Jürgen Klimke,CDU/CSU,yes
731,39386,Lars Klingbeil,SPD,yes
731,44215,Julia Klöckner,CDU/CSU,yes
731,40984,Siegfried Kauder,CDU/CSU,yes
731,39406,Volker Kauder,CDU/CSU,yes
731,39408,Stefan Kaufmann,CDU/CSU,yes
731,40913,Michael Kauch,FDP,yes
731,40997,Susanne Kastner,SPD,yes
731,39416,Alois Karl,CDU/CSU,yes
731,39402,Bernhard Kaster,CDU/CSU,yes
731,39438,Franz-Josef Jung,CDU/CSU,yes
731,39431,Josip Juratovic,SPD,yes
731,38725,Oliver Kaczmarek,SPD,yes
731,39426,Johannes Kahrs,SPD,yes
731,44258,Bartholomäus Kalb,CDU/CSU,yes
731,44373,Heiner Kamp,FDP,yes
731,39420,Steffen Kampeter,CDU/CSU,yes
731,41102,Dieter Jasper,CDU/CSU,yes
731,39428,Egon Jüttner,CDU/CSU,yes
731,38742,Andreas Jung,CDU/CSU,yes
731,40673,Werner Hoyer,FDP,yes
731,39452,Anette Hübinger,CDU/CSU,yes
731,44297,Christel Humme,SPD,yes
731,39448,Thomas Jarzombek,CDU/CSU,yes
731,39460,Eva Högl,SPD,yes
731,40814,Joachim Hörster,CDU/CSU,yes
731,44313,Elke Hoff,FDP,yes
731,40697,Frank Hofmann,SPD,yes
731,39462,Karl Holmeier,CDU/CSU,yes
731,39465,Franz-Josef Holzenkamp,CDU/CSU,yes
731,40555,Birgit Homburger,FDP,yes
731,40831,Jürgen Herrmann,CDU/CSU,yes
731,39493,Gustav Herzog,SPD,yes
731,39495,Ansgar Heveling,CDU/CSU,yes
731,40692,Ernst Hinsken,CDU/CSU,yes
731,39501,Peter Hintze,CDU/CSU,yes
731,39844,Priska Hinz,DIE GRÜNEN,yes
731,38735,Christian Hirte,CDU/CSU,yes
731,39473,Robert Hochbaum,CDU/CSU,yes
731,41147,Manuel Höferlin,FDP,yes
731,39519,Frank Heinrich,CDU/CSU,yes
731,40970,Rolf Hempelmann,SPD,yes
731,39484,Barbara Hendricks,SPD,yes
731,39487,Rudolf Henke,CDU/CSU,yes
731,39490,Michael Hennrich,CDU/CSU,yes
731,39508,Matthias Heider,CDU/CSU,yes
731,39513,Hubertus Heil,SPD,yes
731,39515,Mechthild Heil,CDU/CSU,yes
731,44339,Ursula Heinen-Esser,CDU/CSU,yes
731,40740,Hans-Joachim Hacker,SPD,yes
731,40852,Klaus Hagemann,SPD,yes
731,39536,Florian Hahn,CDU/CSU,yes
731,40787,Holger Haibach,CDU/CSU,yes
731,40603,Christel Happach-Kasan,FDP,yes
731,44765,Stephan Harbarth,CDU/CSU,yes
731,38731,Jürgen Hardt,CDU/CSU,yes
731,44386,Michael Hartmann,SPD,yes
731,39525,Gerda Hasselfeldt,CDU/CSU,yes
731,39552,Olav Gutting,CDU/CSU,yes
731,39567,Manfred Grund,CDU/CSU,yes
731,40917,Miriam Gruß,FDP,yes
731,40844,Karl Theodor von und zu Guttenberg,CDU/CSU,yes
731,39573,Michael Groß,SPD,yes
731,40910,Michael Grosse-Brömer,CDU/CSU,yes
731,39558,Astrid Grotelüschen,CDU/CSU,yes
731,39564,Markus Grübel,CDU/CSU,yes
731,39571,Monika Grütters,CDU/CSU,yes
731,38745,Reinhard Grindel,CDU/CSU,yes
731,38749,Hermann Gröhe,CDU/CSU,yes
731,41154,Michael Groschek,SPD,yes
731,39581,Ulrike Gottschalck,SPD,yes
731,44372,Angelika Graf,SPD,yes
731,44377,Ute Granold,CDU/CSU,yes
731,40946,Peter Götz,CDU/CSU,yes
731,40676,Wolfgang Götzer,CDU/CSU,yes
731,37944,Heinz Golombeck,FDP,yes
731,39593,Eberhard Gienger,CDU/CSU,yes
731,39586,Iris Gleicke,SPD,yes
731,40736,Günter Gloser,SPD,yes
731,44348,Josef Göppel,CDU/CSU,yes
731,39600,Alois Gerig,CDU/CSU,yes
731,44309,Wolfgang Gerhardt,FDP,yes
731,39598,Michael Gerdes,SPD,yes
731,39615,Alexander Funk,CDU/CSU,yes
731,39603,Sigmar Gabriel,SPD,yes
731,39605,Ingo Gädechens,CDU/CSU,yes
731,39613,Thomas Gebhart,CDU/CSU,yes
731,40922,Norbert Geis,CDU/CSU,yes
731,44346,Edmund Geisen,FDP,yes
731,40687,Erich Georg Fritz,CDU/CSU,yes
731,39624,Michael Fuchs,CDU/CSU,yes
731,38753,Hans-Joachim Fuchtel,CDU/CSU,yes
731,39620,Michael Frieser,CDU/CSU,yes
731,39618,Hans-Peter Friedrich,CDU/CSU,yes
731,40120,Peter Friedrich,SPD,yes
731,40757,Hartwig Fischer,CDU/CSU,yes
731,41017,Ulrike Flach,FDP,yes
731,39641,Maria Flachsbarth,CDU/CSU,yes
731,44389,Klaus-Peter Flosbach,CDU/CSU,yes
731,39631,Gabriele Fograscher,SPD,yes
731,39633,Edgar Franke,SPD,yes
731,40775,Herbert Frankenhauser,CDU/CSU,yes
731,39627,Dagmar Freitag,SPD,yes
731,40931,Otto Fricke,FDP,yes
731,40941,Paul Klemens Friedhoff,FDP,yes
731,39638,Dirk Fischer,CDU/CSU,yes
731,44392,Elke Ferner,SPD,yes
731,39644,Ingrid Fischbach,CDU/CSU,yes
731,43871,Axel Eduard Fischer,CDU/CSU,yes
731,39661,Enak Ferlemann,CDU/CSU,yes
731,40744,Hans-Josef Fell,DIE GRÜNEN,yes
731,44321,Jörg van Essen,FDP,yes
731,39654,Karin Evers-Meyer,SPD,yes
731,38755,Thomas Feist,CDU/CSU,yes
731,39650,Petra Ernstberger,SPD,yes
731,38761,Gernot Erler,SPD,yes
731,41160,Rainer Erdel,FDP,yes
731,40898,Mechthild Dyckmans,FDP,yes
731,39848,Sebastian Edathy,SPD,yes
731,38758,Siegmund Ehrmann,SPD,yes
731,40683,Elvira Drobinski-Weiß,SPD,yes
731,40714,Garrelt Duin,SPD,yes
731,39669,Martin Dörmann,SPD,yes
731,39674,Marie-Luise Dött,CDU/CSU,yes
731,39690,Alexander Dobrindt,CDU/CSU,yes
731,39666,Thomas Dörflinger,CDU/CSU,yes
731,40936,Patrick Döring,FDP,yes
731,40552,Bijan Djir-Sarai,FDP,yes
731,41161,Reiner Deutschmann,FDP,yes
731,40767,Helga Daub,FDP,yes
731,39703,Petra Crone,SPD,yes
731,39701,Gitta Connemann,CDU/CSU,yes
731,39717,Martin Burkert,SPD,yes
731,40873,Marco Buschmann,FDP,yes
731,38481,Sylvia Canel,FDP,yes
731,40690,Ernst Burgbacher,FDP,yes
731,40525,Angelika Brunkhorst,FDP,yes
731,40958,Rainer Brüderle,FDP,yes
731,39733,Willi Brase,SPD,yes
731,44282,Ralf Brauksiepe,CDU/CSU,yes
731,39735,Helge Braun,CDU/CSU,yes
731,39737,Heike Brehmer,CDU/CSU,yes
731,40850,Klaus Breil,FDP,yes
731,39739,Ralph Brinkhaus,CDU/CSU,yes
731,39728,Helmut Brandt,CDU/CSU,yes
731,38769,Michael Brand,CDU/CSU,yes
731,39725,Reinhard Brandl,CDU/CSU,yes
731,40849,Klaus Brandner,SPD,yes
731,39751,Norbert Brackmann,CDU/CSU,yes
731,39754,Klaus Brähmig,CDU/CSU,yes
731,41155,Nicole Bracht-Bendt,FDP,yes
731,39749,Wolfgang Bosbach,CDU/CSU,yes
731,40722,Gerd Friedrich Bollmann,SPD,yes
731,44360,Maria Böhmer,CDU/CSU,yes
731,41097,Claudia Bögel-Hoyer,FDP,yes
731,40979,Sebastian Blumenthal,FDP,yes
731,39742,Peter Bleser,CDU/CSU,yes
731,39757,Clemens Binninger,CDU/CSU,yes
731,39760,Lothar Binding,SPD,yes
731,39762,Steffen Bilger,CDU/CSU,yes
731,39767,Peter Beyer,CDU/CSU,yes
731,41117,Florian Bernschneider,FDP,yes
731,39771,Christoph Bergner,CDU/CSU,yes
731,39775,Veronika Bellmann,CDU/CSU,yes
731,39777,Manfred Behrens,CDU/CSU,yes
731,44286,Uwe Beckmeyer,SPD,yes
731,40578,Cornelia Behm,DIE GRÜNEN,yes
731,44395,Dirk Becker,SPD,yes
731,39789,Marieluise Beck,DIE GRÜNEN,yes
731,40695,Ernst-Reinhard Beck,CDU/CSU,yes
731,39786,Helmut Günter Baumann,CDU/CSU,yes
731,38775,Sören Bartol,SPD,yes
731,39801,Norbert Barthle,CDU/CSU,yes
731,44289,Hans-Peter Bartels,SPD,yes
731,39804,Thomas Bareiß,CDU/CSU,yes
731,39806,Heinz-Joachim Barchmann,SPD,yes
731,40582,Daniel Bahr,FDP,yes
731,39809,Dorothee Bär,CDU/CSU,yes
731,39851,Sabine Bätzing-Lichtenthäler,SPD,yes
731,41158,Peter Aumer,CDU/CSU,yes
731,40572,Christine Aschenberg-Dugnus,FDP,yes
731,44363,Rainer Arnold,SPD,yes
731,38652,Peter Altmaier,CDU/CSU,yes
731,40797,Ilse Aigner,CDU/CSU,yes
731,40570,Christian Ahrendt,FDP,yes
731,40807,Jens Ackermann,FDP,yes
731,39544,Bettina Hagedorn,SPD,yes
731,38814,Waltraud Wolff,SPD,no
731,38819,Jörn Wunderlich,DIE LINKE,no
731,43580,Katrin Werner,DIE LINKE,no
731,38869,Halina Wawzyniak,DIE LINKE,no
731,38860,Harald Weinberg,DIE LINKE,no
731,38872,Sahra Wagenknecht,DIE LINKE,no
731,38895,Kathrin Vogler,DIE LINKE,no
731,44304,Marlies Volkmer,SPD,no
731,38910,Axel Troost,DIE LINKE,no
731,38655,Alexander Ulrich,DIE LINKE,no
731,40515,Alexander Süßmair,DIE LINKE,no
731,38933,Kirsten Tackmann,DIE LINKE,no
731,38938,Frank Tempel,DIE LINKE,no
731,38918,Harald Terpe,DIE GRÜNEN,no
731,41165,Sabine Stüber,DIE LINKE,no
731,44252,Hans-Christian Ströbele,DIE GRÜNEN,no
731,39824,Wolfgang Strengmann-Kuhn,DIE GRÜNEN,no
731,41104,Dorothea Steiner,DIE GRÜNEN,no
731,38665,Petra Sitte,DIE LINKE,no
731,41182,Raju Sharma,DIE LINKE,no
731,41141,Kathrin Senger-Schäfer,DIE LINKE,no
731,40638,Ilja Seifert,DIE LINKE,no
731,40777,Herbert Schui,DIE LINKE,no
731,44598,Gerhard Schick,DIE GRÜNEN,no
731,39045,Norbert Schindler,CDU/CSU,no
731,39059,Michael Schlecht,DIE LINKE,no
731,40943,Paul Schäfer,DIE LINKE,no
731,39115,Sönke Rix,SPD,no
731,41179,Ingrid Remmers,DIE LINKE,no
731,39130,Richard Pitterle,DIE LINKE,no
731,39158,Lisa Paus,DIE GRÜNEN,no
731,38300,Jens Petermann,DIE LINKE,no
731,41125,Hermann Ott,DIE GRÜNEN,no
731,39199,Thomas Nord,DIE LINKE,no
731,38965,Kersten Steinke,DIE LINKE,no
731,41085,Wolfgang Neškovic,fraktionslos,no
731,39206,Beate Müller-Gemmeke,DIE GRÜNEN,no
731,39216,Niema Movassat,DIE LINKE,no
731,39221,Cornelia Möhring,DIE LINKE,no
731,41060,Dorothée Menzner,DIE LINKE,no
731,38704,Hilde Mattheis,SPD,no
731,41014,Ulrich Maurer,DIE LINKE,no
731,38763,Agnieszka Brugger,DIE GRÜNEN,no
731,38781,Thomas Lutze,DIE LINKE,no
731,44337,Ulla Lötzer,DIE LINKE,no
731,38707,Gesine Lötzsch,DIE LINKE,no
731,39290,Ralph Lenkert,DIE LINKE,no
731,39285,Michael Leutert,DIE LINKE,no
731,39288,Stefan Liebich,DIE LINKE,no
731,39296,Sabine Leidig,DIE LINKE,no
731,39304,Caren Lay,DIE LINKE,no
731,39302,Monika Lazar,DIE GRÜNEN,no
731,39333,Katrin Kunert,DIE LINKE,no
731,39347,Jutta Krellmann,DIE LINKE,no
731,38714,Sylvia Kotting-Uhl,DIE GRÜNEN,no
731,38717,Jan Korte,DIE LINKE,no
731,40834,Jürgen Koppelin,FDP,no
731,37976,Harald Koch,DIE LINKE,no
731,39410,Uwe Kekeritz,DIE GRÜNEN,no
731,40901,Memet Kilic,DIE GRÜNEN,no
731,38722,Sven-Christian Kindler,DIE GRÜNEN,no
731,39390,Katja Kipping,DIE LINKE,no
731,39384,Maria Klein-Schmeink,DIE GRÜNEN,no
731,38738,Ulla Jelpke,DIE LINKE,no
731,41065,Lukrezia Luise Jochimsen,DIE LINKE,no
731,39457,Inge Höger,DIE LINKE,no
731,40599,Barbara Höll,DIE LINKE,no
731,39469,Anton Hofreiter,DIE GRÜNEN,no
731,40172,Winfried Hermann,DIE GRÜNEN,no
731,39498,Gabriele Hiller-Ohm,SPD,no
731,39504,Petra Hinz,SPD,no
731,41056,Bettina Herlitzius,DIE GRÜNEN,no
731,39517,Rosemarie Hein,DIE LINKE,no
731,39547,Gregor Gysi,DIE LINKE,no
731,38729,Heike Hänsel,DIE LINKE,no
731,40812,Joachim Günther,FDP,no
731,39556,Wolfgang Gunkel,SPD,no
731,39560,Annette Groth,DIE LINKE,no
731,44292,Diana Golze,DIE LINKE,no
731,39583,Nicole Gohlke,DIE LINKE,no
731,39611,Peter Gauweiler,CDU/CSU,no
731,41042,Wolfgang Gehrcke-Reymann,DIE LINKE,no
731,39647,Klaus Ernst,DIE LINKE,no
731,40609,Dagmar Enkelmann,DIE LINKE,no
731,41083,Werner Dreibus,DIE LINKE,no
731,39671,Katja Dörner,DIE GRÜNEN,no
731,41123,Heidrun Dittrich,DIE LINKE,no
731,38629,Diether Dehm,DIE LINKE,no
731,39706,Sevim Dağdelen,DIE LINKE,no
731,44307,Peter Danckert,SPD,no
731,39698,Roland Claus,DIE LINKE,no
731,40646,Martina Bunge,DIE LINKE,no
731,39710,Marco Bülow,SPD,no
731,39720,Eva Bulling-Schröter,DIE LINKE,no
731,38765,Christine Buchholz,DIE LINKE,no
731,41040,Wolfgang Börnsen,CDU/CSU,no
731,39746,Heidrun Bluhm-Förster,DIE LINKE,no
731,38771,Matthias W. Birkwald,DIE LINKE,no
731,39765,Karin Binder,DIE LINKE,no
731,38801,Herbert Behrens,DIE LINKE,no
731,39781,Dietmar Bartsch,DIE LINKE,no
731,39798,Klaus Barthel,SPD,no
731,39817,Ingrid Arndt-Brauer,SPD,no
731,38903,Jan van Aken,DIE LINKE,no
731,39836,Agnes Alpers,DIE LINKE,no
731,40828,Josef Winkler,DIE GRÜNEN,abstain
731,38829,Valerie Wilms,DIE GRÜNEN,abstain
731,41050,Wolfgang Wieland,DIE GRÜNEN,abstain
731,41098,Daniela Wagner,DIE GRÜNEN,abstain
731,38799,Markus Tressel,DIE GRÜNEN,abstain
731,38907,Jürgen Trittin,DIE GRÜNEN,abstain
731,38687,Frithjof Schmidt,DIE GRÜNEN,abstain
731,39026,Elisabeth Scharfenberg,DIE GRÜNEN,abstain
731,44299,Christine Scheel,DIE GRÜNEN,abstain
731,39068,Claudia Roth,DIE GRÜNEN,abstain
731,39065,Tabea Rößner,DIE GRÜNEN,abstain
731,39141,Wilhelm Priesmeier,SPD,abstain
731,39138,Brigitte Pothmer,DIE GRÜNEN,abstain
731,39171,Friedrich Ostendorff,DIE GRÜNEN,abstain
731,38660,Konstantin von Notz,DIE GRÜNEN,abstain
731,41131,Ingrid Nestle,DIE GRÜNEN,abstain
731,40846,Kerstin Müller,DIE GRÜNEN,abstain
731,40810,Jerzy Montag,DIE GRÜNEN,abstain
731,44255,Nicole Maisch,DIE GRÜNEN,abstain
731,40708,Fritz Kuhn,DIE GRÜNEN,abstain
731,38711,Markus Kurth,DIE GRÜNEN,abstain
731,41020,Undine Kurth,DIE GRÜNEN,abstain
731,39336,Renate Künast,DIE GRÜNEN,abstain
731,39342,Stephan Kühn,DIE GRÜNEN,abstain
731,41086,Agnes Krumwiede,DIE GRÜNEN,abstain
731,39358,Oliver Krischer,DIE GRÜNEN,abstain
731,39377,Daniela Kolbe,SPD,abstain
731,40872,Manfred Kolbe,CDU/CSU,abstain
731,41080,Ute Koczy,DIE GRÜNEN,abstain
731,39396,Katja Keul,DIE GRÜNEN,abstain
731,41002,Thilo Hoppe,DIE GRÜNEN,abstain
731,44279,Bärbel Höhn,DIE GRÜNEN,abstain
731,40801,Ingrid Hönlinger,DIE GRÜNEN,abstain
731,40302,Ulrike Höfken-Deipenbrock,DIE GRÜNEN,abstain
731,39528,Britta Haßelmann,DIE GRÜNEN,abstain
731,38779,Katrin Göring-Eckardt,DIE GRÜNEN,abstain
731,39607,Thomas Gambke,DIE GRÜNEN,abstain
731,39596,Kai Gehring,DIE GRÜNEN,abstain
731,39682,Ekin Deligöz,DIE GRÜNEN,abstain
731,41175,Viola von Cramon-Taubadel,DIE GRÜNEN,abstain
731,40514,Alexander Bonde,DIE GRÜNEN,abstain
731,40557,Birgitt Bender,DIE GRÜNEN,abstain
731,39812,Kerstin Andreae,DIE GRÜNEN,abstain
731,44261,Brigitte Zypries,SPD,no_show
731,38811,Dagmar Wöhrl,CDU/CSU,no_show
731,38794,Sabine Zimmermann,DIE LINKE,no_show
731,38961,Peer Steinbrück,SPD,no_show
731,40973,Rolf Schwanitz,SPD,no_show
731,40890,Martin Schwanholz,SPD,no_show
731,40987,Silvia Schmidt,SPD,no_show
731,44301,Hermann Scheer,SPD,no_show
731,39120,Peter Ramsauer,CDU/CSU,no_show
731,40826,Johannes Pflug,SPD,no_show
731,39161,Petra Pau,DIE LINKE,no_show
731,41073,Kornelia Möller,DIE LINKE,no_show
731,40939,Patrick Meinhardt,FDP,no_show
731,39693,Thomas de Maizière,CDU/CSU,no_show
731,40925,Oskar Lafontaine,DIE LINKE,no_show
731,39306,Günter Lach,CDU/CSU,no_show
731,39454,Andrej Hunko,DIE LINKE,no_show
731,40765,Heinz-Peter Haustein,FDP,no_show
731,40747,Hans-Michael Goldmann,FDP,no_show
731,40908,Michael Glos,CDU/CSU,no_show
731,39590,Martin Gerster,SPD,no_show
731,40866,Leo Dautzenberg,CDU/CSU,no_show
731,39723,Edelgard Bulmahn,SPD,no_show
731,41010,Ulla Burchardt,SPD,no_show
731,40991,Steffen Bockhahn,DIE LINKE,no_show
731,39792,Volker Beck,DIE GRÜNEN,no_show
731,39783,Bärbel Bas,SPD,no_show
731,39795,Doris Barnett,SPD,no_show
766,38797,Manfred Zöllmer,SPD,yes
766,41033,Willi Zylajew,CDU/CSU,yes
766,44261,Brigitte Zypries,SPD,yes
766,41052,Wolfgang Zöller,CDU/CSU,yes
766,40255,Volker Wissing,FDP,yes
766,38811,Dagmar Wöhrl,CDU/CSU,yes
766,40753,Hartfrid Wolff,FDP,yes
766,44342,Uta Zapf,SPD,yes
766,38806,Dagmar Ziegler,SPD,yes
766,38791,Matthias Zimmer,CDU/CSU,yes
766,38827,Klaus-Peter Willsch,CDU/CSU,yes
766,38832,Elisabeth Winkelmeier-Becker,CDU/CSU,yes
766,40613,Dieter Wiefelspütz,SPD,yes
766,38845,Peter Weiß,CDU/CSU,yes
766,38842,Sabine Weiss,CDU/CSU,yes
766,38848,Ingo Wellenreuther,CDU/CSU,yes
766,38851,Karl-Georg Wellmann,CDU/CSU,yes
766,40626,Guido Westerwelle,FDP,yes
766,38837,Peter Wichtel,CDU/CSU,yes
766,38823,Andrea Wicklein,SPD,yes
766,40537,Annette Widmann-Mauz,CDU/CSU,yes
766,44318,Heidemarie Wieczorek-Zeul,SPD,yes
766,38857,Kai Wegner,CDU/CSU,yes
766,38864,Marcus Weinberg,CDU/CSU,yes
766,40518,Andrea Voßhoff,CDU/CSU,yes
766,38658,Johann Wadephul,CDU/CSU,yes
766,38867,Marco Wanderwitz,CDU/CSU,yes
766,38893,Volkmar Vogel,CDU/CSU,yes
766,41171,Stefanie Vogelsang,CDU/CSU,yes
766,38898,Ute Vogt,SPD,yes
766,41137,Johannes Vogel,FDP,yes
766,39834,Wolfgang Tiefensee,SPD,yes
766,38913,Antje Tillmann,CDU/CSU,yes
766,41169,Serkan Tören,FDP,yes
766,40620,Florian Toncar,FDP,yes
766,44381,Hans-Peter Uhl,CDU/CSU,yes
766,38901,Arnold Vaatz,CDU/CSU,yes
766,40563,Carl-Ludwig Thiele,FDP,yes
766,41048,Wolfgang Thierse,SPD,yes
766,44264,Franz Thönnes,SPD,yes
766,40993,Stephan Thomae,FDP,yes
766,38930,Kerstin Tack,SPD,yes
766,38935,Peter Tauber,CDU/CSU,yes
766,38927,Michael Stübgen,CDU/CSU,yes
766,38924,Lena Strothmann,CDU/CSU,yes
766,38956,Frank-Walter Steinmeier,SPD,yes
766,38880,Christian von Stetten,CDU/CSU,yes
766,38954,Dieter Stier,CDU/CSU,yes
766,40659,Rainer Stinner,FDP,yes
766,38952,Gero Storjohann,CDU/CSU,yes
766,38948,Stephan Stracke,CDU/CSU,yes
766,38946,Christoph Strässer,SPD,yes
766,38943,Max Straubinger,CDU/CSU,yes
766,38940,Karin Strenz,CDU/CSU,yes
766,38921,Thomas Strobl,CDU/CSU,yes
766,38961,Peer Steinbrück,SPD,yes
766,44351,Erika Steinbach,CDU/CSU,yes
766,38970,Frank Steffel,CDU/CSU,yes
766,38972,Carola Stauche,CDU/CSU,yes
766,41173,Torsten Staffeldt,FDP,yes
766,40650,Max Stadler,FDP,yes
766,41134,Joachim Spatz,FDP,yes
766,38977,Jens Spahn,CDU/CSU,yes
766,40634,Hermann Otto Solms,FDP,yes
766,38677,Thomas Silberhorn,CDU/CSU,yes
766,41029,Werner Simmling,FDP,yes
766,41139,Judith Skudelny,FDP,yes
766,38672,Reinhold Sendker,CDU/CSU,yes
766,38674,Patrick Sensburg,CDU/CSU,yes
766,38987,Stefan Schwartze,SPD,yes
766,40952,Erik Schweickert,FDP,yes
766,38667,Detlef Seif,CDU/CSU,yes
766,38669,Johannes Selle,CDU/CSU,yes
766,40973,Rolf Schwanitz,SPD,yes
766,40595,Angelica Schwall-Düren,SPD,yes
766,38985,Frank Schwabe,SPD,yes
766,38982,Armin Schuster,CDU/CSU,yes
766,44591,Ewald Schurer,SPD,yes
766,44354,Bernhard Schulte-Drüggelte,CDU/CSU,yes
766,41133,Jimmy Schulz,FDP,yes
766,38683,Uwe Schummer,CDU/CSU,yes
766,40987,Silvia Schmidt,SPD,yes
766,39011,Ulla Schmidt,SPD,yes
766,39014,Carsten Schneider,SPD,yes
766,38689,Patrick Schnieder,CDU/CSU,yes
766,40575,Christoph Schnurr,FDP,yes
766,39863,Andreas Schockenhoff,CDU/CSU,yes
766,44248,Olaf Scholz,SPD,yes
766,39002,Ole Schröder,CDU/CSU,yes
766,39055,Christian Schmidt,CDU/CSU,yes
766,44369,Annette Schavan,CDU/CSU,yes
766,44295,Bernd Scheelen,SPD,yes
766,39034,Andreas Scheuer,CDU/CSU,yes
766,39037,Marianne Schieder,SPD,yes
766,39041,Karl Schiewerling,CDU/CSU,yes
766,39047,Tankred Schipanski,CDU/CSU,yes
766,40719,Georg Schirmbeck,CDU/CSU,yes
766,40558,Björn Sänger,FDP,yes
766,40859,Krista Sager,DIE GRÜNEN,yes
766,39052,Manuel Sarrazin,DIE GRÜNEN,yes
766,40149,Anton Schaaf,SPD,yes
766,39020,Anita Schäfer,CDU/CSU,yes
766,39023,Axel Schäfer,SPD,yes
766,40699,Frank Schäffler,FDP,yes
766,40887,Marlene Rupprecht,SPD,yes
766,39084,Albert Rupprecht,CDU/CSU,yes
766,41115,Stefan Ruppert,FDP,yes
766,39071,Michael Roth,SPD,yes
766,40605,Christian Ruck,CDU/CSU,yes
766,39077,Erwin Rüddel,CDU/CSU,yes
766,40842,Karin Roth,SPD,yes
766,39063,Ernst Dieter Rossmann,SPD,yes
766,39093,René Röspel,SPD,yes
766,39089,Johannes Röring,CDU/CSU,yes
766,41114,Peter Röhlinger,FDP,yes
766,44267,Heinz Riesenhuber,CDU/CSU,yes
766,44575,Carola Reimann,SPD,yes
766,40600,Birgit Reinemund,FDP,yes
766,39109,Lothar Riebsamen,CDU/CSU,yes
766,39111,Josef Rief,CDU/CSU,yes
766,40855,Klaus Riegert,CDU/CSU,yes
766,39096,Mechthild Rawert,SPD,yes
766,39101,Eckhardt Rehberg,CDU/CSU,yes
766,39104,Katherina Reiche,CDU/CSU,yes
766,39120,Peter Ramsauer,CDU/CSU,yes
766,39264,Daniela Ludwig,CDU/CSU,yes
766,38788,Sascha Raabe,SPD,yes
766,39127,Thomas Rachel,CDU/CSU,yes
766,41143,Lucia Puttrich,CDU/CSU,yes
766,39144,Florian Pronold,SPD,yes
766,44270,Joachim Poß,SPD,yes
766,39132,Eckhard Pols,CDU/CSU,yes
766,40580,Cornelia Pieper,FDP,yes
766,40730,Gisela Piltz,FDP,yes
766,39839,Ronald Pofalla,CDU/CSU,yes
766,41096,Christoph Poland,CDU/CSU,yes
766,40976,Ruprecht Polenz,CDU/CSU,yes
766,39154,Sibylle Pfeiffer,CDU/CSU,yes
766,40545,Beatrix Philipp,CDU/CSU,yes
766,39151,Joachim Pfeiffer,CDU/CSU,yes
766,39148,Ulrich Petzold,CDU/CSU,yes
766,44375,Heinz Paula,SPD,yes
766,40967,Rita Pawelski,CDU/CSU,yes
766,40742,Hans-Joachim Otto,FDP,yes
766,41113,Michael Paul,CDU/CSU,yes
766,39175,Henning Otte,CDU/CSU,yes
766,40680,Eduard Oswald,CDU/CSU,yes
766,39180,Omid Nouripour,DIE GRÜNEN,yes
766,39184,Georg Nüßlein,CDU/CSU,yes
766,40703,Franz Obermeier,CDU/CSU,yes
766,39169,Aydan Özoğuz,SPD,yes
766,39188,Thomas Oppermann,SPD,yes
766,40789,Holger Ortel,SPD,yes
766,40955,Martin Neumann,FDP,yes
766,40591,Dirk Niebel,FDP,yes
766,39193,Dietmar Nietan,SPD,yes
766,44378,Manfred Nink,SPD,yes
766,39197,Michaela Noll,CDU/CSU,yes
766,39209,Philipp Murmann,CDU/CSU,yes
766,38695,Andrea Nahles,SPD,yes
766,41054,Bernd Neumann,CDU/CSU,yes
766,41068,Franz Müntefering,SPD,yes
766,38692,Rolf Mützenich,SPD,yes
766,40950,Petra Müller,FDP,yes
766,39202,Stefan Müller,CDU/CSU,yes
766,41058,Burkhardt Müller-Sönksen,FDP,yes
766,39214,Gerd Müller,CDU/CSU,yes
766,39007,Nadine Schön,CDU/CSU,yes
766,38699,Marlene Mortler,CDU/CSU,yes
766,40712,Gabriele Molitor,FDP,yes
766,39218,Dietrich Monstadt,CDU/CSU,yes
766,39224,Philipp Mißfelder,CDU/CSU,yes
766,39245,Angela Merkel,CDU/CSU,yes
766,44334,Petra Merkel,SPD,yes
766,41174,Ullrich Meßmer,SPD,yes
766,44273,Maria Michalk,CDU/CSU,yes
766,39230,Hans Michelbach,CDU/CSU,yes
766,39232,Mathias Middelberg,CDU/CSU,yes
766,39235,Matthias Miersch,SPD,yes
766,39241,Michael Meister,CDU/CSU,yes
766,38884,Hans-Georg von der Marwitz,CDU/CSU,yes
766,39252,Katja Mast,SPD,yes
766,39254,Andreas Mattfeldt,CDU/CSU,yes
766,38704,Hilde Mattheis,SPD,yes
766,39238,Stephan Mayer,CDU/CSU,yes
766,40792,Horst Meierhofer,FDP,yes
766,40939,Patrick Meinhardt,FDP,yes
766,39249,Caren Marks,SPD,yes
766,39693,Thomas de Maizière,CDU/CSU,yes
766,40654,Michael Luther,CDU/CSU,yes
766,39259,Karin Maag,CDU/CSU,yes
766,41156,Oliver Luksic,FDP,yes
766,39269,Carsten Linnemann,CDU/CSU,yes
766,39272,Patricia Lips,CDU/CSU,yes
766,44357,Gabriele Lösekrug-Möller,SPD,yes
766,40617,Erwin Lotter,FDP,yes
766,39266,Jan-Marco Luczak,CDU/CSU,yes
766,39261,Kirsten Lühmann,SPD,yes
766,38882,Ursula von der Leyen,CDU/CSU,yes
766,44905,Ingbert Liebing,CDU/CSU,yes
766,39278,Matthias Lietz,CDU/CSU,yes
766,41181,Lars Lindemann,FDP,yes
766,41093,Christian Lindner,FDP,yes
766,41112,Martin Lindner,FDP,yes
766,40906,Michael Link,FDP,yes
766,39299,Paul Lehrieder,CDU/CSU,yes
766,44316,Harald Leibrecht,FDP,yes
766,39293,Steffen-Claudio Lemme,SPD,yes
766,39327,Ulrich Lange,CDU/CSU,yes
766,40982,Sibylle Laurischk,FDP,yes
766,39330,Karl Lauterbach,SPD,yes
766,40652,Max Lehmer,CDU/CSU,yes
766,39322,Katharina Landgraf,CDU/CSU,yes
766,40763,Heinz Lanfermann,FDP,yes
766,39325,Christian Lange,SPD,yes
766,39316,Andreas Lämmel,CDU/CSU,yes
766,39310,Christine Lambrecht,SPD,yes
766,39313,Karl A. Lamers,CDU/CSU,yes
766,39319,Norbert Lammert,CDU/CSU,yes
766,40632,Hermann Kues,CDU/CSU,yes
766,44344,Ute Kumpf,SPD,yes
766,40937,Patrick Kurth,FDP,yes
766,39306,Günter Lach,CDU/CSU,yes
766,39364,Rüdiger Kruse,CDU/CSU,yes
766,39339,Bettina Kudla,CDU/CSU,yes
766,40648,Martina Krogmann,CDU/CSU,yes
766,40529,Angelika Krüger-Leißner,SPD,yes
766,44328,Nicolette Kressl,SPD,yes
766,39350,Michael Kretschmer,CDU/CSU,yes
766,39353,Gunther Krichbaum,CDU/CSU,yes
766,39356,Günter Krings,CDU/CSU,yes
766,39345,Anette Kramme,SPD,yes
766,41006,Thomas Kossendey,CDU/CSU,yes
766,39367,Hartmut Koschyk,CDU/CSU,yes
766,40665,Rolf Koschorrek,CDU/CSU,yes
766,40734,Gudrun Kopp,FDP,yes
766,39005,Kristina Schröder,CDU/CSU,yes
766,39369,Tom Koenigs,DIE GRÜNEN,yes
766,40770,Hellmut Königshaus,FDP,yes
766,39372,Jens Koeppen,CDU/CSU,yes
766,41166,Sebastian Körber,FDP,yes
766,40630,Heinrich Kolb,FDP,yes
766,39382,Axel Knoerig,CDU/CSU,yes
766,41110,Lutz Knopek,FDP,yes
766,40933,Pascal Kober,FDP,yes
766,40751,Hans-Ulrich Klose,SPD,yes
766,44769,Ulrich Kelber,SPD,yes
766,39394,Roderich Kiesewetter,CDU/CSU,yes
766,44311,Eckart von Klaeden,CDU/CSU,yes
766,38720,Volkmar Klein,CDU/CSU,yes
766,38784,Jürgen Klimke,CDU/CSU,yes
766,39386,Lars Klingbeil,SPD,yes
766,44215,Julia Klöckner,CDU/CSU,yes
766,40984,Siegfried Kauder,CDU/CSU,yes
766,39406,Volker Kauder,CDU/CSU,yes
766,39408,Stefan Kaufmann,CDU/CSU,yes
766,40913,Michael Kauch,FDP,yes
766,40997,Susanne Kastner,SPD,yes
766,39416,Alois Karl,CDU/CSU,yes
766,39402,Bernhard Kaster,CDU/CSU,yes
766,39438,Franz-Josef Jung,CDU/CSU,yes
766,38725,Oliver Kaczmarek,SPD,yes
766,39426,Johannes Kahrs,SPD,yes
766,44373,Heiner Kamp,FDP,yes
766,41102,Dieter Jasper,CDU/CSU,yes
766,39428,Egon Jüttner,CDU/CSU,yes
766,38742,Andreas Jung,CDU/CSU,yes
766,40673,Werner Hoyer,FDP,yes
766,39452,Anette Hübinger,CDU/CSU,yes
766,44297,Christel Humme,SPD,yes
766,39448,Thomas Jarzombek,CDU/CSU,yes
766,39460,Eva Högl,SPD,yes
766,40814,Joachim Hörster,CDU/CSU,yes
766,44313,Elke Hoff,FDP,yes
766,40697,Frank Hofmann,SPD,yes
766,39462,Karl Holmeier,CDU/CSU,yes
766,39465,Franz-Josef Holzenkamp,CDU/CSU,yes
766,40555,Birgit Homburger,FDP,yes
766,40831,Jürgen Herrmann,CDU/CSU,yes
766,39493,Gustav Herzog,SPD,yes
766,39495,Ansgar Heveling,CDU/CSU,yes
766,40692,Ernst Hinsken,CDU/CSU,yes
766,39501,Peter Hintze,CDU/CSU,yes
766,39844,Priska Hinz,DIE GRÜNEN,yes
766,38735,Christian Hirte,CDU/CSU,yes
766,39473,Robert Hochbaum,CDU/CSU,yes
766,41147,Manuel Höferlin,FDP,yes
766,39519,Frank Heinrich,CDU/CSU,yes
766,40970,Rolf Hempelmann,SPD,yes
766,39484,Barbara Hendricks,SPD,yes
766,39487,Rudolf Henke,CDU/CSU,yes
766,39490,Michael Hennrich,CDU/CSU,yes
766,39508,Matthias Heider,CDU/CSU,yes
766,39513,Hubertus Heil,SPD,yes
766,39515,Mechthild Heil,CDU/CSU,yes
766,44339,Ursula Heinen-Esser,CDU/CSU,yes
766,40740,Hans-Joachim Hacker,SPD,yes
766,40852,Klaus Hagemann,SPD,yes
766,39536,Florian Hahn,CDU/CSU,yes
766,40603,Christel Happach-Kasan,FDP,yes
766,44765,Stephan Harbarth,CDU/CSU,yes
766,38731,Jürgen Hardt,CDU/CSU,yes
766,44386,Michael Hartmann,SPD,yes
766,39525,Gerda Hasselfeldt,CDU/CSU,yes
766,39552,Olav Gutting,CDU/CSU,yes
766,39567,Manfred Grund,CDU/CSU,yes
766,40917,Miriam Gruß,FDP,yes
766,40844,Karl Theodor von und zu Guttenberg,CDU/CSU,yes
766,40910,Michael Grosse-Brömer,CDU/CSU,yes
766,39558,Astrid Grotelüschen,CDU/CSU,yes
766,39564,Markus Grübel,CDU/CSU,yes
766,39571,Monika Grütters,CDU/CSU,yes
766,38745,Reinhard Grindel,CDU/CSU,yes
766,38749,Hermann Gröhe,CDU/CSU,yes
766,39581,Ulrike Gottschalck,SPD,yes
766,44372,Angelika Graf,SPD,yes
766,44377,Ute Granold,CDU/CSU,yes
766,40946,Peter Götz,CDU/CSU,yes
766,40676,Wolfgang Götzer,CDU/CSU,yes
766,40747,Hans-Michael Goldmann,FDP,yes
766,37944,Heinz Golombeck,FDP,yes
766,39593,Eberhard Gienger,CDU/CSU,yes
766,39586,Iris Gleicke,SPD,yes
766,40908,Michael Glos,CDU/CSU,yes
766,40736,Günter Gloser,SPD,yes
766,44348,Josef Göppel,CDU/CSU,yes
766,39590,Martin Gerster,SPD,yes
766,39600,Alois Gerig,CDU/CSU,yes
766,44309,Wolfgang Gerhardt,FDP,yes
766,39598,Michael Gerdes,SPD,yes
766,39615,Alexander Funk,CDU/CSU,yes
766,39603,Sigmar Gabriel,SPD,yes
766,39605,Ingo Gädechens,CDU/CSU,yes
766,39613,Thomas Gebhart,CDU/CSU,yes
766,40922,Norbert Geis,CDU/CSU,yes
766,40687,Erich Georg Fritz,CDU/CSU,yes
766,39624,Michael Fuchs,CDU/CSU,yes
766,38753,Hans-Joachim Fuchtel,CDU/CSU,yes
766,39620,Michael Frieser,CDU/CSU,yes
766,39618,Hans-Peter Friedrich,CDU/CSU,yes
766,40120,Peter Friedrich,SPD,yes
766,40757,Hartwig Fischer,CDU/CSU,yes
766,41017,Ulrike Flach,FDP,yes
766,39641,Maria Flachsbarth,CDU/CSU,yes
766,44389,Klaus-Peter Flosbach,CDU/CSU,yes
766,39631,Gabriele Fograscher,SPD,yes
766,39633,Edgar Franke,SPD,yes
766,39627,Dagmar Freitag,SPD,yes
766,40931,Otto Fricke,FDP,yes
766,40941,Paul Klemens Friedhoff,FDP,yes
766,39638,Dirk Fischer,CDU/CSU,yes
766,44392,Elke Ferner,SPD,yes
766,39644,Ingrid Fischbach,CDU/CSU,yes
766,43871,Axel Eduard Fischer,CDU/CSU,yes
766,39661,Enak Ferlemann,CDU/CSU,yes
766,40744,Hans-Josef Fell,DIE GRÜNEN,yes
766,44321,Jörg van Essen,FDP,yes
766,39654,Karin Evers-Meyer,SPD,yes
766,38755,Thomas Feist,CDU/CSU,yes
766,39650,Petra Ernstberger,SPD,yes
766,38761,Gernot Erler,SPD,yes
766,41160,Rainer Erdel,FDP,yes
766,40898,Mechthild Dyckmans,FDP,yes
766,39848,Sebastian Edathy,SPD,yes
766,40683,Elvira Drobinski-Weiß,SPD,yes
766,40714,Garrelt Duin,SPD,yes
766,39669,Martin Dörmann,SPD,yes
766,39674,Marie-Luise Dött,CDU/CSU,yes
766,39690,Alexander Dobrindt,CDU/CSU,yes
766,39666,Thomas Dörflinger,CDU/CSU,yes
766,40936,Patrick Döring,FDP,yes
766,40552,Bijan Djir-Sarai,FDP,yes
766,40866,Leo Dautzenberg,CDU/CSU,yes
766,40767,Helga Daub,FDP,yes
766,39703,Petra Crone,SPD,yes
766,39701,Gitta Connemann,CDU/CSU,yes
766,39717,Martin Burkert,SPD,yes
766,40873,Marco Buschmann,FDP,yes
766,38481,Sylvia Canel,FDP,yes
766,40690,Ernst Burgbacher,FDP,yes
766,39723,Edelgard Bulmahn,SPD,yes
766,41010,Ulla Burchardt,SPD,yes
766,40525,Angelika Brunkhorst,FDP,yes
766,44282,Ralf Brauksiepe,CDU/CSU,yes
766,39735,Helge Braun,CDU/CSU,yes
766,39737,Heike Brehmer,CDU/CSU,yes
766,40850,Klaus Breil,FDP,yes
766,39739,Ralph Brinkhaus,CDU/CSU,yes
766,39728,Helmut Brandt,CDU/CSU,yes
766,38769,Michael Brand,CDU/CSU,yes
766,39725,Reinhard Brandl,CDU/CSU,yes
766,40849,Klaus Brandner,SPD,yes
766,39751,Norbert Brackmann,CDU/CSU,yes
766,39754,Klaus Brähmig,CDU/CSU,yes
766,41155,Nicole Bracht-Bendt,FDP,yes
766,39749,Wolfgang Bosbach,CDU/CSU,yes
766,40722,Gerd Friedrich Bollmann,SPD,yes
766,41097,Claudia Bögel-Hoyer,FDP,yes
766,40979,Sebastian Blumenthal,FDP,yes
766,39742,Peter Bleser,CDU/CSU,yes
766,39757,Clemens Binninger,CDU/CSU,yes
766,39760,Lothar Binding,SPD,yes
766,39762,Steffen Bilger,CDU/CSU,yes
766,39767,Peter Beyer,CDU/CSU,yes
766,41117,Florian Bernschneider,FDP,yes
766,39771,Christoph Bergner,CDU/CSU,yes
766,39775,Veronika Bellmann,CDU/CSU,yes
766,39777,Manfred Behrens,CDU/CSU,yes
766,40578,Cornelia Behm,DIE GRÜNEN,yes
766,44395,Dirk Becker,SPD,yes
766,39789,Marieluise Beck,DIE GRÜNEN,yes
766,40695,Ernst-Reinhard Beck,CDU/CSU,yes
766,39786,Helmut Günter Baumann,CDU/CSU,yes
766,38775,Sören Bartol,SPD,yes
766,39801,Norbert Barthle,CDU/CSU,yes
766,44289,Hans-Peter Bartels,SPD,yes
766,39804,Thomas Bareiß,CDU/CSU,yes
766,39806,Heinz-Joachim Barchmann,SPD,yes
766,40582,Daniel Bahr,FDP,yes
766,39809,Dorothee Bär,CDU/CSU,yes
766,39851,Sabine Bätzing-Lichtenthäler,SPD,yes
766,41158,Peter Aumer,CDU/CSU,yes
766,40572,Christine Aschenberg-Dugnus,FDP,yes
766,44363,Rainer Arnold,SPD,yes
766,38652,Peter Altmaier,CDU/CSU,yes
766,40570,Christian Ahrendt,FDP,yes
766,40807,Jens Ackermann,FDP,yes
766,39544,Bettina Hagedorn,SPD,yes
766,38814,Waltraud Wolff,SPD,no
766,38819,Jörn Wunderlich,DIE LINKE,no
766,38794,Sabine Zimmermann,DIE LINKE,no
766,43580,Katrin Werner,DIE LINKE,no
766,38869,Halina Wawzyniak,DIE LINKE,no
766,38860,Harald Weinberg,DIE LINKE,no
766,38872,Sahra Wagenknecht,DIE LINKE,no
766,38895,Kathrin Vogler,DIE LINKE,no
766,44304,Marlies Volkmer,SPD,no
766,38910,Axel Troost,DIE LINKE,no
766,38655,Alexander Ulrich,DIE LINKE,no
766,39080,Rüdiger Veit,SPD,no
766,40515,Alexander Süßmair,DIE LINKE,no
766,38933,Kirsten Tackmann,DIE LINKE,no
766,38938,Frank Tempel,DIE LINKE,no
766,38918,Harald Terpe,DIE GRÜNEN,no
766,41165,Sabine Stüber,DIE LINKE,no
766,44252,Hans-Christian Ströbele,DIE GRÜNEN,no
766,39824,Wolfgang Strengmann-Kuhn,DIE GRÜNEN,no
766,41104,Dorothea Steiner,DIE GRÜNEN,no
766,45212,Carsten Sieling,SPD,no
766,38665,Petra Sitte,DIE LINKE,no
766,41182,Raju Sharma,DIE LINKE,no
766,40638,Ilja Seifert,DIE LINKE,no
766,44379,Werner Schieder,SPD,no
766,39059,Michael Schlecht,DIE LINKE,no
766,40943,Paul Schäfer,DIE LINKE,no
766,39115,Sönke Rix,SPD,no
766,41179,Ingrid Remmers,DIE LINKE,no
766,39141,Wilhelm Priesmeier,SPD,no
766,39130,Richard Pitterle,DIE LINKE,no
766,39158,Lisa Paus,DIE GRÜNEN,no
766,38300,Jens Petermann,DIE LINKE,no
766,41125,Hermann Ott,DIE GRÜNEN,no
766,38965,Kersten Steinke,DIE LINKE,no
766,41085,Wolfgang Neškovic,fraktionslos,no
766,41131,Ingrid Nestle,DIE GRÜNEN,no
766,39206,Beate Müller-Gemmeke,DIE GRÜNEN,no
766,39216,Niema Movassat,DIE LINKE,no
766,41073,Kornelia Möller,DIE LINKE,no
766,39221,Cornelia Möhring,DIE LINKE,no
766,41060,Dorothée Menzner,DIE LINKE,no
766,41014,Ulrich Maurer,DIE LINKE,no
766,38763,Agnieszka Brugger,DIE GRÜNEN,no
766,38781,Thomas Lutze,DIE LINKE,no
766,44337,Ulla Lötzer,DIE LINKE,no
766,38707,Gesine Lötzsch,DIE LINKE,no
766,39290,Ralph Lenkert,DIE LINKE,no
766,39285,Michael Leutert,DIE LINKE,no
766,39288,Stefan Liebich,DIE LINKE,no
766,39296,Sabine Leidig,DIE LINKE,no
766,39304,Caren Lay,DIE LINKE,no
766,39302,Monika Lazar,DIE GRÜNEN,no
766,39333,Katrin Kunert,DIE LINKE,no
766,41086,Agnes Krumwiede,DIE GRÜNEN,no
766,39347,Jutta Krellmann,DIE LINKE,no
766,38714,Sylvia Kotting-Uhl,DIE GRÜNEN,no
766,38717,Jan Korte,DIE LINKE,no
766,40834,Jürgen Koppelin,FDP,no
766,39377,Daniela Kolbe,SPD,no
766,40872,Manfred Kolbe,CDU/CSU,no
766,41080,Ute Koczy,DIE GRÜNEN,no
766,37976,Harald Koch,DIE LINKE,no
766,39410,Uwe Kekeritz,DIE GRÜNEN,no
766,40901,Memet Kilic,DIE GRÜNEN,no
766,38722,Sven-Christian Kindler,DIE GRÜNEN,no
766,39390,Katja Kipping,DIE LINKE,no
766,39384,Maria Klein-Schmeink,DIE GRÜNEN,no
766,39431,Josip Juratovic,SPD,no
766,38738,Ulla Jelpke,DIE LINKE,no
766,41065,Lukrezia Luise Jochimsen,DIE LINKE,no
766,39454,Andrej Hunko,DIE LINKE,no
766,39457,Inge Höger,DIE LINKE,no
766,40599,Barbara Höll,DIE LINKE,no
766,39469,Anton Hofreiter,DIE GRÜNEN,no
766,40172,Winfried Hermann,DIE GRÜNEN,no
766,39498,Gabriele Hiller-Ohm,SPD,no
766,39504,Petra Hinz,SPD,no
766,41056,Bettina Herlitzius,DIE GRÜNEN,no
766,39517,Rosemarie Hein,DIE LINKE,no
766,38729,Heike Hänsel,DIE LINKE,no
766,39556,Wolfgang Gunkel,SPD,no
766,39573,Michael Groß,SPD,no
766,39560,Annette Groth,DIE LINKE,no
766,44292,Diana Golze,DIE LINKE,no
766,39583,Nicole Gohlke,DIE LINKE,no
766,41042,Wolfgang Gehrcke-Reymann,DIE LINKE,no
766,39647,Klaus Ernst,DIE LINKE,no
766,40609,Dagmar Enkelmann,DIE LINKE,no
766,41083,Werner Dreibus,DIE LINKE,no
766,39671,Katja Dörner,DIE GRÜNEN,no
766,41123,Heidrun Dittrich,DIE LINKE,no
766,38629,Diether Dehm,DIE LINKE,no
766,39706,Sevim Dağdelen,DIE LINKE,no
766,44307,Peter Danckert,SPD,no
766,39698,Roland Claus,DIE LINKE,no
766,40646,Martina Bunge,DIE LINKE,no
766,39720,Eva Bulling-Schröter,DIE LINKE,no
766,38765,Christine Buchholz,DIE LINKE,no
766,41040,Wolfgang Börnsen,CDU/CSU,no
766,40991,Steffen Bockhahn,DIE LINKE,no
766,39746,Heidrun Bluhm-Förster,DIE LINKE,no
766,38771,Matthias W. Birkwald,DIE LINKE,no
766,39765,Karin Binder,DIE LINKE,no
766,38801,Herbert Behrens,DIE LINKE,no
766,39781,Dietmar Bartsch,DIE LINKE,no
766,39798,Klaus Barthel,SPD,no
766,39817,Ingrid Arndt-Brauer,SPD,no
766,38903,Jan van Aken,DIE LINKE,no
766,39836,Agnes Alpers,DIE LINKE,no
766,41183,Yvonne Ploetz,DIE LINKE,no
766,40828,Josef Winkler,DIE GRÜNEN,abstain
766,38829,Valerie Wilms,DIE GRÜNEN,abstain
766,41050,Wolfgang Wieland,DIE GRÜNEN,abstain
766,41098,Daniela Wagner,DIE GRÜNEN,abstain
766,38799,Markus Tressel,DIE GRÜNEN,abstain
766,38967,Sonja Steffen,SPD,abstain
766,38998,Swen Schulz,SPD,abstain
766,38687,Frithjof Schmidt,DIE GRÜNEN,abstain
766,40928,Ottmar Schreiner,SPD,abstain
766,44299,Christine Scheel,DIE GRÜNEN,abstain
766,44301,Hermann Scheer,SPD,abstain
766,44598,Gerhard Schick,DIE GRÜNEN,abstain
766,39068,Claudia Roth,DIE GRÜNEN,abstain
766,39065,Tabea Rößner,DIE GRÜNEN,abstain
766,39107,Gerold Reichenbach,SPD,abstain
766,39138,Brigitte Pothmer,DIE GRÜNEN,abstain
766,39171,Friedrich Ostendorff,DIE GRÜNEN,abstain
766,38660,Konstantin von Notz,DIE GRÜNEN,abstain
766,40846,Kerstin Müller,DIE GRÜNEN,abstain
766,40810,Jerzy Montag,DIE GRÜNEN,abstain
766,44255,Nicole Maisch,DIE GRÜNEN,abstain
766,39274,Burkhard Lischka,SPD,abstain
766,40708,Fritz Kuhn,DIE GRÜNEN,abstain
766,38711,Markus Kurth,DIE GRÜNEN,abstain
766,41020,Undine Kurth,DIE GRÜNEN,abstain
766,39336,Renate Künast,DIE GRÜNEN,abstain
766,39342,Stephan Kühn,DIE GRÜNEN,abstain
766,39358,Oliver Krischer,DIE GRÜNEN,abstain
766,39375,Bärbel Kofler,SPD,abstain
766,39396,Katja Keul,DIE GRÜNEN,abstain
766,41002,Thilo Hoppe,DIE GRÜNEN,abstain
766,44279,Bärbel Höhn,DIE GRÜNEN,abstain
766,40801,Ingrid Hönlinger,DIE GRÜNEN,abstain
766,40302,Ulrike Höfken-Deipenbrock,DIE GRÜNEN,abstain
766,39528,Britta Haßelmann,DIE GRÜNEN,abstain
766,40765,Heinz-Peter Haustein,FDP,abstain
766,40812,Joachim Günther,FDP,abstain
766,39607,Thomas Gambke,DIE GRÜNEN,abstain
766,39596,Kai Gehring,DIE GRÜNEN,abstain
766,44346,Edmund Geisen,FDP,abstain
766,41175,Viola von Cramon-Taubadel,DIE GRÜNEN,abstain
766,40514,Alexander Bonde,DIE GRÜNEN,abstain
766,40557,Birgitt Bender,DIE GRÜNEN,abstain
766,39792,Volker Beck,DIE GRÜNEN,abstain
766,39783,Bärbel Bas,SPD,abstain
766,39812,Kerstin Andreae,DIE GRÜNEN,abstain
766,40607,Claudia Winterstein,FDP,no_show
766,40611,Daniel Volk,FDP,no_show
766,38907,Jürgen Trittin,DIE GRÜNEN,no_show
766,38680,Johannes Singhammer,CDU/CSU,no_show
766,41141,Kathrin Senger-Schäfer,DIE LINKE,no_show
766,40890,Martin Schwanholz,SPD,no_show
766,40882,Marina Schuster,FDP,no_show
766,40777,Herbert Schui,DIE LINKE,no_show
766,39029,Wolfgang Schäuble,CDU/CSU,no_show
766,39026,Elisabeth Scharfenberg,DIE GRÜNEN,no_show
766,39045,Norbert Schindler,CDU/CSU,no_show
766,39074,Norbert Röttgen,CDU/CSU,no_show
766,40826,Johannes Pflug,SPD,no_show
766,39161,Petra Pau,DIE LINKE,no_show
766,39199,Thomas Nord,DIE LINKE,no_show
766,40804,Jan Mücke,FDP,no_show
766,40978,Sabine Leutheusser-Schnarrenberger,FDP,no_show
766,40710,Fritz Rudolf Körper,SPD,no_show
766,44258,Bartholomäus Kalb,CDU/CSU,no_show
766,39420,Steffen Kampeter,CDU/CSU,no_show
766,39547,Gregor Gysi,DIE LINKE,no_show
766,40787,Holger Haibach,CDU/CSU,no_show
766,41154,Michael Groschek,SPD,no_show
766,38779,Katrin Göring-Eckardt,DIE GRÜNEN,no_show
766,39611,Peter Gauweiler,CDU/CSU,no_show
766,40775,Herbert Frankenhauser,CDU/CSU,no_show
766,38758,Siegmund Ehrmann,SPD,no_show
766,39682,Ekin Deligöz,DIE GRÜNEN,no_show
766,41161,Reiner Deutschmann,FDP,no_show
766,39710,Marco Bülow,SPD,no_show
766,40958,Rainer Brüderle,FDP,no_show
766,39733,Willi Brase,SPD,no_show
766,44360,Maria Böhmer,CDU/CSU,no_show
766,44286,Uwe Beckmeyer,SPD,no_show
766,39795,Doris Barnett,SPD,no_show
766,40797,Ilse Aigner,CDU/CSU,no_show
712,41105,Christiane Ratjen-Damerau,FDP,yes
712,38797,Manfred Zöllmer,SPD,yes
712,41033,Willi Zylajew,CDU/CSU,yes
712,44261,Brigitte Zypries,SPD,yes
712,41052,Wolfgang Zöller,CDU/CSU,yes
712,40255,Volker Wissing,FDP,yes
712,38811,Dagmar Wöhrl,CDU/CSU,yes
712,40753,Hartfrid Wolff,FDP,yes
712,44342,Uta Zapf,SPD,yes
712,38806,Dagmar Ziegler,SPD,yes
712,38791,Matthias Zimmer,CDU/CSU,yes
712,40607,Claudia Winterstein,FDP,yes
712,38827,Klaus-Peter Willsch,CDU/CSU,yes
712,38832,Elisabeth Winkelmeier-Becker,CDU/CSU,yes
712,40613,Dieter Wiefelspütz,SPD,yes
712,38845,Peter Weiß,CDU/CSU,yes
712,38842,Sabine Weiss,CDU/CSU,yes
712,38848,Ingo Wellenreuther,CDU/CSU,yes
712,38851,Karl-Georg Wellmann,CDU/CSU,yes
712,40626,Guido Westerwelle,FDP,yes
712,38837,Peter Wichtel,CDU/CSU,yes
712,38823,Andrea Wicklein,SPD,yes
712,40537,Annette Widmann-Mauz,CDU/CSU,yes
712,44318,Heidemarie Wieczorek-Zeul,SPD,yes
712,38857,Kai Wegner,CDU/CSU,yes
712,38864,Marcus Weinberg,CDU/CSU,yes
712,40518,Andrea Voßhoff,CDU/CSU,yes
712,38658,Johann Wadephul,CDU/CSU,yes
712,41098,Daniela Wagner,DIE GRÜNEN,yes
712,38867,Marco Wanderwitz,CDU/CSU,yes
712,38893,Volkmar Vogel,CDU/CSU,yes
712,41171,Stefanie Vogelsang,CDU/CSU,yes
712,38898,Ute Vogt,SPD,yes
712,40611,Daniel Volk,FDP,yes
712,41137,Johannes Vogel,FDP,yes
712,39834,Wolfgang Tiefensee,SPD,yes
712,38913,Antje Tillmann,CDU/CSU,yes
712,41169,Serkan Tören,FDP,yes
712,40620,Florian Toncar,FDP,yes
712,44381,Hans-Peter Uhl,CDU/CSU,yes
712,38901,Arnold Vaatz,CDU/CSU,yes
712,44264,Franz Thönnes,SPD,yes
712,40993,Stephan Thomae,FDP,yes
712,38935,Peter Tauber,CDU/CSU,yes
712,38927,Michael Stübgen,CDU/CSU,yes
712,38924,Lena Strothmann,CDU/CSU,yes
712,38956,Frank-Walter Steinmeier,SPD,yes
712,38880,Christian von Stetten,CDU/CSU,yes
712,38954,Dieter Stier,CDU/CSU,yes
712,40659,Rainer Stinner,FDP,yes
712,38948,Stephan Stracke,CDU/CSU,yes
712,38946,Christoph Strässer,SPD,yes
712,38943,Max Straubinger,CDU/CSU,yes
712,38940,Karin Strenz,CDU/CSU,yes
712,38921,Thomas Strobl,CDU/CSU,yes
712,38961,Peer Steinbrück,SPD,yes
712,44351,Erika Steinbach,CDU/CSU,yes
712,38970,Frank Steffel,CDU/CSU,yes
712,38972,Carola Stauche,CDU/CSU,yes
712,41173,Torsten Staffeldt,FDP,yes
712,40650,Max Stadler,FDP,yes
712,41134,Joachim Spatz,FDP,yes
712,38977,Jens Spahn,CDU/CSU,yes
712,40634,Hermann Otto Solms,FDP,yes
712,38677,Thomas Silberhorn,CDU/CSU,yes
712,41029,Werner Simmling,FDP,yes
712,38680,Johannes Singhammer,CDU/CSU,yes
712,41139,Judith Skudelny,FDP,yes
712,38672,Reinhold Sendker,CDU/CSU,yes
712,38674,Patrick Sensburg,CDU/CSU,yes
712,38987,Stefan Schwartze,SPD,yes
712,40952,Erik Schweickert,FDP,yes
712,38667,Detlef Seif,CDU/CSU,yes
712,38669,Johannes Selle,CDU/CSU,yes
712,40890,Martin Schwanholz,SPD,yes
712,40882,Marina Schuster,FDP,yes
712,38982,Armin Schuster,CDU/CSU,yes
712,44354,Bernhard Schulte-Drüggelte,CDU/CSU,yes
712,41133,Jimmy Schulz,FDP,yes
712,38683,Uwe Schummer,CDU/CSU,yes
712,40987,Silvia Schmidt,SPD,yes
712,39011,Ulla Schmidt,SPD,yes
712,39014,Carsten Schneider,SPD,yes
712,38689,Patrick Schnieder,CDU/CSU,yes
712,40575,Christoph Schnurr,FDP,yes
712,39863,Andreas Schockenhoff,CDU/CSU,yes
712,40928,Ottmar Schreiner,SPD,yes
712,39002,Ole Schröder,CDU/CSU,yes
712,39055,Christian Schmidt,CDU/CSU,yes
712,39029,Wolfgang Schäuble,CDU/CSU,yes
712,44369,Annette Schavan,CDU/CSU,yes
712,44295,Bernd Scheelen,SPD,yes
712,39034,Andreas Scheuer,CDU/CSU,yes
712,39037,Marianne Schieder,SPD,yes
712,39041,Karl Schiewerling,CDU/CSU,yes
712,39047,Tankred Schipanski,CDU/CSU,yes
712,40719,Georg Schirmbeck,CDU/CSU,yes
712,40558,Björn Sänger,FDP,yes
712,40859,Krista Sager,DIE GRÜNEN,yes
712,39052,Manuel Sarrazin,DIE GRÜNEN,yes
712,39020,Anita Schäfer,CDU/CSU,yes
712,40699,Frank Schäffler,FDP,yes
712,40887,Marlene Rupprecht,SPD,yes
712,39084,Albert Rupprecht,CDU/CSU,yes
712,41115,Stefan Ruppert,FDP,yes
712,39071,Michael Roth,SPD,yes
712,40605,Christian Ruck,CDU/CSU,yes
712,39077,Erwin Rüddel,CDU/CSU,yes
712,40842,Karin Roth,SPD,yes
712,39074,Norbert Röttgen,CDU/CSU,yes
712,39093,René Röspel,SPD,yes
712,39089,Johannes Röring,CDU/CSU,yes
712,41114,Peter Röhlinger,FDP,yes
712,44267,Heinz Riesenhuber,CDU/CSU,yes
712,44575,Carola Reimann,SPD,yes
712,40600,Birgit Reinemund,FDP,yes
712,39109,Lothar Riebsamen,CDU/CSU,yes
712,39111,Josef Rief,CDU/CSU,yes
712,40855,Klaus Riegert,CDU/CSU,yes
712,39101,Eckhardt Rehberg,CDU/CSU,yes
712,39104,Katherina Reiche,CDU/CSU,yes
712,39120,Peter Ramsauer,CDU/CSU,yes
712,39264,Daniela Ludwig,CDU/CSU,yes
712,38788,Sascha Raabe,SPD,yes
712,39127,Thomas Rachel,CDU/CSU,yes
712,39144,Florian Pronold,SPD,yes
712,44270,Joachim Poß,SPD,yes
712,39132,Eckhard Pols,CDU/CSU,yes
712,40580,Cornelia Pieper,FDP,yes
712,39839,Ronald Pofalla,CDU/CSU,yes
712,41096,Christoph Poland,CDU/CSU,yes
712,40976,Ruprecht Polenz,CDU/CSU,yes
712,39154,Sibylle Pfeiffer,CDU/CSU,yes
712,40826,Johannes Pflug,SPD,yes
712,40545,Beatrix Philipp,CDU/CSU,yes
712,39151,Joachim Pfeiffer,CDU/CSU,yes
712,39148,Ulrich Petzold,CDU/CSU,yes
712,44375,Heinz Paula,SPD,yes
712,40967,Rita Pawelski,CDU/CSU,yes
712,40742,Hans-Joachim Otto,FDP,yes
712,41113,Michael Paul,CDU/CSU,yes
712,39175,Henning Otte,CDU/CSU,yes
712,40680,Eduard Oswald,CDU/CSU,yes
712,39180,Omid Nouripour,DIE GRÜNEN,yes
712,39184,Georg Nüßlein,CDU/CSU,yes
712,40703,Franz Obermeier,CDU/CSU,yes
712,39169,Aydan Özoğuz,SPD,yes
712,39188,Thomas Oppermann,SPD,yes
712,40789,Holger Ortel,SPD,yes
712,40955,Martin Neumann,FDP,yes
712,40591,Dirk Niebel,FDP,yes
712,39193,Dietmar Nietan,SPD,yes
712,39197,Michaela Noll,CDU/CSU,yes
712,39209,Philipp Murmann,CDU/CSU,yes
712,41068,Franz Müntefering,SPD,yes
712,38692,Rolf Mützenich,SPD,yes
712,40950,Petra Müller,FDP,yes
712,39202,Stefan Müller,CDU/CSU,yes
712,41058,Burkhardt Müller-Sönksen,FDP,yes
712,40804,Jan Mücke,FDP,yes
712,39214,Gerd Müller,CDU/CSU,yes
712,39007,Nadine Schön,CDU/CSU,yes
712,38699,Marlene Mortler,CDU/CSU,yes
712,40712,Gabriele Molitor,FDP,yes
712,39218,Dietrich Monstadt,CDU/CSU,yes
712,39224,Philipp Mißfelder,CDU/CSU,yes
712,39245,Angela Merkel,CDU/CSU,yes
712,44334,Petra Merkel,SPD,yes
712,41174,Ullrich Meßmer,SPD,yes
712,44273,Maria Michalk,CDU/CSU,yes
712,39230,Hans Michelbach,CDU/CSU,yes
712,39232,Mathias Middelberg,CDU/CSU,yes
712,39235,Matthias Miersch,SPD,yes
712,39241,Michael Meister,CDU/CSU,yes
712,39252,Katja Mast,SPD,yes
712,39254,Andreas Mattfeldt,CDU/CSU,yes
712,39238,Stephan Mayer,CDU/CSU,yes
712,40792,Horst Meierhofer,FDP,yes
712,40939,Patrick Meinhardt,FDP,yes
712,39249,Caren Marks,SPD,yes
712,39693,Thomas de Maizière,CDU/CSU,yes
712,40654,Michael Luther,CDU/CSU,yes
712,39259,Karin Maag,CDU/CSU,yes
712,41156,Oliver Luksic,FDP,yes
712,39272,Patricia Lips,CDU/CSU,yes
712,40617,Erwin Lotter,FDP,yes
712,39266,Jan-Marco Luczak,CDU/CSU,yes
712,39261,Kirsten Lühmann,SPD,yes
712,40978,Sabine Leutheusser-Schnarrenberger,FDP,yes
712,38882,Ursula von der Leyen,CDU/CSU,yes
712,44905,Ingbert Liebing,CDU/CSU,yes
712,39278,Matthias Lietz,CDU/CSU,yes
712,41093,Christian Lindner,FDP,yes
712,41112,Martin Lindner,FDP,yes
712,39299,Paul Lehrieder,CDU/CSU,yes
712,44316,Harald Leibrecht,FDP,yes
712,39293,Steffen-Claudio Lemme,SPD,yes
712,39327,Ulrich Lange,CDU/CSU,yes
712,40982,Sibylle Laurischk,FDP,yes
712,39330,Karl Lauterbach,SPD,yes
712,40652,Max Lehmer,CDU/CSU,yes
712,39322,Katharina Landgraf,CDU/CSU,yes
712,40763,Heinz Lanfermann,FDP,yes
712,39325,Christian Lange,SPD,yes
712,39316,Andreas Lämmel,CDU/CSU,yes
712,39310,Christine Lambrecht,SPD,yes
712,39313,Karl A. Lamers,CDU/CSU,yes
712,39319,Norbert Lammert,CDU/CSU,yes
712,40632,Hermann Kues,CDU/CSU,yes
712,44344,Ute Kumpf,SPD,yes
712,40937,Patrick Kurth,FDP,yes
712,39306,Günter Lach,CDU/CSU,yes
712,39364,Rüdiger Kruse,CDU/CSU,yes
712,39339,Bettina Kudla,CDU/CSU,yes
712,40529,Angelika Krüger-Leißner,SPD,yes
712,44328,Nicolette Kressl,SPD,yes
712,39350,Michael Kretschmer,CDU/CSU,yes
712,39353,Gunther Krichbaum,CDU/CSU,yes
712,39356,Günter Krings,CDU/CSU,yes
712,39345,Anette Kramme,SPD,yes
712,41006,Thomas Kossendey,CDU/CSU,yes
712,39367,Hartmut Koschyk,CDU/CSU,yes
712,40665,Rolf Koschorrek,CDU/CSU,yes
712,40734,Gudrun Kopp,FDP,yes
712,39005,Kristina Schröder,CDU/CSU,yes
712,39369,Tom Koenigs,DIE GRÜNEN,yes
712,39372,Jens Koeppen,CDU/CSU,yes
712,41166,Sebastian Körber,FDP,yes
712,40710,Fritz Rudolf Körper,SPD,yes
712,39375,Bärbel Kofler,SPD,yes
712,40630,Heinrich Kolb,FDP,yes
712,39382,Axel Knoerig,CDU/CSU,yes
712,41110,Lutz Knopek,FDP,yes
712,40933,Pascal Kober,FDP,yes
712,40751,Hans-Ulrich Klose,SPD,yes
712,44769,Ulrich Kelber,SPD,yes
712,39394,Roderich Kiesewetter,CDU/CSU,yes
712,44311,Eckart von Klaeden,CDU/CSU,yes
712,38720,Volkmar Klein,CDU/CSU,yes
712,39386,Lars Klingbeil,SPD,yes
712,39406,Volker Kauder,CDU/CSU,yes
712,39408,Stefan Kaufmann,CDU/CSU,yes
712,40913,Michael Kauch,FDP,yes
712,40997,Susanne Kastner,SPD,yes
712,39416,Alois Karl,CDU/CSU,yes
712,39402,Bernhard Kaster,CDU/CSU,yes
712,39438,Franz-Josef Jung,CDU/CSU,yes
712,39431,Josip Juratovic,SPD,yes
712,38725,Oliver Kaczmarek,SPD,yes
712,39426,Johannes Kahrs,SPD,yes
712,44258,Bartholomäus Kalb,CDU/CSU,yes
712,44373,Heiner Kamp,FDP,yes
712,39420,Steffen Kampeter,CDU/CSU,yes
712,41102,Dieter Jasper,CDU/CSU,yes
712,39428,Egon Jüttner,CDU/CSU,yes
712,38742,Andreas Jung,CDU/CSU,yes
712,40673,Werner Hoyer,FDP,yes
712,44297,Christel Humme,SPD,yes
712,39448,Thomas Jarzombek,CDU/CSU,yes
712,39460,Eva Högl,SPD,yes
712,44313,Elke Hoff,FDP,yes
712,40697,Frank Hofmann,SPD,yes
712,39462,Karl Holmeier,CDU/CSU,yes
712,39465,Franz-Josef Holzenkamp,CDU/CSU,yes
712,40555,Birgit Homburger,FDP,yes
712,40831,Jürgen Herrmann,CDU/CSU,yes
712,39493,Gustav Herzog,SPD,yes
712,39495,Ansgar Heveling,CDU/CSU,yes
712,40692,Ernst Hinsken,CDU/CSU,yes
712,39844,Priska Hinz,DIE GRÜNEN,yes
712,38735,Christian Hirte,CDU/CSU,yes
712,39473,Robert Hochbaum,CDU/CSU,yes
712,41147,Manuel Höferlin,FDP,yes
712,39519,Frank Heinrich,CDU/CSU,yes
712,40970,Rolf Hempelmann,SPD,yes
712,39484,Barbara Hendricks,SPD,yes
712,39487,Rudolf Henke,CDU/CSU,yes
712,39490,Michael Hennrich,CDU/CSU,yes
712,40765,Heinz-Peter Haustein,FDP,yes
712,39508,Matthias Heider,CDU/CSU,yes
712,39513,Hubertus Heil,SPD,yes
712,39515,Mechthild Heil,CDU/CSU,yes
712,44339,Ursula Heinen-Esser,CDU/CSU,yes
712,40740,Hans-Joachim Hacker,SPD,yes
712,40852,Klaus Hagemann,SPD,yes
712,39536,Florian Hahn,CDU/CSU,yes
712,40603,Christel Happach-Kasan,FDP,yes
712,44765,Stephan Harbarth,CDU/CSU,yes
712,38731,Jürgen Hardt,CDU/CSU,yes
712,39525,Gerda Hasselfeldt,CDU/CSU,yes
712,39552,Olav Gutting,CDU/CSU,yes
712,39567,Manfred Grund,CDU/CSU,yes
712,40917,Miriam Gruß,FDP,yes
712,40844,Karl Theodor von und zu Guttenberg,CDU/CSU,yes
712,40910,Michael Grosse-Brömer,CDU/CSU,yes
712,39564,Markus Grübel,CDU/CSU,yes
712,39571,Monika Grütters,CDU/CSU,yes
712,38745,Reinhard Grindel,CDU/CSU,yes
712,38749,Hermann Gröhe,CDU/CSU,yes
712,41154,Michael Groschek,SPD,yes
712,39581,Ulrike Gottschalck,SPD,yes
712,44372,Angelika Graf,SPD,yes
712,44377,Ute Granold,CDU/CSU,yes
712,40946,Peter Götz,CDU/CSU,yes
712,40676,Wolfgang Götzer,CDU/CSU,yes
712,40747,Hans-Michael Goldmann,FDP,yes
712,37944,Heinz Golombeck,FDP,yes
712,40908,Michael Glos,CDU/CSU,yes
712,40736,Günter Gloser,SPD,yes
712,44348,Josef Göppel,CDU/CSU,yes
712,39590,Martin Gerster,SPD,yes
712,39600,Alois Gerig,CDU/CSU,yes
712,44309,Wolfgang Gerhardt,FDP,yes
712,39598,Michael Gerdes,SPD,yes
712,39615,Alexander Funk,CDU/CSU,yes
712,39603,Sigmar Gabriel,SPD,yes
712,39605,Ingo Gädechens,CDU/CSU,yes
712,39613,Thomas Gebhart,CDU/CSU,yes
712,40922,Norbert Geis,CDU/CSU,yes
712,44346,Edmund Geisen,FDP,yes
712,39624,Michael Fuchs,CDU/CSU,yes
712,38753,Hans-Joachim Fuchtel,CDU/CSU,yes
712,39620,Michael Frieser,CDU/CSU,yes
712,39618,Hans-Peter Friedrich,CDU/CSU,yes
712,40120,Peter Friedrich,SPD,yes
712,40757,Hartwig Fischer,CDU/CSU,yes
712,41017,Ulrike Flach,FDP,yes
712,39641,Maria Flachsbarth,CDU/CSU,yes
712,44389,Klaus-Peter Flosbach,CDU/CSU,yes
712,39631,Gabriele Fograscher,SPD,yes
712,39633,Edgar Franke,SPD,yes
712,40775,Herbert Frankenhauser,CDU/CSU,yes
712,39627,Dagmar Freitag,SPD,yes
712,40931,Otto Fricke,FDP,yes
712,39638,Dirk Fischer,CDU/CSU,yes
712,44392,Elke Ferner,SPD,yes
712,39644,Ingrid Fischbach,CDU/CSU,yes
712,39661,Enak Ferlemann,CDU/CSU,yes
712,40744,Hans-Josef Fell,DIE GRÜNEN,yes
712,44321,Jörg van Essen,FDP,yes
712,39654,Karin Evers-Meyer,SPD,yes
712,38755,Thomas Feist,CDU/CSU,yes
712,39650,Petra Ernstberger,SPD,yes
712,38761,Gernot Erler,SPD,yes
712,41160,Rainer Erdel,FDP,yes
712,40898,Mechthild Dyckmans,FDP,yes
712,39848,Sebastian Edathy,SPD,yes
712,38758,Siegmund Ehrmann,SPD,yes
712,40683,Elvira Drobinski-Weiß,SPD,yes
712,40714,Garrelt Duin,SPD,yes
712,39669,Martin Dörmann,SPD,yes
712,39674,Marie-Luise Dött,CDU/CSU,yes
712,39690,Alexander Dobrindt,CDU/CSU,yes
712,39666,Thomas Dörflinger,CDU/CSU,yes
712,40936,Patrick Döring,FDP,yes
712,40552,Bijan Djir-Sarai,FDP,yes
712,41161,Reiner Deutschmann,FDP,yes
712,40866,Leo Dautzenberg,CDU/CSU,yes
712,40767,Helga Daub,FDP,yes
712,39703,Petra Crone,SPD,yes
712,39717,Martin Burkert,SPD,yes
712,40873,Marco Buschmann,FDP,yes
712,38481,Sylvia Canel,FDP,yes
712,40690,Ernst Burgbacher,FDP,yes
712,39723,Edelgard Bulmahn,SPD,yes
712,40525,Angelika Brunkhorst,FDP,yes
712,39733,Willi Brase,SPD,yes
712,44282,Ralf Brauksiepe,CDU/CSU,yes
712,39735,Helge Braun,CDU/CSU,yes
712,39737,Heike Brehmer,CDU/CSU,yes
712,40850,Klaus Breil,FDP,yes
712,39739,Ralph Brinkhaus,CDU/CSU,yes
712,39728,Helmut Brandt,CDU/CSU,yes
712,38769,Michael Brand,CDU/CSU,yes
712,39725,Reinhard Brandl,CDU/CSU,yes
712,40849,Klaus Brandner,SPD,yes
712,39751,Norbert Brackmann,CDU/CSU,yes
712,39754,Klaus Brähmig,CDU/CSU,yes
712,41155,Nicole Bracht-Bendt,FDP,yes
712,40722,Gerd Friedrich Bollmann,SPD,yes
712,44360,Maria Böhmer,CDU/CSU,yes
712,41097,Claudia Bögel-Hoyer,FDP,yes
712,40979,Sebastian Blumenthal,FDP,yes
712,39742,Peter Bleser,CDU/CSU,yes
712,39757,Clemens Binninger,CDU/CSU,yes
712,39760,Lothar Binding,SPD,yes
712,39762,Steffen Bilger,CDU/CSU,yes
712,39767,Peter Beyer,CDU/CSU,yes
712,41117,Florian Bernschneider,FDP,yes
712,39771,Christoph Bergner,CDU/CSU,yes
712,39775,Veronika Bellmann,CDU/CSU,yes
712,39777,Manfred Behrens,CDU/CSU,yes
712,44286,Uwe Beckmeyer,SPD,yes
712,40578,Cornelia Behm,DIE GRÜNEN,yes
712,44395,Dirk Becker,SPD,yes
712,39789,Marieluise Beck,DIE GRÜNEN,yes
712,40695,Ernst-Reinhard Beck,CDU/CSU,yes
712,39786,Helmut Günter Baumann,CDU/CSU,yes
712,39801,Norbert Barthle,CDU/CSU,yes
712,44289,Hans-Peter Bartels,SPD,yes
712,39804,Thomas Bareiß,CDU/CSU,yes
712,39806,Heinz-Joachim Barchmann,SPD,yes
712,40582,Daniel Bahr,FDP,yes
712,39809,Dorothee Bär,CDU/CSU,yes
712,41158,Peter Aumer,CDU/CSU,yes
712,40572,Christine Aschenberg-Dugnus,FDP,yes
712,44363,Rainer Arnold,SPD,yes
712,38652,Peter Altmaier,CDU/CSU,yes
712,40797,Ilse Aigner,CDU/CSU,yes
712,40570,Christian Ahrendt,FDP,yes
712,40807,Jens Ackermann,FDP,yes
712,39544,Bettina Hagedorn,SPD,yes
712,39423,Hans-Werner Kammer,CDU/CSU,yes
712,44398,Ewa Klamt,CDU/CSU,yes
712,41126,Holger Krestel,FDP,yes
712,38991,Rita Schwarzelühr-Sutter,SPD,yes
712,39576,Kerstin Griese,SPD,yes
712,43858,Bernd Siebert,CDU/CSU,yes
712,38814,Waltraud Wolff,SPD,no
712,38819,Jörn Wunderlich,DIE LINKE,no
712,38869,Halina Wawzyniak,DIE LINKE,no
712,38860,Harald Weinberg,DIE LINKE,no
712,38872,Sahra Wagenknecht,DIE LINKE,no
712,38895,Kathrin Vogler,DIE LINKE,no
712,44304,Marlies Volkmer,SPD,no
712,38910,Axel Troost,DIE LINKE,no
712,38655,Alexander Ulrich,DIE LINKE,no
712,39080,Rüdiger Veit,SPD,no
712,40515,Alexander Süßmair,DIE LINKE,no
712,38930,Kerstin Tack,SPD,no
712,38933,Kirsten Tackmann,DIE LINKE,no
712,38938,Frank Tempel,DIE LINKE,no
712,38918,Harald Terpe,DIE GRÜNEN,no
712,41165,Sabine Stüber,DIE LINKE,no
712,44252,Hans-Christian Ströbele,DIE GRÜNEN,no
712,39824,Wolfgang Strengmann-Kuhn,DIE GRÜNEN,no
712,41104,Dorothea Steiner,DIE GRÜNEN,no
712,38967,Sonja Steffen,SPD,no
712,45212,Carsten Sieling,SPD,no
712,38665,Petra Sitte,DIE LINKE,no
712,41182,Raju Sharma,DIE LINKE,no
712,41141,Kathrin Senger-Schäfer,DIE LINKE,no
712,40638,Ilja Seifert,DIE LINKE,no
712,44379,Werner Schieder,SPD,no
712,39045,Norbert Schindler,CDU/CSU,no
712,39059,Michael Schlecht,DIE LINKE,no
712,40943,Paul Schäfer,DIE LINKE,no
712,39115,Sönke Rix,SPD,no
712,39107,Gerold Reichenbach,SPD,no
712,39141,Wilhelm Priesmeier,SPD,no
712,39130,Richard Pitterle,DIE LINKE,no
712,39158,Lisa Paus,DIE GRÜNEN,no
712,38300,Jens Petermann,DIE LINKE,no
712,39161,Petra Pau,DIE LINKE,no
712,41125,Hermann Ott,DIE GRÜNEN,no
712,38965,Kersten Steinke,DIE LINKE,no
712,41085,Wolfgang Neškovic,fraktionslos,no
712,41131,Ingrid Nestle,DIE GRÜNEN,no
712,39206,Beate Müller-Gemmeke,DIE GRÜNEN,no
712,39216,Niema Movassat,DIE LINKE,no
712,41073,Kornelia Möller,DIE LINKE,no
712,41060,Dorothée Menzner,DIE LINKE,no
712,38704,Hilde Mattheis,SPD,no
712,41014,Ulrich Maurer,DIE LINKE,no
712,38763,Agnieszka Brugger,DIE GRÜNEN,no
712,38781,Thomas Lutze,DIE LINKE,no
712,44337,Ulla Lötzer,DIE LINKE,no
712,38707,Gesine Lötzsch,DIE LINKE,no
712,39290,Ralph Lenkert,DIE LINKE,no
712,39285,Michael Leutert,DIE LINKE,no
712,39288,Stefan Liebich,DIE LINKE,no
712,39296,Sabine Leidig,DIE LINKE,no
712,39304,Caren Lay,DIE LINKE,no
712,39302,Monika Lazar,DIE GRÜNEN,no
712,39333,Katrin Kunert,DIE LINKE,no
712,39342,Stephan Kühn,DIE GRÜNEN,no
712,41086,Agnes Krumwiede,DIE GRÜNEN,no
712,39347,Jutta Krellmann,DIE LINKE,no
712,38714,Sylvia Kotting-Uhl,DIE GRÜNEN,no
712,38717,Jan Korte,DIE LINKE,no
712,39377,Daniela Kolbe,SPD,no
712,40872,Manfred Kolbe,CDU/CSU,no
712,41080,Ute Koczy,DIE GRÜNEN,no
712,37976,Harald Koch,DIE LINKE,no
712,39410,Uwe Kekeritz,DIE GRÜNEN,no
712,40901,Memet Kilic,DIE GRÜNEN,no
712,38722,Sven-Christian Kindler,DIE GRÜNEN,no
712,39390,Katja Kipping,DIE LINKE,no
712,39384,Maria Klein-Schmeink,DIE GRÜNEN,no
712,38738,Ulla Jelpke,DIE LINKE,no
712,41065,Lukrezia Luise Jochimsen,DIE LINKE,no
712,39454,Andrej Hunko,DIE LINKE,no
712,40599,Barbara Höll,DIE LINKE,no
712,39469,Anton Hofreiter,DIE GRÜNEN,no
712,40172,Winfried Hermann,DIE GRÜNEN,no
712,39498,Gabriele Hiller-Ohm,SPD,no
712,39504,Petra Hinz,SPD,no
712,41056,Bettina Herlitzius,DIE GRÜNEN,no
712,39517,Rosemarie Hein,DIE LINKE,no
712,39547,Gregor Gysi,DIE LINKE,no
712,38729,Heike Hänsel,DIE LINKE,no
712,39556,Wolfgang Gunkel,SPD,no
712,39573,Michael Groß,SPD,no
712,39560,Annette Groth,DIE LINKE,no
712,44292,Diana Golze,DIE LINKE,no
712,39583,Nicole Gohlke,DIE LINKE,no
712,39611,Peter Gauweiler,CDU/CSU,no
712,41042,Wolfgang Gehrcke-Reymann,DIE LINKE,no
712,39647,Klaus Ernst,DIE LINKE,no
712,40609,Dagmar Enkelmann,DIE LINKE,no
712,41083,Werner Dreibus,DIE LINKE,no
712,39671,Katja Dörner,DIE GRÜNEN,no
712,41123,Heidrun Dittrich,DIE LINKE,no
712,38629,Diether Dehm,DIE LINKE,no
712,39706,Sevim Dağdelen,DIE LINKE,no
712,44307,Peter Danckert,SPD,no
712,39698,Roland Claus,DIE LINKE,no
712,40646,Martina Bunge,DIE LINKE,no
712,39720,Eva Bulling-Schröter,DIE LINKE,no
712,38765,Christine Buchholz,DIE LINKE,no
712,41040,Wolfgang Börnsen,CDU/CSU,no
712,40991,Steffen Bockhahn,DIE LINKE,no
712,39746,Heidrun Bluhm-Förster,DIE LINKE,no
712,38771,Matthias W. Birkwald,DIE LINKE,no
712,39765,Karin Binder,DIE LINKE,no
712,38801,Herbert Behrens,DIE LINKE,no
712,39783,Bärbel Bas,SPD,no
712,39781,Dietmar Bartsch,DIE LINKE,no
712,39798,Klaus Barthel,SPD,no
712,39817,Ingrid Arndt-Brauer,SPD,no
712,38903,Jan van Aken,DIE LINKE,no
712,39836,Agnes Alpers,DIE LINKE,no
712,41183,Yvonne Ploetz,DIE LINKE,no
712,41136,Johanna Voß,DIE LINKE,no
712,40828,Josef Winkler,DIE GRÜNEN,abstain
712,38829,Valerie Wilms,DIE GRÜNEN,abstain
712,41050,Wolfgang Wieland,DIE GRÜNEN,abstain
712,38907,Jürgen Trittin,DIE GRÜNEN,abstain
712,41048,Wolfgang Thierse,SPD,abstain
712,38985,Frank Schwabe,SPD,abstain
712,44591,Ewald Schurer,SPD,abstain
712,38998,Swen Schulz,SPD,abstain
712,38687,Frithjof Schmidt,DIE GRÜNEN,abstain
712,39026,Elisabeth Scharfenberg,DIE GRÜNEN,abstain
712,44299,Christine Scheel,DIE GRÜNEN,abstain
712,44598,Gerhard Schick,DIE GRÜNEN,abstain
712,39068,Claudia Roth,DIE GRÜNEN,abstain
712,39063,Ernst Dieter Rossmann,SPD,abstain
712,39065,Tabea Rößner,DIE GRÜNEN,abstain
712,39096,Mechthild Rawert,SPD,abstain
712,39138,Brigitte Pothmer,DIE GRÜNEN,abstain
712,39171,Friedrich Ostendorff,DIE GRÜNEN,abstain
712,38660,Konstantin von Notz,DIE GRÜNEN,abstain
712,40846,Kerstin Müller,DIE GRÜNEN,abstain
712,40810,Jerzy Montag,DIE GRÜNEN,abstain
712,39274,Burkhard Lischka,SPD,abstain
712,44357,Gabriele Lösekrug-Möller,SPD,abstain
712,40708,Fritz Kuhn,DIE GRÜNEN,abstain
712,38711,Markus Kurth,DIE GRÜNEN,abstain
712,41020,Undine Kurth,DIE GRÜNEN,abstain
712,39336,Renate Künast,DIE GRÜNEN,abstain
712,39358,Oliver Krischer,DIE GRÜNEN,abstain
712,39396,Katja Keul,DIE GRÜNEN,abstain
712,41002,Thilo Hoppe,DIE GRÜNEN,abstain
712,44279,Bärbel Höhn,DIE GRÜNEN,abstain
712,40801,Ingrid Hönlinger,DIE GRÜNEN,abstain
712,40302,Ulrike Höfken-Deipenbrock,DIE GRÜNEN,abstain
712,39528,Britta Haßelmann,DIE GRÜNEN,abstain
712,40812,Joachim Günther,FDP,abstain
712,39607,Thomas Gambke,DIE GRÜNEN,abstain
712,39596,Kai Gehring,DIE GRÜNEN,abstain
712,39682,Ekin Deligöz,DIE GRÜNEN,abstain
712,41175,Viola von Cramon-Taubadel,DIE GRÜNEN,abstain
712,40514,Alexander Bonde,DIE GRÜNEN,abstain
712,40557,Birgitt Bender,DIE GRÜNEN,abstain
712,39792,Volker Beck,DIE GRÜNEN,abstain
712,39812,Kerstin Andreae,DIE GRÜNEN,abstain
712,38794,Sabine Zimmermann,DIE LINKE,no_show
712,43580,Katrin Werner,DIE LINKE,no_show
712,38799,Markus Tressel,DIE GRÜNEN,no_show
712,38952,Gero Storjohann,CDU/CSU,no_show
712,40973,Rolf Schwanitz,SPD,no_show
712,44248,Olaf Scholz,SPD,no_show
712,40149,Anton Schaaf,SPD,no_show
712,39023,Axel Schäfer,SPD,no_show
712,41179,Ingrid Remmers,DIE LINKE,no_show
712,40730,Gisela Piltz,FDP,no_show
712,44378,Manfred Nink,SPD,no_show
712,39199,Thomas Nord,DIE LINKE,no_show
712,38695,Andrea Nahles,SPD,no_show
712,41054,Bernd Neumann,CDU/CSU,no_show
712,39221,Cornelia Möhring,DIE LINKE,no_show
712,38884,Hans-Georg von der Marwitz,CDU/CSU,no_show
712,44255,Nicole Maisch,DIE GRÜNEN,no_show
712,39269,Carsten Linnemann,CDU/CSU,no_show
712,41181,Lars Lindemann,FDP,no_show
712,40906,Michael Link,FDP,no_show
712,40834,Jürgen Koppelin,FDP,no_show
712,38784,Jürgen Klimke,CDU/CSU,no_show
712,44215,Julia Klöckner,CDU/CSU,no_show
712,40984,Siegfried Kauder,CDU/CSU,no_show
712,39452,Anette Hübinger,CDU/CSU,no_show
712,39457,Inge Höger,DIE LINKE,no_show
712,40814,Joachim Hörster,CDU/CSU,no_show
712,39501,Peter Hintze,CDU/CSU,no_show
712,40787,Holger Haibach,CDU/CSU,no_show
712,44386,Michael Hartmann,SPD,no_show
712,39593,Eberhard Gienger,CDU/CSU,no_show
712,39586,Iris Gleicke,SPD,no_show
712,38779,Katrin Göring-Eckardt,DIE GRÜNEN,no_show
712,40687,Erich Georg Fritz,CDU/CSU,no_show
712,40941,Paul Klemens Friedhoff,FDP,no_show
712,43871,Axel Eduard Fischer,CDU/CSU,no_show
712,39701,Gitta Connemann,CDU/CSU,no_show
712,41010,Ulla Burchardt,SPD,no_show
712,39710,Marco Bülow,SPD,no_show
712,40958,Rainer Brüderle,FDP,no_show
712,39749,Wolfgang Bosbach,CDU/CSU,no_show
712,38775,Sören Bartol,SPD,no_show
712,39795,Doris Barnett,SPD,no_show
712,39851,Sabine Bätzing-Lichtenthäler,SPD,no_show
910,41105,Christiane Ratjen-Damerau,FDP,yes
910,38797,Manfred Zöllmer,SPD,yes
910,41033,Willi Zylajew,CDU/CSU,yes
910,44261,Brigitte Zypries,SPD,yes
910,41052,Wolfgang Zöller,CDU/CSU,yes
910,40255,Volker Wissing,FDP,yes
910,38811,Dagmar Wöhrl,CDU/CSU,yes
910,40753,Hartfrid Wolff,FDP,yes
910,38806,Dagmar Ziegler,SPD,yes
910,38791,Matthias Zimmer,CDU/CSU,yes
910,40607,Claudia Winterstein,FDP,yes
910,38827,Klaus-Peter Willsch,CDU/CSU,yes
910,38832,Elisabeth Winkelmeier-Becker,CDU/CSU,yes
910,40613,Dieter Wiefelspütz,SPD,yes
910,38845,Peter Weiß,CDU/CSU,yes
910,38842,Sabine Weiss,CDU/CSU,yes
910,38848,Ingo Wellenreuther,CDU/CSU,yes
910,38851,Karl-Georg Wellmann,CDU/CSU,yes
910,40626,Guido Westerwelle,FDP,yes
910,38837,Peter Wichtel,CDU/CSU,yes
910,38823,Andrea Wicklein,SPD,yes
910,40537,Annette Widmann-Mauz,CDU/CSU,yes
910,44318,Heidemarie Wieczorek-Zeul,SPD,yes
910,38857,Kai Wegner,CDU/CSU,yes
910,38864,Marcus Weinberg,CDU/CSU,yes
910,41098,Daniela Wagner,DIE GRÜNEN,yes
910,38867,Marco Wanderwitz,CDU/CSU,yes
910,40518,Andrea Voßhoff,CDU/CSU,yes
910,38893,Volkmar Vogel,CDU/CSU,yes
910,41171,Stefanie Vogelsang,CDU/CSU,yes
910,38898,Ute Vogt,SPD,yes
910,40611,Daniel Volk,FDP,yes
910,41137,Johannes Vogel,FDP,yes
910,39834,Wolfgang Tiefensee,SPD,yes
910,38913,Antje Tillmann,CDU/CSU,yes
910,41169,Serkan Tören,FDP,yes
910,40620,Florian Toncar,FDP,yes
910,44381,Hans-Peter Uhl,CDU/CSU,yes
910,38901,Arnold Vaatz,CDU/CSU,yes
910,41048,Wolfgang Thierse,SPD,yes
910,44264,Franz Thönnes,SPD,yes
910,40993,Stephan Thomae,FDP,yes
910,38935,Peter Tauber,CDU/CSU,yes
910,38927,Michael Stübgen,CDU/CSU,yes
910,38924,Lena Strothmann,CDU/CSU,yes
910,38956,Frank-Walter Steinmeier,SPD,yes
910,38880,Christian von Stetten,CDU/CSU,yes
910,38954,Dieter Stier,CDU/CSU,yes
910,40659,Rainer Stinner,FDP,yes
910,38948,Stephan Stracke,CDU/CSU,yes
910,38940,Karin Strenz,CDU/CSU,yes
910,38921,Thomas Strobl,CDU/CSU,yes
910,38943,Max Straubinger,CDU/CSU,yes
910,38961,Peer Steinbrück,SPD,yes
910,44351,Erika Steinbach,CDU/CSU,yes
910,38970,Frank Steffel,CDU/CSU,yes
910,38972,Carola Stauche,CDU/CSU,yes
910,41173,Torsten Staffeldt,FDP,yes
910,40650,Max Stadler,FDP,yes
910,41134,Joachim Spatz,FDP,yes
910,38977,Jens Spahn,CDU/CSU,yes
910,40634,Hermann Otto Solms,FDP,yes
910,45212,Carsten Sieling,SPD,yes
910,38677,Thomas Silberhorn,CDU/CSU,yes
910,41029,Werner Simmling,FDP,yes
910,38680,Johannes Singhammer,CDU/CSU,yes
910,41139,Judith Skudelny,FDP,yes
910,38672,Reinhold Sendker,CDU/CSU,yes
910,38674,Patrick Sensburg,CDU/CSU,yes
910,38987,Stefan Schwartze,SPD,yes
910,40952,Erik Schweickert,FDP,yes
910,38667,Detlef Seif,CDU/CSU,yes
910,38669,Johannes Selle,CDU/CSU,yes
910,40973,Rolf Schwanitz,SPD,yes
910,40890,Martin Schwanholz,SPD,yes
910,38982,Armin Schuster,CDU/CSU,yes
910,44354,Bernhard Schulte-Drüggelte,CDU/CSU,yes
910,41133,Jimmy Schulz,FDP,yes
910,38998,Swen Schulz,SPD,yes
910,38683,Uwe Schummer,CDU/CSU,yes
910,40987,Silvia Schmidt,SPD,yes
910,39011,Ulla Schmidt,SPD,yes
910,38689,Patrick Schnieder,CDU/CSU,yes
910,40575,Christoph Schnurr,FDP,yes
910,39014,Carsten Schneider,SPD,yes
910,39863,Andreas Schockenhoff,CDU/CSU,yes
910,39510,Helmut Heiderich,CDU/CSU,yes
910,40928,Ottmar Schreiner,SPD,yes
910,39055,Christian Schmidt,CDU/CSU,yes
910,39029,Wolfgang Schäuble,CDU/CSU,yes
910,44369,Annette Schavan,CDU/CSU,yes
910,44295,Bernd Scheelen,SPD,yes
910,39034,Andreas Scheuer,CDU/CSU,yes
910,39037,Marianne Schieder,SPD,yes
910,39041,Karl Schiewerling,CDU/CSU,yes
910,39047,Tankred Schipanski,CDU/CSU,yes
910,40719,Georg Schirmbeck,CDU/CSU,yes
910,40558,Björn Sänger,FDP,yes
910,40859,Krista Sager,DIE GRÜNEN,yes
910,39052,Manuel Sarrazin,DIE GRÜNEN,yes
910,39020,Anita Schäfer,CDU/CSU,yes
910,39023,Axel Schäfer,SPD,yes
910,40149,Anton Schaaf,SPD,yes
910,40699,Frank Schäffler,FDP,yes
910,39084,Albert Rupprecht,CDU/CSU,yes
910,41115,Stefan Ruppert,FDP,yes
910,39071,Michael Roth,SPD,yes
910,40605,Christian Ruck,CDU/CSU,yes
910,39077,Erwin Rüddel,CDU/CSU,yes
910,39063,Ernst Dieter Rossmann,SPD,yes
910,39074,Norbert Röttgen,CDU/CSU,yes
910,39089,Johannes Röring,CDU/CSU,yes
910,41114,Peter Röhlinger,FDP,yes
910,44267,Heinz Riesenhuber,CDU/CSU,yes
910,44575,Carola Reimann,SPD,yes
910,40600,Birgit Reinemund,FDP,yes
910,39109,Lothar Riebsamen,CDU/CSU,yes
910,39111,Josef Rief,CDU/CSU,yes
910,40855,Klaus Riegert,CDU/CSU,yes
910,39096,Mechthild Rawert,SPD,yes
910,39101,Eckhardt Rehberg,CDU/CSU,yes
910,39104,Katherina Reiche,CDU/CSU,yes
910,39120,Peter Ramsauer,CDU/CSU,yes
910,39264,Daniela Ludwig,CDU/CSU,yes
910,38788,Sascha Raabe,SPD,yes
910,39127,Thomas Rachel,CDU/CSU,yes
910,39144,Florian Pronold,SPD,yes
910,39132,Eckhard Pols,CDU/CSU,yes
910,40580,Cornelia Pieper,FDP,yes
910,40730,Gisela Piltz,FDP,yes
910,39839,Ronald Pofalla,CDU/CSU,yes
910,40976,Ruprecht Polenz,CDU/CSU,yes
910,39154,Sibylle Pfeiffer,CDU/CSU,yes
910,40826,Johannes Pflug,SPD,yes
910,40545,Beatrix Philipp,CDU/CSU,yes
910,39151,Joachim Pfeiffer,CDU/CSU,yes
910,39148,Ulrich Petzold,CDU/CSU,yes
910,44375,Heinz Paula,SPD,yes
910,40967,Rita Pawelski,CDU/CSU,yes
910,40742,Hans-Joachim Otto,FDP,yes
910,41113,Michael Paul,CDU/CSU,yes
910,39175,Henning Otte,CDU/CSU,yes
910,40680,Eduard Oswald,CDU/CSU,yes
910,39180,Omid Nouripour,DIE GRÜNEN,yes
910,39184,Georg Nüßlein,CDU/CSU,yes
910,40703,Franz Obermeier,CDU/CSU,yes
910,39169,Aydan Özoğuz,SPD,yes
910,39188,Thomas Oppermann,SPD,yes
910,40789,Holger Ortel,SPD,yes
910,40955,Martin Neumann,FDP,yes
910,40591,Dirk Niebel,FDP,yes
910,39193,Dietmar Nietan,SPD,yes
910,44378,Manfred Nink,SPD,yes
910,39197,Michaela Noll,CDU/CSU,yes
910,39209,Philipp Murmann,CDU/CSU,yes
910,38695,Andrea Nahles,SPD,yes
910,41054,Bernd Neumann,CDU/CSU,yes
910,41068,Franz Müntefering,SPD,yes
910,38692,Rolf Mützenich,SPD,yes
910,40950,Petra Müller,FDP,yes
910,39202,Stefan Müller,CDU/CSU,yes
910,41058,Burkhardt Müller-Sönksen,FDP,yes
910,40804,Jan Mücke,FDP,yes
910,39214,Gerd Müller,CDU/CSU,yes
910,39007,Nadine Schön,CDU/CSU,yes
910,38699,Marlene Mortler,CDU/CSU,yes
910,39218,Dietrich Monstadt,CDU/CSU,yes
910,39245,Angela Merkel,CDU/CSU,yes
910,40712,Gabriele Molitor,FDP,yes
910,44334,Petra Merkel,SPD,yes
910,41174,Ullrich Meßmer,SPD,yes
910,44273,Maria Michalk,CDU/CSU,yes
910,39232,Mathias Middelberg,CDU/CSU,yes
910,39235,Matthias Miersch,SPD,yes
910,39241,Michael Meister,CDU/CSU,yes
910,38884,Hans-Georg von der Marwitz,CDU/CSU,yes
910,39252,Katja Mast,SPD,yes
910,39254,Andreas Mattfeldt,CDU/CSU,yes
910,39238,Stephan Mayer,CDU/CSU,yes
910,40792,Horst Meierhofer,FDP,yes
910,40939,Patrick Meinhardt,FDP,yes
910,39249,Caren Marks,SPD,yes
910,39693,Thomas de Maizière,CDU/CSU,yes
910,40654,Michael Luther,CDU/CSU,yes
910,39259,Karin Maag,CDU/CSU,yes
910,44255,Nicole Maisch,DIE GRÜNEN,yes
910,39269,Carsten Linnemann,CDU/CSU,yes
910,39272,Patricia Lips,CDU/CSU,yes
910,44357,Gabriele Lösekrug-Möller,SPD,yes
910,40617,Erwin Lotter,FDP,yes
910,39266,Jan-Marco Luczak,CDU/CSU,yes
910,38882,Ursula von der Leyen,CDU/CSU,yes
910,44905,Ingbert Liebing,CDU/CSU,yes
910,39278,Matthias Lietz,CDU/CSU,yes
910,41181,Lars Lindemann,FDP,yes
910,41093,Christian Lindner,FDP,yes
910,41112,Martin Lindner,FDP,yes
910,40906,Michael Link,FDP,yes
910,39299,Paul Lehrieder,CDU/CSU,yes
910,44316,Harald Leibrecht,FDP,yes
910,39293,Steffen-Claudio Lemme,SPD,yes
910,39327,Ulrich Lange,CDU/CSU,yes
910,40982,Sibylle Laurischk,FDP,yes
910,39330,Karl Lauterbach,SPD,yes
910,40652,Max Lehmer,CDU/CSU,yes
910,39322,Katharina Landgraf,CDU/CSU,yes
910,39325,Christian Lange,SPD,yes
910,39316,Andreas Lämmel,CDU/CSU,yes
910,39310,Christine Lambrecht,SPD,yes
910,39313,Karl A. Lamers,CDU/CSU,yes
910,39319,Norbert Lammert,CDU/CSU,yes
910,40632,Hermann Kues,CDU/CSU,yes
910,44344,Ute Kumpf,SPD,yes
910,40937,Patrick Kurth,FDP,yes
910,39306,Günter Lach,CDU/CSU,yes
910,39364,Rüdiger Kruse,CDU/CSU,yes
910,39339,Bettina Kudla,CDU/CSU,yes
910,40529,Angelika Krüger-Leißner,SPD,yes
910,44328,Nicolette Kressl,SPD,yes
910,39350,Michael Kretschmer,CDU/CSU,yes
910,39353,Gunther Krichbaum,CDU/CSU,yes
910,39356,Günter Krings,CDU/CSU,yes
910,39345,Anette Kramme,SPD,yes
910,39367,Hartmut Koschyk,CDU/CSU,yes
910,40734,Gudrun Kopp,FDP,yes
910,39005,Kristina Schröder,CDU/CSU,yes
910,39369,Tom Koenigs,DIE GRÜNEN,yes
910,39372,Jens Koeppen,CDU/CSU,yes
910,41166,Sebastian Körber,FDP,yes
910,40710,Fritz Rudolf Körper,SPD,yes
910,39375,Bärbel Kofler,SPD,yes
910,40630,Heinrich Kolb,FDP,yes
910,39382,Axel Knoerig,CDU/CSU,yes
910,41110,Lutz Knopek,FDP,yes
910,40933,Pascal Kober,FDP,yes
910,40751,Hans-Ulrich Klose,SPD,yes
910,44769,Ulrich Kelber,SPD,yes
910,39394,Roderich Kiesewetter,CDU/CSU,yes
910,44311,Eckart von Klaeden,CDU/CSU,yes
910,38720,Volkmar Klein,CDU/CSU,yes
910,38784,Jürgen Klimke,CDU/CSU,yes
910,39386,Lars Klingbeil,SPD,yes
910,40984,Siegfried Kauder,CDU/CSU,yes
910,39406,Volker Kauder,CDU/CSU,yes
910,39408,Stefan Kaufmann,CDU/CSU,yes
910,40913,Michael Kauch,FDP,yes
910,40997,Susanne Kastner,SPD,yes
910,39416,Alois Karl,CDU/CSU,yes
910,39402,Bernhard Kaster,CDU/CSU,yes
910,39438,Franz-Josef Jung,CDU/CSU,yes
910,39431,Josip Juratovic,SPD,yes
910,38725,Oliver Kaczmarek,SPD,yes
910,39426,Johannes Kahrs,SPD,yes
910,44258,Bartholomäus Kalb,CDU/CSU,yes
910,44373,Heiner Kamp,FDP,yes
910,39420,Steffen Kampeter,CDU/CSU,yes
910,41102,Dieter Jasper,CDU/CSU,yes
910,39428,Egon Jüttner,CDU/CSU,yes
910,38742,Andreas Jung,CDU/CSU,yes
910,44297,Christel Humme,SPD,yes
910,39448,Thomas Jarzombek,CDU/CSU,yes
910,39460,Eva Högl,SPD,yes
910,44313,Elke Hoff,FDP,yes
910,40697,Frank Hofmann,SPD,yes
910,39462,Karl Holmeier,CDU/CSU,yes
910,39465,Franz-Josef Holzenkamp,CDU/CSU,yes
910,40555,Birgit Homburger,FDP,yes
910,40831,Jürgen Herrmann,CDU/CSU,yes
910,39493,Gustav Herzog,SPD,yes
910,39495,Ansgar Heveling,CDU/CSU,yes
910,40692,Ernst Hinsken,CDU/CSU,yes
910,39501,Peter Hintze,CDU/CSU,yes
910,39844,Priska Hinz,DIE GRÜNEN,yes
910,38735,Christian Hirte,CDU/CSU,yes
910,39473,Robert Hochbaum,CDU/CSU,yes
910,41147,Manuel Höferlin,FDP,yes
910,39519,Frank Heinrich,CDU/CSU,yes
910,40970,Rolf Hempelmann,SPD,yes
910,39484,Barbara Hendricks,SPD,yes
910,39487,Rudolf Henke,CDU/CSU,yes
910,39490,Michael Hennrich,CDU/CSU,yes
910,40765,Heinz-Peter Haustein,FDP,yes
910,39508,Matthias Heider,CDU/CSU,yes
910,39513,Hubertus Heil,SPD,yes
910,39515,Mechthild Heil,CDU/CSU,yes
910,40740,Hans-Joachim Hacker,SPD,yes
910,40852,Klaus Hagemann,SPD,yes
910,44339,Ursula Heinen-Esser,CDU/CSU,yes
910,39536,Florian Hahn,CDU/CSU,yes
910,38731,Jürgen Hardt,CDU/CSU,yes
910,44386,Michael Hartmann,SPD,yes
910,39525,Gerda Hasselfeldt,CDU/CSU,yes
910,39552,Olav Gutting,CDU/CSU,yes
910,39567,Manfred Grund,CDU/CSU,yes
910,40917,Miriam Gruß,FDP,yes
910,40910,Michael Grosse-Brömer,CDU/CSU,yes
910,39564,Markus Grübel,CDU/CSU,yes
910,39571,Monika Grütters,CDU/CSU,yes
910,38745,Reinhard Grindel,CDU/CSU,yes
910,38749,Hermann Gröhe,CDU/CSU,yes
910,41154,Michael Groschek,SPD,yes
910,39581,Ulrike Gottschalck,SPD,yes
910,44372,Angelika Graf,SPD,yes
910,44377,Ute Granold,CDU/CSU,yes
910,40946,Peter Götz,CDU/CSU,yes
910,40676,Wolfgang Götzer,CDU/CSU,yes
910,40747,Hans-Michael Goldmann,FDP,yes
910,37944,Heinz Golombeck,FDP,yes
910,39593,Eberhard Gienger,CDU/CSU,yes
910,39586,Iris Gleicke,SPD,yes
910,40908,Michael Glos,CDU/CSU,yes
910,40736,Günter Gloser,SPD,yes
910,44348,Josef Göppel,CDU/CSU,yes
910,39590,Martin Gerster,SPD,yes
910,39600,Alois Gerig,CDU/CSU,yes
910,44309,Wolfgang Gerhardt,FDP,yes
910,39615,Alexander Funk,CDU/CSU,yes
910,39603,Sigmar Gabriel,SPD,yes
910,39598,Michael Gerdes,SPD,yes
910,39605,Ingo Gädechens,CDU/CSU,yes
910,39613,Thomas Gebhart,CDU/CSU,yes
910,40922,Norbert Geis,CDU/CSU,yes
910,44346,Edmund Geisen,FDP,yes
910,39624,Michael Fuchs,CDU/CSU,yes
910,38753,Hans-Joachim Fuchtel,CDU/CSU,yes
910,39620,Michael Frieser,CDU/CSU,yes
910,39618,Hans-Peter Friedrich,CDU/CSU,yes
910,41017,Ulrike Flach,FDP,yes
910,39641,Maria Flachsbarth,CDU/CSU,yes
910,44389,Klaus-Peter Flosbach,CDU/CSU,yes
910,39631,Gabriele Fograscher,SPD,yes
910,39633,Edgar Franke,SPD,yes
910,40775,Herbert Frankenhauser,CDU/CSU,yes
910,39627,Dagmar Freitag,SPD,yes
910,40931,Otto Fricke,FDP,yes
910,44392,Elke Ferner,SPD,yes
910,39644,Ingrid Fischbach,CDU/CSU,yes
910,39638,Dirk Fischer,CDU/CSU,yes
910,39661,Enak Ferlemann,CDU/CSU,yes
910,40744,Hans-Josef Fell,DIE GRÜNEN,yes
910,44321,Jörg van Essen,FDP,yes
910,39654,Karin Evers-Meyer,SPD,yes
910,38755,Thomas Feist,CDU/CSU,yes
910,39650,Petra Ernstberger,SPD,yes
910,38761,Gernot Erler,SPD,yes
910,41160,Rainer Erdel,FDP,yes
910,40898,Mechthild Dyckmans,FDP,yes
910,39848,Sebastian Edathy,SPD,yes
910,38758,Siegmund Ehrmann,SPD,yes
910,40683,Elvira Drobinski-Weiß,SPD,yes
910,40714,Garrelt Duin,SPD,yes
910,39669,Martin Dörmann,SPD,yes
910,39690,Alexander Dobrindt,CDU/CSU,yes
910,39666,Thomas Dörflinger,CDU/CSU,yes
910,39674,Marie-Luise Dött,CDU/CSU,yes
910,40936,Patrick Döring,FDP,yes
910,40552,Bijan Djir-Sarai,FDP,yes
910,39682,Ekin Deligöz,DIE GRÜNEN,yes
910,41161,Reiner Deutschmann,FDP,yes
910,39714,Cajus Caesar,CDU/CSU,yes
910,40767,Helga Daub,FDP,yes
910,39703,Petra Crone,SPD,yes
910,39701,Gitta Connemann,CDU/CSU,yes
910,39717,Martin Burkert,SPD,yes
910,40873,Marco Buschmann,FDP,yes
910,38481,Sylvia Canel,FDP,yes
910,40690,Ernst Burgbacher,FDP,yes
910,39723,Edelgard Bulmahn,SPD,yes
910,41010,Ulla Burchardt,SPD,yes
910,40525,Angelika Brunkhorst,FDP,yes
910,40958,Rainer Brüderle,FDP,yes
910,44282,Ralf Brauksiepe,CDU/CSU,yes
910,39735,Helge Braun,CDU/CSU,yes
910,39737,Heike Brehmer,CDU/CSU,yes
910,40850,Klaus Breil,FDP,yes
910,39739,Ralph Brinkhaus,CDU/CSU,yes
910,39728,Helmut Brandt,CDU/CSU,yes
910,38769,Michael Brand,CDU/CSU,yes
910,39725,Reinhard Brandl,CDU/CSU,yes
910,40849,Klaus Brandner,SPD,yes
910,39751,Norbert Brackmann,CDU/CSU,yes
910,39754,Klaus Brähmig,CDU/CSU,yes
910,41155,Nicole Bracht-Bendt,FDP,yes
910,39749,Wolfgang Bosbach,CDU/CSU,yes
910,39098,Stefan Rebmann,SPD,yes
910,40722,Gerd Friedrich Bollmann,SPD,yes
910,44360,Maria Böhmer,CDU/CSU,yes
910,41097,Claudia Bögel-Hoyer,FDP,yes
910,40979,Sebastian Blumenthal,FDP,yes
910,39742,Peter Bleser,CDU/CSU,yes
910,39757,Clemens Binninger,CDU/CSU,yes
910,39760,Lothar Binding,SPD,yes
910,39762,Steffen Bilger,CDU/CSU,yes
910,39767,Peter Beyer,CDU/CSU,yes
910,41117,Florian Bernschneider,FDP,yes
910,39771,Christoph Bergner,CDU/CSU,yes
910,39777,Manfred Behrens,CDU/CSU,yes
910,44286,Uwe Beckmeyer,SPD,yes
910,40578,Cornelia Behm,DIE GRÜNEN,yes
910,44395,Dirk Becker,SPD,yes
910,40695,Ernst-Reinhard Beck,CDU/CSU,yes
910,39786,Helmut Günter Baumann,CDU/CSU,yes
910,38775,Sören Bartol,SPD,yes
910,39801,Norbert Barthle,CDU/CSU,yes
910,44289,Hans-Peter Bartels,SPD,yes
910,39804,Thomas Bareiß,CDU/CSU,yes
910,39806,Heinz-Joachim Barchmann,SPD,yes
910,40582,Daniel Bahr,FDP,yes
910,39851,Sabine Bätzing-Lichtenthäler,SPD,yes
910,41158,Peter Aumer,CDU/CSU,yes
910,40572,Christine Aschenberg-Dugnus,FDP,yes
910,44363,Rainer Arnold,SPD,yes
910,40797,Ilse Aigner,CDU/CSU,yes
910,40570,Christian Ahrendt,FDP,yes
910,40807,Jens Ackermann,FDP,yes
910,39544,Bettina Hagedorn,SPD,yes
910,39423,Hans-Werner Kammer,CDU/CSU,yes
910,44398,Ewa Klamt,CDU/CSU,yes
910,41126,Holger Krestel,FDP,yes
910,39576,Kerstin Griese,SPD,yes
910,43858,Bernd Siebert,CDU/CSU,yes
910,41129,Ingo Egloff,SPD,yes
910,41135,Jörg von Polheim,FDP,yes
910,38814,Waltraud Wolff,SPD,no
910,38819,Jörn Wunderlich,DIE LINKE,no
910,38794,Sabine Zimmermann,DIE LINKE,no
910,38869,Halina Wawzyniak,DIE LINKE,no
910,38872,Sahra Wagenknecht,DIE LINKE,no
910,38895,Kathrin Vogler,DIE LINKE,no
910,44304,Marlies Volkmer,SPD,no
910,38910,Axel Troost,DIE LINKE,no
910,38655,Alexander Ulrich,DIE LINKE,no
910,40515,Alexander Süßmair,DIE LINKE,no
910,38930,Kerstin Tack,SPD,no
910,38933,Kirsten Tackmann,DIE LINKE,no
910,38938,Frank Tempel,DIE LINKE,no
910,38918,Harald Terpe,DIE GRÜNEN,no
910,41165,Sabine Stüber,DIE LINKE,no
910,44252,Hans-Christian Ströbele,DIE GRÜNEN,no
910,39824,Wolfgang Strengmann-Kuhn,DIE GRÜNEN,no
910,41104,Dorothea Steiner,DIE GRÜNEN,no
910,38967,Sonja Steffen,SPD,no
910,38665,Petra Sitte,DIE LINKE,no
910,41182,Raju Sharma,DIE LINKE,no
910,41141,Kathrin Senger-Schäfer,DIE LINKE,no
910,40638,Ilja Seifert,DIE LINKE,no
910,44379,Werner Schieder,SPD,no
910,39045,Norbert Schindler,CDU/CSU,no
910,39059,Michael Schlecht,DIE LINKE,no
910,40943,Paul Schäfer,DIE LINKE,no
910,39115,Sönke Rix,SPD,no
910,41179,Ingrid Remmers,DIE LINKE,no
910,39107,Gerold Reichenbach,SPD,no
910,39141,Wilhelm Priesmeier,SPD,no
910,39130,Richard Pitterle,DIE LINKE,no
910,39158,Lisa Paus,DIE GRÜNEN,no
910,38300,Jens Petermann,DIE LINKE,no
910,39161,Petra Pau,DIE LINKE,no
910,41125,Hermann Ott,DIE GRÜNEN,no
910,39199,Thomas Nord,DIE LINKE,no
910,38965,Kersten Steinke,DIE LINKE,no
910,39206,Beate Müller-Gemmeke,DIE GRÜNEN,no
910,39216,Niema Movassat,DIE LINKE,no
910,41073,Kornelia Möller,DIE LINKE,no
910,39221,Cornelia Möhring,DIE LINKE,no
910,41060,Dorothée Menzner,DIE LINKE,no
910,38704,Hilde Mattheis,SPD,no
910,41014,Ulrich Maurer,DIE LINKE,no
910,38763,Agnieszka Brugger,DIE GRÜNEN,no
910,38781,Thomas Lutze,DIE LINKE,no
910,44337,Ulla Lötzer,DIE LINKE,no
910,38707,Gesine Lötzsch,DIE LINKE,no
910,39290,Ralph Lenkert,DIE LINKE,no
910,39285,Michael Leutert,DIE LINKE,no
910,39288,Stefan Liebich,DIE LINKE,no
910,39296,Sabine Leidig,DIE LINKE,no
910,39304,Caren Lay,DIE LINKE,no
910,39302,Monika Lazar,DIE GRÜNEN,no
910,39333,Katrin Kunert,DIE LINKE,no
910,39347,Jutta Krellmann,DIE LINKE,no
910,38714,Sylvia Kotting-Uhl,DIE GRÜNEN,no
910,38717,Jan Korte,DIE LINKE,no
910,40834,Jürgen Koppelin,FDP,no
910,41080,Ute Koczy,DIE GRÜNEN,no
910,39410,Uwe Kekeritz,DIE GRÜNEN,no
910,40901,Memet Kilic,DIE GRÜNEN,no
910,38722,Sven-Christian Kindler,DIE GRÜNEN,no
910,39384,Maria Klein-Schmeink,DIE GRÜNEN,no
910,38738,Ulla Jelpke,DIE LINKE,no
910,41065,Lukrezia Luise Jochimsen,DIE LINKE,no
910,39454,Andrej Hunko,DIE LINKE,no
910,39457,Inge Höger,DIE LINKE,no
910,40599,Barbara Höll,DIE LINKE,no
910,39469,Anton Hofreiter,DIE GRÜNEN,no
910,39498,Gabriele Hiller-Ohm,SPD,no
910,39504,Petra Hinz,SPD,no
910,41056,Bettina Herlitzius,DIE GRÜNEN,no
910,39547,Gregor Gysi,DIE LINKE,no
910,38729,Heike Hänsel,DIE LINKE,no
910,39556,Wolfgang Gunkel,SPD,no
910,39573,Michael Groß,SPD,no
910,39560,Annette Groth,DIE LINKE,no
910,44292,Diana Golze,DIE LINKE,no
910,39611,Peter Gauweiler,CDU/CSU,no
910,41042,Wolfgang Gehrcke-Reymann,DIE LINKE,no
910,39647,Klaus Ernst,DIE LINKE,no
910,40609,Dagmar Enkelmann,DIE LINKE,no
910,39671,Katja Dörner,DIE GRÜNEN,no
910,41123,Heidrun Dittrich,DIE LINKE,no
910,38629,Diether Dehm,DIE LINKE,no
910,44307,Peter Danckert,SPD,no
910,39698,Roland Claus,DIE LINKE,no
910,40646,Martina Bunge,DIE LINKE,no
910,39710,Marco Bülow,SPD,no
910,39720,Eva Bulling-Schröter,DIE LINKE,no
910,38765,Christine Buchholz,DIE LINKE,no
910,41040,Wolfgang Börnsen,CDU/CSU,no
910,40991,Steffen Bockhahn,DIE LINKE,no
910,39746,Heidrun Bluhm-Förster,DIE LINKE,no
910,39765,Karin Binder,DIE LINKE,no
910,38801,Herbert Behrens,DIE LINKE,no
910,39783,Bärbel Bas,SPD,no
910,39781,Dietmar Bartsch,DIE LINKE,no
910,39798,Klaus Barthel,SPD,no
910,39817,Ingrid Arndt-Brauer,SPD,no
910,38903,Jan van Aken,DIE LINKE,no
910,39836,Agnes Alpers,DIE LINKE,no
910,41183,Yvonne Ploetz,DIE LINKE,no
910,41136,Johanna Voß,DIE LINKE,no
910,41015,Ulrich Schneider,DIE GRÜNEN,no
910,40828,Josef Winkler,DIE GRÜNEN,abstain
910,38829,Valerie Wilms,DIE GRÜNEN,abstain
910,41050,Wolfgang Wieland,DIE GRÜNEN,abstain
910,38799,Markus Tressel,DIE GRÜNEN,abstain
910,38907,Jürgen Trittin,DIE GRÜNEN,abstain
910,38985,Frank Schwabe,SPD,abstain
910,44591,Ewald Schurer,SPD,abstain
910,38687,Frithjof Schmidt,DIE GRÜNEN,abstain
910,39026,Elisabeth Scharfenberg,DIE GRÜNEN,abstain
910,44598,Gerhard Schick,DIE GRÜNEN,abstain
910,39065,Tabea Rößner,DIE GRÜNEN,abstain
910,39093,René Röspel,SPD,abstain
910,39138,Brigitte Pothmer,DIE GRÜNEN,abstain
910,39171,Friedrich Ostendorff,DIE GRÜNEN,abstain
910,38660,Konstantin von Notz,DIE GRÜNEN,abstain
910,40846,Kerstin Müller,DIE GRÜNEN,abstain
910,39274,Burkhard Lischka,SPD,abstain
910,40708,Fritz Kuhn,DIE GRÜNEN,abstain
910,41020,Undine Kurth,DIE GRÜNEN,abstain
910,39342,Stephan Kühn,DIE GRÜNEN,abstain
910,39358,Oliver Krischer,DIE GRÜNEN,abstain
910,39377,Daniela Kolbe,SPD,abstain
910,40872,Manfred Kolbe,CDU/CSU,abstain
910,39396,Katja Keul,DIE GRÜNEN,abstain
910,41002,Thilo Hoppe,DIE GRÜNEN,abstain
910,44279,Bärbel Höhn,DIE GRÜNEN,abstain
910,40801,Ingrid Hönlinger,DIE GRÜNEN,abstain
910,39281,Tobias Lindner,DIE GRÜNEN,abstain
910,39528,Britta Haßelmann,DIE GRÜNEN,abstain
910,40812,Joachim Günther,FDP,abstain
910,39607,Thomas Gambke,DIE GRÜNEN,abstain
910,39596,Kai Gehring,DIE GRÜNEN,abstain
910,41175,Viola von Cramon-Taubadel,DIE GRÜNEN,abstain
910,39733,Willi Brase,SPD,abstain
910,39792,Volker Beck,DIE GRÜNEN,abstain
910,39812,Kerstin Andreae,DIE GRÜNEN,abstain
910,39678,Harald Ebner,DIE GRÜNEN,abstain
910,38875,Beate Walter-Rosenheimer,DIE GRÜNEN,abstain
910,44342,Uta Zapf,SPD,no_show
910,43580,Katrin Werner,DIE LINKE,no_show
910,38860,Harald Weinberg,DIE LINKE,no_show
910,38658,Johann Wadephul,CDU/CSU,no_show
910,39080,Rüdiger Veit,SPD,no_show
910,38952,Gero Storjohann,CDU/CSU,no_show
910,38946,Christoph Strässer,SPD,no_show
910,40882,Marina Schuster,FDP,no_show
910,39002,Ole Schröder,CDU/CSU,no_show
910,40887,Marlene Rupprecht,SPD,no_show
910,40842,Karin Roth,SPD,no_show
910,39068,Claudia Roth,DIE GRÜNEN,no_show
910,44270,Joachim Poß,SPD,no_show
910,41096,Christoph Poland,CDU/CSU,no_show
910,41085,Wolfgang Neškovic,fraktionslos,no_show
910,41131,Ingrid Nestle,DIE GRÜNEN,no_show
910,40810,Jerzy Montag,DIE GRÜNEN,no_show
910,39224,Philipp Mißfelder,CDU/CSU,no_show
910,39230,Hans Michelbach,CDU/CSU,no_show
910,41156,Oliver Luksic,FDP,no_show
910,39261,Kirsten Lühmann,SPD,no_show
910,40978,Sabine Leutheusser-Schnarrenberger,FDP,no_show
910,40763,Heinz Lanfermann,FDP,no_show
910,38711,Markus Kurth,DIE GRÜNEN,no_show
910,39336,Renate Künast,DIE GRÜNEN,no_show
910,41086,Agnes Krumwiede,DIE GRÜNEN,no_show
910,41006,Thomas Kossendey,CDU/CSU,no_show
910,40665,Rolf Koschorrek,CDU/CSU,no_show
910,37976,Harald Koch,DIE LINKE,no_show
910,39390,Katja Kipping,DIE LINKE,no_show
910,39452,Anette Hübinger,CDU/CSU,no_show
910,40814,Joachim Hörster,CDU/CSU,no_show
910,39517,Rosemarie Hein,DIE LINKE,no_show
910,40603,Christel Happach-Kasan,FDP,no_show
910,44765,Stephan Harbarth,CDU/CSU,no_show
910,39583,Nicole Gohlke,DIE LINKE,no_show
910,38779,Katrin Göring-Eckardt,DIE GRÜNEN,no_show
910,40687,Erich Georg Fritz,CDU/CSU,no_show
910,40757,Hartwig Fischer,CDU/CSU,no_show
910,40941,Paul Klemens Friedhoff,FDP,no_show
910,43871,Axel Eduard Fischer,CDU/CSU,no_show
910,41083,Werner Dreibus,DIE LINKE,no_show
910,39706,Sevim Dağdelen,DIE LINKE,no_show
910,38771,Matthias W. Birkwald,DIE LINKE,no_show
910,40557,Birgitt Bender,DIE GRÜNEN,no_show
910,39775,Veronika Bellmann,CDU/CSU,no_show
910,39789,Marieluise Beck,DIE GRÜNEN,no_show
910,39795,Doris Barnett,SPD,no_show
910,39809,Dorothee Bär,CDU/CSU,no_show
910,38652,Peter Altmaier,CDU/CSU,no_show
910,38991,Rita Schwarzelühr-Sutter,SPD,no_show
977,41105,Christiane Ratjen-Damerau,FDP,yes
977,41033,Willi Zylajew,CDU/CSU,yes
977,44261,Brigitte Zypries,SPD,yes
977,41052,Wolfgang Zöller,CDU/CSU,yes
977,40255,Volker Wissing,FDP,yes
977,38811,Dagmar Wöhrl,CDU/CSU,yes
977,40753,Hartfrid Wolff,FDP,yes
977,44342,Uta Zapf,SPD,yes
977,38791,Matthias Zimmer,CDU/CSU,yes
977,40607,Claudia Winterstein,FDP,yes
977,38832,Elisabeth Winkelmeier-Becker,CDU/CSU,yes
977,40613,Dieter Wiefelspütz,SPD,yes
977,38845,Peter Weiß,CDU/CSU,yes
977,38842,Sabine Weiss,CDU/CSU,yes
977,38848,Ingo Wellenreuther,CDU/CSU,yes
977,38851,Karl-Georg Wellmann,CDU/CSU,yes
977,38837,Peter Wichtel,CDU/CSU,yes
977,38823,Andrea Wicklein,SPD,yes
977,44318,Heidemarie Wieczorek-Zeul,SPD,yes
977,38857,Kai Wegner,CDU/CSU,yes
977,38864,Marcus Weinberg,CDU/CSU,yes
977,40518,Andrea Voßhoff,CDU/CSU,yes
977,38658,Johann Wadephul,CDU/CSU,yes
977,41098,Daniela Wagner,DIE GRÜNEN,yes
977,38867,Marco Wanderwitz,CDU/CSU,yes
977,38893,Volkmar Vogel,CDU/CSU,yes
977,38898,Ute Vogt,SPD,yes
977,40611,Daniel Volk,FDP,yes
977,41137,Johannes Vogel,FDP,yes
977,39834,Wolfgang Tiefensee,SPD,yes
977,38913,Antje Tillmann,CDU/CSU,yes
977,41169,Serkan Tören,FDP,yes
977,40620,Florian Toncar,FDP,yes
977,38799,Markus Tressel,DIE GRÜNEN,yes
977,44381,Hans-Peter Uhl,CDU/CSU,yes
977,38901,Arnold Vaatz,CDU/CSU,yes
977,41048,Wolfgang Thierse,SPD,yes
977,40993,Stephan Thomae,FDP,yes
977,38935,Peter Tauber,CDU/CSU,yes
977,38927,Michael Stübgen,CDU/CSU,yes
977,38924,Lena Strothmann,CDU/CSU,yes
977,38956,Frank-Walter Steinmeier,SPD,yes
977,38880,Christian von Stetten,CDU/CSU,yes
977,38954,Dieter Stier,CDU/CSU,yes
977,40659,Rainer Stinner,FDP,yes
977,38952,Gero Storjohann,CDU/CSU,yes
977,38948,Stephan Stracke,CDU/CSU,yes
977,38946,Christoph Strässer,SPD,yes
977,38943,Max Straubinger,CDU/CSU,yes
977,38940,Karin Strenz,CDU/CSU,yes
977,38921,Thomas Strobl,CDU/CSU,yes
977,38961,Peer Steinbrück,SPD,yes
977,44351,Erika Steinbach,CDU/CSU,yes
977,38970,Frank Steffel,CDU/CSU,yes
977,38972,Carola Stauche,CDU/CSU,yes
977,41173,Torsten Staffeldt,FDP,yes
977,40650,Max Stadler,FDP,yes
977,41134,Joachim Spatz,FDP,yes
977,38977,Jens Spahn,CDU/CSU,yes
977,40634,Hermann Otto Solms,FDP,yes
977,45212,Carsten Sieling,SPD,yes
977,38677,Thomas Silberhorn,CDU/CSU,yes
977,41029,Werner Simmling,FDP,yes
977,38680,Johannes Singhammer,CDU/CSU,yes
977,41139,Judith Skudelny,FDP,yes
977,38674,Patrick Sensburg,CDU/CSU,yes
977,38987,Stefan Schwartze,SPD,yes
977,40952,Erik Schweickert,FDP,yes
977,38667,Detlef Seif,CDU/CSU,yes
977,38669,Johannes Selle,CDU/CSU,yes
977,40973,Rolf Schwanitz,SPD,yes
977,40890,Martin Schwanholz,SPD,yes
977,40882,Marina Schuster,FDP,yes
977,38982,Armin Schuster,CDU/CSU,yes
977,44354,Bernhard Schulte-Drüggelte,CDU/CSU,yes
977,41133,Jimmy Schulz,FDP,yes
977,38683,Uwe Schummer,CDU/CSU,yes
977,39011,Ulla Schmidt,SPD,yes
977,38689,Patrick Schnieder,CDU/CSU,yes
977,40575,Christoph Schnurr,FDP,yes
977,39863,Andreas Schockenhoff,CDU/CSU,yes
977,39510,Helmut Heiderich,CDU/CSU,yes
977,39002,Ole Schröder,CDU/CSU,yes
977,39055,Christian Schmidt,CDU/CSU,yes
977,39029,Wolfgang Schäuble,CDU/CSU,yes
977,44369,Annette Schavan,CDU/CSU,yes
977,44295,Bernd Scheelen,SPD,yes
977,39034,Andreas Scheuer,CDU/CSU,yes
977,39037,Marianne Schieder,SPD,yes
977,39041,Karl Schiewerling,CDU/CSU,yes
977,39047,Tankred Schipanski,CDU/CSU,yes
977,40719,Georg Schirmbeck,CDU/CSU,yes
977,40558,Björn Sänger,FDP,yes
977,40859,Krista Sager,DIE GRÜNEN,yes
977,39052,Manuel Sarrazin,DIE GRÜNEN,yes
977,40149,Anton Schaaf,SPD,yes
977,39020,Anita Schäfer,CDU/CSU,yes
977,39023,Axel Schäfer,SPD,yes
977,40699,Frank Schäffler,FDP,yes
977,39084,Albert Rupprecht,CDU/CSU,yes
977,41115,Stefan Ruppert,FDP,yes
977,39071,Michael Roth,SPD,yes
977,40605,Christian Ruck,CDU/CSU,yes
977,39077,Erwin Rüddel,CDU/CSU,yes
977,40842,Karin Roth,SPD,yes
977,39063,Ernst Dieter Rossmann,SPD,yes
977,39074,Norbert Röttgen,CDU/CSU,yes
977,39089,Johannes Röring,CDU/CSU,yes
977,41114,Peter Röhlinger,FDP,yes
977,44267,Heinz Riesenhuber,CDU/CSU,yes
977,44575,Carola Reimann,SPD,yes
977,40600,Birgit Reinemund,FDP,yes
977,39109,Lothar Riebsamen,CDU/CSU,yes
977,39111,Josef Rief,CDU/CSU,yes
977,40855,Klaus Riegert,CDU/CSU,yes
977,39101,Eckhardt Rehberg,CDU/CSU,yes
977,39104,Katherina Reiche,CDU/CSU,yes
977,39120,Peter Ramsauer,CDU/CSU,yes
977,39264,Daniela Ludwig,CDU/CSU,yes
977,38788,Sascha Raabe,SPD,yes
977,39127,Thomas Rachel,CDU/CSU,yes
977,39144,Florian Pronold,SPD,yes
977,44270,Joachim Poß,SPD,yes
977,39132,Eckhard Pols,CDU/CSU,yes
977,40580,Cornelia Pieper,FDP,yes
977,40730,Gisela Piltz,FDP,yes
977,39839,Ronald Pofalla,CDU/CSU,yes
977,41096,Christoph Poland,CDU/CSU,yes
977,40976,Ruprecht Polenz,CDU/CSU,yes
977,39154,Sibylle Pfeiffer,CDU/CSU,yes
977,40826,Johannes Pflug,SPD,yes
977,40545,Beatrix Philipp,CDU/CSU,yes
977,39151,Joachim Pfeiffer,CDU/CSU,yes
977,39148,Ulrich Petzold,CDU/CSU,yes
977,44375,Heinz Paula,SPD,yes
977,40967,Rita Pawelski,CDU/CSU,yes
977,40742,Hans-Joachim Otto,FDP,yes
977,41113,Michael Paul,CDU/CSU,yes
977,39175,Henning Otte,CDU/CSU,yes
977,40680,Eduard Oswald,CDU/CSU,yes
977,39180,Omid Nouripour,DIE GRÜNEN,yes
977,39184,Georg Nüßlein,CDU/CSU,yes
977,40703,Franz Obermeier,CDU/CSU,yes
977,39169,Aydan Özoğuz,SPD,yes
977,39188,Thomas Oppermann,SPD,yes
977,40789,Holger Ortel,SPD,yes
977,40955,Martin Neumann,FDP,yes
977,40591,Dirk Niebel,FDP,yes
977,39193,Dietmar Nietan,SPD,yes
977,44378,Manfred Nink,SPD,yes
977,39197,Michaela Noll,CDU/CSU,yes
977,39209,Philipp Murmann,CDU/CSU,yes
977,38695,Andrea Nahles,SPD,yes
977,41054,Bernd Neumann,CDU/CSU,yes
977,41068,Franz Müntefering,SPD,yes
977,38692,Rolf Mützenich,SPD,yes
977,40950,Petra Müller,FDP,yes
977,39202,Stefan Müller,CDU/CSU,yes
977,41058,Burkhardt Müller-Sönksen,FDP,yes
977,40804,Jan Mücke,FDP,yes
977,39214,Gerd Müller,CDU/CSU,yes
977,39007,Nadine Schön,CDU/CSU,yes
977,38699,Marlene Mortler,CDU/CSU,yes
977,40810,Jerzy Montag,DIE GRÜNEN,yes
977,40712,Gabriele Molitor,FDP,yes
977,39218,Dietrich Monstadt,CDU/CSU,yes
977,39224,Philipp Mißfelder,CDU/CSU,yes
977,39245,Angela Merkel,CDU/CSU,yes
977,44334,Petra Merkel,SPD,yes
977,41174,Ullrich Meßmer,SPD,yes
977,44273,Maria Michalk,CDU/CSU,yes
977,39230,Hans Michelbach,CDU/CSU,yes
977,39232,Mathias Middelberg,CDU/CSU,yes
977,39235,Matthias Miersch,SPD,yes
977,39241,Michael Meister,CDU/CSU,yes
977,38884,Hans-Georg von der Marwitz,CDU/CSU,yes
977,39252,Katja Mast,SPD,yes
977,39254,Andreas Mattfeldt,CDU/CSU,yes
977,39238,Stephan Mayer,CDU/CSU,yes
977,40792,Horst Meierhofer,FDP,yes
977,40939,Patrick Meinhardt,FDP,yes
977,39249,Caren Marks,SPD,yes
977,39693,Thomas de Maizière,CDU/CSU,yes
977,40654,Michael Luther,CDU/CSU,yes
977,39259,Karin Maag,CDU/CSU,yes
977,44255,Nicole Maisch,DIE GRÜNEN,yes
977,41156,Oliver Luksic,FDP,yes
977,39269,Carsten Linnemann,CDU/CSU,yes
977,39272,Patricia Lips,CDU/CSU,yes
977,44357,Gabriele Lösekrug-Möller,SPD,yes
977,40617,Erwin Lotter,FDP,yes
977,39266,Jan-Marco Luczak,CDU/CSU,yes
977,39261,Kirsten Lühmann,SPD,yes
977,40978,Sabine Leutheusser-Schnarrenberger,FDP,yes
977,38882,Ursula von der Leyen,CDU/CSU,yes
977,44905,Ingbert Liebing,CDU/CSU,yes
977,39278,Matthias Lietz,CDU/CSU,yes
977,41181,Lars Lindemann,FDP,yes
977,41122,Hans-Werner Ehrenberg,FDP,yes
977,41112,Martin Lindner,FDP,yes
977,40906,Michael Link,FDP,yes
977,39299,Paul Lehrieder,CDU/CSU,yes
977,44316,Harald Leibrecht,FDP,yes
977,39293,Steffen-Claudio Lemme,SPD,yes
977,39327,Ulrich Lange,CDU/CSU,yes
977,40982,Sibylle Laurischk,FDP,yes
977,39330,Karl Lauterbach,SPD,yes
977,40652,Max Lehmer,CDU/CSU,yes
977,39322,Katharina Landgraf,CDU/CSU,yes
977,40763,Heinz Lanfermann,FDP,yes
977,39325,Christian Lange,SPD,yes
977,39316,Andreas Lämmel,CDU/CSU,yes
977,39310,Christine Lambrecht,SPD,yes
977,39313,Karl A. Lamers,CDU/CSU,yes
977,39319,Norbert Lammert,CDU/CSU,yes
977,40632,Hermann Kues,CDU/CSU,yes
977,44344,Ute Kumpf,SPD,yes
977,40937,Patrick Kurth,FDP,yes
977,39306,Günter Lach,CDU/CSU,yes
977,39364,Rüdiger Kruse,CDU/CSU,yes
977,40529,Angelika Krüger-Leißner,SPD,yes
977,39016,Annette Sawade,SPD,yes
977,39350,Michael Kretschmer,CDU/CSU,yes
977,39353,Gunther Krichbaum,CDU/CSU,yes
977,39356,Günter Krings,CDU/CSU,yes
977,39345,Anette Kramme,SPD,yes
977,41006,Thomas Kossendey,CDU/CSU,yes
977,39367,Hartmut Koschyk,CDU/CSU,yes
977,40665,Rolf Koschorrek,CDU/CSU,yes
977,40734,Gudrun Kopp,FDP,yes
977,39005,Kristina Schröder,CDU/CSU,yes
977,39369,Tom Koenigs,DIE GRÜNEN,yes
977,39372,Jens Koeppen,CDU/CSU,yes
977,41166,Sebastian Körber,FDP,yes
977,40710,Fritz Rudolf Körper,SPD,yes
977,39375,Bärbel Kofler,SPD,yes
977,40630,Heinrich Kolb,FDP,yes
977,39382,Axel Knoerig,CDU/CSU,yes
977,41110,Lutz Knopek,FDP,yes
977,40933,Pascal Kober,FDP,yes
977,40751,Hans-Ulrich Klose,SPD,yes
977,44769,Ulrich Kelber,SPD,yes
977,39394,Roderich Kiesewetter,CDU/CSU,yes
977,44311,Eckart von Klaeden,CDU/CSU,yes
977,38720,Volkmar Klein,CDU/CSU,yes
977,38784,Jürgen Klimke,CDU/CSU,yes
977,39386,Lars Klingbeil,SPD,yes
977,40984,Siegfried Kauder,CDU/CSU,yes
977,39406,Volker Kauder,CDU/CSU,yes
977,39408,Stefan Kaufmann,CDU/CSU,yes
977,40913,Michael Kauch,FDP,yes
977,40997,Susanne Kastner,SPD,yes
977,39416,Alois Karl,CDU/CSU,yes
977,39402,Bernhard Kaster,CDU/CSU,yes
977,39438,Franz-Josef Jung,CDU/CSU,yes
977,39431,Josip Juratovic,SPD,yes
977,38725,Oliver Kaczmarek,SPD,yes
977,39426,Johannes Kahrs,SPD,yes
977,44258,Bartholomäus Kalb,CDU/CSU,yes
977,44373,Heiner Kamp,FDP,yes
977,39420,Steffen Kampeter,CDU/CSU,yes
977,41102,Dieter Jasper,CDU/CSU,yes
977,39428,Egon Jüttner,CDU/CSU,yes
977,38742,Andreas Jung,CDU/CSU,yes
977,39452,Anette Hübinger,CDU/CSU,yes
977,39448,Thomas Jarzombek,CDU/CSU,yes
977,39460,Eva Högl,SPD,yes
977,40814,Joachim Hörster,CDU/CSU,yes
977,44313,Elke Hoff,FDP,yes
977,40697,Frank Hofmann,SPD,yes
977,39462,Karl Holmeier,CDU/CSU,yes
977,39465,Franz-Josef Holzenkamp,CDU/CSU,yes
977,40555,Birgit Homburger,FDP,yes
977,39493,Gustav Herzog,SPD,yes
977,39495,Ansgar Heveling,CDU/CSU,yes
977,40692,Ernst Hinsken,CDU/CSU,yes
977,39501,Peter Hintze,CDU/CSU,yes
977,39844,Priska Hinz,DIE GRÜNEN,yes
977,38735,Christian Hirte,CDU/CSU,yes
977,39473,Robert Hochbaum,CDU/CSU,yes
977,41147,Manuel Höferlin,FDP,yes
977,39519,Frank Heinrich,CDU/CSU,yes
977,40970,Rolf Hempelmann,SPD,yes
977,39487,Rudolf Henke,CDU/CSU,yes
977,39490,Michael Hennrich,CDU/CSU,yes
977,40765,Heinz-Peter Haustein,FDP,yes
977,39508,Matthias Heider,CDU/CSU,yes
977,39515,Mechthild Heil,CDU/CSU,yes
977,44339,Ursula Heinen-Esser,CDU/CSU,yes
977,40740,Hans-Joachim Hacker,SPD,yes
977,40852,Klaus Hagemann,SPD,yes
977,39536,Florian Hahn,CDU/CSU,yes
977,40603,Christel Happach-Kasan,FDP,yes
977,44765,Stephan Harbarth,CDU/CSU,yes
977,38731,Jürgen Hardt,CDU/CSU,yes
977,44386,Michael Hartmann,SPD,yes
977,39525,Gerda Hasselfeldt,CDU/CSU,yes
977,39552,Olav Gutting,CDU/CSU,yes
977,39567,Manfred Grund,CDU/CSU,yes
977,40917,Miriam Gruß,FDP,yes
977,40910,Michael Grosse-Brömer,CDU/CSU,yes
977,39564,Markus Grübel,CDU/CSU,yes
977,39571,Monika Grütters,CDU/CSU,yes
977,38745,Reinhard Grindel,CDU/CSU,yes
977,38749,Hermann Gröhe,CDU/CSU,yes
977,39581,Ulrike Gottschalck,SPD,yes
977,44372,Angelika Graf,SPD,yes
977,44377,Ute Granold,CDU/CSU,yes
977,40946,Peter Götz,CDU/CSU,yes
977,40676,Wolfgang Götzer,CDU/CSU,yes
977,40747,Hans-Michael Goldmann,FDP,yes
977,37944,Heinz Golombeck,FDP,yes
977,39593,Eberhard Gienger,CDU/CSU,yes
977,39586,Iris Gleicke,SPD,yes
977,40908,Michael Glos,CDU/CSU,yes
977,40736,Günter Gloser,SPD,yes
977,44348,Josef Göppel,CDU/CSU,yes
977,39590,Martin Gerster,SPD,yes
977,39600,Alois Gerig,CDU/CSU,yes
977,44309,Wolfgang Gerhardt,FDP,yes
977,39598,Michael Gerdes,SPD,yes
977,39615,Alexander Funk,CDU/CSU,yes
977,39605,Ingo Gädechens,CDU/CSU,yes
977,39613,Thomas Gebhart,CDU/CSU,yes
977,40922,Norbert Geis,CDU/CSU,yes
977,44346,Edmund Geisen,FDP,yes
977,40687,Erich Georg Fritz,CDU/CSU,yes
977,39624,Michael Fuchs,CDU/CSU,yes
977,38753,Hans-Joachim Fuchtel,CDU/CSU,yes
977,39620,Michael Frieser,CDU/CSU,yes
977,39618,Hans-Peter Friedrich,CDU/CSU,yes
977,40757,Hartwig Fischer,CDU/CSU,yes
977,41017,Ulrike Flach,FDP,yes
977,39641,Maria Flachsbarth,CDU/CSU,yes
977,44389,Klaus-Peter Flosbach,CDU/CSU,yes
977,39631,Gabriele Fograscher,SPD,yes
977,39633,Edgar Franke,SPD,yes
977,40775,Herbert Frankenhauser,CDU/CSU,yes
977,39627,Dagmar Freitag,SPD,yes
977,40931,Otto Fricke,FDP,yes
977,39638,Dirk Fischer,CDU/CSU,yes
977,44392,Elke Ferner,SPD,yes
977,39644,Ingrid Fischbach,CDU/CSU,yes
977,43871,Axel Eduard Fischer,CDU/CSU,yes
977,39661,Enak Ferlemann,CDU/CSU,yes
977,40744,Hans-Josef Fell,DIE GRÜNEN,yes
977,44321,Jörg van Essen,FDP,yes
977,39654,Karin Evers-Meyer,SPD,yes
977,38755,Thomas Feist,CDU/CSU,yes
977,39650,Petra Ernstberger,SPD,yes
977,38761,Gernot Erler,SPD,yes
977,41160,Rainer Erdel,FDP,yes
977,40898,Mechthild Dyckmans,FDP,yes
977,39848,Sebastian Edathy,SPD,yes
977,38758,Siegmund Ehrmann,SPD,yes
977,40683,Elvira Drobinski-Weiß,SPD,yes
977,39669,Martin Dörmann,SPD,yes
977,39674,Marie-Luise Dött,CDU/CSU,yes
977,39690,Alexander Dobrindt,CDU/CSU,yes
977,39666,Thomas Dörflinger,CDU/CSU,yes
977,40552,Bijan Djir-Sarai,FDP,yes
977,41161,Reiner Deutschmann,FDP,yes
977,39714,Cajus Caesar,CDU/CSU,yes
977,40767,Helga Daub,FDP,yes
977,39703,Petra Crone,SPD,yes
977,39701,Gitta Connemann,CDU/CSU,yes
977,39717,Martin Burkert,SPD,yes
977,40873,Marco Buschmann,FDP,yes
977,39723,Edelgard Bulmahn,SPD,yes
977,41010,Ulla Burchardt,SPD,yes
977,40525,Angelika Brunkhorst,FDP,yes
977,40958,Rainer Brüderle,FDP,yes
977,44282,Ralf Brauksiepe,CDU/CSU,yes
977,39735,Helge Braun,CDU/CSU,yes
977,39737,Heike Brehmer,CDU/CSU,yes
977,40850,Klaus Breil,FDP,yes
977,39739,Ralph Brinkhaus,CDU/CSU,yes
977,39728,Helmut Brandt,CDU/CSU,yes
977,38769,Michael Brand,CDU/CSU,yes
977,39725,Reinhard Brandl,CDU/CSU,yes
977,40849,Klaus Brandner,SPD,yes
977,39751,Norbert Brackmann,CDU/CSU,yes
977,39754,Klaus Brähmig,CDU/CSU,yes
977,41155,Nicole Bracht-Bendt,FDP,yes
977,39749,Wolfgang Bosbach,CDU/CSU,yes
977,39098,Stefan Rebmann,SPD,yes
977,40722,Gerd Friedrich Bollmann,SPD,yes
977,44360,Maria Böhmer,CDU/CSU,yes
977,41040,Wolfgang Börnsen,CDU/CSU,yes
977,41097,Claudia Bögel-Hoyer,FDP,yes
977,40979,Sebastian Blumenthal,FDP,yes
977,39757,Clemens Binninger,CDU/CSU,yes
977,39760,Lothar Binding,SPD,yes
977,39762,Steffen Bilger,CDU/CSU,yes
977,39767,Peter Beyer,CDU/CSU,yes
977,41117,Florian Bernschneider,FDP,yes
977,39771,Christoph Bergner,CDU/CSU,yes
977,39775,Veronika Bellmann,CDU/CSU,yes
977,39777,Manfred Behrens,CDU/CSU,yes
977,44286,Uwe Beckmeyer,SPD,yes
977,40578,Cornelia Behm,DIE GRÜNEN,yes
977,44395,Dirk Becker,SPD,yes
977,39789,Marieluise Beck,DIE GRÜNEN,yes
977,40695,Ernst-Reinhard Beck,CDU/CSU,yes
977,39786,Helmut Günter Baumann,CDU/CSU,yes
977,38775,Sören Bartol,SPD,yes
977,39801,Norbert Barthle,CDU/CSU,yes
977,44289,Hans-Peter Bartels,SPD,yes
977,39795,Doris Barnett,SPD,yes
977,39804,Thomas Bareiß,CDU/CSU,yes
977,39806,Heinz-Joachim Barchmann,SPD,yes
977,40582,Daniel Bahr,FDP,yes
977,39809,Dorothee Bär,CDU/CSU,yes
977,39851,Sabine Bätzing-Lichtenthäler,SPD,yes
977,41158,Peter Aumer,CDU/CSU,yes
977,40572,Christine Aschenberg-Dugnus,FDP,yes
977,44363,Rainer Arnold,SPD,yes
977,38652,Peter Altmaier,CDU/CSU,yes
977,40797,Ilse Aigner,CDU/CSU,yes
977,40807,Jens Ackermann,FDP,yes
977,39544,Bettina Hagedorn,SPD,yes
977,39423,Hans-Werner Kammer,CDU/CSU,yes
977,44398,Ewa Klamt,CDU/CSU,yes
977,41126,Holger Krestel,FDP,yes
977,38991,Rita Schwarzelühr-Sutter,SPD,yes
977,39576,Kerstin Griese,SPD,yes
977,43858,Bernd Siebert,CDU/CSU,yes
977,41129,Ingo Egloff,SPD,yes
977,41135,Jörg von Polheim,FDP,yes
977,41120,Hagen Reinhold,FDP,yes
977,37972,Manfred Todtenhausen,FDP,yes
977,44366,Gabriele Groneberg,SPD,yes
977,39480,Wolfgang Hellmich,SPD,yes
977,39441,Hubert Hüppe,CDU/CSU,yes
977,41178,Arfst Wagner,DIE GRÜNEN,no
977,38814,Waltraud Wolff,SPD,no
977,38819,Jörn Wunderlich,DIE LINKE,no
977,38794,Sabine Zimmermann,DIE LINKE,no
977,43580,Katrin Werner,DIE LINKE,no
977,38869,Halina Wawzyniak,DIE LINKE,no
977,38860,Harald Weinberg,DIE LINKE,no
977,38895,Kathrin Vogler,DIE LINKE,no
977,44304,Marlies Volkmer,SPD,no
977,38910,Axel Troost,DIE LINKE,no
977,38655,Alexander Ulrich,DIE LINKE,no
977,39080,Rüdiger Veit,SPD,no
977,40515,Alexander Süßmair,DIE LINKE,no
977,38930,Kerstin Tack,SPD,no
977,38938,Frank Tempel,DIE LINKE,no
977,38918,Harald Terpe,DIE GRÜNEN,no
977,41165,Sabine Stüber,DIE LINKE,no
977,44252,Hans-Christian Ströbele,DIE GRÜNEN,no
977,39824,Wolfgang Strengmann-Kuhn,DIE GRÜNEN,no
977,41104,Dorothea Steiner,DIE GRÜNEN,no
977,38665,Petra Sitte,DIE LINKE,no
977,41182,Raju Sharma,DIE LINKE,no
977,41141,Kathrin Senger-Schäfer,DIE LINKE,no
977,44598,Gerhard Schick,DIE GRÜNEN,no
977,44379,Werner Schieder,SPD,no
977,39045,Norbert Schindler,CDU/CSU,no
977,40943,Paul Schäfer,DIE LINKE,no
977,39107,Gerold Reichenbach,SPD,no
977,39141,Wilhelm Priesmeier,SPD,no
977,39130,Richard Pitterle,DIE LINKE,no
977,39158,Lisa Paus,DIE GRÜNEN,no
977,38300,Jens Petermann,DIE LINKE,no
977,39161,Petra Pau,DIE LINKE,no
977,39199,Thomas Nord,DIE LINKE,no
977,38965,Kersten Steinke,DIE LINKE,no
977,41085,Wolfgang Neškovic,fraktionslos,no
977,39206,Beate Müller-Gemmeke,DIE GRÜNEN,no
977,39216,Niema Movassat,DIE LINKE,no
977,41073,Kornelia Möller,DIE LINKE,no
977,39221,Cornelia Möhring,DIE LINKE,no
977,38704,Hilde Mattheis,SPD,no
977,41014,Ulrich Maurer,DIE LINKE,no
977,38763,Agnieszka Brugger,DIE GRÜNEN,no
977,38781,Thomas Lutze,DIE LINKE,no
977,44337,Ulla Lötzer,DIE LINKE,no
977,38707,Gesine Lötzsch,DIE LINKE,no
977,39290,Ralph Lenkert,DIE LINKE,no
977,39285,Michael Leutert,DIE LINKE,no
977,39288,Stefan Liebich,DIE LINKE,no
977,39296,Sabine Leidig,DIE LINKE,no
977,39304,Caren Lay,DIE LINKE,no
977,39302,Monika Lazar,DIE GRÜNEN,no
977,39333,Katrin Kunert,DIE LINKE,no
977,39342,Stephan Kühn,DIE GRÜNEN,no
977,41086,Agnes Krumwiede,DIE GRÜNEN,no
977,39347,Jutta Krellmann,DIE LINKE,no
977,38714,Sylvia Kotting-Uhl,DIE GRÜNEN,no
977,38717,Jan Korte,DIE LINKE,no
977,40834,Jürgen Koppelin,FDP,no
977,39377,Daniela Kolbe,SPD,no
977,37976,Harald Koch,DIE LINKE,no
977,39410,Uwe Kekeritz,DIE GRÜNEN,no
977,40901,Memet Kilic,DIE GRÜNEN,no
977,39390,Katja Kipping,DIE LINKE,no
977,38738,Ulla Jelpke,DIE LINKE,no
977,41065,Lukrezia Luise Jochimsen,DIE LINKE,no
977,39454,Andrej Hunko,DIE LINKE,no
977,39457,Inge Höger,DIE LINKE,no
977,40599,Barbara Höll,DIE LINKE,no
977,39469,Anton Hofreiter,DIE GRÜNEN,no
977,39498,Gabriele Hiller-Ohm,SPD,no
977,39504,Petra Hinz,SPD,no
977,41056,Bettina Herlitzius,DIE GRÜNEN,no
977,39517,Rosemarie Hein,DIE LINKE,no
977,39547,Gregor Gysi,DIE LINKE,no
977,38729,Heike Hänsel,DIE LINKE,no
977,39556,Wolfgang Gunkel,SPD,no
977,39573,Michael Groß,SPD,no
977,39560,Annette Groth,DIE LINKE,no
977,44292,Diana Golze,DIE LINKE,no
977,39583,Nicole Gohlke,DIE LINKE,no
977,39611,Peter Gauweiler,CDU/CSU,no
977,41042,Wolfgang Gehrcke-Reymann,DIE LINKE,no
977,39647,Klaus Ernst,DIE LINKE,no
977,40609,Dagmar Enkelmann,DIE LINKE,no
977,41083,Werner Dreibus,DIE LINKE,no
977,39671,Katja Dörner,DIE GRÜNEN,no
977,38629,Diether Dehm,DIE LINKE,no
977,39706,Sevim Dağdelen,DIE LINKE,no
977,44307,Peter Danckert,SPD,no
977,39698,Roland Claus,DIE LINKE,no
977,40646,Martina Bunge,DIE LINKE,no
977,39710,Marco Bülow,SPD,no
977,39720,Eva Bulling-Schröter,DIE LINKE,no
977,38765,Christine Buchholz,DIE LINKE,no
977,40991,Steffen Bockhahn,DIE LINKE,no
977,39746,Heidrun Bluhm-Förster,DIE LINKE,no
977,38771,Matthias W. Birkwald,DIE LINKE,no
977,39765,Karin Binder,DIE LINKE,no
977,38801,Herbert Behrens,DIE LINKE,no
977,39783,Bärbel Bas,SPD,no
977,39781,Dietmar Bartsch,DIE LINKE,no
977,39798,Klaus Barthel,SPD,no
977,39817,Ingrid Arndt-Brauer,SPD,no
977,38903,Jan van Aken,DIE LINKE,no
977,39836,Agnes Alpers,DIE LINKE,no
977,41183,Yvonne Ploetz,DIE LINKE,no
977,41136,Johanna Voß,DIE LINKE,no
977,41015,Ulrich Schneider,DIE GRÜNEN,no
977,38875,Beate Walter-Rosenheimer,DIE GRÜNEN,no
977,40998,Susanne Kieckbusch,DIE GRÜNEN,no
977,40828,Josef Winkler,DIE GRÜNEN,abstain
977,38829,Valerie Wilms,DIE GRÜNEN,abstain
977,41050,Wolfgang Wieland,DIE GRÜNEN,abstain
977,38907,Jürgen Trittin,DIE GRÜNEN,abstain
977,38967,Sonja Steffen,SPD,abstain
977,38985,Frank Schwabe,SPD,abstain
977,44591,Ewald Schurer,SPD,abstain
977,38998,Swen Schulz,SPD,abstain
977,38687,Frithjof Schmidt,DIE GRÜNEN,abstain
977,40887,Marlene Rupprecht,SPD,abstain
977,39068,Claudia Roth,DIE GRÜNEN,abstain
977,39065,Tabea Rößner,DIE GRÜNEN,abstain
977,39115,Sönke Rix,SPD,abstain
977,39138,Brigitte Pothmer,DIE GRÜNEN,abstain
977,41125,Hermann Ott,DIE GRÜNEN,abstain
977,39171,Friedrich Ostendorff,DIE GRÜNEN,abstain
977,38660,Konstantin von Notz,DIE GRÜNEN,abstain
977,40846,Kerstin Müller,DIE GRÜNEN,abstain
977,39274,Burkhard Lischka,SPD,abstain
977,38711,Markus Kurth,DIE GRÜNEN,abstain
977,41020,Undine Kurth,DIE GRÜNEN,abstain
977,39336,Renate Künast,DIE GRÜNEN,abstain
977,39358,Oliver Krischer,DIE GRÜNEN,abstain
977,41080,Ute Koczy,DIE GRÜNEN,abstain
977,39396,Katja Keul,DIE GRÜNEN,abstain
977,41002,Thilo Hoppe,DIE GRÜNEN,abstain
977,44279,Bärbel Höhn,DIE GRÜNEN,abstain
977,40801,Ingrid Hönlinger,DIE GRÜNEN,abstain
977,39281,Tobias Lindner,DIE GRÜNEN,abstain
977,39528,Britta Haßelmann,DIE GRÜNEN,abstain
977,40812,Joachim Günther,FDP,abstain
977,38779,Katrin Göring-Eckardt,DIE GRÜNEN,abstain
977,39607,Thomas Gambke,DIE GRÜNEN,abstain
977,39596,Kai Gehring,DIE GRÜNEN,abstain
977,39682,Ekin Deligöz,DIE GRÜNEN,abstain
977,41175,Viola von Cramon-Taubadel,DIE GRÜNEN,abstain
977,40557,Birgitt Bender,DIE GRÜNEN,abstain
977,39812,Kerstin Andreae,DIE GRÜNEN,abstain
977,39678,Harald Ebner,DIE GRÜNEN,abstain
977,38797,Manfred Zöllmer,SPD,no_show
977,38806,Dagmar Ziegler,SPD,no_show
977,38827,Klaus-Peter Willsch,CDU/CSU,no_show
977,40626,Guido Westerwelle,FDP,no_show
977,40537,Annette Widmann-Mauz,CDU/CSU,no_show
977,38872,Sahra Wagenknecht,DIE LINKE,no_show
977,41171,Stefanie Vogelsang,CDU/CSU,no_show
977,44264,Franz Thönnes,SPD,no_show
977,38933,Kirsten Tackmann,DIE LINKE,no_show
977,38672,Reinhold Sendker,CDU/CSU,no_show
977,40638,Ilja Seifert,DIE LINKE,no_show
977,40987,Silvia Schmidt,SPD,no_show
977,39014,Carsten Schneider,SPD,no_show
977,40928,Ottmar Schreiner,SPD,no_show
977,39026,Elisabeth Scharfenberg,DIE GRÜNEN,no_show
977,39059,Michael Schlecht,DIE LINKE,no_show
977,39093,René Röspel,SPD,no_show
977,41179,Ingrid Remmers,DIE LINKE,no_show
977,39096,Mechthild Rawert,SPD,no_show
977,41060,Dorothée Menzner,DIE LINKE,no_show
977,39339,Bettina Kudla,CDU/CSU,no_show
977,40872,Manfred Kolbe,CDU/CSU,no_show
977,38722,Sven-Christian Kindler,DIE GRÜNEN,no_show
977,39384,Maria Klein-Schmeink,DIE GRÜNEN,no_show
977,44297,Christel Humme,SPD,no_show
977,39484,Barbara Hendricks,SPD,no_show
977,39513,Hubertus Heil,SPD,no_show
977,39603,Sigmar Gabriel,SPD,no_show
977,40936,Patrick Döring,FDP,no_show
977,41123,Heidrun Dittrich,DIE LINKE,no_show
977,38481,Sylvia Canel,FDP,no_show
977,40690,Ernst Burgbacher,FDP,no_show
977,39733,Willi Brase,SPD,no_show
977,39742,Peter Bleser,CDU/CSU,no_show
977,39792,Volker Beck,DIE GRÜNEN,no_show
1011,38693,Rolf Mützenich,SPD,yes
1011,38696,Andrea Nahles,SPD,yes
1011,38697,Bettina Müller,SPD,yes
1011,38700,Marlene Mortler,CDU/CSU,yes
1011,38702,Jan Metzler,CDU/CSU,yes
1011,38709,Katja Leikert,CDU/CSU,yes
1011,38712,Markus Kurth,DIE GRÜNEN,yes
1011,38721,Volkmar Klein,CDU/CSU,yes
1011,38724,Sylvia Jörrißen,CDU/CSU,yes
1011,44259,Bartholomäus Kalb,CDU/CSU,yes
1011,38726,Oliver Kaczmarek,SPD,yes
1011,38727,Ulrich Hampel,SPD,yes
1011,44766,Stephan Harbarth,CDU/CSU,yes
1011,38732,Jürgen Hardt,CDU/CSU,yes
1011,38733,Thomas Hitschler,SPD,yes
1011,38743,Andreas Jung,CDU/CSU,yes
1011,38746,Reinhard Grindel,CDU/CSU,yes
1011,38747,Ursula Groden-Kranich,CDU/CSU,yes
1011,38750,Hermann Gröhe,CDU/CSU,yes
1011,38751,Klaus-Dieter Gröhler,CDU/CSU,yes
1011,44349,Josef Göppel,CDU/CSU,yes
1011,38754,Hans-Joachim Fuchtel,CDU/CSU,yes
1011,38756,Thomas Feist,CDU/CSU,yes
1011,40915,Michaela Engelmeier,SPD,yes
1011,38759,Siegmund Ehrmann,SPD,yes
1011,38762,Gernot Erler,SPD,yes
1011,38767,Karl-Heinz Brunner,SPD,yes
1011,38770,Michael Brand,CDU/CSU,yes
1011,38773,Ulrike Bahr,SPD,yes
1011,38776,Sören Bartol,SPD,yes
1011,38777,Matthias Bartke,SPD,yes
1011,38780,Katrin Göring-Eckardt,DIE GRÜNEN,yes
1011,38785,Jürgen Klimke,CDU/CSU,yes
1011,38786,Ute Bertram,CDU/CSU,yes
1011,38789,Sascha Raabe,SPD,yes
1011,38792,Matthias Zimmer,CDU/CSU,yes
1011,38798,Manfred Zöllmer,SPD,yes
1011,44262,Brigitte Zypries,SPD,yes
1011,38800,Markus Tressel,DIE GRÜNEN,yes
1011,38805,Stefan Zierke,SPD,yes
1011,38807,Dagmar Ziegler,SPD,yes
1011,38808,Emmi Zeulner,CDU/CSU,yes
1011,38812,Dagmar Wöhrl,CDU/CSU,yes
1011,38821,Gülistan Yüksel,SPD,yes
1011,38824,Andrea Wicklein,SPD,yes
1011,40538,Annette Widmann-Mauz,CDU/CSU,yes
1011,38825,Dirk Wiese,SPD,yes
1011,38828,Klaus-Peter Willsch,CDU/CSU,yes
1011,38830,Valerie Wilms,DIE GRÜNEN,yes
1011,38833,Elisabeth Winkelmeier-Becker,CDU/CSU,yes
1011,38836,Oliver Wittke,CDU/CSU,yes
1011,38838,Peter Wichtel,CDU/CSU,yes
1011,38841,Anja Weisgerber,CDU/CSU,yes
1011,38843,Sabine Weiss,CDU/CSU,yes
1011,38846,Peter Weiß,CDU/CSU,yes
1011,38849,Ingo Wellenreuther,CDU/CSU,yes
1011,38852,Karl-Georg Wellmann,CDU/CSU,yes
1011,38853,Marian Wendt,CDU/CSU,yes
1011,38854,Bernd Westphal,SPD,yes
1011,38855,Gabi Weber,SPD,yes
1011,38858,Kai Wegner,CDU/CSU,yes
1011,38859,Albert Weiler,CDU/CSU,yes
1011,38865,Marcus Weinberg,CDU/CSU,yes
1011,38868,Marco Wanderwitz,CDU/CSU,yes
1011,38874,Doris Wagner,DIE GRÜNEN,yes
1011,38877,Christel Voßbeck-Kayser,CDU/CSU,yes
1011,38878,Dirk Vöpel,SPD,yes
1011,38881,Christian von Stetten,CDU/CSU,yes
1011,38883,Ursula von der Leyen,CDU/CSU,yes
1011,38885,Hans-Georg von der Marwitz,CDU/CSU,yes
1011,38886,Matern von Marschall,CDU/CSU,yes
1011,38888,Oswin Veith,CDU/CSU,yes
1011,38890,Thomas Viesehon,CDU/CSU,yes
1011,38891,Michael Vietz,CDU/CSU,yes
1011,38894,Volkmar Vogel,CDU/CSU,yes
1011,38899,Ute Vogt,SPD,yes
1011,38902,Arnold Vaatz,CDU/CSU,yes
1011,38905,Volker Ullrich,CDU/CSU,yes
1011,44382,Hans-Peter Uhl,CDU/CSU,yes
1011,38908,Jürgen Trittin,DIE GRÜNEN,yes
1011,38914,Antje Tillmann,CDU/CSU,yes
1011,38915,Astrid Timmermann-Fechter,CDU/CSU,yes
1011,44265,Franz Thönnes,SPD,yes
1011,38916,Michael Thews,SPD,yes
1011,38922,Thomas Strobl,CDU/CSU,yes
1011,38925,Lena Strothmann,CDU/CSU,yes
1011,38928,Michael Stübgen,CDU/CSU,yes
1011,38929,Sabine Sütterlin-Waack,CDU/CSU,yes
1011,38936,Peter Tauber,CDU/CSU,yes
1011,38937,Claudia Tausend,SPD,yes
1011,38941,Karin Strenz,CDU/CSU,yes
1011,38944,Max Straubinger,CDU/CSU,yes
1011,38947,Christoph Strässer,SPD,yes
1011,38949,Stephan Stracke,CDU/CSU,yes
1011,38950,Rita Stockhofe,CDU/CSU,yes
1011,38953,Gero Storjohann,CDU/CSU,yes
1011,38955,Dieter Stier,CDU/CSU,yes
1011,38958,Albert Stegemann,CDU/CSU,yes
1011,38959,Peter Stein,CDU/CSU,yes
1011,44352,Erika Steinbach,CDU/CSU,yes
1011,38962,Peer Steinbrück,SPD,yes
1011,38963,Sebastian Steineke,CDU/CSU,yes
1011,38969,Wolfgang Stefinger,CDU/CSU,yes
1011,38971,Frank Steffel,CDU/CSU,yes
1011,38973,Carola Stauche,CDU/CSU,yes
1011,38974,Martina Stamm-Fibich,SPD,yes
1011,38975,Tino Sorge,CDU/CSU,yes
1011,38978,Jens Spahn,CDU/CSU,yes
1011,38979,Rainer Spiering,SPD,yes
1011,38980,Norbert Spinrath,SPD,yes
1011,38981,Svenja Stadler,SPD,yes
1011,38983,Armin Schuster,CDU/CSU,yes
1011,38986,Frank Schwabe,SPD,yes
1011,38988,Stefan Schwartze,SPD,yes
1011,38989,Andreas Schwarz,SPD,yes
1011,38992,Rita Schwarzelühr-Sutter,SPD,yes
1011,38993,Christina Schwarzer,CDU/CSU,yes
1011,38995,Kordula Schulz-Asche,DIE GRÜNEN,yes
1011,38996,Klaus-Peter Schulze,CDU/CSU,yes
1011,38999,Swen Schulz,SPD,yes
1011,44355,Bernhard Schulte-Drüggelte,CDU/CSU,yes
1011,39000,Ursula Schulte,SPD,yes
1011,39003,Ole Schröder,CDU/CSU,yes
1011,39006,Kristina Schröder,CDU/CSU,yes
1011,39008,Nadine Schön,CDU/CSU,yes
1011,39009,Matthias Schmidt,SPD,yes
1011,39012,Ulla Schmidt,SPD,yes
1011,39015,Carsten Schneider,SPD,yes
1011,39017,Annette Sawade,SPD,yes
1011,39018,Hans Joachim Schabedoth,SPD,yes
1011,39021,Anita Schäfer,CDU/CSU,yes
1011,39027,Elisabeth Scharfenberg,DIE GRÜNEN,yes
1011,39030,Wolfgang Schäuble,CDU/CSU,yes
1011,44370,Annette Schavan,CDU/CSU,yes
1011,39032,Nina Scheer,SPD,yes
1011,39035,Andreas Scheuer,CDU/CSU,yes
1011,44599,Gerhard Schick,DIE GRÜNEN,yes
1011,39038,Marianne Schieder,SPD,yes
1011,39039,Udo Schiefner,SPD,yes
1011,39042,Karl Schiewerling,CDU/CSU,yes
1011,39043,Jana Schimke,CDU/CSU,yes
1011,39048,Tankred Schipanski,CDU/CSU,yes
1011,39049,Johann Saathoff,SPD,yes
1011,39053,Manuel Sarrazin,DIE GRÜNEN,yes
1011,44384,Heiko Schmelzle,CDU/CSU,yes
1011,39061,Dorothee Schlegel,SPD,yes
1011,39064,Ernst Dieter Rossmann,SPD,yes
1011,39066,Tabea Rößner,DIE GRÜNEN,yes
1011,39069,Claudia Roth,DIE GRÜNEN,yes
1011,39072,Michael Roth,SPD,yes
1011,39076,Norbert Röttgen,CDU/CSU,yes
1011,39078,Erwin Rüddel,CDU/CSU,yes
1011,39085,Albert Rupprecht,CDU/CSU,yes
1011,39087,Bernd Rützel,SPD,yes
1011,39090,Johannes Röring,CDU/CSU,yes
1011,39091,Martin Rosemann,SPD,yes
1011,39094,René Röspel,SPD,yes
1011,39097,Mechthild Rawert,SPD,yes
1011,39099,Stefan Rebmann,SPD,yes
1011,39102,Eckhardt Rehberg,CDU/CSU,yes
1011,39105,Katherina Reiche,CDU/CSU,yes
1011,39108,Gerold Reichenbach,SPD,yes
1011,44576,Carola Reimann,SPD,yes
1011,39110,Lothar Riebsamen,CDU/CSU,yes
1011,39112,Josef Rief,CDU/CSU,yes
1011,44268,Heinz Riesenhuber,CDU/CSU,yes
1011,39113,Andreas Rimkus,SPD,yes
1011,39117,Dennis Rohde,SPD,yes
1011,39118,Alois Rainer,CDU/CSU,yes
1011,39121,Peter Ramsauer,CDU/CSU,yes
1011,39124,Alexander Radwan,CDU/CSU,yes
1011,39125,Kerstin Radomski,CDU/CSU,yes
1011,39128,Thomas Rachel,CDU/CSU,yes
1011,41170,Simone Raatz,SPD,yes
1011,39129,Martin Rabanus,SPD,yes
1011,39840,Ronald Pofalla,CDU/CSU,yes
1011,39133,Eckhard Pols,CDU/CSU,yes
1011,39134,Sabine Poschmann,SPD,yes
1011,44271,Joachim Poß,SPD,yes
1011,39135,Florian Post,SPD,yes
1011,39139,Brigitte Pothmer,DIE GRÜNEN,yes
1011,39145,Florian Pronold,SPD,yes
1011,39149,Ulrich Petzold,CDU/CSU,yes
1011,39152,Joachim Pfeiffer,CDU/CSU,yes
1011,39155,Sibylle Pfeiffer,CDU/CSU,yes
1011,39156,Jeannine Pflugradt,SPD,yes
1011,39157,Detlev Pilger,SPD,yes
1011,39163,Martin Pätzold,CDU/CSU,yes
1011,39164,Martin Patzelt,CDU/CSU,yes
1011,39166,Ingrid Pahlmann,CDU/CSU,yes
1011,39167,Sylvia Pantel,CDU/CSU,yes
1011,39170,Aydan Özoğuz,SPD,yes
1011,39172,Friedrich Ostendorff,DIE GRÜNEN,yes
1011,39173,Tim Ostermann,CDU/CSU,yes
1011,39176,Henning Otte,CDU/CSU,yes
1011,39178,Cem Özdemir,DIE GRÜNEN,yes
1011,39181,Omid Nouripour,DIE GRÜNEN,yes
1011,39182,Helmut Nowak,CDU/CSU,yes
1011,39185,Georg Nüßlein,CDU/CSU,yes
1011,39186,Wilfried Oellers,CDU/CSU,yes
1011,39189,Thomas Oppermann,SPD,yes
1011,39190,Florian Oßner,CDU/CSU,yes
1011,39192,Andreas Nick,CDU/CSU,yes
1011,39194,Dietmar Nietan,SPD,yes
1011,39195,Ulli Nissen,SPD,yes
1011,39198,Michaela Noll,CDU/CSU,yes
1011,39203,Stefan Müller,CDU/CSU,yes
1011,39205,Carsten Müller,CDU/CSU,yes
1011,39208,Michelle Müntefering,SPD,yes
1011,39210,Philipp Murmann,CDU/CSU,yes
1011,39215,Gerd Müller,CDU/CSU,yes
1011,41323,Elisabeth Motschmann,CDU/CSU,yes
1011,39219,Dietrich Monstadt,CDU/CSU,yes
1011,39220,Karsten Möring,CDU/CSU,yes
1011,39225,Philipp Mißfelder,CDU/CSU,yes
1011,39226,Susanne Mittag,SPD,yes
1011,39227,Klaus Mindrup,SPD,yes
1011,44274,Maria Michalk,CDU/CSU,yes
1011,39231,Hans Michelbach,CDU/CSU,yes
1011,39233,Mathias Middelberg,CDU/CSU,yes
1011,39236,Matthias Miersch,SPD,yes
1011,39239,Stephan Mayer,CDU/CSU,yes
1011,39242,Michael Meister,CDU/CSU,yes
1011,39246,Angela Merkel,CDU/CSU,yes
1011,39247,Gisela Manderla,CDU/CSU,yes
1011,39250,Caren Marks,SPD,yes
1011,39253,Katja Mast,SPD,yes
1011,39255,Andreas Mattfeldt,CDU/CSU,yes
1011,39258,Thomas Mahlberg,CDU/CSU,yes
1011,39260,Karin Maag,CDU/CSU,yes
1011,39262,Kirsten Lühmann,SPD,yes
1011,39265,Daniela Ludwig,CDU/CSU,yes
1011,39267,Jan-Marco Luczak,CDU/CSU,yes
1011,39268,Claudia Lücking-Michel,CDU/CSU,yes
1011,39270,Carsten Linnemann,CDU/CSU,yes
1011,39273,Patricia Lips,CDU/CSU,yes
1011,39276,Wilfried Lorenz,CDU/CSU,yes
1011,44358,Gabriele Lösekrug-Möller,SPD,yes
1011,39277,Hiltrud Lotze,SPD,yes
1011,44906,Ingbert Liebing,CDU/CSU,yes
1011,39279,Matthias Lietz,CDU/CSU,yes
1011,39280,Andrea Lindholz,CDU/CSU,yes
1011,39282,Tobias Lindner,DIE GRÜNEN,yes
1011,39283,Andreas Lenz,CDU/CSU,yes
1011,39287,Antje Lezius,CDU/CSU,yes
1011,39292,Steffi Lemke,DIE GRÜNEN,yes
1011,39294,Steffen-Claudio Lemme,SPD,yes
1011,39295,Philipp Lengsfeld,CDU/CSU,yes
1011,39300,Paul Lehrieder,CDU/CSU,yes
1011,39307,Günter Lach,CDU/CSU,yes
1011,39308,Uwe Lagosky,CDU/CSU,yes
1011,39311,Christine Lambrecht,SPD,yes
1011,39314,Karl A. Lamers,CDU/CSU,yes
1011,39317,Andreas Lämmel,CDU/CSU,yes
1011,39320,Norbert Lammert,CDU/CSU,yes
1011,39323,Katharina Landgraf,CDU/CSU,yes
1011,39326,Christian Lange,SPD,yes
1011,39328,Ulrich Lange,CDU/CSU,yes
1011,39337,Renate Künast,DIE GRÜNEN,yes
1011,39338,Roy Kühne,CDU/CSU,yes
1011,39340,Bettina Kudla,CDU/CSU,yes
1011,39343,Stephan Kühn,DIE GRÜNEN,yes
1011,44276,Helga Kühn-Mengel,SPD,yes
1011,39346,Anette Kramme,SPD,yes
1011,39351,Michael Kretschmer,CDU/CSU,yes
1011,39354,Gunther Krichbaum,CDU/CSU,yes
1011,39357,Günter Krings,CDU/CSU,yes
1011,39359,Oliver Krischer,DIE GRÜNEN,yes
1011,39361,Hans-Ulrich Krüger,SPD,yes
1011,39365,Rüdiger Kruse,CDU/CSU,yes
1011,39370,Tom Koenigs,DIE GRÜNEN,yes
1011,39373,Jens Koeppen,CDU/CSU,yes
1011,39376,Bärbel Kofler,SPD,yes
1011,39379,Birgit Kömpel,SPD,yes
1011,39380,Markus Koob,CDU/CSU,yes
1011,39381,Carsten Körber,CDU/CSU,yes
1011,39383,Axel Knoerig,CDU/CSU,yes
1011,39387,Lars Klingbeil,SPD,yes
1011,39388,Georg Kippels,CDU/CSU,yes
1011,39393,Arno Klare,SPD,yes
1011,39395,Roderich Kiesewetter,CDU/CSU,yes
1011,39398,Marina Kermer,SPD,yes
1011,39399,Anja Karliczek,CDU/CSU,yes
1011,39403,Bernhard Kaster,CDU/CSU,yes
1011,39404,Gabriele Katzmarek,SPD,yes
1011,39407,Volker Kauder,CDU/CSU,yes
1011,39409,Stefan Kaufmann,CDU/CSU,yes
1011,44770,Ulrich Kelber,SPD,yes
1011,39412,Steffen Kanitz,CDU/CSU,yes
1011,39413,Ralf Kapschack,SPD,yes
1011,39417,Alois Karl,CDU/CSU,yes
1011,39418,Christina Kampmann,SPD,yes
1011,39421,Steffen Kampeter,CDU/CSU,yes
1011,39424,Hans-Werner Kammer,CDU/CSU,yes
1011,39427,Johannes Kahrs,SPD,yes
1011,39429,Egon Jüttner,CDU/CSU,yes
1011,39432,Josip Juratovic,SPD,yes
1011,39434,Thomas Jurk,SPD,yes
1011,39435,Frank Junge,SPD,yes
1011,39436,Xaver Jung,CDU/CSU,yes
1011,39439,Franz-Josef Jung,CDU/CSU,yes
1011,39442,Hubert Hüppe,CDU/CSU,yes
1011,39443,Matthias Ilgen,SPD,yes
1011,39444,Erich Irlstorfer,CDU/CSU,yes
1011,39445,Dieter Janecek,DIE GRÜNEN,yes
1011,39446,Christina Jantz-Herrmann,SPD,yes
1011,39449,Thomas Jarzombek,CDU/CSU,yes
1011,45214,Bettina Hornhues,CDU/CSU,yes
1011,39450,Karl-Heinz (Charles M.) Huber,CDU/CSU,yes
1011,39453,Anette Hübinger,CDU/CSU,yes
1011,39461,Eva Högl,SPD,yes
1011,39463,Karl Holmeier,CDU/CSU,yes
1011,39466,Franz-Josef Holzenkamp,CDU/CSU,yes
1011,39467,Hendrik Hoppenstedt,CDU/CSU,yes
1011,39470,Anton Hofreiter,DIE GRÜNEN,yes
1011,39471,Alexander Hoffmann,CDU/CSU,yes
1011,39474,Robert Hochbaum,CDU/CSU,yes
1011,39475,Heribert Hirte,CDU/CSU,yes
1011,39476,Marcus Held,SPD,yes
1011,39477,Mark Helfrich,CDU/CSU,yes
1011,39481,Wolfgang Hellmich,SPD,yes
1011,39482,Jörg Hellmuth,CDU/CSU,yes
1011,39485,Barbara Hendricks,SPD,yes
1011,39488,Rudolf Henke,CDU/CSU,yes
1011,39491,Michael Hennrich,CDU/CSU,yes
1011,39494,Gustav Herzog,SPD,yes
1011,39496,Ansgar Heveling,CDU/CSU,yes
1011,39502,Peter Hintze,CDU/CSU,yes
1011,39506,Stefan Heck,CDU/CSU,yes
1011,39507,Dirk Heidenblut,SPD,yes
1011,39509,Matthias Heider,CDU/CSU,yes
1011,39511,Helmut Heiderich,CDU/CSU,yes
1011,39514,Hubertus Heil,SPD,yes
1011,39516,Mechthild Heil,CDU/CSU,yes
1011,39520,Frank Heinrich,CDU/CSU,yes
1011,39521,Gabriela Heinrich,SPD,yes
1011,39522,Mark Hauptmann,CDU/CSU,yes
1011,39523,Matthias Hauer,CDU/CSU,yes
1011,44387,Michael Hartmann,SPD,yes
1011,39526,Gerda Hasselfeldt,CDU/CSU,yes
1011,39529,Britta Haßelmann,DIE GRÜNEN,yes
1011,39530,Sebastian Hartmann,SPD,yes
1011,39533,Metin Hakverdi,SPD,yes
1011,39537,Florian Hahn,CDU/CSU,yes
1011,39540,Anja Hajduk,DIE GRÜNEN,yes
1011,39541,Rita Hagl-Kehl,SPD,yes
1011,39542,Christian Haase,CDU/CSU,yes
1011,39545,Bettina Hagedorn,SPD,yes
1011,39550,Fritz Güntzler,CDU/CSU,yes
1011,39554,Herlind Gundelach,CDU/CSU,yes
1011,39559,Astrid Grotelüschen,CDU/CSU,yes
1011,39562,Uli Grötsch,SPD,yes
1011,39565,Markus Grübel,CDU/CSU,yes
1011,39568,Manfred Grund,CDU/CSU,yes
1011,39569,Oliver Grundmann,CDU/CSU,yes
1011,39572,Monika Grütters,CDU/CSU,yes
1011,40911,Michael Grosse-Brömer,CDU/CSU,yes
1011,39577,Kerstin Griese,SPD,yes
1011,39579,Philipp Graf von und zu Lerchenfeld,CDU/CSU,yes
1011,39582,Ulrike Gottschalck,SPD,yes
1011,39587,Iris Gleicke,SPD,yes
1011,39588,Cemile Giousouf,CDU/CSU,yes
1011,39591,Martin Gerster,SPD,yes
1011,39594,Eberhard Gienger,CDU/CSU,yes
1011,39597,Kai Gehring,DIE GRÜNEN,yes
1011,39599,Michael Gerdes,SPD,yes
1011,39601,Alois Gerig,CDU/CSU,yes
1011,39606,Ingo Gädechens,CDU/CSU,yes
1011,39608,Thomas Gambke,DIE GRÜNEN,yes
1011,39614,Thomas Gebhart,CDU/CSU,yes
1011,39616,Alexander Funk,CDU/CSU,yes
1011,39619,Hans-Peter Friedrich,CDU/CSU,yes
1011,39621,Michael Frieser,CDU/CSU,yes
1011,39625,Michael Fuchs,CDU/CSU,yes
1011,39628,Dagmar Freitag,SPD,yes
1011,39629,Christian Flisek,SPD,yes
1011,44390,Klaus-Peter Flosbach,CDU/CSU,yes
1011,39632,Gabriele Fograscher,SPD,yes
1011,39634,Edgar Franke,SPD,yes
1011,39636,Thorsten Frei,CDU/CSU,yes
1011,39639,Dirk Fischer,CDU/CSU,yes
1011,39642,Maria Flachsbarth,CDU/CSU,yes
1011,43872,Axel Eduard Fischer,CDU/CSU,yes
1011,39645,Ingrid Fischbach,CDU/CSU,yes
1011,39651,Petra Ernstberger,SPD,yes
1011,39652,Saskia Esken,SPD,yes
1011,39655,Karin Evers-Meyer,SPD,yes
1011,39656,Hermann Färber,CDU/CSU,yes
1011,39657,Johannes Fechner,SPD,yes
1011,39658,Uwe Feiler,CDU/CSU,yes
1011,39659,Fritz Felgentreu,SPD,yes
1011,39662,Enak Ferlemann,CDU/CSU,yes
1011,44393,Elke Ferner,SPD,yes
1011,39664,Michael Donth,CDU/CSU,yes
1011,39667,Thomas Dörflinger,CDU/CSU,yes
1011,39670,Martin Dörmann,SPD,yes
1011,39675,Marie-Luise Dött,CDU/CSU,yes
1011,40684,Elvira Drobinski-Weiß,SPD,yes
1011,39677,Hansjörg Durz,CDU/CSU,yes
1011,39680,Jutta Eckenbach,CDU/CSU,yes
1011,39683,Ekin Deligöz,DIE GRÜNEN,yes
1011,39684,Karamba Diaby,SPD,yes
1011,39686,Alexandra Dinges-Dierig,CDU/CSU,yes
1011,39688,Sabine Dittmar,SPD,yes
1011,39691,Alexander Dobrindt,CDU/CSU,yes
1011,39692,Kees de Vries,CDU/CSU,yes
1011,39694,Thomas de Maizière,CDU/CSU,yes
1011,39695,Daniela De Ridder,SPD,yes
1011,39696,Lars Castellucci,SPD,yes
1011,39702,Gitta Connemann,CDU/CSU,yes
1011,39704,Petra Crone,SPD,yes
1011,39708,Bernhard Daldrup,SPD,yes
1011,39715,Cajus Caesar,CDU/CSU,yes
1011,39718,Martin Burkert,SPD,yes
1011,39724,Edelgard Bulmahn,SPD,yes
1011,39726,Reinhard Brandl,CDU/CSU,yes
1011,39729,Helmut Brandt,CDU/CSU,yes
1011,44283,Ralf Brauksiepe,CDU/CSU,yes
1011,39736,Helge Braun,CDU/CSU,yes
1011,39738,Heike Brehmer,CDU/CSU,yes
1011,39740,Ralph Brinkhaus,CDU/CSU,yes
1011,39743,Peter Bleser,CDU/CSU,yes
1011,39744,Burkhard Blienert,SPD,yes
1011,44361,Maria Böhmer,CDU/CSU,yes
1011,39750,Wolfgang Bosbach,CDU/CSU,yes
1011,39752,Norbert Brackmann,CDU/CSU,yes
1011,39755,Klaus Brähmig,CDU/CSU,yes
1011,39758,Clemens Binninger,CDU/CSU,yes
1011,39761,Lothar Binding,SPD,yes
1011,39763,Steffen Bilger,CDU/CSU,yes
1011,39768,Peter Beyer,CDU/CSU,yes
1011,39769,André Berghegger,CDU/CSU,yes
1011,39772,Christoph Bergner,CDU/CSU,yes
1011,39773,Sybille Benning,CDU/CSU,yes
1011,39776,Veronika Bellmann,CDU/CSU,yes
1011,39778,Manfred Behrens,CDU/CSU,yes
1011,39779,Maik Beermann,CDU/CSU,yes
1011,44287,Uwe Beckmeyer,SPD,yes
1011,39787,Helmut Günter Baumann,CDU/CSU,yes
1011,39793,Volker Beck,DIE GRÜNEN,yes
1011,44396,Dirk Becker,SPD,yes
1011,39796,Doris Barnett,SPD,yes
1011,44290,Hans-Peter Bartels,SPD,yes
1011,39805,Thomas Bareiß,CDU/CSU,yes
1011,44644,Katarina Barley,SPD,yes
1011,39807,Heinz-Joachim Barchmann,SPD,yes
1011,39810,Dorothee Bär,CDU/CSU,yes
1011,43777,Luise Amtsberg,DIE GRÜNEN,yes
1011,39813,Kerstin Andreae,DIE GRÜNEN,yes
1011,39815,Niels Annen,SPD,yes
1011,39818,Ingrid Arndt-Brauer,SPD,yes
1011,44364,Rainer Arnold,SPD,yes
1011,39819,Heike Baehrens,SPD,yes
1011,39820,Annalena Baerbock,DIE GRÜNEN,yes
1011,39821,Stephan Albani,CDU/CSU,yes
1011,44367,Gabriele Groneberg,SPD,yes
1011,38630,Diether Dehm,DIE LINKE,no
1011,38656,Alexander Ulrich,DIE LINKE,no
1011,44253,Hans-Christian Ströbele,DIE GRÜNEN,no
1011,38666,Petra Sitte,DIE LINKE,no
1011,38705,Hilde Mattheis,SPD,no
1011,38708,Gesine Lötzsch,DIE LINKE,no
1011,38715,Sylvia Kotting-Uhl,DIE GRÜNEN,no
1011,38718,Jan Korte,DIE LINKE,no
1011,38730,Heike Hänsel,DIE LINKE,no
1011,38739,Ulla Jelpke,DIE LINKE,no
1011,38766,Christine Buchholz,DIE LINKE,no
1011,38772,Matthias W. Birkwald,DIE LINKE,no
1011,38782,Thomas Lutze,DIE LINKE,no
1011,38790,Martina Renner,DIE LINKE,no
1011,38804,Pia Zimmermann,DIE LINKE,no
1011,38809,Hubertus Zdebel,DIE LINKE,no
1011,38815,Waltraud Wolff,SPD,no
1011,38817,Birgit Wöllert,DIE LINKE,no
1011,38820,Jörn Wunderlich,DIE LINKE,no
1011,43581,Katrin Werner,DIE LINKE,no
1011,38870,Halina Wawzyniak,DIE LINKE,no
1011,38873,Sahra Wagenknecht,DIE LINKE,no
1011,38896,Kathrin Vogler,DIE LINKE,no
1011,38911,Axel Troost,DIE LINKE,no
1011,38919,Harald Terpe,DIE GRÜNEN,no
1011,38931,Kerstin Tack,SPD,no
1011,38934,Kirsten Tackmann,DIE LINKE,no
1011,44383,Azize Tank,DIE LINKE,no
1011,45916,Frank Tempel,DIE LINKE,no
1011,38966,Kersten Steinke,DIE LINKE,no
1011,39046,Norbert Schindler,CDU/CSU,no
1011,39081,Rüdiger Veit,SPD,no
1011,39082,Corinna Rüffer,DIE GRÜNEN,no
1011,39131,Richard Pitterle,DIE LINKE,no
1011,39142,Wilhelm Priesmeier,SPD,no
1011,39146,Harald Petzold,DIE LINKE,no
1011,39159,Lisa Paus,DIE GRÜNEN,no
1011,39162,Petra Pau,DIE LINKE,no
1011,39191,Alexander S. Neu,DIE LINKE,no
1011,39200,Thomas Nord,DIE LINKE,no
1011,39207,Beate Müller-Gemmeke,DIE GRÜNEN,no
1011,39217,Niema Movassat,DIE LINKE,no
1011,39222,Cornelia Möhring,DIE LINKE,no
1011,39243,Peter Meiwald,DIE GRÜNEN,no
1011,39864,Andreas Schockenhoff,CDU/CSU,yes
1011,38626,Jens Zimmermann,SPD,yes
1011,38627,Yvonne Magwas,CDU/CSU,yes
1011,38631,Barbara Woltmann,CDU/CSU,yes
1011,38632,Heinrich Zertik,CDU/CSU,yes
1011,38633,Johannes Steiniger,CDU/CSU,yes
1011,38634,Kordula Kovac,CDU/CSU,yes
1011,38635,Astrid Freudenstein,CDU/CSU,yes
1011,38636,Julia Obermeier,CDU/CSU,yes
1011,38637,Gudrun Zollner,CDU/CSU,yes
1011,38638,Heidtrud Henn,SPD,yes
1011,38639,Heinz Wiese,CDU/CSU,yes
1011,38640,Gabriele Schmidt,CDU/CSU,yes
1011,38641,Nina Warken,CDU/CSU,yes
1011,38642,Margaret Horb,CDU/CSU,yes
1011,38643,Bernd-Bernhard Fabritius,CDU/CSU,yes
1011,38644,Reiner Meier,CDU/CSU,yes
1011,38646,Matthäus Strebl,CDU/CSU,yes
1011,38647,Artur Auernhammer,CDU/CSU,yes
1011,38648,Tobias Zech,CDU/CSU,yes
1011,38649,Silke Launert,CDU/CSU,yes
1011,38650,Barbara Lanzinger,CDU/CSU,yes
1011,45245,Katrin Albsteiger,CDU/CSU,yes
1011,38653,Peter Altmaier,CDU/CSU,yes
1011,38657,Kai Whittaker,CDU/CSU,yes
1011,38659,Johann Wadephul,CDU/CSU,yes
1011,38661,Konstantin von Notz,DIE GRÜNEN,yes
1011,38662,Sven Volmering,CDU/CSU,yes
1011,38663,Carsten Träger,SPD,yes
1011,39835,Wolfgang Tiefensee,SPD,yes
1011,38668,Detlef Seif,CDU/CSU,yes
1011,38670,Johannes Selle,CDU/CSU,yes
1011,38673,Reinhold Sendker,CDU/CSU,yes
1011,38675,Patrick Sensburg,CDU/CSU,yes
1011,43859,Bernd Siebert,CDU/CSU,yes
1011,45213,Carsten Sieling,SPD,yes
1011,38678,Thomas Silberhorn,CDU/CSU,yes
1011,38681,Johannes Singhammer,CDU/CSU,yes
1011,38684,Uwe Schummer,CDU/CSU,yes
1011,38685,Mahmut Özdemir,SPD,yes
1011,38688,Frithjof Schmidt,DIE GRÜNEN,yes
1011,38690,Patrick Schnieder,CDU/CSU,yes
1011,39286,Michael Leutert,DIE LINKE,no
1011,39289,Stefan Liebich,DIE LINKE,no
1011,39291,Ralph Lenkert,DIE LINKE,no
1011,39297,Sabine Leidig,DIE LINKE,no
1011,39303,Monika Lazar,DIE GRÜNEN,no
1011,39305,Caren Lay,DIE LINKE,no
1011,39334,Katrin Kunert,DIE LINKE,no
1011,39341,Christian Kühn,DIE GRÜNEN,no
1011,39348,Jutta Krellmann,DIE LINKE,no
1011,39378,Daniela Kolbe,SPD,no
1011,39391,Katja Kipping,DIE LINKE,no
1011,39392,Cansel Kiziltepe,SPD,no
1011,39400,Kerstin Kassner,DIE LINKE,no
1011,39414,Susanna Karawanskij,DIE LINKE,no
1011,39455,Andrej Hunko,DIE LINKE,no
1011,45897,Sigrid Hupach,DIE LINKE,no
1011,39458,Inge Höger,DIE LINKE,no
1011,39499,Gabriele Hiller-Ohm,SPD,no
1011,39505,Petra Hinz,SPD,no
1011,39518,Rosemarie Hein,DIE LINKE,no
1011,39535,André Hahn,DIE LINKE,no
1011,39548,Gregor Gysi,DIE LINKE,no
1011,39557,Wolfgang Gunkel,SPD,no
1011,39561,Annette Groth,DIE LINKE,no
1011,39574,Michael Groß,SPD,no
1011,44293,Diana Golze,DIE LINKE,no
1011,39584,Nicole Gohlke,DIE LINKE,no
1011,41043,Wolfgang Gehrcke-Reymann,DIE LINKE,no
1011,39648,Klaus Ernst,DIE LINKE,no
1011,39663,Ute Finckh-Krämer,SPD,no
1011,39699,Roland Claus,DIE LINKE,no
1011,39711,Marco Bülow,SPD,no
1011,39721,Eva Bulling-Schröter,DIE LINKE,no
1011,39747,Heidrun Bluhm-Förster,DIE LINKE,no
1011,39766,Karin Binder,DIE LINKE,no
1011,39782,Dietmar Bartsch,DIE LINKE,no
1011,39784,Bärbel Bas,SPD,no
1011,39799,Klaus Barthel,SPD,no
1011,39822,Christian Petry,SPD,no
1011,39825,Wolfgang Strengmann-Kuhn,DIE GRÜNEN,no
1011,38723,Sven-Christian Kindler,DIE GRÜNEN,abstain
1011,38764,Agnieszka Brugger,DIE GRÜNEN,abstain
1011,38889,Julia Verlinden,DIE GRÜNEN,abstain
1011,38968,Sonja Steffen,SPD,abstain
1011,44592,Ewald Schurer,SPD,abstain
1011,39031,Ulle Schauws,DIE GRÜNEN,abstain
1011,39116,Sönke Rix,SPD,abstain
1011,39212,Özcan Mutlu,DIE GRÜNEN,abstain
1011,39228,Irene Mihalic,DIE GRÜNEN,abstain
1011,39385,Maria Klein-Schmeink,DIE GRÜNEN,abstain
1011,39397,Katja Keul,DIE GRÜNEN,abstain
1011,39411,Uwe Kekeritz,DIE GRÜNEN,abstain
1011,44280,Bärbel Höhn,DIE GRÜNEN,abstain
1011,39609,Matthias Gastel,DIE GRÜNEN,abstain
1011,39672,Katja Dörner,DIE GRÜNEN,abstain
1011,39676,Katharina Dröge,DIE GRÜNEN,abstain
1011,39679,Harald Ebner,DIE GRÜNEN,abstain
1011,44256,Nicole Maisch,DIE GRÜNEN,no_show
1011,38736,Christian Hirte,CDU/CSU,no_show
1011,39837,Agnes Alpers,DIE LINKE,no_show
1011,38795,Sabine Zimmermann,DIE LINKE,no_show
1011,38802,Herbert Behrens,DIE LINKE,no_show
1011,38861,Harald Weinberg,DIE LINKE,no_show
1011,38876,Beate Walter-Rosenheimer,DIE GRÜNEN,no_show
1011,38904,Jan van Aken,DIE LINKE,no_show
1011,38939,Thomas Stritzl,CDU/CSU,no_show
1011,38957,Frank-Walter Steinmeier,SPD,no_show
1011,39024,Axel Schäfer,SPD,no_show
1011,39056,Christian Schmidt,CDU/CSU,no_show
1011,39058,Dagmar Schmidt,SPD,no_show
1011,39060,Michael Schlecht,DIE LINKE,no_show
1011,39086,Susann Rüthrich,SPD,no_show
1011,39136,Achim Post,SPD,no_show
1011,39165,Markus Paschke,SPD,no_show
1011,39256,Birgit Malecha-Nissen,SPD,no_show
1011,39275,Burkhard Lischka,SPD,no_show
1011,39331,Karl Lauterbach,SPD,no_show
1011,39368,Hartmut Koschyk,CDU/CSU,no_show
1011,39479,Uda Heller,CDU/CSU,no_show
1011,39553,Olav Gutting,CDU/CSU,no_show
1011,39604,Sigmar Gabriel,SPD,no_show
1011,39612,Peter Gauweiler,CDU/CSU,no_show
1011,39635,Ulrich Freese,SPD,no_show
1011,39707,Sevim Dağdelen,DIE LINKE,no_show
1011,39731,Franziska Brantner,DIE GRÜNEN,no_show
1011,39734,Willi Brase,SPD,no_show
1011,39852,Sabine Bätzing-Lichtenthäler,SPD,no_show
1011,39790,Marieluise Beck,DIE GRÜNEN,no_show
1011,39802,Norbert Barthle,CDU/CSU,no_show
1082,39782,Dietmar Bartsch,DIE LINKE,no
1082,39793,Volker Beck,DIE GRÜNEN,no
1082,39799,Klaus Barthel,SPD,no
1082,39825,Wolfgang Strengmann-Kuhn,DIE GRÜNEN,no
1082,38661,Konstantin von Notz,DIE GRÜNEN,abstain
1082,38715,Sylvia Kotting-Uhl,DIE GRÜNEN,abstain
1082,38780,Katrin Göring-Eckardt,DIE GRÜNEN,abstain
1082,38800,Markus Tressel,DIE GRÜNEN,abstain
1082,38995,Kordula Schulz-Asche,DIE GRÜNEN,abstain
1082,38999,Swen Schulz,SPD,abstain
1082,39027,Elisabeth Scharfenberg,DIE GRÜNEN,abstain
1082,39066,Tabea Rößner,DIE GRÜNEN,abstain
1082,39172,Friedrich Ostendorff,DIE GRÜNEN,abstain
1082,39282,Tobias Lindner,DIE GRÜNEN,abstain
1082,39337,Renate Künast,DIE GRÜNEN,abstain
1082,39529,Britta Haßelmann,DIE GRÜNEN,abstain
1082,39597,Kai Gehring,DIE GRÜNEN,abstain
1082,39683,Ekin Deligöz,DIE GRÜNEN,abstain
1082,39731,Franziska Brantner,DIE GRÜNEN,abstain
1082,43777,Luise Amtsberg,DIE GRÜNEN,abstain
1082,39813,Kerstin Andreae,DIE GRÜNEN,abstain
1082,39820,Annalena Baerbock,DIE GRÜNEN,abstain
1082,38630,Diether Dehm,DIE LINKE,no_show
1082,38634,Kordula Kovac,CDU/CSU,no_show
1082,38726,Oliver Kaczmarek,SPD,no_show
1082,38759,Siegmund Ehrmann,SPD,no_show
1082,38766,Christine Buchholz,DIE LINKE,no_show
1082,39837,Agnes Alpers,DIE LINKE,no_show
1082,38790,Martina Renner,DIE LINKE,no_show
1082,38852,Karl-Georg Wellmann,CDU/CSU,no_show
1082,38861,Harald Weinberg,DIE LINKE,no_show
1082,38873,Sahra Wagenknecht,DIE LINKE,no_show
1082,38876,Beate Walter-Rosenheimer,DIE GRÜNEN,no_show
1082,38899,Ute Vogt,SPD,no_show
1082,44383,Azize Tank,DIE LINKE,no_show
1082,39008,Nadine Schön,CDU/CSU,no_show
1082,44599,Gerhard Schick,DIE GRÜNEN,no_show
1082,39042,Karl Schiewerling,CDU/CSU,no_show
1082,39121,Peter Ramsauer,CDU/CSU,no_show
1082,39157,Detlev Pilger,SPD,no_show
1082,39170,Aydan Özoğuz,SPD,no_show
1082,39246,Angela Merkel,CDU/CSU,no_show
1082,39314,Karl A. Lamers,CDU/CSU,no_show
1082,39348,Jutta Krellmann,DIE LINKE,no_show
1082,39361,Hans-Ulrich Krüger,SPD,no_show
1082,39421,Steffen Kampeter,CDU/CSU,no_show
1082,39444,Erich Irlstorfer,CDU/CSU,no_show
1082,39449,Thomas Jarzombek,CDU/CSU,no_show
1082,39502,Peter Hintze,CDU/CSU,no_show
1082,39540,Anja Hajduk,DIE GRÜNEN,no_show
1082,39584,Nicole Gohlke,DIE LINKE,no_show
1082,39604,Sigmar Gabriel,SPD,no_show
1082,39612,Peter Gauweiler,CDU/CSU,no_show
1082,39634,Edgar Franke,SPD,no_show
1082,43872,Axel Eduard Fischer,CDU/CSU,no_show
1082,39694,Thomas de Maizière,CDU/CSU,no_show
1082,39707,Sevim Dağdelen,DIE LINKE,no_show
1082,44396,Dirk Becker,SPD,no_show
1082,39822,Christian Petry,SPD,no_show
1082,38626,Jens Zimmermann,SPD,yes
1082,38627,Yvonne Magwas,CDU/CSU,yes
1082,38631,Barbara Woltmann,CDU/CSU,yes
1082,38632,Heinrich Zertik,CDU/CSU,yes
1082,38633,Johannes Steiniger,CDU/CSU,yes
1082,38635,Astrid Freudenstein,CDU/CSU,yes
1082,38636,Julia Obermeier,CDU/CSU,yes
1082,38637,Gudrun Zollner,CDU/CSU,yes
1082,38638,Heidtrud Henn,SPD,yes
1082,38639,Heinz Wiese,CDU/CSU,yes
1082,38640,Gabriele Schmidt,CDU/CSU,yes
1082,38641,Nina Warken,CDU/CSU,yes
1082,38642,Margaret Horb,CDU/CSU,yes
1082,38643,Bernd-Bernhard Fabritius,CDU/CSU,yes
1082,38644,Reiner Meier,CDU/CSU,yes
1082,38646,Matthäus Strebl,CDU/CSU,yes
1082,38647,Artur Auernhammer,CDU/CSU,yes
1082,38648,Tobias Zech,CDU/CSU,yes
1082,38649,Silke Launert,CDU/CSU,yes
1082,38650,Barbara Lanzinger,CDU/CSU,yes
1082,45245,Katrin Albsteiger,CDU/CSU,yes
1082,38653,Peter Altmaier,CDU/CSU,yes
1082,38657,Kai Whittaker,CDU/CSU,yes
1082,38659,Johann Wadephul,CDU/CSU,yes
1082,38662,Sven Volmering,CDU/CSU,yes
1082,38663,Carsten Träger,SPD,yes
1082,38668,Detlef Seif,CDU/CSU,yes
1082,38670,Johannes Selle,CDU/CSU,yes
1082,38673,Reinhold Sendker,CDU/CSU,yes
1082,38675,Patrick Sensburg,CDU/CSU,yes
1082,43859,Bernd Siebert,CDU/CSU,yes
1082,45213,Carsten Sieling,SPD,yes
1082,38678,Thomas Silberhorn,CDU/CSU,yes
1082,38681,Johannes Singhammer,CDU/CSU,yes
1082,38684,Uwe Schummer,CDU/CSU,yes
1082,38685,Mahmut Özdemir,SPD,yes
1082,38690,Patrick Schnieder,CDU/CSU,yes
1082,38693,Rolf Mützenich,SPD,yes
1082,38696,Andrea Nahles,SPD,yes
1082,38697,Bettina Müller,SPD,yes
1082,38700,Marlene Mortler,CDU/CSU,yes
1082,38702,Jan Metzler,CDU/CSU,yes
1082,44256,Nicole Maisch,DIE GRÜNEN,yes
1082,38709,Katja Leikert,CDU/CSU,yes
1082,38721,Volkmar Klein,CDU/CSU,yes
1082,38724,Sylvia Jörrißen,CDU/CSU,yes
1082,44259,Bartholomäus Kalb,CDU/CSU,yes
1082,38727,Ulrich Hampel,SPD,yes
1082,44766,Stephan Harbarth,CDU/CSU,yes
1082,38732,Jürgen Hardt,CDU/CSU,yes
1082,38733,Thomas Hitschler,SPD,yes
1082,38736,Christian Hirte,CDU/CSU,yes
1082,38743,Andreas Jung,CDU/CSU,yes
1082,38746,Reinhard Grindel,CDU/CSU,yes
1082,38747,Ursula Groden-Kranich,CDU/CSU,yes
1082,38750,Hermann Gröhe,CDU/CSU,yes
1082,38751,Klaus-Dieter Gröhler,CDU/CSU,yes
1082,44349,Josef Göppel,CDU/CSU,yes
1082,38754,Hans-Joachim Fuchtel,CDU/CSU,yes
1082,38756,Thomas Feist,CDU/CSU,yes
1082,40915,Michaela Engelmeier,SPD,yes
1082,38762,Gernot Erler,SPD,yes
1082,38767,Karl-Heinz Brunner,SPD,yes
1082,38770,Michael Brand,CDU/CSU,yes
1082,38773,Ulrike Bahr,SPD,yes
1082,38776,Sören Bartol,SPD,yes
1082,38777,Matthias Bartke,SPD,yes
1082,38785,Jürgen Klimke,CDU/CSU,yes
1082,38786,Ute Bertram,CDU/CSU,yes
1082,38789,Sascha Raabe,SPD,yes
1082,38792,Matthias Zimmer,CDU/CSU,yes
1082,38798,Manfred Zöllmer,SPD,yes
1082,44262,Brigitte Zypries,SPD,yes
1082,38805,Stefan Zierke,SPD,yes
1082,38807,Dagmar Ziegler,SPD,yes
1082,38808,Emmi Zeulner,CDU/CSU,yes
1082,38812,Dagmar Wöhrl,CDU/CSU,yes
1082,38821,Gülistan Yüksel,SPD,yes
1082,38824,Andrea Wicklein,SPD,yes
1082,40538,Annette Widmann-Mauz,CDU/CSU,yes
1082,38825,Dirk Wiese,SPD,yes
1082,38828,Klaus-Peter Willsch,CDU/CSU,yes
1082,38830,Valerie Wilms,DIE GRÜNEN,yes
1082,38833,Elisabeth Winkelmeier-Becker,CDU/CSU,yes
1082,38836,Oliver Wittke,CDU/CSU,yes
1082,38838,Peter Wichtel,CDU/CSU,yes
1082,38841,Anja Weisgerber,CDU/CSU,yes
1082,38843,Sabine Weiss,CDU/CSU,yes
1082,38846,Peter Weiß,CDU/CSU,yes
1082,38849,Ingo Wellenreuther,CDU/CSU,yes
1082,38853,Marian Wendt,CDU/CSU,yes
1082,38854,Bernd Westphal,SPD,yes
1082,38855,Gabi Weber,SPD,yes
1082,38858,Kai Wegner,CDU/CSU,yes
1082,38859,Albert Weiler,CDU/CSU,yes
1082,38865,Marcus Weinberg,CDU/CSU,yes
1082,38868,Marco Wanderwitz,CDU/CSU,yes
1082,38874,Doris Wagner,DIE GRÜNEN,yes
1082,38877,Christel Voßbeck-Kayser,CDU/CSU,yes
1082,38878,Dirk Vöpel,SPD,yes
1082,38881,Christian von Stetten,CDU/CSU,yes
1082,38883,Ursula von der Leyen,CDU/CSU,yes
1082,38885,Hans-Georg von der Marwitz,CDU/CSU,yes
1082,38886,Matern von Marschall,CDU/CSU,yes
1082,38888,Oswin Veith,CDU/CSU,yes
1082,38890,Thomas Viesehon,CDU/CSU,yes
1082,38891,Michael Vietz,CDU/CSU,yes
1082,38894,Volkmar Vogel,CDU/CSU,yes
1082,38902,Arnold Vaatz,CDU/CSU,yes
1082,38905,Volker Ullrich,CDU/CSU,yes
1082,44382,Hans-Peter Uhl,CDU/CSU,yes
1082,38914,Antje Tillmann,CDU/CSU,yes
1082,38915,Astrid Timmermann-Fechter,CDU/CSU,yes
1082,44265,Franz Thönnes,SPD,yes
1082,38916,Michael Thews,SPD,yes
1082,38922,Thomas Strobl,CDU/CSU,yes
1082,38925,Lena Strothmann,CDU/CSU,yes
1082,38928,Michael Stübgen,CDU/CSU,yes
1082,38929,Sabine Sütterlin-Waack,CDU/CSU,yes
1082,38931,Kerstin Tack,SPD,yes
1082,38936,Peter Tauber,CDU/CSU,yes
1082,38937,Claudia Tausend,SPD,yes
1082,38939,Thomas Stritzl,CDU/CSU,yes
1082,38941,Karin Strenz,CDU/CSU,yes
1082,38944,Max Straubinger,CDU/CSU,yes
1082,38947,Christoph Strässer,SPD,yes
1082,38949,Stephan Stracke,CDU/CSU,yes
1082,38950,Rita Stockhofe,CDU/CSU,yes
1082,38953,Gero Storjohann,CDU/CSU,yes
1082,38955,Dieter Stier,CDU/CSU,yes
1082,38957,Frank-Walter Steinmeier,SPD,yes
1082,38958,Albert Stegemann,CDU/CSU,yes
1082,38959,Peter Stein,CDU/CSU,yes
1082,44352,Erika Steinbach,CDU/CSU,yes
1082,38962,Peer Steinbrück,SPD,yes
1082,38963,Sebastian Steineke,CDU/CSU,yes
1082,38968,Sonja Steffen,SPD,yes
1082,38969,Wolfgang Stefinger,CDU/CSU,yes
1082,38971,Frank Steffel,CDU/CSU,yes
1082,38973,Carola Stauche,CDU/CSU,yes
1082,38974,Martina Stamm-Fibich,SPD,yes
1082,38975,Tino Sorge,CDU/CSU,yes
1082,38978,Jens Spahn,CDU/CSU,yes
1082,38979,Rainer Spiering,SPD,yes
1082,38980,Norbert Spinrath,SPD,yes
1082,38981,Svenja Stadler,SPD,yes
1082,38983,Armin Schuster,CDU/CSU,yes
1082,38986,Frank Schwabe,SPD,yes
1082,38988,Stefan Schwartze,SPD,yes
1082,38989,Andreas Schwarz,SPD,yes
1082,38992,Rita Schwarzelühr-Sutter,SPD,yes
1082,38993,Christina Schwarzer,CDU/CSU,yes
1082,44592,Ewald Schurer,SPD,yes
1082,38996,Klaus-Peter Schulze,CDU/CSU,yes
1082,44355,Bernhard Schulte-Drüggelte,CDU/CSU,yes
1082,39000,Ursula Schulte,SPD,yes
1082,39003,Ole Schröder,CDU/CSU,yes
1082,39006,Kristina Schröder,CDU/CSU,yes
1082,39009,Matthias Schmidt,SPD,yes
1082,39012,Ulla Schmidt,SPD,yes
1082,39015,Carsten Schneider,SPD,yes
1082,39017,Annette Sawade,SPD,yes
1082,39018,Hans Joachim Schabedoth,SPD,yes
1082,39021,Anita Schäfer,CDU/CSU,yes
1082,39024,Axel Schäfer,SPD,yes
1082,39030,Wolfgang Schäuble,CDU/CSU,yes
1082,39032,Nina Scheer,SPD,yes
1082,39035,Andreas Scheuer,CDU/CSU,yes
1082,39038,Marianne Schieder,SPD,yes
1082,39039,Udo Schiefner,SPD,yes
1082,39043,Jana Schimke,CDU/CSU,yes
1082,39048,Tankred Schipanski,CDU/CSU,yes
1082,39049,Johann Saathoff,SPD,yes
1082,39053,Manuel Sarrazin,DIE GRÜNEN,yes
1082,44384,Heiko Schmelzle,CDU/CSU,yes
1082,39056,Christian Schmidt,CDU/CSU,yes
1082,39058,Dagmar Schmidt,SPD,yes
1082,39061,Dorothee Schlegel,SPD,yes
1082,39064,Ernst Dieter Rossmann,SPD,yes
1082,39072,Michael Roth,SPD,yes
1082,39076,Norbert Röttgen,CDU/CSU,yes
1082,39078,Erwin Rüddel,CDU/CSU,yes
1082,39085,Albert Rupprecht,CDU/CSU,yes
1082,39086,Susann Rüthrich,SPD,yes
1082,39087,Bernd Rützel,SPD,yes
1082,39090,Johannes Röring,CDU/CSU,yes
1082,39091,Martin Rosemann,SPD,yes
1082,39094,René Röspel,SPD,yes
1082,39097,Mechthild Rawert,SPD,yes
1082,39099,Stefan Rebmann,SPD,yes
1082,39102,Eckhardt Rehberg,CDU/CSU,yes
1082,39105,Katherina Reiche,CDU/CSU,yes
1082,39108,Gerold Reichenbach,SPD,yes
1082,44576,Carola Reimann,SPD,yes
1082,39110,Lothar Riebsamen,CDU/CSU,yes
1082,39112,Josef Rief,CDU/CSU,yes
1082,44268,Heinz Riesenhuber,CDU/CSU,yes
1082,39113,Andreas Rimkus,SPD,yes
1082,39116,Sönke Rix,SPD,yes
1082,39117,Dennis Rohde,SPD,yes
1082,39118,Alois Rainer,CDU/CSU,yes
1082,39124,Alexander Radwan,CDU/CSU,yes
1082,39125,Kerstin Radomski,CDU/CSU,yes
1082,39128,Thomas Rachel,CDU/CSU,yes
1082,41170,Simone Raatz,SPD,yes
1082,39129,Martin Rabanus,SPD,yes
1082,39840,Ronald Pofalla,CDU/CSU,yes
1082,39133,Eckhard Pols,CDU/CSU,yes
1082,39134,Sabine Poschmann,SPD,yes
1082,44271,Joachim Poß,SPD,yes
1082,39135,Florian Post,SPD,yes
1082,39136,Achim Post,SPD,yes
1082,39139,Brigitte Pothmer,DIE GRÜNEN,yes
1082,39145,Florian Pronold,SPD,yes
1082,39149,Ulrich Petzold,CDU/CSU,yes
1082,39152,Joachim Pfeiffer,CDU/CSU,yes
1082,39155,Sibylle Pfeiffer,CDU/CSU,yes
1082,39156,Jeannine Pflugradt,SPD,yes
1082,39163,Martin Pätzold,CDU/CSU,yes
1082,39164,Martin Patzelt,CDU/CSU,yes
1082,39166,Ingrid Pahlmann,CDU/CSU,yes
1082,39167,Sylvia Pantel,CDU/CSU,yes
1082,39173,Tim Ostermann,CDU/CSU,yes
1082,39176,Henning Otte,CDU/CSU,yes
1082,39178,Cem Özdemir,DIE GRÜNEN,yes
1082,39181,Omid Nouripour,DIE GRÜNEN,yes
1082,39182,Helmut Nowak,CDU/CSU,yes
1082,39185,Georg Nüßlein,CDU/CSU,yes
1082,39186,Wilfried Oellers,CDU/CSU,yes
1082,39189,Thomas Oppermann,SPD,yes
1082,39190,Florian Oßner,CDU/CSU,yes
1082,39192,Andreas Nick,CDU/CSU,yes
1082,39194,Dietmar Nietan,SPD,yes
1082,39195,Ulli Nissen,SPD,yes
1082,39198,Michaela Noll,CDU/CSU,yes
1082,39203,Stefan Müller,CDU/CSU,yes
1082,39205,Carsten Müller,CDU/CSU,yes
1082,39208,Michelle Müntefering,SPD,yes
1082,39210,Philipp Murmann,CDU/CSU,yes
1082,39215,Gerd Müller,CDU/CSU,yes
1082,41323,Elisabeth Motschmann,CDU/CSU,yes
1082,39219,Dietrich Monstadt,CDU/CSU,yes
1082,39220,Karsten Möring,CDU/CSU,yes
1082,39225,Philipp Mißfelder,CDU/CSU,yes
1082,39226,Susanne Mittag,SPD,yes
1082,39227,Klaus Mindrup,SPD,yes
1082,44274,Maria Michalk,CDU/CSU,yes
1082,39231,Hans Michelbach,CDU/CSU,yes
1082,39233,Mathias Middelberg,CDU/CSU,yes
1082,39236,Matthias Miersch,SPD,yes
1082,39239,Stephan Mayer,CDU/CSU,yes
1082,39242,Michael Meister,CDU/CSU,yes
1082,39247,Gisela Manderla,CDU/CSU,yes
1082,39250,Caren Marks,SPD,yes
1082,39253,Katja Mast,SPD,yes
1082,39255,Andreas Mattfeldt,CDU/CSU,yes
1082,39256,Birgit Malecha-Nissen,SPD,yes
1082,39258,Thomas Mahlberg,CDU/CSU,yes
1082,39260,Karin Maag,CDU/CSU,yes
1082,39262,Kirsten Lühmann,SPD,yes
1082,39265,Daniela Ludwig,CDU/CSU,yes
1082,39267,Jan-Marco Luczak,CDU/CSU,yes
1082,39268,Claudia Lücking-Michel,CDU/CSU,yes
1082,39270,Carsten Linnemann,CDU/CSU,yes
1082,39273,Patricia Lips,CDU/CSU,yes
1082,39275,Burkhard Lischka,SPD,yes
1082,39276,Wilfried Lorenz,CDU/CSU,yes
1082,44358,Gabriele Lösekrug-Möller,SPD,yes
1082,39277,Hiltrud Lotze,SPD,yes
1082,44906,Ingbert Liebing,CDU/CSU,yes
1082,39279,Matthias Lietz,CDU/CSU,yes
1082,39280,Andrea Lindholz,CDU/CSU,yes
1082,39283,Andreas Lenz,CDU/CSU,yes
1082,39287,Antje Lezius,CDU/CSU,yes
1082,39294,Steffen-Claudio Lemme,SPD,yes
1082,39295,Philipp Lengsfeld,CDU/CSU,yes
1082,39300,Paul Lehrieder,CDU/CSU,yes
1082,39307,Günter Lach,CDU/CSU,yes
1082,39308,Uwe Lagosky,CDU/CSU,yes
1082,39311,Christine Lambrecht,SPD,yes
1082,39317,Andreas Lämmel,CDU/CSU,yes
1082,39320,Norbert Lammert,CDU/CSU,yes
1082,39323,Katharina Landgraf,CDU/CSU,yes
1082,39326,Christian Lange,SPD,yes
1082,39328,Ulrich Lange,CDU/CSU,yes
1082,39331,Karl Lauterbach,SPD,yes
1082,39338,Roy Kühne,CDU/CSU,yes
1082,39340,Bettina Kudla,CDU/CSU,yes
1082,44276,Helga Kühn-Mengel,SPD,yes
1082,39346,Anette Kramme,SPD,yes
1082,39351,Michael Kretschmer,CDU/CSU,yes
1082,39354,Gunther Krichbaum,CDU/CSU,yes
1082,39357,Günter Krings,CDU/CSU,yes
1082,39365,Rüdiger Kruse,CDU/CSU,yes
1082,39368,Hartmut Koschyk,CDU/CSU,yes
1082,39373,Jens Koeppen,CDU/CSU,yes
1082,39376,Bärbel Kofler,SPD,yes
1082,39378,Daniela Kolbe,SPD,yes
1082,39379,Birgit Kömpel,SPD,yes
1082,39380,Markus Koob,CDU/CSU,yes
1082,39381,Carsten Körber,CDU/CSU,yes
1082,39383,Axel Knoerig,CDU/CSU,yes
1082,39387,Lars Klingbeil,SPD,yes
1082,39388,Georg Kippels,CDU/CSU,yes
1082,39393,Arno Klare,SPD,yes
1082,39395,Roderich Kiesewetter,CDU/CSU,yes
1082,39398,Marina Kermer,SPD,yes
1082,39399,Anja Karliczek,CDU/CSU,yes
1082,39403,Bernhard Kaster,CDU/CSU,yes
1082,39404,Gabriele Katzmarek,SPD,yes
1082,39407,Volker Kauder,CDU/CSU,yes
1082,39409,Stefan Kaufmann,CDU/CSU,yes
1082,44770,Ulrich Kelber,SPD,yes
1082,39412,Steffen Kanitz,CDU/CSU,yes
1082,39413,Ralf Kapschack,SPD,yes
1082,39417,Alois Karl,CDU/CSU,yes
1082,39418,Christina Kampmann,SPD,yes
1082,39424,Hans-Werner Kammer,CDU/CSU,yes
1082,39427,Johannes Kahrs,SPD,yes
1082,39429,Egon Jüttner,CDU/CSU,yes
1082,39432,Josip Juratovic,SPD,yes
1082,39434,Thomas Jurk,SPD,yes
1082,39435,Frank Junge,SPD,yes
1082,39436,Xaver Jung,CDU/CSU,yes
1082,39439,Franz-Josef Jung,CDU/CSU,yes
1082,39442,Hubert Hüppe,CDU/CSU,yes
1082,39443,Matthias Ilgen,SPD,yes
1082,39445,Dieter Janecek,DIE GRÜNEN,yes
1082,39446,Christina Jantz-Herrmann,SPD,yes
1082,45214,Bettina Hornhues,CDU/CSU,yes
1082,39450,Karl-Heinz (Charles M.) Huber,CDU/CSU,yes
1082,39453,Anette Hübinger,CDU/CSU,yes
1082,39461,Eva Högl,SPD,yes
1082,39463,Karl Holmeier,CDU/CSU,yes
1082,39466,Franz-Josef Holzenkamp,CDU/CSU,yes
1082,39467,Hendrik Hoppenstedt,CDU/CSU,yes
1082,39471,Alexander Hoffmann,CDU/CSU,yes
1082,39474,Robert Hochbaum,CDU/CSU,yes
1082,39475,Heribert Hirte,CDU/CSU,yes
1082,39476,Marcus Held,SPD,yes
1082,39477,Mark Helfrich,CDU/CSU,yes
1082,39479,Uda Heller,CDU/CSU,yes
1082,39481,Wolfgang Hellmich,SPD,yes
1082,39482,Jörg Hellmuth,CDU/CSU,yes
1082,39485,Barbara Hendricks,SPD,yes
1082,39488,Rudolf Henke,CDU/CSU,yes
1082,39491,Michael Hennrich,CDU/CSU,yes
1082,39494,Gustav Herzog,SPD,yes
1082,39496,Ansgar Heveling,CDU/CSU,yes
1082,39506,Stefan Heck,CDU/CSU,yes
1082,39507,Dirk Heidenblut,SPD,yes
1082,39509,Matthias Heider,CDU/CSU,yes
1082,39511,Helmut Heiderich,CDU/CSU,yes
1082,39514,Hubertus Heil,SPD,yes
1082,39516,Mechthild Heil,CDU/CSU,yes
1082,39520,Frank Heinrich,CDU/CSU,yes
1082,39521,Gabriela Heinrich,SPD,yes
1082,39522,Mark Hauptmann,CDU/CSU,yes
1082,39523,Matthias Hauer,CDU/CSU,yes
1082,44387,Michael Hartmann,SPD,yes
1082,39526,Gerda Hasselfeldt,CDU/CSU,yes
1082,39530,Sebastian Hartmann,SPD,yes
1082,39533,Metin Hakverdi,SPD,yes
1082,39537,Florian Hahn,CDU/CSU,yes
1082,39541,Rita Hagl-Kehl,SPD,yes
1082,39542,Christian Haase,CDU/CSU,yes
1082,39545,Bettina Hagedorn,SPD,yes
1082,39550,Fritz Güntzler,CDU/CSU,yes
1082,39553,Olav Gutting,CDU/CSU,yes
1082,39554,Herlind Gundelach,CDU/CSU,yes
1082,39559,Astrid Grotelüschen,CDU/CSU,yes
1082,39562,Uli Grötsch,SPD,yes
1082,39565,Markus Grübel,CDU/CSU,yes
1082,39568,Manfred Grund,CDU/CSU,yes
1082,39569,Oliver Grundmann,CDU/CSU,yes
1082,39572,Monika Grütters,CDU/CSU,yes
1082,40911,Michael Grosse-Brömer,CDU/CSU,yes
1082,39577,Kerstin Griese,SPD,yes
1082,39579,Philipp Graf von und zu Lerchenfeld,CDU/CSU,yes
1082,39582,Ulrike Gottschalck,SPD,yes
1082,39587,Iris Gleicke,SPD,yes
1082,39588,Cemile Giousouf,CDU/CSU,yes
1082,39591,Martin Gerster,SPD,yes
1082,39594,Eberhard Gienger,CDU/CSU,yes
1082,39599,Michael Gerdes,SPD,yes
1082,39601,Alois Gerig,CDU/CSU,yes
1082,39606,Ingo Gädechens,CDU/CSU,yes
1082,39614,Thomas Gebhart,CDU/CSU,yes
1082,39616,Alexander Funk,CDU/CSU,yes
1082,39619,Hans-Peter Friedrich,CDU/CSU,yes
1082,39621,Michael Frieser,CDU/CSU,yes
1082,39625,Michael Fuchs,CDU/CSU,yes
1082,39628,Dagmar Freitag,SPD,yes
1082,39629,Christian Flisek,SPD,yes
1082,44390,Klaus-Peter Flosbach,CDU/CSU,yes
1082,39632,Gabriele Fograscher,SPD,yes
1082,39635,Ulrich Freese,SPD,yes
1082,39636,Thorsten Frei,CDU/CSU,yes
1082,39639,Dirk Fischer,CDU/CSU,yes
1082,39642,Maria Flachsbarth,CDU/CSU,yes
1082,39645,Ingrid Fischbach,CDU/CSU,yes
1082,39651,Petra Ernstberger,SPD,yes
1082,39652,Saskia Esken,SPD,yes
1082,39655,Karin Evers-Meyer,SPD,yes
1082,39656,Hermann Färber,CDU/CSU,yes
1082,39657,Johannes Fechner,SPD,yes
1082,39658,Uwe Feiler,CDU/CSU,yes
1082,39659,Fritz Felgentreu,SPD,yes
1082,39662,Enak Ferlemann,CDU/CSU,yes
1082,44393,Elke Ferner,SPD,yes
1082,39664,Michael Donth,CDU/CSU,yes
1082,39667,Thomas Dörflinger,CDU/CSU,yes
1082,39670,Martin Dörmann,SPD,yes
1082,39675,Marie-Luise Dött,CDU/CSU,yes
1082,40684,Elvira Drobinski-Weiß,SPD,yes
1082,39677,Hansjörg Durz,CDU/CSU,yes
1082,39680,Jutta Eckenbach,CDU/CSU,yes
1082,39684,Karamba Diaby,SPD,yes
1082,39686,Alexandra Dinges-Dierig,CDU/CSU,yes
1082,39688,Sabine Dittmar,SPD,yes
1082,39691,Alexander Dobrindt,CDU/CSU,yes
1082,39692,Kees de Vries,CDU/CSU,yes
1082,39695,Daniela De Ridder,SPD,yes
1082,39696,Lars Castellucci,SPD,yes
1082,39702,Gitta Connemann,CDU/CSU,yes
1082,39704,Petra Crone,SPD,yes
1082,39708,Bernhard Daldrup,SPD,yes
1082,39715,Cajus Caesar,CDU/CSU,yes
1082,39718,Martin Burkert,SPD,yes
1082,39724,Edelgard Bulmahn,SPD,yes
1082,39726,Reinhard Brandl,CDU/CSU,yes
1082,39729,Helmut Brandt,CDU/CSU,yes
1082,39734,Willi Brase,SPD,yes
1082,44283,Ralf Brauksiepe,CDU/CSU,yes
1082,39736,Helge Braun,CDU/CSU,yes
1082,39738,Heike Brehmer,CDU/CSU,yes
1082,39740,Ralph Brinkhaus,CDU/CSU,yes
1082,39743,Peter Bleser,CDU/CSU,yes
1082,39744,Burkhard Blienert,SPD,yes
1082,44361,Maria Böhmer,CDU/CSU,yes
1082,39750,Wolfgang Bosbach,CDU/CSU,yes
1082,39752,Norbert Brackmann,CDU/CSU,yes
1082,39755,Klaus Brähmig,CDU/CSU,yes
1082,39758,Clemens Binninger,CDU/CSU,yes
1082,39761,Lothar Binding,SPD,yes
1082,39763,Steffen Bilger,CDU/CSU,yes
1082,39768,Peter Beyer,CDU/CSU,yes
1082,39769,André Berghegger,CDU/CSU,yes
1082,39772,Christoph Bergner,CDU/CSU,yes
1082,39773,Sybille Benning,CDU/CSU,yes
1082,39776,Veronika Bellmann,CDU/CSU,yes
1082,39778,Manfred Behrens,CDU/CSU,yes
1082,39779,Maik Beermann,CDU/CSU,yes
1082,44287,Uwe Beckmeyer,SPD,yes
1082,39784,Bärbel Bas,SPD,yes
1082,39787,Helmut Günter Baumann,CDU/CSU,yes
1082,39790,Marieluise Beck,DIE GRÜNEN,yes
1082,39796,Doris Barnett,SPD,yes
1082,44290,Hans-Peter Bartels,SPD,yes
1082,39802,Norbert Barthle,CDU/CSU,yes
1082,39805,Thomas Bareiß,CDU/CSU,yes
1082,44644,Katarina Barley,SPD,yes
1082,39807,Heinz-Joachim Barchmann,SPD,yes
1082,39810,Dorothee Bär,CDU/CSU,yes
1082,39815,Niels Annen,SPD,yes
1082,39818,Ingrid Arndt-Brauer,SPD,yes
1082,44364,Rainer Arnold,SPD,yes
1082,39819,Heike Baehrens,SPD,yes
1082,39821,Stephan Albani,CDU/CSU,yes
1082,44367,Gabriele Groneberg,SPD,yes
1082,39827,Angelika Glöckner,SPD,yes
1082,39831,Waldemar Westermayer,CDU/CSU,yes
1082,38656,Alexander Ulrich,DIE LINKE,no
1082,44253,Hans-Christian Ströbele,DIE GRÜNEN,no
1082,38666,Petra Sitte,DIE LINKE,no
1082,38688,Frithjof Schmidt,DIE GRÜNEN,no
1082,38705,Hilde Mattheis,SPD,no
1082,38708,Gesine Lötzsch,DIE LINKE,no
1082,38712,Markus Kurth,DIE GRÜNEN,no
1082,38718,Jan Korte,DIE LINKE,no
1082,38723,Sven-Christian Kindler,DIE GRÜNEN,no
1082,38730,Heike Hänsel,DIE LINKE,no
1082,38739,Ulla Jelpke,DIE LINKE,no
1082,38764,Agnieszka Brugger,DIE GRÜNEN,no
1082,38772,Matthias W. Birkwald,DIE LINKE,no
1082,38782,Thomas Lutze,DIE LINKE,no
1082,38795,Sabine Zimmermann,DIE LINKE,no
1082,38802,Herbert Behrens,DIE LINKE,no
1082,38804,Pia Zimmermann,DIE LINKE,no
1082,38809,Hubertus Zdebel,DIE LINKE,no
1082,38815,Waltraud Wolff,SPD,no
1082,38817,Birgit Wöllert,DIE LINKE,no
1082,38820,Jörn Wunderlich,DIE LINKE,no
1082,43581,Katrin Werner,DIE LINKE,no
1082,38870,Halina Wawzyniak,DIE LINKE,no
1082,38889,Julia Verlinden,DIE GRÜNEN,no
1082,38896,Kathrin Vogler,DIE LINKE,no
1082,38904,Jan van Aken,DIE LINKE,no
1082,38908,Jürgen Trittin,DIE GRÜNEN,no
1082,38911,Axel Troost,DIE LINKE,no
1082,38919,Harald Terpe,DIE GRÜNEN,no
1082,38934,Kirsten Tackmann,DIE LINKE,no
1082,45916,Frank Tempel,DIE LINKE,no
1082,38966,Kersten Steinke,DIE LINKE,no
1082,39031,Ulle Schauws,DIE GRÜNEN,no
1082,39046,Norbert Schindler,CDU/CSU,no
1082,39060,Michael Schlecht,DIE LINKE,no
1082,39069,Claudia Roth,DIE GRÜNEN,no
1082,39081,Rüdiger Veit,SPD,no
1082,39082,Corinna Rüffer,DIE GRÜNEN,no
1082,39131,Richard Pitterle,DIE LINKE,no
1082,39142,Wilhelm Priesmeier,SPD,no
1082,39146,Harald Petzold,DIE LINKE,no
1082,39159,Lisa Paus,DIE GRÜNEN,no
1082,39162,Petra Pau,DIE LINKE,no
1082,39165,Markus Paschke,SPD,no
1082,39191,Alexander S. Neu,DIE LINKE,no
1082,39200,Thomas Nord,DIE LINKE,no
1082,39207,Beate Müller-Gemmeke,DIE GRÜNEN,no
1082,39212,Özcan Mutlu,DIE GRÜNEN,no
1082,39217,Niema Movassat,DIE LINKE,no
1082,39222,Cornelia Möhring,DIE LINKE,no
1082,39228,Irene Mihalic,DIE GRÜNEN,no
1082,39243,Peter Meiwald,DIE GRÜNEN,no
1082,39286,Michael Leutert,DIE LINKE,no
1082,39289,Stefan Liebich,DIE LINKE,no
1082,39291,Ralph Lenkert,DIE LINKE,no
1082,39292,Steffi Lemke,DIE GRÜNEN,no
1082,39297,Sabine Leidig,DIE LINKE,no
1082,39303,Monika Lazar,DIE GRÜNEN,no
1082,39305,Caren Lay,DIE LINKE,no
1082,39334,Katrin Kunert,DIE LINKE,no
1082,39341,Christian Kühn,DIE GRÜNEN,no
1082,39343,Stephan Kühn,DIE GRÜNEN,no
1082,39359,Oliver Krischer,DIE GRÜNEN,no
1082,39370,Tom Koenigs,DIE GRÜNEN,no
1082,39385,Maria Klein-Schmeink,DIE GRÜNEN,no
1082,39391,Katja Kipping,DIE LINKE,no
1082,39392,Cansel Kiziltepe,SPD,no
1082,39397,Katja Keul,DIE GRÜNEN,no
1082,39400,Kerstin Kassner,DIE LINKE,no
1082,39411,Uwe Kekeritz,DIE GRÜNEN,no
1082,39414,Susanna Karawanskij,DIE LINKE,no
1082,39455,Andrej Hunko,DIE LINKE,no
1082,45897,Sigrid Hupach,DIE LINKE,no
1082,39458,Inge Höger,DIE LINKE,no
1082,44280,Bärbel Höhn,DIE GRÜNEN,no
1082,39470,Anton Hofreiter,DIE GRÜNEN,no
1082,39499,Gabriele Hiller-Ohm,SPD,no
1082,39505,Petra Hinz,SPD,no
1082,39518,Rosemarie Hein,DIE LINKE,no
1082,39535,André Hahn,DIE LINKE,no
1082,39548,Gregor Gysi,DIE LINKE,no
1082,39557,Wolfgang Gunkel,SPD,no
1082,39561,Annette Groth,DIE LINKE,no
1082,39574,Michael Groß,SPD,no
1082,44293,Diana Golze,DIE LINKE,no
1082,39608,Thomas Gambke,DIE GRÜNEN,no
1082,39609,Matthias Gastel,DIE GRÜNEN,no
1082,41043,Wolfgang Gehrcke-Reymann,DIE LINKE,no
1082,39648,Klaus Ernst,DIE LINKE,no
1082,39663,Ute Finckh-Krämer,SPD,no
1082,39672,Katja Dörner,DIE GRÜNEN,no
1082,39676,Katharina Dröge,DIE GRÜNEN,no
1082,39679,Harald Ebner,DIE GRÜNEN,no
1082,39699,Roland Claus,DIE LINKE,no
1082,39711,Marco Bülow,SPD,no
1082,39721,Eva Bulling-Schröter,DIE LINKE,no
1082,39747,Heidrun Bluhm-Förster,DIE LINKE,no
1082,39766,Karin Binder,DIE LINKE,no
1146,37945,Sarah Ryglewski,SPD,yes
1146,38060,Norbert Müller,DIE LINKE,no
1146,39830,Detlef Müller,SPD,no_show
1146,39604,Sigmar Gabriel,SPD,no_show
1146,39496,Ansgar Heveling,CDU/CSU,no_show
1146,39446,Christina Jantz-Herrmann,SPD,no_show
1146,39411,Uwe Kekeritz,DIE GRÜNEN,no_show
1146,39246,Angela Merkel,CDU/CSU,no_show
1146,39181,Omid Nouripour,DIE GRÜNEN,no_show
1146,39145,Florian Pronold,SPD,no_show
1146,39118,Alois Rainer,CDU/CSU,no_show
1146,39102,Eckhardt Rehberg,CDU/CSU,no_show
1146,39097,Mechthild Rawert,SPD,no_show
1146,39090,Johannes Röring,CDU/CSU,no_show
1146,39056,Christian Schmidt,CDU/CSU,no_show
1146,38980,Norbert Spinrath,SPD,no_show
1146,38968,Sonja Steffen,SPD,no_show
1146,38957,Frank-Walter Steinmeier,SPD,no_show
1146,38939,Thomas Stritzl,CDU/CSU,no_show
1146,38908,Jürgen Trittin,DIE GRÜNEN,no_show
1146,38876,Beate Walter-Rosenheimer,DIE GRÜNEN,no_show
1146,38873,Sahra Wagenknecht,DIE LINKE,no_show
1146,38855,Gabi Weber,SPD,no_show
1146,38824,Andrea Wicklein,SPD,no_show
1146,38767,Karl-Heinz Brunner,SPD,no_show
1146,38759,Siegmund Ehrmann,SPD,no_show
1146,38723,Sven-Christian Kindler,DIE GRÜNEN,no_show
1146,38696,Andrea Nahles,SPD,no_show
1146,38653,Peter Altmaier,CDU/CSU,no_show
1146,45245,Katrin Albsteiger,CDU/CSU,no_show
1146,40312,Volker Mosblech,CDU/CSU,yes
1146,38626,Jens Zimmermann,SPD,yes
1146,38627,Yvonne Magwas,CDU/CSU,yes
1146,38631,Barbara Woltmann,CDU/CSU,yes
1146,38632,Heinrich Zertik,CDU/CSU,yes
1146,38633,Johannes Steiniger,CDU/CSU,yes
1146,38634,Kordula Kovac,CDU/CSU,yes
1146,38635,Astrid Freudenstein,CDU/CSU,yes
1146,38636,Julia Obermeier,CDU/CSU,yes
1146,38637,Gudrun Zollner,CDU/CSU,yes
1146,38638,Heidtrud Henn,SPD,yes
1146,38639,Heinz Wiese,CDU/CSU,yes
1146,38640,Gabriele Schmidt,CDU/CSU,yes
1146,38641,Nina Warken,CDU/CSU,yes
1146,38642,Margaret Horb,CDU/CSU,yes
1146,38643,Bernd-Bernhard Fabritius,CDU/CSU,yes
1146,38644,Reiner Meier,CDU/CSU,yes
1146,38646,Matthäus Strebl,CDU/CSU,yes
1146,38647,Artur Auernhammer,CDU/CSU,yes
1146,38648,Tobias Zech,CDU/CSU,yes
1146,38649,Silke Launert,CDU/CSU,yes
1146,38650,Barbara Lanzinger,CDU/CSU,yes
1146,38657,Kai Whittaker,CDU/CSU,yes
1146,38659,Johann Wadephul,CDU/CSU,yes
1146,38662,Sven Volmering,CDU/CSU,yes
1146,38663,Carsten Träger,SPD,yes
1146,38668,Detlef Seif,CDU/CSU,yes
1146,38670,Johannes Selle,CDU/CSU,yes
1146,38673,Reinhold Sendker,CDU/CSU,yes
1146,38675,Patrick Sensburg,CDU/CSU,yes
1146,43859,Bernd Siebert,CDU/CSU,yes
1146,38678,Thomas Silberhorn,CDU/CSU,yes
1146,38681,Johannes Singhammer,CDU/CSU,yes
1146,38684,Uwe Schummer,CDU/CSU,yes
1146,38685,Mahmut Özdemir,SPD,yes
1146,38690,Patrick Schnieder,CDU/CSU,yes
1146,38693,Rolf Mützenich,SPD,yes
1146,38697,Bettina Müller,SPD,yes
1146,38700,Marlene Mortler,CDU/CSU,yes
1146,38702,Jan Metzler,CDU/CSU,yes
1146,44256,Nicole Maisch,DIE GRÜNEN,yes
1146,38709,Katja Leikert,CDU/CSU,yes
1146,38721,Volkmar Klein,CDU/CSU,yes
1146,38724,Sylvia Jörrißen,CDU/CSU,yes
1146,44259,Bartholomäus Kalb,CDU/CSU,yes
1146,38726,Oliver Kaczmarek,SPD,yes
1146,38727,Ulrich Hampel,SPD,yes
1146,44766,Stephan Harbarth,CDU/CSU,yes
1146,38732,Jürgen Hardt,CDU/CSU,yes
1146,38733,Thomas Hitschler,SPD,yes
1146,38736,Christian Hirte,CDU/CSU,yes
1146,38743,Andreas Jung,CDU/CSU,yes
1146,38746,Reinhard Grindel,CDU/CSU,yes
1146,38747,Ursula Groden-Kranich,CDU/CSU,yes
1146,38750,Hermann Gröhe,CDU/CSU,yes
1146,38751,Klaus-Dieter Gröhler,CDU/CSU,yes
1146,44349,Josef Göppel,CDU/CSU,yes
1146,38754,Hans-Joachim Fuchtel,CDU/CSU,yes
1146,38756,Thomas Feist,CDU/CSU,yes
1146,40915,Michaela Engelmeier,SPD,yes
1146,38762,Gernot Erler,SPD,yes
1146,38770,Michael Brand,CDU/CSU,yes
1146,38773,Ulrike Bahr,SPD,yes
1146,38776,Sören Bartol,SPD,yes
1146,38777,Matthias Bartke,SPD,yes
1146,38785,Jürgen Klimke,CDU/CSU,yes
1146,38786,Ute Bertram,CDU/CSU,yes
1146,38789,Sascha Raabe,SPD,yes
1146,38792,Matthias Zimmer,CDU/CSU,yes
1146,38798,Manfred Zöllmer,SPD,yes
1146,44262,Brigitte Zypries,SPD,yes
1146,38800,Markus Tressel,DIE GRÜNEN,yes
1146,38805,Stefan Zierke,SPD,yes
1146,38807,Dagmar Ziegler,SPD,yes
1146,38808,Emmi Zeulner,CDU/CSU,yes
1146,38812,Dagmar Wöhrl,CDU/CSU,yes
1146,38821,Gülistan Yüksel,SPD,yes
1146,40538,Annette Widmann-Mauz,CDU/CSU,yes
1146,38825,Dirk Wiese,SPD,yes
1146,38828,Klaus-Peter Willsch,CDU/CSU,yes
1146,38830,Valerie Wilms,DIE GRÜNEN,yes
1146,38833,Elisabeth Winkelmeier-Becker,CDU/CSU,yes
1146,38836,Oliver Wittke,CDU/CSU,yes
1146,38838,Peter Wichtel,CDU/CSU,yes
1146,38841,Anja Weisgerber,CDU/CSU,yes
1146,38843,Sabine Weiss,CDU/CSU,yes
1146,38846,Peter Weiß,CDU/CSU,yes
1146,38849,Ingo Wellenreuther,CDU/CSU,yes
1146,38852,Karl-Georg Wellmann,CDU/CSU,yes
1146,38853,Marian Wendt,CDU/CSU,yes
1146,38854,Bernd Westphal,SPD,yes
1146,38858,Kai Wegner,CDU/CSU,yes
1146,38859,Albert Weiler,CDU/CSU,yes
1146,38865,Marcus Weinberg,CDU/CSU,yes
1146,38868,Marco Wanderwitz,CDU/CSU,yes
1146,38874,Doris Wagner,DIE GRÜNEN,yes
1146,38877,Christel Voßbeck-Kayser,CDU/CSU,yes
1146,38878,Dirk Vöpel,SPD,yes
1146,38881,Christian von Stetten,CDU/CSU,yes
1146,38883,Ursula von der Leyen,CDU/CSU,yes
1146,38885,Hans-Georg von der Marwitz,CDU/CSU,yes
1146,38886,Matern von Marschall,CDU/CSU,yes
1146,38888,Oswin Veith,CDU/CSU,yes
1146,38890,Thomas Viesehon,CDU/CSU,yes
1146,38891,Michael Vietz,CDU/CSU,yes
1146,38894,Volkmar Vogel,CDU/CSU,yes
1146,38899,Ute Vogt,SPD,yes
1146,38902,Arnold Vaatz,CDU/CSU,yes
1146,38905,Volker Ullrich,CDU/CSU,yes
1146,44382,Hans-Peter Uhl,CDU/CSU,yes
1146,38914,Antje Tillmann,CDU/CSU,yes
1146,38915,Astrid Timmermann-Fechter,CDU/CSU,yes
1146,44265,Franz Thönnes,SPD,yes
1146,38916,Michael Thews,SPD,yes
1146,38922,Thomas Strobl,CDU/CSU,yes
1146,38925,Lena Strothmann,CDU/CSU,yes
1146,38928,Michael Stübgen,CDU/CSU,yes
1146,38929,Sabine Sütterlin-Waack,CDU/CSU,yes
1146,38936,Peter Tauber,CDU/CSU,yes
1146,38937,Claudia Tausend,SPD,yes
1146,38941,Karin Strenz,CDU/CSU,yes
1146,38944,Max Straubinger,CDU/CSU,yes
1146,38947,Christoph Strässer,SPD,yes
1146,38949,Stephan Stracke,CDU/CSU,yes
1146,38950,Rita Stockhofe,CDU/CSU,yes
1146,38953,Gero Storjohann,CDU/CSU,yes
1146,38955,Dieter Stier,CDU/CSU,yes
1146,38958,Albert Stegemann,CDU/CSU,yes
1146,38959,Peter Stein,CDU/CSU,yes
1146,44352,Erika Steinbach,CDU/CSU,yes
1146,38962,Peer Steinbrück,SPD,yes
1146,38963,Sebastian Steineke,CDU/CSU,yes
1146,38969,Wolfgang Stefinger,CDU/CSU,yes
1146,38971,Frank Steffel,CDU/CSU,yes
1146,38973,Carola Stauche,CDU/CSU,yes
1146,38974,Martina Stamm-Fibich,SPD,yes
1146,38975,Tino Sorge,CDU/CSU,yes
1146,38978,Jens Spahn,CDU/CSU,yes
1146,40313,Elfi Scho-Antwerpes,SPD,yes
1146,38979,Rainer Spiering,SPD,yes
1146,38981,Svenja Stadler,SPD,yes
1146,38983,Armin Schuster,CDU/CSU,yes
1146,38986,Frank Schwabe,SPD,yes
1146,38988,Stefan Schwartze,SPD,yes
1146,38989,Andreas Schwarz,SPD,yes
1146,38992,Rita Schwarzelühr-Sutter,SPD,yes
1146,38993,Christina Schwarzer,CDU/CSU,yes
1146,44592,Ewald Schurer,SPD,yes
1146,38995,Kordula Schulz-Asche,DIE GRÜNEN,yes
1146,38996,Klaus-Peter Schulze,CDU/CSU,yes
1146,38999,Swen Schulz,SPD,yes
1146,44355,Bernhard Schulte-Drüggelte,CDU/CSU,yes
1146,39000,Ursula Schulte,SPD,yes
1146,39003,Ole Schröder,CDU/CSU,yes
1146,39006,Kristina Schröder,CDU/CSU,yes
1146,39008,Nadine Schön,CDU/CSU,yes
1146,39009,Matthias Schmidt,SPD,yes
1146,39012,Ulla Schmidt,SPD,yes
1146,39015,Carsten Schneider,SPD,yes
1146,39017,Annette Sawade,SPD,yes
1146,39018,Hans Joachim Schabedoth,SPD,yes
1146,39021,Anita Schäfer,CDU/CSU,yes
1146,39024,Axel Schäfer,SPD,yes
1146,39030,Wolfgang Schäuble,CDU/CSU,yes
1146,39032,Nina Scheer,SPD,yes
1146,39035,Andreas Scheuer,CDU/CSU,yes
1146,39038,Marianne Schieder,SPD,yes
1146,39039,Udo Schiefner,SPD,yes
1146,39042,Karl Schiewerling,CDU/CSU,yes
1146,39043,Jana Schimke,CDU/CSU,yes
1146,39048,Tankred Schipanski,CDU/CSU,yes
1146,39049,Johann Saathoff,SPD,yes
1146,39053,Manuel Sarrazin,DIE GRÜNEN,yes
1146,44384,Heiko Schmelzle,CDU/CSU,yes
1146,39058,Dagmar Schmidt,SPD,yes
1146,39061,Dorothee Schlegel,SPD,yes
1146,39064,Ernst Dieter Rossmann,SPD,yes
1146,39066,Tabea Rößner,DIE GRÜNEN,yes
1146,39072,Michael Roth,SPD,yes
1146,39076,Norbert Röttgen,CDU/CSU,yes
1146,39078,Erwin Rüddel,CDU/CSU,yes
1146,39085,Albert Rupprecht,CDU/CSU,yes
1146,39086,Susann Rüthrich,SPD,yes
1146,39087,Bernd Rützel,SPD,yes
1146,39091,Martin Rosemann,SPD,yes
1146,39094,René Röspel,SPD,yes
1146,39099,Stefan Rebmann,SPD,yes
1146,39108,Gerold Reichenbach,SPD,yes
1146,44576,Carola Reimann,SPD,yes
1146,39110,Lothar Riebsamen,CDU/CSU,yes
1146,39112,Josef Rief,CDU/CSU,yes
1146,44268,Heinz Riesenhuber,CDU/CSU,yes
1146,39113,Andreas Rimkus,SPD,yes
1146,39116,Sönke Rix,SPD,yes
1146,39117,Dennis Rohde,SPD,yes
1146,39121,Peter Ramsauer,CDU/CSU,yes
1146,39124,Alexander Radwan,CDU/CSU,yes
1146,39125,Kerstin Radomski,CDU/CSU,yes
1146,39128,Thomas Rachel,CDU/CSU,yes
1146,41170,Simone Raatz,SPD,yes
1146,39129,Martin Rabanus,SPD,yes
1146,39133,Eckhard Pols,CDU/CSU,yes
1146,39134,Sabine Poschmann,SPD,yes
1146,44271,Joachim Poß,SPD,yes
1146,39135,Florian Post,SPD,yes
1146,39136,Achim Post,SPD,yes
1146,39139,Brigitte Pothmer,DIE GRÜNEN,yes
1146,39149,Ulrich Petzold,CDU/CSU,yes
1146,39152,Joachim Pfeiffer,CDU/CSU,yes
1146,39155,Sibylle Pfeiffer,CDU/CSU,yes
1146,39156,Jeannine Pflugradt,SPD,yes
1146,39157,Detlev Pilger,SPD,yes
1146,39163,Martin Pätzold,CDU/CSU,yes
1146,39164,Martin Patzelt,CDU/CSU,yes
1146,39166,Ingrid Pahlmann,CDU/CSU,yes
1146,39167,Sylvia Pantel,CDU/CSU,yes
1146,39170,Aydan Özoğuz,SPD,yes
1146,39172,Friedrich Ostendorff,DIE GRÜNEN,yes
1146,39173,Tim Ostermann,CDU/CSU,yes
1146,39176,Henning Otte,CDU/CSU,yes
1146,39178,Cem Özdemir,DIE GRÜNEN,yes
1146,39182,Helmut Nowak,CDU/CSU,yes
1146,39185,Georg Nüßlein,CDU/CSU,yes
1146,39186,Wilfried Oellers,CDU/CSU,yes
1146,39189,Thomas Oppermann,SPD,yes
1146,39190,Florian Oßner,CDU/CSU,yes
1146,39192,Andreas Nick,CDU/CSU,yes
1146,39194,Dietmar Nietan,SPD,yes
1146,39195,Ulli Nissen,SPD,yes
1146,39198,Michaela Noll,CDU/CSU,yes
1146,39203,Stefan Müller,CDU/CSU,yes
1146,39205,Carsten Müller,CDU/CSU,yes
1146,39208,Michelle Müntefering,SPD,yes
1146,39210,Philipp Murmann,CDU/CSU,yes
1146,39215,Gerd Müller,CDU/CSU,yes
1146,41323,Elisabeth Motschmann,CDU/CSU,yes
1146,39219,Dietrich Monstadt,CDU/CSU,yes
1146,39220,Karsten Möring,CDU/CSU,yes
1146,39226,Susanne Mittag,SPD,yes
1146,39227,Klaus Mindrup,SPD,yes
1146,44274,Maria Michalk,CDU/CSU,yes
1146,39231,Hans Michelbach,CDU/CSU,yes
1146,39233,Mathias Middelberg,CDU/CSU,yes
1146,39236,Matthias Miersch,SPD,yes
1146,39239,Stephan Mayer,CDU/CSU,yes
1146,39242,Michael Meister,CDU/CSU,yes
1146,39247,Gisela Manderla,CDU/CSU,yes
1146,39250,Caren Marks,SPD,yes
1146,39253,Katja Mast,SPD,yes
1146,39255,Andreas Mattfeldt,CDU/CSU,yes
1146,39256,Birgit Malecha-Nissen,SPD,yes
1146,39258,Thomas Mahlberg,CDU/CSU,yes
1146,39260,Karin Maag,CDU/CSU,yes
1146,39262,Kirsten Lühmann,SPD,yes
1146,39265,Daniela Ludwig,CDU/CSU,yes
1146,39267,Jan-Marco Luczak,CDU/CSU,yes
1146,39268,Claudia Lücking-Michel,CDU/CSU,yes
1146,39270,Carsten Linnemann,CDU/CSU,yes
1146,39273,Patricia Lips,CDU/CSU,yes
1146,39276,Wilfried Lorenz,CDU/CSU,yes
1146,44358,Gabriele Lösekrug-Möller,SPD,yes
1146,39277,Hiltrud Lotze,SPD,yes
1146,44906,Ingbert Liebing,CDU/CSU,yes
1146,39279,Matthias Lietz,CDU/CSU,yes
1146,39280,Andrea Lindholz,CDU/CSU,yes
1146,39282,Tobias Lindner,DIE GRÜNEN,yes
1146,39283,Andreas Lenz,CDU/CSU,yes
1146,39287,Antje Lezius,CDU/CSU,yes
1146,39294,Steffen-Claudio Lemme,SPD,yes
1146,39295,Philipp Lengsfeld,CDU/CSU,yes
1146,39300,Paul Lehrieder,CDU/CSU,yes
1146,39307,Günter Lach,CDU/CSU,yes
1146,39308,Uwe Lagosky,CDU/CSU,yes
1146,39311,Christine Lambrecht,SPD,yes
1146,39314,Karl A. Lamers,CDU/CSU,yes
1146,39317,Andreas Lämmel,CDU/CSU,yes
1146,39320,Norbert Lammert,CDU/CSU,yes
1146,39323,Katharina Landgraf,CDU/CSU,yes
1146,39326,Christian Lange,SPD,yes
1146,39328,Ulrich Lange,CDU/CSU,yes
1146,39331,Karl Lauterbach,SPD,yes
1146,39338,Roy Kühne,CDU/CSU,yes
1146,39340,Bettina Kudla,CDU/CSU,yes
1146,44276,Helga Kühn-Mengel,SPD,yes
1146,39346,Anette Kramme,SPD,yes
1146,39351,Michael Kretschmer,CDU/CSU,yes
1146,39354,Gunther Krichbaum,CDU/CSU,yes
1146,39357,Günter Krings,CDU/CSU,yes
1146,39361,Hans-Ulrich Krüger,SPD,yes
1146,39365,Rüdiger Kruse,CDU/CSU,yes
1146,39368,Hartmut Koschyk,CDU/CSU,yes
1146,39370,Tom Koenigs,DIE GRÜNEN,yes
1146,39373,Jens Koeppen,CDU/CSU,yes
1146,39376,Bärbel Kofler,SPD,yes
1146,39379,Birgit Kömpel,SPD,yes
1146,39380,Markus Koob,CDU/CSU,yes
1146,39381,Carsten Körber,CDU/CSU,yes
1146,39383,Axel Knoerig,CDU/CSU,yes
1146,39387,Lars Klingbeil,SPD,yes
1146,39388,Georg Kippels,CDU/CSU,yes
1146,39393,Arno Klare,SPD,yes
1146,39395,Roderich Kiesewetter,CDU/CSU,yes
1146,39398,Marina Kermer,SPD,yes
1146,39399,Anja Karliczek,CDU/CSU,yes
1146,39403,Bernhard Kaster,CDU/CSU,yes
1146,39404,Gabriele Katzmarek,SPD,yes
1146,39407,Volker Kauder,CDU/CSU,yes
1146,39409,Stefan Kaufmann,CDU/CSU,yes
1146,44770,Ulrich Kelber,SPD,yes
1146,39412,Steffen Kanitz,CDU/CSU,yes
1146,39417,Alois Karl,CDU/CSU,yes
1146,39421,Steffen Kampeter,CDU/CSU,yes
1146,39424,Hans-Werner Kammer,CDU/CSU,yes
1146,39427,Johannes Kahrs,SPD,yes
1146,39429,Egon Jüttner,CDU/CSU,yes
1146,39432,Josip Juratovic,SPD,yes
1146,39434,Thomas Jurk,SPD,yes
1146,39435,Frank Junge,SPD,yes
1146,39436,Xaver Jung,CDU/CSU,yes
1146,39439,Franz-Josef Jung,CDU/CSU,yes
1146,39442,Hubert Hüppe,CDU/CSU,yes
1146,39443,Matthias Ilgen,SPD,yes
1146,39444,Erich Irlstorfer,CDU/CSU,yes
1146,39445,Dieter Janecek,DIE GRÜNEN,yes
1146,39449,Thomas Jarzombek,CDU/CSU,yes
1146,45214,Bettina Hornhues,CDU/CSU,yes
1146,39450,Karl-Heinz (Charles M.) Huber,CDU/CSU,yes
1146,39453,Anette Hübinger,CDU/CSU,yes
1146,39461,Eva Högl,SPD,yes
1146,39463,Karl Holmeier,CDU/CSU,yes
1146,39466,Franz-Josef Holzenkamp,CDU/CSU,yes
1146,39467,Hendrik Hoppenstedt,CDU/CSU,yes
1146,39471,Alexander Hoffmann,CDU/CSU,yes
1146,39474,Robert Hochbaum,CDU/CSU,yes
1146,39475,Heribert Hirte,CDU/CSU,yes
1146,39476,Marcus Held,SPD,yes
1146,39477,Mark Helfrich,CDU/CSU,yes
1146,39479,Uda Heller,CDU/CSU,yes
1146,39481,Wolfgang Hellmich,SPD,yes
1146,39482,Jörg Hellmuth,CDU/CSU,yes
1146,39485,Barbara Hendricks,SPD,yes
1146,39488,Rudolf Henke,CDU/CSU,yes
1146,39491,Michael Hennrich,CDU/CSU,yes
1146,39494,Gustav Herzog,SPD,yes
1146,39502,Peter Hintze,CDU/CSU,yes
1146,39506,Stefan Heck,CDU/CSU,yes
1146,39507,Dirk Heidenblut,SPD,yes
1146,39509,Matthias Heider,CDU/CSU,yes
1146,39511,Helmut Heiderich,CDU/CSU,yes
1146,39514,Hubertus Heil,SPD,yes
1146,39516,Mechthild Heil,CDU/CSU,yes
1146,39520,Frank Heinrich,CDU/CSU,yes
1146,39521,Gabriela Heinrich,SPD,yes
1146,39522,Mark Hauptmann,CDU/CSU,yes
1146,39523,Matthias Hauer,CDU/CSU,yes
1146,44387,Michael Hartmann,SPD,yes
1146,39526,Gerda Hasselfeldt,CDU/CSU,yes
1146,39530,Sebastian Hartmann,SPD,yes
1146,39533,Metin Hakverdi,SPD,yes
1146,39537,Florian Hahn,CDU/CSU,yes
1146,39540,Anja Hajduk,DIE GRÜNEN,yes
1146,39541,Rita Hagl-Kehl,SPD,yes
1146,39542,Christian Haase,CDU/CSU,yes
1146,39545,Bettina Hagedorn,SPD,yes
1146,39550,Fritz Güntzler,CDU/CSU,yes
1146,39553,Olav Gutting,CDU/CSU,yes
1146,39554,Herlind Gundelach,CDU/CSU,yes
1146,39559,Astrid Grotelüschen,CDU/CSU,yes
1146,39562,Uli Grötsch,SPD,yes
1146,39565,Markus Grübel,CDU/CSU,yes
1146,39568,Manfred Grund,CDU/CSU,yes
1146,39569,Oliver Grundmann,CDU/CSU,yes
1146,39833,Karin Thissen,SPD,yes
1146,39572,Monika Grütters,CDU/CSU,yes
1146,40911,Michael Grosse-Brömer,CDU/CSU,yes
1146,39577,Kerstin Griese,SPD,yes
1146,39579,Philipp Graf von und zu Lerchenfeld,CDU/CSU,yes
1146,39582,Ulrike Gottschalck,SPD,yes
1146,39587,Iris Gleicke,SPD,yes
1146,39588,Cemile Giousouf,CDU/CSU,yes
1146,39591,Martin Gerster,SPD,yes
1146,39594,Eberhard Gienger,CDU/CSU,yes
1146,39599,Michael Gerdes,SPD,yes
1146,39601,Alois Gerig,CDU/CSU,yes
1146,39606,Ingo Gädechens,CDU/CSU,yes
1146,39608,Thomas Gambke,DIE GRÜNEN,yes
1146,39614,Thomas Gebhart,CDU/CSU,yes
1146,39616,Alexander Funk,CDU/CSU,yes
1146,39619,Hans-Peter Friedrich,CDU/CSU,yes
1146,39621,Michael Frieser,CDU/CSU,yes
1146,39625,Michael Fuchs,CDU/CSU,yes
1146,39628,Dagmar Freitag,SPD,yes
1146,39629,Christian Flisek,SPD,yes
1146,44390,Klaus-Peter Flosbach,CDU/CSU,yes
1146,39632,Gabriele Fograscher,SPD,yes
1146,39634,Edgar Franke,SPD,yes
1146,39635,Ulrich Freese,SPD,yes
1146,39636,Thorsten Frei,CDU/CSU,yes
1146,39639,Dirk Fischer,CDU/CSU,yes
1146,39642,Maria Flachsbarth,CDU/CSU,yes
1146,43872,Axel Eduard Fischer,CDU/CSU,yes
1146,39645,Ingrid Fischbach,CDU/CSU,yes
1146,39651,Petra Ernstberger,SPD,yes
1146,39652,Saskia Esken,SPD,yes
1146,39655,Karin Evers-Meyer,SPD,yes
1146,39656,Hermann Färber,CDU/CSU,yes
1146,39657,Johannes Fechner,SPD,yes
1146,39658,Uwe Feiler,CDU/CSU,yes
1146,39659,Fritz Felgentreu,SPD,yes
1146,39662,Enak Ferlemann,CDU/CSU,yes
1146,44393,Elke Ferner,SPD,yes
1146,39664,Michael Donth,CDU/CSU,yes
1146,39667,Thomas Dörflinger,CDU/CSU,yes
1146,39670,Martin Dörmann,SPD,yes
1146,39675,Marie-Luise Dött,CDU/CSU,yes
1146,40684,Elvira Drobinski-Weiß,SPD,yes
1146,39677,Hansjörg Durz,CDU/CSU,yes
1146,39680,Jutta Eckenbach,CDU/CSU,yes
1146,39683,Ekin Deligöz,DIE GRÜNEN,yes
1146,39684,Karamba Diaby,SPD,yes
1146,39686,Alexandra Dinges-Dierig,CDU/CSU,yes
1146,39688,Sabine Dittmar,SPD,yes
1146,39691,Alexander Dobrindt,CDU/CSU,yes
1146,39692,Kees de Vries,CDU/CSU,yes
1146,39694,Thomas de Maizière,CDU/CSU,yes
1146,39695,Daniela De Ridder,SPD,yes
1146,39696,Lars Castellucci,SPD,yes
1146,39702,Gitta Connemann,CDU/CSU,yes
1146,39704,Petra Crone,SPD,yes
1146,39708,Bernhard Daldrup,SPD,yes
1146,39715,Cajus Caesar,CDU/CSU,yes
1146,39718,Martin Burkert,SPD,yes
1146,39724,Edelgard Bulmahn,SPD,yes
1146,39726,Reinhard Brandl,CDU/CSU,yes
1146,39729,Helmut Brandt,CDU/CSU,yes
1146,39731,Franziska Brantner,DIE GRÜNEN,yes
1146,39734,Willi Brase,SPD,yes
1146,44283,Ralf Brauksiepe,CDU/CSU,yes
1146,39736,Helge Braun,CDU/CSU,yes
1146,39738,Heike Brehmer,CDU/CSU,yes
1146,39740,Ralph Brinkhaus,CDU/CSU,yes
1146,39743,Peter Bleser,CDU/CSU,yes
1146,39744,Burkhard Blienert,SPD,yes
1146,44361,Maria Böhmer,CDU/CSU,yes
1146,39750,Wolfgang Bosbach,CDU/CSU,yes
1146,39752,Norbert Brackmann,CDU/CSU,yes
1146,39755,Klaus Brähmig,CDU/CSU,yes
1146,39758,Clemens Binninger,CDU/CSU,yes
1146,39761,Lothar Binding,SPD,yes
1146,39763,Steffen Bilger,CDU/CSU,yes
1146,39768,Peter Beyer,CDU/CSU,yes
1146,39769,André Berghegger,CDU/CSU,yes
1146,39772,Christoph Bergner,CDU/CSU,yes
1146,39773,Sybille Benning,CDU/CSU,yes
1146,39778,Manfred Behrens,CDU/CSU,yes
1146,39779,Maik Beermann,CDU/CSU,yes
1146,44287,Uwe Beckmeyer,SPD,yes
1146,39784,Bärbel Bas,SPD,yes
1146,39787,Helmut Günter Baumann,CDU/CSU,yes
1146,39790,Marieluise Beck,DIE GRÜNEN,yes
1146,40314,Petra Rode-Bosse,SPD,yes
1146,39796,Doris Barnett,SPD,yes
1146,39802,Norbert Barthle,CDU/CSU,yes
1146,39805,Thomas Bareiß,CDU/CSU,yes
1146,44644,Katarina Barley,SPD,yes
1146,39807,Heinz-Joachim Barchmann,SPD,yes
1146,39810,Dorothee Bär,CDU/CSU,yes
1146,39813,Kerstin Andreae,DIE GRÜNEN,yes
1146,39815,Niels Annen,SPD,yes
1146,39818,Ingrid Arndt-Brauer,SPD,yes
1146,44364,Rainer Arnold,SPD,yes
1146,39819,Heike Baehrens,SPD,yes
1146,39821,Stephan Albani,CDU/CSU,yes
1146,44367,Gabriele Groneberg,SPD,yes
1146,39826,Ronja Kemmer,CDU/CSU,yes
1146,39827,Angelika Glöckner,SPD,yes
1146,39828,Thorsten Hoffmann,CDU/CSU,yes
1146,39831,Waldemar Westermayer,CDU/CSU,yes
1146,39832,Iris Eberl,CDU/CSU,yes
1146,38630,Diether Dehm,DIE LINKE,no
1146,38656,Alexander Ulrich,DIE LINKE,no
1146,44253,Hans-Christian Ströbele,DIE GRÜNEN,no
1146,38666,Petra Sitte,DIE LINKE,no
1146,38688,Frithjof Schmidt,DIE GRÜNEN,no
1146,38705,Hilde Mattheis,SPD,no
1146,38708,Gesine Lötzsch,DIE LINKE,no
1146,38712,Markus Kurth,DIE GRÜNEN,no
1146,38715,Sylvia Kotting-Uhl,DIE GRÜNEN,no
1146,38718,Jan Korte,DIE LINKE,no
1146,38730,Heike Hänsel,DIE LINKE,no
1146,38739,Ulla Jelpke,DIE LINKE,no
1146,38764,Agnieszka Brugger,DIE GRÜNEN,no
1146,38766,Christine Buchholz,DIE LINKE,no
1146,38772,Matthias W. Birkwald,DIE LINKE,no
1146,38782,Thomas Lutze,DIE LINKE,no
1146,38790,Martina Renner,DIE LINKE,no
1146,38795,Sabine Zimmermann,DIE LINKE,no
1146,38802,Herbert Behrens,DIE LINKE,no
1146,38804,Pia Zimmermann,DIE LINKE,no
1146,38809,Hubertus Zdebel,DIE LINKE,no
1146,38815,Waltraud Wolff,SPD,no
1146,38817,Birgit Wöllert,DIE LINKE,no
1146,38820,Jörn Wunderlich,DIE LINKE,no
1146,43581,Katrin Werner,DIE LINKE,no
1146,38861,Harald Weinberg,DIE LINKE,no
1146,38870,Halina Wawzyniak,DIE LINKE,no
1146,38889,Julia Verlinden,DIE GRÜNEN,no
1146,38896,Kathrin Vogler,DIE LINKE,no
1146,38904,Jan van Aken,DIE LINKE,no
1146,38911,Axel Troost,DIE LINKE,no
1146,38919,Harald Terpe,DIE GRÜNEN,no
1146,38931,Kerstin Tack,SPD,no
1146,38934,Kirsten Tackmann,DIE LINKE,no
1146,44383,Azize Tank,DIE LINKE,no
1146,45916,Frank Tempel,DIE LINKE,no
1146,38966,Kersten Steinke,DIE LINKE,no
1146,39031,Ulle Schauws,DIE GRÜNEN,no
1146,44599,Gerhard Schick,DIE GRÜNEN,no
1146,38613,Birgit Menz,DIE LINKE,no
1146,39046,Norbert Schindler,CDU/CSU,no
1146,39060,Michael Schlecht,DIE LINKE,no
1146,39069,Claudia Roth,DIE GRÜNEN,no
1146,39081,Rüdiger Veit,SPD,no
1146,39082,Corinna Rüffer,DIE GRÜNEN,no
1146,39131,Richard Pitterle,DIE LINKE,no
1146,39142,Wilhelm Priesmeier,SPD,no
1146,39146,Harald Petzold,DIE LINKE,no
1146,39159,Lisa Paus,DIE GRÜNEN,no
1146,39162,Petra Pau,DIE LINKE,no
1146,39165,Markus Paschke,SPD,no
1146,39191,Alexander S. Neu,DIE LINKE,no
1146,39200,Thomas Nord,DIE LINKE,no
1146,39207,Beate Müller-Gemmeke,DIE GRÜNEN,no
1146,39212,Özcan Mutlu,DIE GRÜNEN,no
1146,39217,Niema Movassat,DIE LINKE,no
1146,39222,Cornelia Möhring,DIE LINKE,no
1146,39228,Irene Mihalic,DIE GRÜNEN,no
1146,39243,Peter Meiwald,DIE GRÜNEN,no
1146,39286,Michael Leutert,DIE LINKE,no
1146,39289,Stefan Liebich,DIE LINKE,no
1146,39291,Ralph Lenkert,DIE LINKE,no
1146,39292,Steffi Lemke,DIE GRÜNEN,no
1146,39297,Sabine Leidig,DIE LINKE,no
1146,39303,Monika Lazar,DIE GRÜNEN,no
1146,39305,Caren Lay,DIE LINKE,no
1146,39334,Katrin Kunert,DIE LINKE,no
1146,39337,Renate Künast,DIE GRÜNEN,no
1146,39341,Christian Kühn,DIE GRÜNEN,no
1146,39343,Stephan Kühn,DIE GRÜNEN,no
1146,39348,Jutta Krellmann,DIE LINKE,no
1146,39378,Daniela Kolbe,SPD,no
1146,39385,Maria Klein-Schmeink,DIE GRÜNEN,no
1146,39391,Katja Kipping,DIE LINKE,no
1146,39392,Cansel Kiziltepe,SPD,no
1146,39397,Katja Keul,DIE GRÜNEN,no
1146,39400,Kerstin Kassner,DIE LINKE,no
1146,39413,Ralf Kapschack,SPD,no
1146,39414,Susanna Karawanskij,DIE LINKE,no
1146,39455,Andrej Hunko,DIE LINKE,no
1146,45897,Sigrid Hupach,DIE LINKE,no
1146,39458,Inge Höger,DIE LINKE,no
1146,44280,Bärbel Höhn,DIE GRÜNEN,no
1146,39470,Anton Hofreiter,DIE GRÜNEN,no
1146,39499,Gabriele Hiller-Ohm,SPD,no
1146,39505,Petra Hinz,SPD,no
1146,39518,Rosemarie Hein,DIE LINKE,no
1146,39535,André Hahn,DIE LINKE,no
1146,39548,Gregor Gysi,DIE LINKE,no
1146,39557,Wolfgang Gunkel,SPD,no
1146,39561,Annette Groth,DIE LINKE,no
1146,39574,Michael Groß,SPD,no
1146,39584,Nicole Gohlke,DIE LINKE,no
1146,39609,Matthias Gastel,DIE GRÜNEN,no
1146,41043,Wolfgang Gehrcke-Reymann,DIE LINKE,no
1146,39648,Klaus Ernst,DIE LINKE,no
1146,39663,Ute Finckh-Krämer,SPD,no
1146,39672,Katja Dörner,DIE GRÜNEN,no
1146,39676,Katharina Dröge,DIE GRÜNEN,no
1146,39679,Harald Ebner,DIE GRÜNEN,no
1146,39699,Roland Claus,DIE LINKE,no
1146,39707,Sevim Dağdelen,DIE LINKE,no
1146,39711,Marco Bülow,SPD,no
1146,39721,Eva Bulling-Schröter,DIE LINKE,no
1146,39747,Heidrun Bluhm-Förster,DIE LINKE,no
1146,39766,Karin Binder,DIE LINKE,no
1146,39782,Dietmar Bartsch,DIE LINKE,no
1146,39793,Volker Beck,DIE GRÜNEN,no
1146,39799,Klaus Barthel,SPD,no
1146,39822,Christian Petry,SPD,no
1146,39825,Wolfgang Strengmann-Kuhn,DIE GRÜNEN,no
1146,38661,Konstantin von Notz,DIE GRÜNEN,abstain
1146,38780,Katrin Göring-Eckardt,DIE GRÜNEN,abstain
1146,39027,Elisabeth Scharfenberg,DIE GRÜNEN,abstain
1146,39275,Burkhard Lischka,SPD,abstain
1146,39359,Oliver Krischer,DIE GRÜNEN,abstain
1146,39529,Britta Haßelmann,DIE GRÜNEN,abstain
1146,39597,Kai Gehring,DIE GRÜNEN,abstain
1146,39776,Veronika Bellmann,CDU/CSU,abstain
1146,43777,Luise Amtsberg,DIE GRÜNEN,abstain
1146,39820,Annalena Baerbock,DIE GRÜNEN,abstain
1208,41409,Rainer Hajek,CDU/CSU,yes
1208,41410,Mathias Höschel,CDU/CSU,yes
1208,41245,Kathrin Rösel,CDU/CSU,yes
1208,37945,Sarah Ryglewski,SPD,yes
1208,40312,Volker Mosblech,CDU/CSU,yes
1208,38626,Jens Zimmermann,SPD,yes
1208,38627,Yvonne Magwas,CDU/CSU,yes
1208,38631,Barbara Woltmann,CDU/CSU,yes
1208,38632,Heinrich Zertik,CDU/CSU,yes
1208,38633,Johannes Steiniger,CDU/CSU,yes
1208,38634,Kordula Kovac,CDU/CSU,yes
1208,38635,Astrid Freudenstein,CDU/CSU,yes
1208,38636,Julia Obermeier,CDU/CSU,yes
1208,38637,Gudrun Zollner,CDU/CSU,yes
1208,38638,Heidtrud Henn,SPD,yes
1208,38639,Heinz Wiese,CDU/CSU,yes
1208,38640,Gabriele Schmidt,CDU/CSU,yes
1208,38641,Nina Warken,CDU/CSU,yes
1208,38642,Margaret Horb,CDU/CSU,yes
1208,38643,Bernd-Bernhard Fabritius,CDU/CSU,yes
1208,38644,Reiner Meier,CDU/CSU,yes
1208,38647,Artur Auernhammer,CDU/CSU,yes
1208,38648,Tobias Zech,CDU/CSU,yes
1208,38649,Silke Launert,CDU/CSU,yes
1208,38650,Barbara Lanzinger,CDU/CSU,yes
1208,45245,Katrin Albsteiger,CDU/CSU,yes
1208,38657,Kai Whittaker,CDU/CSU,yes
1208,38659,Johann Wadephul,CDU/CSU,yes
1208,38662,Sven Volmering,CDU/CSU,yes
1208,38663,Carsten Träger,SPD,yes
1208,38668,Detlef Seif,CDU/CSU,yes
1208,38670,Johannes Selle,CDU/CSU,yes
1208,38673,Reinhold Sendker,CDU/CSU,yes
1208,38675,Patrick Sensburg,CDU/CSU,yes
1208,43859,Bernd Siebert,CDU/CSU,yes
1208,38678,Thomas Silberhorn,CDU/CSU,yes
1208,38681,Johannes Singhammer,CDU/CSU,yes
1208,38684,Uwe Schummer,CDU/CSU,yes
1208,38685,Mahmut Özdemir,SPD,yes
1208,38690,Patrick Schnieder,CDU/CSU,yes
1208,38693,Rolf Mützenich,SPD,yes
1208,38697,Bettina Müller,SPD,yes
1208,38702,Jan Metzler,CDU/CSU,yes
1208,44256,Nicole Maisch,DIE GRÜNEN,yes
1208,38709,Katja Leikert,CDU/CSU,yes
1208,38721,Volkmar Klein,CDU/CSU,yes
1208,38724,Sylvia Jörrißen,CDU/CSU,yes
1208,44259,Bartholomäus Kalb,CDU/CSU,yes
1208,38726,Oliver Kaczmarek,SPD,yes
1208,38727,Ulrich Hampel,SPD,yes
1208,44766,Stephan Harbarth,CDU/CSU,yes
1208,38733,Thomas Hitschler,SPD,yes
1208,38736,Christian Hirte,CDU/CSU,yes
1208,38743,Andreas Jung,CDU/CSU,yes
1208,38747,Ursula Groden-Kranich,CDU/CSU,yes
1208,38750,Hermann Gröhe,CDU/CSU,yes
1208,38751,Klaus-Dieter Gröhler,CDU/CSU,yes
1208,44349,Josef Göppel,CDU/CSU,yes
1208,38754,Hans-Joachim Fuchtel,CDU/CSU,yes
1208,38756,Thomas Feist,CDU/CSU,yes
1208,40915,Michaela Engelmeier,SPD,yes
1208,38759,Siegmund Ehrmann,SPD,yes
1208,38767,Karl-Heinz Brunner,SPD,yes
1208,38770,Michael Brand,CDU/CSU,yes
1208,38776,Sören Bartol,SPD,yes
1208,38777,Matthias Bartke,SPD,yes
1208,38785,Jürgen Klimke,CDU/CSU,yes
1208,38786,Ute Bertram,CDU/CSU,yes
1208,38789,Sascha Raabe,SPD,yes
1208,38792,Matthias Zimmer,CDU/CSU,yes
1208,38798,Manfred Zöllmer,SPD,yes
1208,38800,Markus Tressel,DIE GRÜNEN,yes
1208,38805,Stefan Zierke,SPD,yes
1208,38807,Dagmar Ziegler,SPD,yes
1208,38812,Dagmar Wöhrl,CDU/CSU,yes
1208,38821,Gülistan Yüksel,SPD,yes
1208,38824,Andrea Wicklein,SPD,yes
1208,40538,Annette Widmann-Mauz,CDU/CSU,yes
1208,38825,Dirk Wiese,SPD,yes
1208,38828,Klaus-Peter Willsch,CDU/CSU,yes
1208,38830,Valerie Wilms,DIE GRÜNEN,yes
1208,38833,Elisabeth Winkelmeier-Becker,CDU/CSU,yes
1208,38836,Oliver Wittke,CDU/CSU,yes
1208,38838,Peter Wichtel,CDU/CSU,yes
1208,38841,Anja Weisgerber,CDU/CSU,yes
1208,38843,Sabine Weiss,CDU/CSU,yes
1208,38846,Peter Weiß,CDU/CSU,yes
1208,38849,Ingo Wellenreuther,CDU/CSU,yes
1208,38852,Karl-Georg Wellmann,CDU/CSU,yes
1208,38853,Marian Wendt,CDU/CSU,yes
1208,38854,Bernd Westphal,SPD,yes
1208,38858,Kai Wegner,CDU/CSU,yes
1208,38859,Albert Weiler,CDU/CSU,yes
1208,38865,Marcus Weinberg,CDU/CSU,yes
1208,38868,Marco Wanderwitz,CDU/CSU,yes
1208,38874,Doris Wagner,DIE GRÜNEN,yes
1208,38877,Christel Voßbeck-Kayser,CDU/CSU,yes
1208,38878,Dirk Vöpel,SPD,yes
1208,38881,Christian von Stetten,CDU/CSU,yes
1208,38885,Hans-Georg von der Marwitz,CDU/CSU,yes
1208,38886,Matern von Marschall,CDU/CSU,yes
1208,38888,Oswin Veith,CDU/CSU,yes
1208,38890,Thomas Viesehon,CDU/CSU,yes
1208,38891,Michael Vietz,CDU/CSU,yes
1208,38894,Volkmar Vogel,CDU/CSU,yes
1208,38899,Ute Vogt,SPD,yes
1208,38902,Arnold Vaatz,CDU/CSU,yes
1208,38905,Volker Ullrich,CDU/CSU,yes
1208,38914,Antje Tillmann,CDU/CSU,yes
1208,38915,Astrid Timmermann-Fechter,CDU/CSU,yes
1208,44265,Franz Thönnes,SPD,yes
1208,38916,Michael Thews,SPD,yes
1208,38925,Lena Strothmann,CDU/CSU,yes
1208,38928,Michael Stübgen,CDU/CSU,yes
1208,38929,Sabine Sütterlin-Waack,CDU/CSU,yes
1208,38937,Claudia Tausend,SPD,yes
1208,38939,Thomas Stritzl,CDU/CSU,yes
1208,38941,Karin Strenz,CDU/CSU,yes
1208,38944,Max Straubinger,CDU/CSU,yes
1208,38947,Christoph Strässer,SPD,yes
1208,38949,Stephan Stracke,CDU/CSU,yes
1208,38950,Rita Stockhofe,CDU/CSU,yes
1208,38953,Gero Storjohann,CDU/CSU,yes
1208,38955,Dieter Stier,CDU/CSU,yes
1208,38957,Frank-Walter Steinmeier,SPD,yes
1208,38958,Albert Stegemann,CDU/CSU,yes
1208,38963,Sebastian Steineke,CDU/CSU,yes
1208,38968,Sonja Steffen,SPD,yes
1208,38969,Wolfgang Stefinger,CDU/CSU,yes
1208,38971,Frank Steffel,CDU/CSU,yes
1208,38973,Carola Stauche,CDU/CSU,yes
1208,38974,Martina Stamm-Fibich,SPD,yes
1208,38975,Tino Sorge,CDU/CSU,yes
1208,38978,Jens Spahn,CDU/CSU,yes
1208,40313,Elfi Scho-Antwerpes,SPD,yes
1208,38979,Rainer Spiering,SPD,yes
1208,38980,Norbert Spinrath,SPD,yes
1208,38981,Svenja Stadler,SPD,yes
1208,38983,Armin Schuster,CDU/CSU,yes
1208,38986,Frank Schwabe,SPD,yes
1208,38988,Stefan Schwartze,SPD,yes
1208,38992,Rita Schwarzelühr-Sutter,SPD,yes
1208,38993,Christina Schwarzer,CDU/CSU,yes
1208,44592,Ewald Schurer,SPD,yes
1208,38995,Kordula Schulz-Asche,DIE GRÜNEN,yes
1208,38996,Klaus-Peter Schulze,CDU/CSU,yes
1208,38999,Swen Schulz,SPD,yes
1208,44355,Bernhard Schulte-Drüggelte,CDU/CSU,yes
1208,39000,Ursula Schulte,SPD,yes
1208,39003,Ole Schröder,CDU/CSU,yes
1208,39006,Kristina Schröder,CDU/CSU,yes
1208,39008,Nadine Schön,CDU/CSU,yes
1208,39009,Matthias Schmidt,SPD,yes
1208,39012,Ulla Schmidt,SPD,yes
1208,39015,Carsten Schneider,SPD,yes
1208,39017,Annette Sawade,SPD,yes
1208,39018,Hans Joachim Schabedoth,SPD,yes
1208,39021,Anita Schäfer,CDU/CSU,yes
1208,39024,Axel Schäfer,SPD,yes
1208,39032,Nina Scheer,SPD,yes
1208,39035,Andreas Scheuer,CDU/CSU,yes
1208,39038,Marianne Schieder,SPD,yes
1208,39039,Udo Schiefner,SPD,yes
1208,39042,Karl Schiewerling,CDU/CSU,yes
1208,39043,Jana Schimke,CDU/CSU,yes
1208,39046,Norbert Schindler,CDU/CSU,yes
1208,39048,Tankred Schipanski,CDU/CSU,yes
1208,39049,Johann Saathoff,SPD,yes
1208,39053,Manuel Sarrazin,DIE GRÜNEN,yes
1208,39058,Dagmar Schmidt,SPD,yes
1208,39061,Dorothee Schlegel,SPD,yes
1208,39064,Ernst Dieter Rossmann,SPD,yes
1208,39066,Tabea Rößner,DIE GRÜNEN,yes
1208,39072,Michael Roth,SPD,yes
1208,39076,Norbert Röttgen,CDU/CSU,yes
1208,39078,Erwin Rüddel,CDU/CSU,yes
1208,39085,Albert Rupprecht,CDU/CSU,yes
1208,39086,Susann Rüthrich,SPD,yes
1208,39087,Bernd Rützel,SPD,yes
1208,39090,Johannes Röring,CDU/CSU,yes
1208,39091,Martin Rosemann,SPD,yes
1208,39094,René Röspel,SPD,yes
1208,39097,Mechthild Rawert,SPD,yes
1208,39099,Stefan Rebmann,SPD,yes
1208,39102,Eckhardt Rehberg,CDU/CSU,yes
1208,39108,Gerold Reichenbach,SPD,yes
1208,44576,Carola Reimann,SPD,yes
1208,39110,Lothar Riebsamen,CDU/CSU,yes
1208,39112,Josef Rief,CDU/CSU,yes
1208,44268,Heinz Riesenhuber,CDU/CSU,yes
1208,39113,Andreas Rimkus,SPD,yes
1208,39116,Sönke Rix,SPD,yes
1208,39117,Dennis Rohde,SPD,yes
1208,39118,Alois Rainer,CDU/CSU,yes
1208,39121,Peter Ramsauer,CDU/CSU,yes
1208,39124,Alexander Radwan,CDU/CSU,yes
1208,39125,Kerstin Radomski,CDU/CSU,yes
1208,39128,Thomas Rachel,CDU/CSU,yes
1208,41170,Simone Raatz,SPD,yes
1208,39129,Martin Rabanus,SPD,yes
1208,39133,Eckhard Pols,CDU/CSU,yes
1208,39134,Sabine Poschmann,SPD,yes
1208,44271,Joachim Poß,SPD,yes
1208,39135,Florian Post,SPD,yes
1208,39136,Achim Post,SPD,yes
1208,39139,Brigitte Pothmer,DIE GRÜNEN,yes
1208,39145,Florian Pronold,SPD,yes
1208,39149,Ulrich Petzold,CDU/CSU,yes
1208,39152,Joachim Pfeiffer,CDU/CSU,yes
1208,39155,Sibylle Pfeiffer,CDU/CSU,yes
1208,39156,Jeannine Pflugradt,SPD,yes
1208,39157,Detlev Pilger,SPD,yes
1208,39163,Martin Pätzold,CDU/CSU,yes
1208,39164,Martin Patzelt,CDU/CSU,yes
1208,39166,Ingrid Pahlmann,CDU/CSU,yes
1208,39167,Sylvia Pantel,CDU/CSU,yes
1208,39170,Aydan Özoğuz,SPD,yes
1208,39172,Friedrich Ostendorff,DIE GRÜNEN,yes
1208,39173,Tim Ostermann,CDU/CSU,yes
1208,39176,Henning Otte,CDU/CSU,yes
1208,39181,Omid Nouripour,DIE GRÜNEN,yes
1208,39182,Helmut Nowak,CDU/CSU,yes
1208,39185,Georg Nüßlein,CDU/CSU,yes
1208,39186,Wilfried Oellers,CDU/CSU,yes
1208,39189,Thomas Oppermann,SPD,yes
1208,39190,Florian Oßner,CDU/CSU,yes
1208,39192,Andreas Nick,CDU/CSU,yes
1208,39194,Dietmar Nietan,SPD,yes
1208,39195,Ulli Nissen,SPD,yes
1208,39198,Michaela Noll,CDU/CSU,yes
1208,39205,Carsten Müller,CDU/CSU,yes
1208,39208,Michelle Müntefering,SPD,yes
1208,39210,Philipp Murmann,CDU/CSU,yes
1208,39215,Gerd Müller,CDU/CSU,yes
1208,41323,Elisabeth Motschmann,CDU/CSU,yes
1208,39219,Dietrich Monstadt,CDU/CSU,yes
1208,39220,Karsten Möring,CDU/CSU,yes
1208,39226,Susanne Mittag,SPD,yes
1208,39227,Klaus Mindrup,SPD,yes
1208,44274,Maria Michalk,CDU/CSU,yes
1208,39231,Hans Michelbach,CDU/CSU,yes
1208,39233,Mathias Middelberg,CDU/CSU,yes
1208,39236,Matthias Miersch,SPD,yes
1208,39239,Stephan Mayer,CDU/CSU,yes
1208,39242,Michael Meister,CDU/CSU,yes
1208,39247,Gisela Manderla,CDU/CSU,yes
1208,39250,Caren Marks,SPD,yes
1208,39253,Katja Mast,SPD,yes
1208,39255,Andreas Mattfeldt,CDU/CSU,yes
1208,39256,Birgit Malecha-Nissen,SPD,yes
1208,39258,Thomas Mahlberg,CDU/CSU,yes
1208,39260,Karin Maag,CDU/CSU,yes
1208,39262,Kirsten Lühmann,SPD,yes
1208,39265,Daniela Ludwig,CDU/CSU,yes
1208,39267,Jan-Marco Luczak,CDU/CSU,yes
1208,39268,Claudia Lücking-Michel,CDU/CSU,yes
1208,39270,Carsten Linnemann,CDU/CSU,yes
1208,39273,Patricia Lips,CDU/CSU,yes
1208,39275,Burkhard Lischka,SPD,yes
1208,39276,Wilfried Lorenz,CDU/CSU,yes
1208,44358,Gabriele Lösekrug-Möller,SPD,yes
1208,39277,Hiltrud Lotze,SPD,yes
1208,44906,Ingbert Liebing,CDU/CSU,yes
1208,39279,Matthias Lietz,CDU/CSU,yes
1208,39280,Andrea Lindholz,CDU/CSU,yes
1208,39283,Andreas Lenz,CDU/CSU,yes
1208,39287,Antje Lezius,CDU/CSU,yes
1208,39294,Steffen-Claudio Lemme,SPD,yes
1208,39295,Philipp Lengsfeld,CDU/CSU,yes
1208,39300,Paul Lehrieder,CDU/CSU,yes
1208,39307,Günter Lach,CDU/CSU,yes
1208,39308,Uwe Lagosky,CDU/CSU,yes
1208,39311,Christine Lambrecht,SPD,yes
1208,39314,Karl A. Lamers,CDU/CSU,yes
1208,39317,Andreas Lämmel,CDU/CSU,yes
1208,39320,Norbert Lammert,CDU/CSU,yes
1208,39323,Katharina Landgraf,CDU/CSU,yes
1208,39326,Christian Lange,SPD,yes
1208,39328,Ulrich Lange,CDU/CSU,yes
1208,39331,Karl Lauterbach,SPD,yes
1208,39338,Roy Kühne,CDU/CSU,yes
1208,39340,Bettina Kudla,CDU/CSU,yes
1208,44276,Helga Kühn-Mengel,SPD,yes
1208,39351,Michael Kretschmer,CDU/CSU,yes
1208,39354,Gunther Krichbaum,CDU/CSU,yes
1208,39361,Hans-Ulrich Krüger,SPD,yes
1208,39365,Rüdiger Kruse,CDU/CSU,yes
1208,39370,Tom Koenigs,DIE GRÜNEN,yes
1208,39373,Jens Koeppen,CDU/CSU,yes
1208,39376,Bärbel Kofler,SPD,yes
1208,39379,Birgit Kömpel,SPD,yes
1208,39380,Markus Koob,CDU/CSU,yes
1208,39381,Carsten Körber,CDU/CSU,yes
1208,39383,Axel Knoerig,CDU/CSU,yes
1208,39387,Lars Klingbeil,SPD,yes
1208,39388,Georg Kippels,CDU/CSU,yes
1208,39393,Arno Klare,SPD,yes
1208,39395,Roderich Kiesewetter,CDU/CSU,yes
1208,39398,Marina Kermer,SPD,yes
1208,39399,Anja Karliczek,CDU/CSU,yes
1208,39403,Bernhard Kaster,CDU/CSU,yes
1208,39404,Gabriele Katzmarek,SPD,yes
1208,39407,Volker Kauder,CDU/CSU,yes
1208,39409,Stefan Kaufmann,CDU/CSU,yes
1208,44770,Ulrich Kelber,SPD,yes
1208,39412,Steffen Kanitz,CDU/CSU,yes
1208,39417,Alois Karl,CDU/CSU,yes
1208,39424,Hans-Werner Kammer,CDU/CSU,yes
1208,39427,Johannes Kahrs,SPD,yes
1208,39429,Egon Jüttner,CDU/CSU,yes
1208,39432,Josip Juratovic,SPD,yes
1208,39434,Thomas Jurk,SPD,yes
1208,39435,Frank Junge,SPD,yes
1208,39436,Xaver Jung,CDU/CSU,yes
1208,39439,Franz-Josef Jung,CDU/CSU,yes
1208,39442,Hubert Hüppe,CDU/CSU,yes
1208,39444,Erich Irlstorfer,CDU/CSU,yes
1208,39445,Dieter Janecek,DIE GRÜNEN,yes
1208,39446,Christina Jantz-Herrmann,SPD,yes
1208,39449,Thomas Jarzombek,CDU/CSU,yes
1208,45214,Bettina Hornhues,CDU/CSU,yes
1208,39450,Karl-Heinz (Charles M.) Huber,CDU/CSU,yes
1208,39461,Eva Högl,SPD,yes
1208,39463,Karl Holmeier,CDU/CSU,yes
1208,39466,Franz-Josef Holzenkamp,CDU/CSU,yes
1208,39467,Hendrik Hoppenstedt,CDU/CSU,yes
1208,39471,Alexander Hoffmann,CDU/CSU,yes
1208,39474,Robert Hochbaum,CDU/CSU,yes
1208,39475,Heribert Hirte,CDU/CSU,yes
1208,39476,Marcus Held,SPD,yes
1208,39477,Mark Helfrich,CDU/CSU,yes
1208,39479,Uda Heller,CDU/CSU,yes
1208,39481,Wolfgang Hellmich,SPD,yes
1208,39482,Jörg Hellmuth,CDU/CSU,yes
1208,39485,Barbara Hendricks,SPD,yes
1208,39488,Rudolf Henke,CDU/CSU,yes
1208,39491,Michael Hennrich,CDU/CSU,yes
1208,39494,Gustav Herzog,SPD,yes
1208,39496,Ansgar Heveling,CDU/CSU,yes
1208,39507,Dirk Heidenblut,SPD,yes
1208,39509,Matthias Heider,CDU/CSU,yes
1208,39511,Helmut Heiderich,CDU/CSU,yes
1208,39514,Hubertus Heil,SPD,yes
1208,39516,Mechthild Heil,CDU/CSU,yes
1208,39520,Frank Heinrich,CDU/CSU,yes
1208,39521,Gabriela Heinrich,SPD,yes
1208,39522,Mark Hauptmann,CDU/CSU,yes
1208,39523,Matthias Hauer,CDU/CSU,yes
1208,44387,Michael Hartmann,SPD,yes
1208,39526,Gerda Hasselfeldt,CDU/CSU,yes
1208,39530,Sebastian Hartmann,SPD,yes
1208,39533,Metin Hakverdi,SPD,yes
1208,39537,Florian Hahn,CDU/CSU,yes
1208,39540,Anja Hajduk,DIE GRÜNEN,yes
1208,39541,Rita Hagl-Kehl,SPD,yes
1208,39542,Christian Haase,CDU/CSU,yes
1208,39545,Bettina Hagedorn,SPD,yes
1208,39550,Fritz Güntzler,CDU/CSU,yes
1208,39553,Olav Gutting,CDU/CSU,yes
1208,39554,Herlind Gundelach,CDU/CSU,yes
1208,39559,Astrid Grotelüschen,CDU/CSU,yes
1208,39562,Uli Grötsch,SPD,yes
1208,39565,Markus Grübel,CDU/CSU,yes
1208,39568,Manfred Grund,CDU/CSU,yes
1208,39569,Oliver Grundmann,CDU/CSU,yes
1208,39833,Karin Thissen,SPD,yes
1208,40911,Michael Grosse-Brömer,CDU/CSU,yes
1208,39577,Kerstin Griese,SPD,yes
1208,39582,Ulrike Gottschalck,SPD,yes
1208,39587,Iris Gleicke,SPD,yes
1208,39588,Cemile Giousouf,CDU/CSU,yes
1208,39591,Martin Gerster,SPD,yes
1208,39594,Eberhard Gienger,CDU/CSU,yes
1208,39599,Michael Gerdes,SPD,yes
1208,39601,Alois Gerig,CDU/CSU,yes
1208,39606,Ingo Gädechens,CDU/CSU,yes
1208,39608,Thomas Gambke,DIE GRÜNEN,yes
1208,39614,Thomas Gebhart,CDU/CSU,yes
1208,39616,Alexander Funk,CDU/CSU,yes
1208,39619,Hans-Peter Friedrich,CDU/CSU,yes
1208,39621,Michael Frieser,CDU/CSU,yes
1208,39625,Michael Fuchs,CDU/CSU,yes
1208,39628,Dagmar Freitag,SPD,yes
1208,39629,Christian Flisek,SPD,yes
1208,44390,Klaus-Peter Flosbach,CDU/CSU,yes
1208,39632,Gabriele Fograscher,SPD,yes
1208,39634,Edgar Franke,SPD,yes
1208,39635,Ulrich Freese,SPD,yes
1208,39636,Thorsten Frei,CDU/CSU,yes
1208,39639,Dirk Fischer,CDU/CSU,yes
1208,39642,Maria Flachsbarth,CDU/CSU,yes
1208,39645,Ingrid Fischbach,CDU/CSU,yes
1208,39652,Saskia Esken,SPD,yes
1208,39655,Karin Evers-Meyer,SPD,yes
1208,39656,Hermann Färber,CDU/CSU,yes
1208,39657,Johannes Fechner,SPD,yes
1208,39658,Uwe Feiler,CDU/CSU,yes
1208,39659,Fritz Felgentreu,SPD,yes
1208,39662,Enak Ferlemann,CDU/CSU,yes
1208,44393,Elke Ferner,SPD,yes
1208,39664,Michael Donth,CDU/CSU,yes
1208,39667,Thomas Dörflinger,CDU/CSU,yes
1208,39670,Martin Dörmann,SPD,yes
1208,39675,Marie-Luise Dött,CDU/CSU,yes
1208,40684,Elvira Drobinski-Weiß,SPD,yes
1208,39677,Hansjörg Durz,CDU/CSU,yes
1208,39680,Jutta Eckenbach,CDU/CSU,yes
1208,39684,Karamba Diaby,SPD,yes
1208,39686,Alexandra Dinges-Dierig,CDU/CSU,yes
1208,39688,Sabine Dittmar,SPD,yes
1208,39691,Alexander Dobrindt,CDU/CSU,yes
1208,39694,Thomas de Maizière,CDU/CSU,yes
1208,39695,Daniela De Ridder,SPD,yes
1208,39696,Lars Castellucci,SPD,yes
1208,39702,Gitta Connemann,CDU/CSU,yes
1208,39704,Petra Crone,SPD,yes
1208,39708,Bernhard Daldrup,SPD,yes
1208,39715,Cajus Caesar,CDU/CSU,yes
1208,39724,Edelgard Bulmahn,SPD,yes
1208,39726,Reinhard Brandl,CDU/CSU,yes
1208,39731,Franziska Brantner,DIE GRÜNEN,yes
1208,39734,Willi Brase,SPD,yes
1208,44283,Ralf Brauksiepe,CDU/CSU,yes
1208,39736,Helge Braun,CDU/CSU,yes
1208,39738,Heike Brehmer,CDU/CSU,yes
1208,39740,Ralph Brinkhaus,CDU/CSU,yes
1208,39743,Peter Bleser,CDU/CSU,yes
1208,39744,Burkhard Blienert,SPD,yes
1208,44361,Maria Böhmer,CDU/CSU,yes
1208,39750,Wolfgang Bosbach,CDU/CSU,yes
1208,39752,Norbert Brackmann,CDU/CSU,yes
1208,39755,Klaus Brähmig,CDU/CSU,yes
1208,39758,Clemens Binninger,CDU/CSU,yes
1208,39761,Lothar Binding,SPD,yes
1208,39763,Steffen Bilger,CDU/CSU,yes
1208,39769,André Berghegger,CDU/CSU,yes
1208,39772,Christoph Bergner,CDU/CSU,yes
1208,39773,Sybille Benning,CDU/CSU,yes
1208,39776,Veronika Bellmann,CDU/CSU,yes
1208,39778,Manfred Behrens,CDU/CSU,yes
1208,39779,Maik Beermann,CDU/CSU,yes
1208,44287,Uwe Beckmeyer,SPD,yes
1208,39784,Bärbel Bas,SPD,yes
1208,39787,Helmut Günter Baumann,CDU/CSU,yes
1208,39790,Marieluise Beck,DIE GRÜNEN,yes
1208,40314,Petra Rode-Bosse,SPD,yes
1208,39796,Doris Barnett,SPD,yes
1208,39802,Norbert Barthle,CDU/CSU,yes
1208,39805,Thomas Bareiß,CDU/CSU,yes
1208,44644,Katarina Barley,SPD,yes
1208,39807,Heinz-Joachim Barchmann,SPD,yes
1208,39810,Dorothee Bär,CDU/CSU,yes
1208,39813,Kerstin Andreae,DIE GRÜNEN,yes
1208,39815,Niels Annen,SPD,yes
1208,39818,Ingrid Arndt-Brauer,SPD,yes
1208,44364,Rainer Arnold,SPD,yes
1208,39819,Heike Baehrens,SPD,yes
1208,39821,Stephan Albani,CDU/CSU,yes
1208,44367,Gabriele Groneberg,SPD,yes
1208,39826,Ronja Kemmer,CDU/CSU,yes
1208,39827,Angelika Glöckner,SPD,yes
1208,39828,Thorsten Hoffmann,CDU/CSU,yes
1208,39831,Waldemar Westermayer,CDU/CSU,yes
1208,39832,Iris Eberl,CDU/CSU,yes
1208,41206,Jürgen Coße,SPD,yes
1208,41407,Karl-Heinz Wange,CDU/CSU,yes
1208,41186,Bettina Bähr-Losse,SPD,yes
1208,38630,Diether Dehm,DIE LINKE,no
1208,38656,Alexander Ulrich,DIE LINKE,no
1208,44253,Hans-Christian Ströbele,DIE GRÜNEN,no
1208,38666,Petra Sitte,DIE LINKE,no
1208,38688,Frithjof Schmidt,DIE GRÜNEN,no
1208,38705,Hilde Mattheis,SPD,no
1208,38712,Markus Kurth,DIE GRÜNEN,no
1208,38715,Sylvia Kotting-Uhl,DIE GRÜNEN,no
1208,38718,Jan Korte,DIE LINKE,no
1208,38723,Sven-Christian Kindler,DIE GRÜNEN,no
1208,38730,Heike Hänsel,DIE LINKE,no
1208,38739,Ulla Jelpke,DIE LINKE,no
1208,38766,Christine Buchholz,DIE LINKE,no
1208,38772,Matthias W. Birkwald,DIE LINKE,no
1208,38773,Ulrike Bahr,SPD,no
1208,38782,Thomas Lutze,DIE LINKE,no
1208,38790,Martina Renner,DIE LINKE,no
1208,38795,Sabine Zimmermann,DIE LINKE,no
1208,38802,Herbert Behrens,DIE LINKE,no
1208,38804,Pia Zimmermann,DIE LINKE,no
1208,38809,Hubertus Zdebel,DIE LINKE,no
1208,38815,Waltraud Wolff,SPD,no
1208,38817,Birgit Wöllert,DIE LINKE,no
1208,38820,Jörn Wunderlich,DIE LINKE,no
1208,43581,Katrin Werner,DIE LINKE,no
1208,38889,Julia Verlinden,DIE GRÜNEN,no
1208,38896,Kathrin Vogler,DIE LINKE,no
1208,38904,Jan van Aken,DIE LINKE,no
1208,38919,Harald Terpe,DIE GRÜNEN,no
1208,38931,Kerstin Tack,SPD,no
1208,38934,Kirsten Tackmann,DIE LINKE,no
1208,44383,Azize Tank,DIE LINKE,no
1208,45916,Frank Tempel,DIE LINKE,no
1208,38966,Kersten Steinke,DIE LINKE,no
1208,39031,Ulle Schauws,DIE GRÜNEN,no
1208,44599,Gerhard Schick,DIE GRÜNEN,no
1208,38613,Birgit Menz,DIE LINKE,no
1208,39069,Claudia Roth,DIE GRÜNEN,no
1208,39081,Rüdiger Veit,SPD,no
1208,39082,Corinna Rüffer,DIE GRÜNEN,no
1208,39131,Richard Pitterle,DIE LINKE,no
1208,39142,Wilhelm Priesmeier,SPD,no
1208,39146,Harald Petzold,DIE LINKE,no
1208,39159,Lisa Paus,DIE GRÜNEN,no
1208,39162,Petra Pau,DIE LINKE,no
1208,39165,Markus Paschke,SPD,no
1208,39191,Alexander S. Neu,DIE LINKE,no
1208,39200,Thomas Nord,DIE LINKE,no
1208,39207,Beate Müller-Gemmeke,DIE GRÜNEN,no
1208,39212,Özcan Mutlu,DIE GRÜNEN,no
1208,39217,Niema Movassat,DIE LINKE,no
1208,39222,Cornelia Möhring,DIE LINKE,no
1208,39228,Irene Mihalic,DIE GRÜNEN,no
1208,39243,Peter Meiwald,DIE GRÜNEN,no
1208,39286,Michael Leutert,DIE LINKE,no
1208,39289,Stefan Liebich,DIE LINKE,no
1208,39291,Ralph Lenkert,DIE LINKE,no
1208,39292,Steffi Lemke,DIE GRÜNEN,no
1208,39297,Sabine Leidig,DIE LINKE,no
1208,39303,Monika Lazar,DIE GRÜNEN,no
1208,39305,Caren Lay,DIE LINKE,no
1208,39334,Katrin Kunert,DIE LINKE,no
1208,39337,Renate Künast,DIE GRÜNEN,no
1208,39341,Christian Kühn,DIE GRÜNEN,no
1208,39343,Stephan Kühn,DIE GRÜNEN,no
1208,39348,Jutta Krellmann,DIE LINKE,no
1208,39378,Daniela Kolbe,SPD,no
1208,39385,Maria Klein-Schmeink,DIE GRÜNEN,no
1208,39391,Katja Kipping,DIE LINKE,no
1208,39392,Cansel Kiziltepe,SPD,no
1208,39397,Katja Keul,DIE GRÜNEN,no
1208,39400,Kerstin Kassner,DIE LINKE,no
1208,39413,Ralf Kapschack,SPD,no
1208,39414,Susanna Karawanskij,DIE LINKE,no
1208,39455,Andrej Hunko,DIE LINKE,no
1208,39458,Inge Höger,DIE LINKE,no
1208,44280,Bärbel Höhn,DIE GRÜNEN,no
1208,39470,Anton Hofreiter,DIE GRÜNEN,no
1208,39499,Gabriele Hiller-Ohm,SPD,no
1208,39518,Rosemarie Hein,DIE LINKE,no
1208,39535,André Hahn,DIE LINKE,no
1208,39561,Annette Groth,DIE LINKE,no
1208,39574,Michael Groß,SPD,no
1208,39584,Nicole Gohlke,DIE LINKE,no
1208,41043,Wolfgang Gehrcke-Reymann,DIE LINKE,no
1208,39648,Klaus Ernst,DIE LINKE,no
1208,39663,Ute Finckh-Krämer,SPD,no
1208,39672,Katja Dörner,DIE GRÜNEN,no
1208,39676,Katharina Dröge,DIE GRÜNEN,no
1208,39699,Roland Claus,DIE LINKE,no
1208,39707,Sevim Dağdelen,DIE LINKE,no
1208,39711,Marco Bülow,SPD,no
1208,39721,Eva Bulling-Schröter,DIE LINKE,no
1208,39747,Heidrun Bluhm-Förster,DIE LINKE,no
1208,39766,Karin Binder,DIE LINKE,no
1208,39782,Dietmar Bartsch,DIE LINKE,no
1208,39793,Volker Beck,DIE GRÜNEN,no
1208,39799,Klaus Barthel,SPD,no
1208,39822,Christian Petry,SPD,no
1208,39825,Wolfgang Strengmann-Kuhn,DIE GRÜNEN,no
1208,38060,Norbert Müller,DIE LINKE,no
1208,38661,Konstantin von Notz,DIE GRÜNEN,abstain
1208,38780,Katrin Göring-Eckardt,DIE GRÜNEN,abstain
1208,39359,Oliver Krischer,DIE GRÜNEN,abstain
1208,39529,Britta Haßelmann,DIE GRÜNEN,abstain
1208,39597,Kai Gehring,DIE GRÜNEN,abstain
1208,39609,Matthias Gastel,DIE GRÜNEN,abstain
1208,39679,Harald Ebner,DIE GRÜNEN,abstain
1208,43777,Luise Amtsberg,DIE GRÜNEN,abstain
1208,39820,Annalena Baerbock,DIE GRÜNEN,abstain
1208,38646,Matthäus Strebl,CDU/CSU,no_show
1208,38653,Peter Altmaier,CDU/CSU,no_show
1208,38696,Andrea Nahles,SPD,no_show
1208,38700,Marlene Mortler,CDU/CSU,no_show
1208,38708,Gesine Lötzsch,DIE LINKE,no_show
1208,38732,Jürgen Hardt,CDU/CSU,no_show
1208,38762,Gernot Erler,SPD,no_show
1208,38764,Agnieszka Brugger,DIE GRÜNEN,no_show
1208,44262,Brigitte Zypries,SPD,no_show
1208,38808,Emmi Zeulner,CDU/CSU,no_show
1208,38855,Gabi Weber,SPD,no_show
1208,38861,Harald Weinberg,DIE LINKE,no_show
1208,38870,Halina Wawzyniak,DIE LINKE,no_show
1208,38873,Sahra Wagenknecht,DIE LINKE,no_show
1208,38876,Beate Walter-Rosenheimer,DIE GRÜNEN,no_show
1208,38883,Ursula von der Leyen,CDU/CSU,no_show
1208,44382,Hans-Peter Uhl,CDU/CSU,no_show
1208,38908,Jürgen Trittin,DIE GRÜNEN,no_show
1208,38911,Axel Troost,DIE LINKE,no_show
1208,38936,Peter Tauber,CDU/CSU,no_show
1208,38959,Peter Stein,CDU/CSU,no_show
1208,44352,Erika Steinbach,CDU/CSU,no_show
1208,38989,Andreas Schwarz,SPD,no_show
1208,39027,Elisabeth Scharfenberg,DIE GRÜNEN,no_show
1208,39030,Wolfgang Schäuble,CDU/CSU,no_show
1208,39056,Christian Schmidt,CDU/CSU,no_show
1208,39060,Michael Schlecht,DIE LINKE,no_show
1208,39178,Cem Özdemir,DIE GRÜNEN,no_show
1208,39203,Stefan Müller,CDU/CSU,no_show
1208,39246,Angela Merkel,CDU/CSU,no_show
1208,39282,Tobias Lindner,DIE GRÜNEN,no_show
1208,39346,Anette Kramme,SPD,no_show
1208,39357,Günter Krings,CDU/CSU,no_show
1208,39368,Hartmut Koschyk,CDU/CSU,no_show
1208,39411,Uwe Kekeritz,DIE GRÜNEN,no_show
1208,39443,Matthias Ilgen,SPD,no_show
1208,39453,Anette Hübinger,CDU/CSU,no_show
1208,45897,Sigrid Hupach,DIE LINKE,no_show
1208,39506,Stefan Heck,CDU/CSU,no_show
1208,39548,Gregor Gysi,DIE LINKE,no_show
1208,39557,Wolfgang Gunkel,SPD,no_show
1208,39572,Monika Grütters,CDU/CSU,no_show
1208,39579,Philipp Graf von und zu Lerchenfeld,CDU/CSU,no_show
1208,39604,Sigmar Gabriel,SPD,no_show
1208,43872,Axel Eduard Fischer,CDU/CSU,no_show
1208,39651,Petra Ernstberger,SPD,no_show
1208,39683,Ekin Deligöz,DIE GRÜNEN,no_show
1208,39692,Kees de Vries,CDU/CSU,no_show
1208,39718,Martin Burkert,SPD,no_show
1208,39729,Helmut Brandt,CDU/CSU,no_show
1208,39768,Peter Beyer,CDU/CSU,no_show
1208,39830,Detlef Müller,SPD,no_show
1208,41244,Iris Ripsam,CDU/CSU,no_show
1245,45446,Jens Zimmermann,SPD,yes
1245,45445,Stefan Zierke,SPD,yes
1245,44568,Dagmar Ziegler,SPD,yes
1245,44602,Gülistan Yüksel,SPD,yes
1245,44570,Dirk Wiese,SPD,yes
1245,45442,Bernd Westphal,SPD,yes
1245,44072,Gabi Weber,SPD,no_show
1245,45434,Dirk Vöpel,SPD,yes
1245,45432,Ute Vogt,SPD,yes
1245,43423,Markus Töns,SPD,yes
1245,45425,Michael Thews,SPD,yes
1245,44565,Claudia Tausend,SPD,yes
1245,46209,Kerstin Tack,SPD,no
1245,43903,Mathias Stein,SPD,yes
1245,45414,Sonja Steffen,SPD,yes
1245,45412,Martina Stamm-Fibich,SPD,yes
1245,45411,Svenja Stadler,SPD,yes
1245,45410,Rainer Spiering,SPD,yes
1245,45402,Rita Schwarzelühr-Sutter,SPD,no_show
1245,45401,Andreas Schwarz,SPD,yes
1245,45399,Frank Schwabe,SPD,no_show
1245,45426,Carsten Träger,SPD,yes
1245,45396,Swen Schulz,SPD,no_show
1245,37851,Martin Schulz,SPD,yes
1245,45395,Ursula Schulte,SPD,yes
1245,46245,Manja Schüle,SPD,yes
1245,41213,Michael Schrodi,SPD,yes
1245,37960,Johannes Schraps,SPD,yes
1245,45806,Carsten Schneider,SPD,yes
1245,43809,Uwe Schmidt,SPD,yes
1245,44069,Ulla Schmidt,SPD,no_show
1245,44567,Dagmar Schmidt,SPD,yes
1245,40161,Nils Schmid,SPD,yes
1245,45388,Udo Schiefner,SPD,yes
1245,45387,Marianne Schieder,SPD,yes
1245,44582,Nina Scheer,SPD,yes
1245,45474,Axel Schäfer,SPD,no_show
1245,45383,Johann Saathoff,SPD,yes
1245,45580,Sarah Ryglewski,SPD,yes
1245,45382,Bernd Rützel,SPD,yes
1245,45381,Susann Rüthrich,SPD,yes
1245,45379,Michael Roth,SPD,no_show
1245,45377,Ernst Dieter Rossmann,SPD,yes
1245,45376,René Röspel,SPD,yes
1245,44580,Martin Rosemann,SPD,yes
1245,45374,Dennis Rohde,SPD,yes
1245,45373,Sönke Rix,SPD,yes
1245,45372,Andreas Rimkus,SPD,yes
1245,43905,Marja-Liisa Völlers,SPD,yes
1245,45363,Sascha Raabe,SPD,no_show
1245,44596,Florian Pronold,SPD,yes
1245,44541,Achim Post,SPD,yes
1245,44595,Florian Post,SPD,yes
1245,45362,Sabine Poschmann,SPD,yes
1245,45360,Detlev Pilger,SPD,yes
1245,45358,Christian Petry,SPD,no
1245,45354,Aydan Özoğuz,SPD,yes
1245,45353,Mahmut Özdemir,SPD,yes
1245,43911,Josephine Ortleb,SPD,yes
1245,45350,Thomas Oppermann,SPD,yes
1245,44068,Ulli Nissen,SPD,yes
1245,45344,Dietmar Nietan,SPD,no_show
1245,46270,Andrea Nahles,SPD,yes
1245,46021,Rolf Mützenich,SPD,yes
1245,45343,Michelle Müntefering,SPD,yes
1245,45340,Bettina Müller,SPD,yes
1245,45339,Detlef Müller,SPD,yes
1245,43904,Siemtje Möller,SPD,yes
1245,43907,Claudia Moll,SPD,yes
1245,43906,Falko Mohrs,SPD,yes
1245,45335,Susanne Mittag,SPD,yes
1245,45334,Klaus Mindrup,SPD,yes
1245,44581,Matthias Miersch,SPD,yes
1245,44066,Hilde Mattheis,SPD,no
1245,43800,Christoph Matschie,SPD,yes
1245,45329,Katja Mast,SPD,yes
1245,44561,Caren Marks,SPD,yes
1245,43624,Heiko Maas,SPD,yes
1245,46268,Burkhard Lischka,SPD,yes
1245,43908,Helge Lindh,SPD,yes
1245,45313,Karl Lauterbach,SPD,yes
1245,45310,Christian Lange,SPD,yes
1245,45231,Christine Lambrecht,SPD,yes
1245,45300,Anette Kramme,SPD,yes
1245,46267,Elvan Korkmaz-Emre,SPD,yes
1245,45238,Daniela Kolbe,SPD,no
1245,44573,Bärbel Kofler,SPD,yes
1245,45296,Lars Klingbeil,SPD,yes
1245,45293,Arno Klare,SPD,yes
1245,44559,Cansel Kiziltepe,SPD,no
1245,44771,Ulrich Kelber,SPD,yes
1245,45283,Gabriele Katzmarek,SPD,yes
1245,45281,Ralf Kapschack,SPD,no
1245,43910,Elisabeth Kaiser,SPD,yes
1245,45280,Johannes Kahrs,SPD,yes
1245,45279,Oliver Kaczmarek,SPD,yes
1245,45278,Thomas Jurk,SPD,yes
1245,44613,Josip Juratovic,SPD,yes
1245,45277,Frank Junge,SPD,yes
1245,44589,Eva Högl,SPD,yes
1245,45270,Thomas Hitschler,SPD,yes
1245,45267,Gabriele Hiller-Ohm,SPD,no
1245,44605,Gustav Herzog,SPD,yes
1245,44538,Barbara Hendricks,SPD,no_show
1245,44537,Wolfgang Hellmich,SPD,yes
1245,44535,Marcus Held,SPD,yes
1245,44534,Gabriela Heinrich,SPD,yes
1245,45265,Dirk Heidenblut,SPD,no
1245,45262,Sebastian Hartmann,SPD,yes
1245,46138,Metin Hakverdi,SPD,yes
1245,44527,Rita Hagl-Kehl,SPD,yes
1245,44526,Bettina Hagedorn,SPD,yes
1245,45257,Uli Grötsch,SPD,yes
1245,44523,Michael Groß,SPD,no
1245,46177,Kerstin Griese,SPD,yes
1245,42869,Timon Gremmels,SPD,yes
1245,44519,Angelika Glöckner,SPD,yes
1245,45254,Martin Gerster,SPD,yes
1245,45253,Michael Gerdes,SPD,yes
1245,46266,Sigmar Gabriel,SPD,yes
1245,44516,Dagmar Freitag,SPD,no_show
1245,44514,Ulrich Freese,SPD,yes
1245,44513,Edgar Franke,SPD,yes
1245,44511,Fritz Felgentreu,SPD,yes
1245,45249,Johannes Fechner,SPD,yes
1245,43917,Yasmin Fahimi,SPD,yes
1245,46168,Saskia Esken,SPD,yes
1245,45459,Wiebke Esdar,SPD,yes
1245,44506,Sabine Dittmar,SPD,yes
1245,43909,Esther Dilcher,SPD,yes
1245,44505,Karamba Diaby,SPD,yes
1245,45466,Daniela De Ridder,SPD,yes
1245,44058,Lars Castellucci,SPD,yes
1245,46207,Martin Burkert,SPD,yes
1245,39712,Marco Bülow,SPD,no
1245,41309,Katrin Budde,SPD,yes
1245,44065,Karl-Heinz Brunner,SPD,yes
1245,45235,Leni Breymaier,SPD,yes
1245,44491,Lothar Binding,SPD,yes
1245,44485,Bärbel Bas,SPD,yes
1245,44484,Sören Bartol,SPD,yes
1245,44483,Matthias Bartke,SPD,yes
1245,44481,Doris Barnett,SPD,yes
1245,44645,Katarina Barley,SPD,no_show
1245,44479,Ulrike Bahr,SPD,no
1245,44477,Heike Baehrens,SPD,yes
1245,44476,Ingrid Arndt-Brauer,SPD,yes
1245,44475,Niels Annen,SPD,yes
1245,38267,Frauke Petry,fraktionslos,no
1245,41210,Mario Mieruch,fraktionslos,no_show
1245,44777,Nicole Westig,FDP,yes
1245,45551,Sandra Weeser,FDP,yes
1245,41138,Johannes Vogel,FDP,yes
1245,45902,Gerald Ullrich,FDP,yes
1245,43900,Andrew Ullmann,FDP,yes
1245,40621,Florian Toncar,FDP,yes
1245,37973,Manfred Todtenhausen,FDP,yes
1245,37879,Michael Theurer,FDP,yes
1245,42162,Linda Teuteberg,FDP,yes
1245,38473,Katja Suding,FDP,yes
1245,40100,Benjamin Strasser,FDP,yes
1245,45232,Marie-Agnes Strack-Zimmermann,FDP,yes
1245,41089,Bettina Stark-Watzinger,FDP,yes
1245,40635,Hermann Otto Solms,FDP,yes
1245,41140,Judith Skudelny,FDP,yes
1245,43890,Frank Sitta,FDP,yes
1245,41152,Matthias Seestern-Pauly,FDP,yes
1245,46012,Jimmy Schulz,FDP,no_show
1245,38476,Wieland Schinnenburg,FDP,yes
1245,40700,Frank Schäffler,FDP,yes
1245,41666,Christian Sauter,FDP,yes
1245,43898,Thomas Sattelberger,FDP,yes
1245,41116,Stefan Ruppert,FDP,yes
1245,43549,Bernd Reuther,FDP,no_show
1245,41121,Hagen Reinhold,FDP,yes
1245,45509,Martin Neumann,FDP,yes
1245,43895,Frank Müller-Rosentritt,FDP,yes
1245,44804,Roman Müller-Böhm,FDP,yes
1245,41087,Alexander Müller,FDP,yes
1245,45504,Christoph Meyer,FDP,yes
1245,38101,Jürgen Martens,FDP,no_show
1245,41220,Till Mansmann,FDP,no_show
1245,46202,Michael Link,FDP,yes
1245,46025,Christian Lindner,FDP,yes
1245,43821,Ulrich Lechte,FDP,yes
1245,39936,Alexander Kulitz,FDP,yes
1245,37956,Konstantin Kuhle,FDP,yes
1245,41227,Wolfgang Kubicki,FDP,yes
1245,43896,Carina Konrad,FDP,yes
1245,43899,Lukas Köhler,FDP,yes
1245,40934,Pascal Kober,FDP,yes
1245,41262,Daniela Kluckert,FDP,yes
1245,45591,Katharina Willkomm,FDP,yes
1245,41111,Marcel Klinge,FDP,no_show
1245,42591,Karsten Klein,FDP,yes
1245,45893,Thomas L. Kemmerich,FDP,yes
1245,43901,Christian Jung,FDP,yes
1245,43893,Olaf in der Beek,FDP,yes
1245,46205,Ulla Ihnen,FDP,yes
1245,43892,Reinhard Houben,FDP,yes
1245,43902,Christoph Hoffmann,FDP,yes
1245,41148,Manuel Höferlin,FDP,yes
1245,45453,Gero Hocker,FDP,yes
1245,42593,Katja Hessel,FDP,yes
1245,45860,Torsten Herbst,FDP,yes
1245,43891,Markus Herbrand,FDP,yes
1245,44062,Katrin Helling-Plahr,FDP,yes
1245,37798,Alexander Graf Lambsdorff,FDP,yes
1245,40932,Otto Fricke,FDP,yes
1245,43818,Daniel Föst,FDP,yes
1245,41208,Marcus Faber,FDP,yes
1245,40754,Hartmut Ebbing,FDP,yes
1245,45451,Christian Dürr,FDP,yes
1245,40553,Bijan Djir-Sarai,FDP,yes
1245,41090,Britta Dassler,FDP,yes
1245,43894,Carl-Julius Cronenberg,FDP,yes
1245,43532,Karlheinz Busen,FDP,yes
1245,40874,Marco Buschmann,FDP,yes
1245,45587,Gyde Jensen-Bornhöft,FDP,yes
1245,39979,Jens Brandenburg,FDP,yes
1245,43897,Mario Brandenburg,FDP,yes
1245,42833,Nicola Beer,FDP,yes
1245,43245,Jens Beeck,FDP,yes
1245,43820,Nicole Bauer,FDP,yes
1245,40573,Christine Aschenberg-Dugnus,FDP,yes
1245,41217,Renata Alt,FDP,yes
1245,43889,Grigorios Aggelidis,FDP,yes
1245,45448,Pia Zimmermann,DIE LINKE,no_show
1245,45447,Sabine Zimmermann,DIE LINKE,no
1245,44608,Hubertus Zdebel,DIE LINKE,no
1245,45441,Katrin Werner,DIE LINKE,no
1245,45437,Harald Weinberg,DIE LINKE,no
1245,44584,Sahra Wagenknecht,DIE LINKE,no
1245,46197,Kathrin Vogler,DIE LINKE,no
1245,44546,Alexander Ulrich,DIE LINKE,no
1245,40021,Jessica Tatti,DIE LINKE,no
1245,44578,Kirsten Tackmann,DIE LINKE,no
1245,43883,Friedrich Straetmanns,DIE LINKE,no
1245,45418,Kersten Steinke,DIE LINKE,no
1245,44097,Helin Evrim Sommer,DIE LINKE,no
1245,44583,Petra Sitte,DIE LINKE,no
1245,43886,Eva-Maria Schreiber,DIE LINKE,no
1245,45892,Bernd Riexinger,DIE LINKE,no
1245,45369,Martina Renner,DIE LINKE,no
1245,41180,Ingrid Remmers,DIE LINKE,no
1245,41222,Tobias Pflüger,DIE LINKE,no
1245,43214,Victor Perli,DIE LINKE,no
1245,43884,Sören Pellmann,DIE LINKE,no
1245,45357,Petra Pau,DIE LINKE,no
1245,45346,Thomas Nord,DIE LINKE,no_show
1245,44571,Alexander S. Neu,DIE LINKE,no
1245,45829,Zaklin Nastić,DIE LINKE,no
1245,45338,Norbert Müller,DIE LINKE,no
1245,45337,Niema Movassat,DIE LINKE,no
1245,44566,Cornelia Möhring,DIE LINKE,no
1245,46022,Amira Mohamed Ali,DIE LINKE,no
1245,40509,Pascal Meiser,DIE LINKE,no
1245,45325,Gesine Lötzsch,DIE LINKE,no
1245,45321,Stefan Liebich,DIE LINKE,no
1245,45320,Michael Leutert,DIE LINKE,no
1245,45319,Ralph Lenkert,DIE LINKE,no
1245,45316,Sabine Leidig,DIE LINKE,no
1245,44560,Caren Lay,DIE LINKE,no
1245,44616,Jutta Krellmann,DIE LINKE,no
1245,44611,Jan Korte,DIE LINKE,no
1245,45292,Katja Kipping,DIE LINKE,no
1245,45496,Achim Kessler,DIE LINKE,no
1245,45282,Kerstin Kassner,DIE LINKE,no
1245,38740,Ulla Jelpke,DIE LINKE,no
1245,45273,Andrej Hunko,DIE LINKE,no
1245,41313,Matthias Höhn,DIE LINKE,no
1245,44531,Heike Hänsel,DIE LINKE,no
1245,44528,André Hahn,DIE LINKE,no
1245,44524,Gregor Gysi,DIE LINKE,no_show
1245,44520,Nicole Gohlke,DIE LINKE,no
1245,46228,Sylvia Gabelmann,DIE LINKE,no
1245,40204,Brigitte Freihold,DIE LINKE,no_show
1245,46014,Susanne Ferschl,DIE LINKE,no
1245,45491,Klaus Ernst,DIE LINKE,no
1245,37947,Anke Domscheit-Berg,DIE LINKE,no
1245,44502,Diether Dehm,DIE LINKE,no
1245,37913,Fabio De Masi,DIE LINKE,no
1245,43885,Jörg Cezanne,DIE LINKE,no
1245,44043,Birke Bull-Bischoff,DIE LINKE,no
1245,44499,Christine Buchholz,DIE LINKE,no
1245,40082,Michel Brandt,DIE LINKE,no
1245,46265,Heidrun Bluhm-Förster,DIE LINKE,no
1245,44492,Matthias W. Birkwald,DIE LINKE,no
1245,45239,Lorenz Gösta Beutin,DIE LINKE,no
1245,46023,Dietmar Bartsch,DIE LINKE,no
1245,43887,Simone Barrientos,DIE LINKE,no
1245,39953,Gökay Akbulut,DIE LINKE,no_show
1245,43888,Doris Achelwilm,DIE LINKE,no
1245,44071,Beate Walter-Rosenheimer,DIE GRÜNEN,no
1245,41099,Daniela Wagner,DIE GRÜNEN,yes
1245,44579,Konstantin von Notz,DIE GRÜNEN,abstain
1245,43155,Ottmar von Holtz,DIE GRÜNEN,yes
1245,44614,Julia Verlinden,DIE GRÜNEN,no
1245,44621,Jürgen Trittin,DIE GRÜNEN,no
1245,45427,Markus Tressel,DIE GRÜNEN,yes
1245,41209,Margit Stumpp,DIE GRÜNEN,no
1245,45422,Wolfgang Strengmann-Kuhn,DIE GRÜNEN,no
1245,45397,Kordula Schulz-Asche,DIE GRÜNEN,yes
1245,45391,Frithjof Schmidt,DIE GRÜNEN,no
1245,41219,Stefan Schmidt,DIE GRÜNEN,yes
1245,44600,Gerhard Schick,DIE GRÜNEN,no
1245,45450,Ulle Schauws,DIE GRÜNEN,no
1245,45497,Corinna Rüffer,DIE GRÜNEN,no
1245,43882,Manuela Rottmann,DIE GRÜNEN,yes
1245,45378,Claudia Roth,DIE GRÜNEN,no
1245,45562,Tabea Rößner,DIE GRÜNEN,yes
1245,43029,Filiz Polat,DIE GRÜNEN,no
1245,46009,Lisa Paus,DIE GRÜNEN,no
1245,45352,Cem Özdemir,DIE GRÜNEN,yes
1245,45351,Friedrich Ostendorff,DIE GRÜNEN,yes
1245,45347,Omid Nouripour,DIE GRÜNEN,no_show
1245,41132,Ingrid Nestle,DIE GRÜNEN,yes
1245,44067,Beate Müller-Gemmeke,DIE GRÜNEN,no
1245,41188,Claudia Müller,DIE GRÜNEN,yes
1245,45510,Irene Mihalic,DIE GRÜNEN,no
1245,45323,Tobias Lindner,DIE GRÜNEN,yes
1245,45318,Steffi Lemke,DIE GRÜNEN,no
1245,43881,Sven Lehmann,DIE GRÜNEN,no
1245,45314,Monika Lazar,DIE GRÜNEN,no
1245,45307,Markus Kurth,DIE GRÜNEN,no
1245,45306,Renate Künast,DIE GRÜNEN,abstain
1245,45304,Stephan Kühn,DIE GRÜNEN,no
1245,45303,Christian Kühn,DIE GRÜNEN,no
1245,45301,Oliver Krischer,DIE GRÜNEN,abstain
1245,45787,Sylvia Kotting-Uhl,DIE GRÜNEN,no
1245,45295,Maria Klein-Schmeink,DIE GRÜNEN,no
1245,45290,Sven-Christian Kindler,DIE GRÜNEN,no
1245,45286,Uwe Kekeritz,DIE GRÜNEN,no
1245,46255,Kirsten Kappert-Gonther,DIE GRÜNEN,no
1245,45274,Dieter Janecek,DIE GRÜNEN,yes
1245,46200,Anton Hofreiter,DIE GRÜNEN,no
1245,42696,Bettina Hoffmann,DIE GRÜNEN,yes
1245,44558,Britta Haßelmann,DIE GRÜNEN,abstain
1245,44530,Anja Hajduk,DIE GRÜNEN,yes
1245,45854,Erhard Grundl,DIE GRÜNEN,no
1245,46024,Katrin Göring-Eckardt,DIE GRÜNEN,abstain
1245,40479,Stefan Gelbhaar,DIE GRÜNEN,no
1245,44617,Kai Gehring,DIE GRÜNEN,abstain
1245,45251,Matthias Gastel,DIE GRÜNEN,abstain
1245,45247,Harald Ebner,DIE GRÜNEN,abstain
1245,45246,Katharina Dröge,DIE GRÜNEN,no
1245,44509,Katja Dörner,DIE GRÜNEN,no
1245,44503,Ekin Deligöz,DIE GRÜNEN,yes
1245,45561,Anna Christmann,DIE GRÜNEN,yes
1245,44076,Agnieszka Brugger,DIE GRÜNEN,no
1245,44496,Franziska Brantner,DIE GRÜNEN,yes
1245,40338,Canan Bayram,DIE GRÜNEN,no
1245,44064,Danyal Bayaz,DIE GRÜNEN,yes
1245,46230,Margarete Bause,DIE GRÜNEN,abstain
1245,44808,Annalena Baerbock,DIE GRÜNEN,abstain
1245,41142,Lisa Badum,DIE GRÜNEN,no
1245,46272,Kerstin Andreae,DIE GRÜNEN,yes
1245,44586,Emmi Zeulner,CDU/CSU,yes
1245,44553,Anja Weisgerber,CDU/CSU,yes
1245,45428,Volker Ullrich,CDU/CSU,yes
1245,45421,Max Straubinger,CDU/CSU,yes
1245,45420,Stephan Stracke,CDU/CSU,no_show
1245,45455,Wolfgang Stefinger,CDU/CSU,yes
1245,43875,Katrin Staffler,CDU/CSU,yes
1245,45407,Thomas Silberhorn,CDU/CSU,yes
1245,45392,Christian Schmidt,CDU/CSU,yes
1245,45386,Andreas Scheuer,CDU/CSU,yes
1245,45636,Albert Rupprecht,CDU/CSU,yes
1245,45367,Peter Ramsauer,CDU/CSU,no_show
1245,44549,Alois Rainer,CDU/CSU,yes
1245,44545,Alexander Radwan,CDU/CSU,yes
1245,43878,Stephan Pilsinger,CDU/CSU,yes
1245,44594,Florian Oßner,CDU/CSU,yes
1245,45348,Georg Nüßlein,CDU/CSU,yes
1245,45342,Gerd Müller,CDU/CSU,yes
1245,45341,Stefan Müller,CDU/CSU,yes
1245,38701,Marlene Mortler,CDU/CSU,yes
1245,45332,Hans Michelbach,CDU/CSU,yes
1245,45331,Stephan Mayer,CDU/CSU,yes
1245,44569,Daniela Ludwig,CDU/CSU,yes
1245,43876,Bernhard Loos,CDU/CSU,yes
1245,45322,Andrea Lindholz,CDU/CSU,yes
1245,45315,Paul Lehrieder,CDU/CSU,yes
1245,45312,Silke Launert,CDU/CSU,no_show
1245,45311,Ulrich Lange,CDU/CSU,yes
1245,43877,Michael Kuffer,CDU/CSU,yes
1245,43879,Michael Kießling,CDU/CSU,yes
1245,44548,Alois Karl,CDU/CSU,yes
1245,44587,Erich Irlstorfer,CDU/CSU,yes
1245,45271,Karl Holmeier,CDU/CSU,yes
1245,44544,Alexander Hoffmann,CDU/CSU,yes
1245,44529,Florian Hahn,CDU/CSU,yes
1245,45862,Michael Frieser,CDU/CSU,yes
1245,44517,Hans-Peter Friedrich,CDU/CSU,yes
1245,43880,Thomas Erndl,CDU/CSU,yes
1245,44056,Hansjörg Durz,CDU/CSU,yes
1245,44507,Alexander Dobrindt,CDU/CSU,yes
1245,44060,Sebastian Brehm,CDU/CSU,yes
1245,44495,Reinhard Brandl,CDU/CSU,yes
1245,44478,Dorothee Bär,CDU/CSU,yes
1245,41159,Peter Aumer,CDU/CSU,yes
1245,46196,Artur Auernhammer,CDU/CSU,yes
1245,46180,Matthias Zimmer,CDU/CSU,yes
1245,44037,Paul Ziemiak,CDU/CSU,yes
1245,45444,Oliver Wittke,CDU/CSU,yes
1245,44585,Elisabeth Winkelmeier-Becker,CDU/CSU,yes
1245,45443,Klaus-Peter Willsch,CDU/CSU,yes
1245,44554,Annette Widmann-Mauz,CDU/CSU,yes
1245,44619,Kai Whittaker,CDU/CSU,yes
1245,45440,Marian Wendt,CDU/CSU,yes
1245,44610,Ingo Wellenreuther,CDU/CSU,yes
1245,45439,Peter Weiß,CDU/CSU,yes
1245,45438,Sabine Weiss,CDU/CSU,yes
1245,46240,Marcus Weinberg,CDU/CSU,yes
1245,44543,Albert Weiler,CDU/CSU,yes
1245,44618,Kai Wegner,CDU/CSU,yes
1245,45435,Marco Wanderwitz,CDU/CSU,yes
1245,44070,Johann Wadephul,CDU/CSU,yes
1245,45433,Christian von Stetten,CDU/CSU,yes
1245,44606,Hans-Georg von der Marwitz,CDU/CSU,yes
1245,45480,Ursula von der Leyen,CDU/CSU,yes
1245,45467,Michael von Abercron,CDU/CSU,yes
1245,45431,Volkmar Vogel,CDU/CSU,yes
1245,43855,Kerstin Vieregge,CDU/CSU,yes
1245,45430,Oswin Veith,CDU/CSU,yes
1245,45429,Arnold Vaatz,CDU/CSU,yes
1245,43643,Markus Uhl,CDU/CSU,yes
1245,46198,Antje Tillmann,CDU/CSU,no_show
1245,43848,Dietlind Tiemann,CDU/CSU,yes
1245,39962,Alexander Throm,CDU/CSU,yes
1245,43856,Hans-Jürgen Thies,CDU/CSU,yes
1245,43852,Hermann-Josef Tebroke,CDU/CSU,no_show
1245,46011,Michael Stübgen,CDU/CSU,yes
1245,45423,Karin Strenz,CDU/CSU,yes
1245,46194,Gero Storjohann,CDU/CSU,yes
1245,45419,Dieter Stier,CDU/CSU,yes
1245,45417,Johannes Steiniger,CDU/CSU,yes
1245,45416,Sebastian Steineke,CDU/CSU,yes
1245,45415,Peter Stein,CDU/CSU,yes
1245,43867,Andreas Steier,CDU/CSU,yes
1245,44542,Albert Stegemann,CDU/CSU,yes
1245,45413,Frank Steffel,CDU/CSU,yes
1245,45409,Jens Spahn,CDU/CSU,yes
1245,45408,Tino Sorge,CDU/CSU,yes
1245,43866,Björn Simon,CDU/CSU,yes
1245,45405,Patrick Sensburg,CDU/CSU,yes
1245,46229,Reinhold Sendker,CDU/CSU,yes
1245,45404,Johannes Selle,CDU/CSU,yes
1245,45403,Detlef Seif,CDU/CSU,yes
1245,45895,Torsten Schweiger,CDU/CSU,yes
1245,44557,Armin Schuster,CDU/CSU,yes
1245,45398,Uwe Schummer,CDU/CSU,yes
1245,45458,Klaus-Peter Schulze,CDU/CSU,yes
1245,40081,Felix Schreiner,CDU/CSU,yes
1245,45394,Nadine Schön,CDU/CSU,yes
1245,45393,Patrick Schnieder,CDU/CSU,yes
1245,43845,Claudia Schmidtke,CDU/CSU,yes
1245,45389,Jana Schimke,CDU/CSU,yes
1245,45385,Wolfgang Schäuble,CDU/CSU,yes
1245,44551,Anita Schäfer,CDU/CSU,no_show
1245,43865,Stefan Sauer,CDU/CSU,yes
1245,44588,Erwin Rüddel,CDU/CSU,yes
1245,43853,Stefan Rouenhoff,CDU/CSU,yes
1245,45380,Norbert Röttgen,CDU/CSU,yes
1245,45375,Johannes Röring,CDU/CSU,yes
1245,45371,Josef Rief,CDU/CSU,yes
1245,45370,Lothar Riebsamen,CDU/CSU,yes
1245,45368,Eckhardt Rehberg,CDU/CSU,no_show
1245,45366,Kerstin Radomski,CDU/CSU,yes
1245,45365,Thomas Rachel,CDU/CSU,yes
1245,45361,Eckhard Pols,CDU/CSU,yes
1245,38359,Christoph Ploß,CDU/CSU,yes
1245,45359,Joachim Pfeiffer,CDU/CSU,yes
1245,45356,Martin Patzelt,CDU/CSU,yes
1245,45355,Sylvia Pantel,CDU/CSU,yes
1245,45837,Henning Otte,CDU/CSU,yes
1245,46206,Josef Oster,CDU/CSU,yes
1245,45349,Wilfried Oellers,CDU/CSU,yes
1245,45345,Michaela Noll,CDU/CSU,yes
1245,41857,Petra Nicolaisen,CDU/CSU,yes
1245,44572,Andreas Nick,CDU/CSU,yes
1245,43874,Axel Müller,CDU/CSU,yes
1245,44564,Carsten Müller,CDU/CSU,yes
1245,46188,Elisabeth Motschmann,CDU/CSU,yes
1245,45336,Karsten Möring,CDU/CSU,yes
1245,45822,Dietrich Monstadt,CDU/CSU,yes
1245,45333,Mathias Middelberg,CDU/CSU,yes
1245,44612,Jan Metzler,CDU/CSU,yes
1245,44550,Angela Merkel,CDU/CSU,no_show
1245,44061,Michael Meister,CDU/CSU,yes
1245,45330,Andreas Mattfeldt,CDU/CSU,yes
1245,38887,Matern von Marschall,CDU/CSU,yes
1245,45473,Astrid Mannes,CDU/CSU,yes
1245,45328,Yvonne Magwas,CDU/CSU,yes
1245,44620,Karin Maag,CDU/CSU,yes
1245,45326,Jan-Marco Luczak,CDU/CSU,yes
1245,42032,Nikolas Löbel,CDU/CSU,no_show
1245,45324,Patricia Lips,CDU/CSU,yes
1245,44563,Carsten Linnemann,CDU/CSU,yes
1245,44556,Antje Lezius,CDU/CSU,yes
1245,45317,Katja Leikert,CDU/CSU,yes
1245,40808,Jens Lehmann,CDU/CSU,yes
1245,45309,Katharina Landgraf,CDU/CSU,yes
1245,45308,Andreas Lämmel,CDU/CSU,yes
1245,44055,Karl A. Lamers,CDU/CSU,no_show
1245,45305,Roy Kühne,CDU/CSU,yes
1245,45302,Rüdiger Kruse,CDU/CSU,yes
1245,44604,Gunther Krichbaum,CDU/CSU,yes
1245,38078,Alexander Krauß,CDU/CSU,yes
1245,44562,Carsten Körber,CDU/CSU,yes
1245,45299,Markus Koob,CDU/CSU,yes
1245,45298,Jens Koeppen,CDU/CSU,yes
1245,45297,Axel Knoerig,CDU/CSU,yes
1245,45294,Volkmar Klein,CDU/CSU,yes
1245,45291,Georg Kippels,CDU/CSU,yes
1245,45289,Roderich Kiesewetter,CDU/CSU,yes
1245,45287,Ronja Kemmer,CDU/CSU,yes
1245,45285,Stefan Kaufmann,CDU/CSU,yes
1245,45284,Volker Kauder,CDU/CSU,yes
1245,43868,Torbjörn Kartes,CDU/CSU,yes
1245,44552,Anja Karliczek,CDU/CSU,yes
1245,43860,Ingmar Jung,CDU/CSU,yes
1245,45276,Andreas Jung,CDU/CSU,yes
1245,45275,Thomas Jarzombek,CDU/CSU,yes
1245,42741,Hans-Jürgen Irmer,CDU/CSU,yes
1245,45272,Hendrik Hoppenstedt,CDU/CSU,yes
1245,45269,Heribert Hirte,CDU/CSU,yes
1245,45268,Christian Hirte,CDU/CSU,yes
1245,44555,Ansgar Heveling,CDU/CSU,yes
1245,43854,Marc Henrichmann,CDU/CSU,yes
1245,44540,Michael Hennrich,CDU/CSU,yes
1245,44539,Rudolf Henke,CDU/CSU,yes
1245,45858,Frank Heinrich,CDU/CSU,yes
1245,41271,Thomas Heilmann,CDU/CSU,yes
1245,44532,Mechthild Heil,CDU/CSU,yes
1245,45266,Matthias Heider,CDU/CSU,yes
1245,45782,Mark Hauptmann,CDU/CSU,yes
1245,45264,Matthias Hauer,CDU/CSU,yes
1245,44615,Jürgen Hardt,CDU/CSU,yes
1245,44767,Stephan Harbarth,CDU/CSU,no_show
1245,44525,Christian Haase,CDU/CSU,yes
1245,45261,Olav Gutting,CDU/CSU,yes
1245,45260,Fritz Güntzler,CDU/CSU,yes
1245,45259,Monika Grütters,CDU/CSU,yes
1245,45581,Oliver Grundmann,CDU/CSU,yes
1245,45258,Manfred Grund,CDU/CSU,yes
1245,46201,Markus Grübel,CDU/CSU,yes
1245,45256,Astrid Grotelüschen,CDU/CSU,yes
1245,45255,Michael Grosse-Brömer,CDU/CSU,yes
1245,44522,Klaus-Dieter Gröhler,CDU/CSU,yes
1245,44521,Hermann Gröhe,CDU/CSU,yes
1245,45472,Ursula Groden-Kranich,CDU/CSU,yes
1245,43849,Eckhard Gnodtke,CDU/CSU,yes
1245,44518,Eberhard Gienger,CDU/CSU,yes
1245,44547,Alois Gerig,CDU/CSU,yes
1245,45252,Thomas Gebhart,CDU/CSU,yes
1245,44609,Ingo Gädechens,CDU/CSU,yes
1245,44515,Thorsten Frei,CDU/CSU,yes
1245,44512,Maria Flachsbarth,CDU/CSU,yes
1245,43873,Axel Eduard Fischer,CDU/CSU,yes
1245,45611,Enak Ferlemann,CDU/CSU,yes
1245,45250,Uwe Feiler,CDU/CSU,yes
1245,45248,Hermann Färber,CDU/CSU,yes
1245,44510,Marie-Luise Dött,CDU/CSU,yes
1245,44508,Michael Donth,CDU/CSU,yes
1245,44057,Kees de Vries,CDU/CSU,yes
1245,38357,Christoph de Vries,CDU/CSU,yes
1245,44504,Thomas de Maizière,CDU/CSU,no_show
1245,43685,Astrid Damerow,CDU/CSU,yes
1245,44500,Gitta Connemann,CDU/CSU,yes
1245,43851,Carsten Brodesser,CDU/CSU,yes
1245,46020,Ralph Brinkhaus,CDU/CSU,yes
1245,44498,Heike Brehmer,CDU/CSU,yes
1245,43847,Silvia Breher,CDU/CSU,yes
1245,44497,Helge Braun,CDU/CSU,no_show
1245,44284,Ralf Brauksiepe,CDU/CSU,yes
1245,46271,Michael Brand,CDU/CSU,yes
1245,44494,Norbert Brackmann,CDU/CSU,yes
1245,44493,Peter Bleser,CDU/CSU,yes
1245,44490,Steffen Bilger,CDU/CSU,yes
1245,43869,Marc Biadacz,CDU/CSU,yes
1245,44489,Peter Beyer,CDU/CSU,yes
1245,43844,Melanie Bernstein,CDU/CSU,yes
1245,44488,André Berghegger,CDU/CSU,yes
1245,45564,Sybille Benning,CDU/CSU,yes
1245,45241,Veronika Bellmann,CDU/CSU,yes
1245,44487,Manfred Behrens,CDU/CSU,yes
1245,44486,Maik Beermann,CDU/CSU,yes
1245,44482,Norbert Barthle,CDU/CSU,yes
1245,44480,Thomas Bareiß,CDU/CSU,yes
1245,43846,Philipp Amthor,CDU/CSU,yes
1245,44473,Peter Altmaier,CDU/CSU,yes
1245,43861,Norbert Maria Altenkamp,CDU/CSU,yes
1245,44472,Stephan Albani,CDU/CSU,yes
1245,44624,Uwe Witt,AfD,no
1245,44646,Christian Wirth,AfD,no
1245,43836,Heiko Wildberg,AfD,no
1245,46247,Wolfgang Wiehle,AfD,no
1245,43948,Harald Weyel,AfD,no
1245,46026,Alice Weidel,AfD,no
1245,45921,Beatrix von Storch,AfD,no
1245,43947,Wilhelm von Gottberg,AfD,no
1245,43824,René Springer,AfD,no
1245,46015,Dirk Spaniel,AfD,no
1245,44622,Detlev Spangenberg,AfD,no
1245,44035,Martin Sichert,AfD,no
1245,40147,Thomas Seitz,AfD,no
1245,44092,Jörg Schneider,AfD,no
1245,43833,Robby Schlund,AfD,no
1245,41290,Ulrike Schielke-Ziesing,AfD,no
1245,43946,Roman Reusch,AfD,no
1245,41211,Martin Erwin Renner,AfD,no
1245,46182,Martin Reichardt,AfD,no
1245,44075,Stephan Protschka,AfD,no
1245,45493,Jürgen Pohl,AfD,no
1245,43838,Paul Podolay,AfD,no
1245,45830,Tobias Matthias Peterka,AfD,no
1245,45481,Frank Pasemann,AfD,no
1245,45857,Gerold Otten,AfD,no
1245,43831,Ulrich Oehme,AfD,no_show
1245,44042,Jan Ralf Nolte,AfD,no
1245,38268,Christoph Neumann,AfD,no
1245,43835,Sebastian Münzenmaier,AfD,no
1245,41223,Volker Münz,AfD,no
1245,44640,Hansjörg Müller,AfD,no
1245,45465,Andreas Mrosek,AfD,no
1245,45592,Corinna Miazga,AfD,no
1245,43945,Birgit Malsack-Winkemann,AfD,no
1245,43829,Jens Maier,AfD,no
1245,43841,Lothar Maier,AfD,no
1245,46155,Frank Magnitz,AfD,no
1245,44059,Rüdiger Lucassen,AfD,no
1245,38250,Steffen Kotré,AfD,no
1245,41204,Jörn König,AfD,no
1245,41287,Enrico Komning,AfD,no
1245,45835,Norbert Kleinwächter,AfD,no
1245,43918,Stefan Keuter,AfD,no
1245,43823,Jens Kestner,AfD,no
1245,43916,Uwe Kamann,AfD,no
1245,41192,Marc Jongen,AfD,no
1245,43912,Fabian Jacobi,AfD,no
1245,43837,Johannes Huber,AfD,no
1245,41294,Leif-Erik Holm,AfD,no
1245,43915,Bruno Hollnagel,AfD,no
1245,40888,Martin Hohmann,AfD,no
1245,46203,Nicole Höchst,AfD,no_show
1245,43827,Karsten Hilse,AfD,no
1245,43830,Heiko Heßenkemper,AfD,no
1245,43843,Martin Hess,AfD,no
1245,46133,Lars Herrmann,AfD,no
1245,37970,Waldemar Herdt,AfD,no
1245,43826,Udo Hemmelgarn,AfD,no
1245,46204,Martin Hebner,AfD,no
1245,43913,Jochen Haug,AfD,no
1245,45263,Roland Hartwig,AfD,no
1245,46185,Verena Hartmann,AfD,no
1245,43832,Mariana Harder-Kühnel,AfD,no
1245,44470,Kay Gottschalk,AfD,no
1245,43944,Franziska Gminder,AfD,no
1245,45518,Albrecht Glaser,AfD,no
1245,41216,Axel Gehrke,AfD,no
1245,46027,Alexander Gauland,AfD,no
1245,44199,Götz Frömming,AfD,no
1245,40069,Markus Frohnmaier,AfD,abstain
1245,43950,Anton Friesen,AfD,no
1245,43822,Dietmar Friedhoff,AfD,no
1245,43840,Peter Felser,AfD,no
1245,43919,Michael Espendiller,AfD,no
1245,43914,Berengar Elsner von Gronow,AfD,no
1245,44197,Thomas Ehrhorn,AfD,no
1245,38269,Siegbert Droese,AfD,no
1245,43814,Gottfried Curio,AfD,no_show
1245,45502,Joana Cotar,AfD,no
1245,43828,Tino Chrupalla,AfD,no
1245,37965,Petr Bystron,AfD,no
1245,45494,Matthias Büttner,AfD,no
1245,43949,Marcus Bühl,AfD,no
1245,43842,Jürgen Braun,AfD,no
1245,38315,Stephan Brandner,AfD,no
1245,44102,Peter Boehringer,AfD,no
1245,43834,Andreas Bleck,AfD,no
1245,40066,Marc Bernhard,AfD,no
1245,45400,Stefan Schwartze,SPD,yes
1245,45364,Martin Rabanus,SPD,yes
1245,44096,Kirsten Lühmann,SPD,yes
1245,44533,Hubertus Heil,SPD,yes
1245,45859,Bernhard Daldrup,SPD,yes
1245,40994,Stephan Thomae,FDP,yes
1245,41157,Oliver Luksic,FDP,yes
1245,44041,Thomas Hacker,FDP,yes
1245,44701,Andreas Wagner,DIE LINKE,no
1245,45327,Thomas Lutze,DIE LINKE,no
1245,44501,Sevim Dağdelen,DIE LINKE,no
1245,45384,Manuel Sarrazin,DIE GRÜNEN,yes
1245,45288,Katja Keul,DIE GRÜNEN,no
1245,44474,Luise Amtsberg,DIE GRÜNEN,abstain
1245,45489,Andreas Lenz,CDU/CSU,yes
1245,43864,Bettina Wiesmann,CDU/CSU,yes
1245,45424,Peter Tauber,CDU/CSU,no_show
1245,45390,Tankred Schipanski,CDU/CSU,yes
1245,46143,Sepp Müller,CDU/CSU,yes
1245,44603,Günter Krings,CDU/CSU,yes
1245,44536,Mark Helfrich,CDU/CSU,yes
1245,44607,Hans-Joachim Fuchtel,CDU/CSU,yes
1245,43850,Christoph Bernstiel,CDU/CSU,yes
1245,44040,Uwe Schulz,AfD,no
1245,43839,Rainer Kraft,AfD,no
1245,37963,Armin Paul Hampel,AfD,no
1245,45234,Bernd Baumann,AfD,no
1284,45446,Jens Zimmermann,SPD,yes
1284,45445,Stefan Zierke,SPD,yes
1284,44568,Dagmar Ziegler,SPD,yes
1284,44602,Gülistan Yüksel,SPD,yes
1284,44570,Dirk Wiese,SPD,yes
1284,45442,Bernd Westphal,SPD,yes
1284,44072,Gabi Weber,SPD,yes
1284,45434,Dirk Vöpel,SPD,yes
1284,43905,Marja-Liisa Völlers,SPD,yes
1284,45432,Ute Vogt,SPD,no_show
1284,45426,Carsten Träger,SPD,yes
1284,43423,Markus Töns,SPD,yes
1284,45425,Michael Thews,SPD,yes
1284,44565,Claudia Tausend,SPD,yes
1284,46209,Kerstin Tack,SPD,no
1284,43903,Mathias Stein,SPD,yes
1284,45414,Sonja Steffen,SPD,yes
1284,45412,Martina Stamm-Fibich,SPD,yes
1284,45411,Svenja Stadler,SPD,yes
1284,45410,Rainer Spiering,SPD,yes
1284,45402,Rita Schwarzelühr-Sutter,SPD,yes
1284,45401,Andreas Schwarz,SPD,yes
1284,45400,Stefan Schwartze,SPD,yes
1284,45399,Frank Schwabe,SPD,yes
1284,45396,Swen Schulz,SPD,abstain
1284,37851,Martin Schulz,SPD,no_show
1284,45395,Ursula Schulte,SPD,yes
1284,46245,Manja Schüle,SPD,yes
1284,41213,Michael Schrodi,SPD,no
1284,37960,Johannes Schraps,SPD,yes
1284,45806,Carsten Schneider,SPD,yes
1284,43809,Uwe Schmidt,SPD,yes
1284,44069,Ulla Schmidt,SPD,yes
1284,44567,Dagmar Schmidt,SPD,yes
1284,40161,Nils Schmid,SPD,yes
1284,45388,Udo Schiefner,SPD,yes
1284,45387,Marianne Schieder,SPD,yes
1284,44582,Nina Scheer,SPD,yes
1284,45474,Axel Schäfer,SPD,no_show
1284,45383,Johann Saathoff,SPD,yes
1284,45580,Sarah Ryglewski,SPD,yes
1284,45382,Bernd Rützel,SPD,yes
1284,45381,Susann Rüthrich,SPD,yes
1284,45379,Michael Roth,SPD,no_show
1284,45377,Ernst Dieter Rossmann,SPD,yes
1284,45376,René Röspel,SPD,yes
1284,44580,Martin Rosemann,SPD,no_show
1284,45374,Dennis Rohde,SPD,yes
1284,45373,Sönke Rix,SPD,yes
1284,45372,Andreas Rimkus,SPD,yes
1284,45364,Martin Rabanus,SPD,yes
1284,45363,Sascha Raabe,SPD,yes
1284,44596,Florian Pronold,SPD,yes
1284,44595,Florian Post,SPD,yes
1284,44541,Achim Post,SPD,yes
1284,45362,Sabine Poschmann,SPD,yes
1284,45360,Detlev Pilger,SPD,yes
1284,45358,Christian Petry,SPD,yes
1284,45354,Aydan Özoğuz,SPD,yes
1284,45353,Mahmut Özdemir,SPD,yes
1284,43911,Josephine Ortleb,SPD,yes
1284,45350,Thomas Oppermann,SPD,no_show
1284,44068,Ulli Nissen,SPD,yes
1284,45344,Dietmar Nietan,SPD,yes
1284,46270,Andrea Nahles,SPD,no_show
1284,46021,Rolf Mützenich,SPD,yes
1284,45343,Michelle Müntefering,SPD,yes
1284,45339,Detlef Müller,SPD,yes
1284,45340,Bettina Müller,SPD,yes
1284,43904,Siemtje Möller,SPD,yes
1284,43907,Claudia Moll,SPD,yes
1284,43906,Falko Mohrs,SPD,yes
1284,45335,Susanne Mittag,SPD,yes
1284,45334,Klaus Mindrup,SPD,yes
1284,44581,Matthias Miersch,SPD,yes
1284,44066,Hilde Mattheis,SPD,no
1284,43800,Christoph Matschie,SPD,yes
1284,45329,Katja Mast,SPD,yes
1284,44561,Caren Marks,SPD,yes
1284,43624,Heiko Maas,SPD,yes
1284,44096,Kirsten Lühmann,SPD,yes
1284,46268,Burkhard Lischka,SPD,yes
1284,43908,Helge Lindh,SPD,yes
1284,45313,Karl Lauterbach,SPD,yes
1284,45310,Christian Lange,SPD,yes
1284,45231,Christine Lambrecht,SPD,yes
1284,45300,Anette Kramme,SPD,yes
1284,46267,Elvan Korkmaz-Emre,SPD,abstain
1284,45238,Daniela Kolbe,SPD,no
1284,44573,Bärbel Kofler,SPD,yes
1284,45296,Lars Klingbeil,SPD,yes
1284,45293,Arno Klare,SPD,yes
1284,44559,Cansel Kiziltepe,SPD,no_show
1284,44771,Ulrich Kelber,SPD,yes
1284,45283,Gabriele Katzmarek,SPD,yes
1284,45281,Ralf Kapschack,SPD,no
1284,43910,Elisabeth Kaiser,SPD,yes
1284,45280,Johannes Kahrs,SPD,yes
1284,45279,Oliver Kaczmarek,SPD,yes
1284,45278,Thomas Jurk,SPD,yes
1284,44613,Josip Juratovic,SPD,yes
1284,45277,Frank Junge,SPD,yes
1284,44589,Eva Högl,SPD,yes
1284,45270,Thomas Hitschler,SPD,yes
1284,45267,Gabriele Hiller-Ohm,SPD,no
1284,44605,Gustav Herzog,SPD,yes
1284,44538,Barbara Hendricks,SPD,yes
1284,44537,Wolfgang Hellmich,SPD,yes
1284,44535,Marcus Held,SPD,no_show
1284,44534,Gabriela Heinrich,SPD,yes
1284,44533,Hubertus Heil,SPD,yes
1284,45265,Dirk Heidenblut,SPD,yes
1284,45262,Sebastian Hartmann,SPD,yes
1284,46138,Metin Hakverdi,SPD,yes
1284,44527,Rita Hagl-Kehl,SPD,yes
1284,44526,Bettina Hagedorn,SPD,yes
1284,45257,Uli Grötsch,SPD,yes
1284,44523,Michael Groß,SPD,no
1284,46177,Kerstin Griese,SPD,yes
1284,42869,Timon Gremmels,SPD,yes
1284,44519,Angelika Glöckner,SPD,yes
1284,45254,Martin Gerster,SPD,no_show
1284,45253,Michael Gerdes,SPD,yes
1284,46266,Sigmar Gabriel,SPD,no_show
1284,44516,Dagmar Freitag,SPD,yes
1284,44514,Ulrich Freese,SPD,yes
1284,44513,Edgar Franke,SPD,yes
1284,44511,Fritz Felgentreu,SPD,yes
1284,45249,Johannes Fechner,SPD,yes
1284,43917,Yasmin Fahimi,SPD,yes
1284,46168,Saskia Esken,SPD,yes
1284,45459,Wiebke Esdar,SPD,yes
1284,44506,Sabine Dittmar,SPD,yes
1284,43909,Esther Dilcher,SPD,yes
1284,44505,Karamba Diaby,SPD,yes
1284,45466,Daniela De Ridder,SPD,yes
1284,45859,Bernhard Daldrup,SPD,yes
1284,44058,Lars Castellucci,SPD,yes
1284,46207,Martin Burkert,SPD,yes
1284,39712,Marco Bülow,SPD,no_show
1284,41309,Katrin Budde,SPD,yes
1284,44065,Karl-Heinz Brunner,SPD,yes
1284,45235,Leni Breymaier,SPD,yes
1284,44491,Lothar Binding,SPD,yes
1284,44485,Bärbel Bas,SPD,yes
1284,44484,Sören Bartol,SPD,yes
1284,44483,Matthias Bartke,SPD,yes
1284,44481,Doris Barnett,SPD,yes
1284,44645,Katarina Barley,SPD,yes
1284,44479,Ulrike Bahr,SPD,no
1284,44477,Heike Baehrens,SPD,yes
1284,44476,Ingrid Arndt-Brauer,SPD,yes
1284,44475,Niels Annen,SPD,yes
1284,38267,Frauke Petry,fraktionslos,no
1284,41210,Mario Mieruch,fraktionslos,no
1284,44777,Nicole Westig,FDP,yes
1284,45551,Sandra Weeser,FDP,yes
1284,41138,Johannes Vogel,FDP,yes
1284,45902,Gerald Ullrich,FDP,yes
1284,43900,Andrew Ullmann,FDP,yes
1284,40621,Florian Toncar,FDP,yes
1284,37973,Manfred Todtenhausen,FDP,yes
1284,40994,Stephan Thomae,FDP,yes
1284,37879,Michael Theurer,FDP,yes
1284,42162,Linda Teuteberg,FDP,yes
1284,38473,Katja Suding,FDP,yes
1284,40100,Benjamin Strasser,FDP,yes
1284,45232,Marie-Agnes Strack-Zimmermann,FDP,no_show
1284,41089,Bettina Stark-Watzinger,FDP,yes
1284,40635,Hermann Otto Solms,FDP,yes
1284,41140,Judith Skudelny,FDP,yes
1284,43890,Frank Sitta,FDP,yes
1284,41152,Matthias Seestern-Pauly,FDP,yes
1284,46012,Jimmy Schulz,FDP,no_show
1284,38476,Wieland Schinnenburg,FDP,abstain
1284,40700,Frank Schäffler,FDP,yes
1284,41666,Christian Sauter,FDP,yes
1284,43898,Thomas Sattelberger,FDP,yes
1284,41116,Stefan Ruppert,FDP,yes
1284,43549,Bernd Reuther,FDP,yes
1284,41121,Hagen Reinhold,FDP,yes
1284,45509,Martin Neumann,FDP,yes
1284,43895,Frank Müller-Rosentritt,FDP,yes
1284,44804,Roman Müller-Böhm,FDP,yes
1284,41087,Alexander Müller,FDP,yes
1284,45504,Christoph Meyer,FDP,yes
1284,38101,Jürgen Martens,FDP,yes
1284,41220,Till Mansmann,FDP,yes
1284,41157,Oliver Luksic,FDP,yes
1284,46202,Michael Link,FDP,yes
1284,46025,Christian Lindner,FDP,yes
1284,43821,Ulrich Lechte,FDP,yes
1284,39936,Alexander Kulitz,FDP,yes
1284,37956,Konstantin Kuhle,FDP,yes
1284,41227,Wolfgang Kubicki,FDP,yes
1284,43896,Carina Konrad,FDP,yes
1284,43899,Lukas Köhler,FDP,yes
1284,40934,Pascal Kober,FDP,yes
1284,41262,Daniela Kluckert,FDP,yes
1284,45591,Katharina Willkomm,FDP,yes
1284,41111,Marcel Klinge,FDP,yes
1284,42591,Karsten Klein,FDP,yes
1284,45893,Thomas L. Kemmerich,FDP,yes
1284,43901,Christian Jung,FDP,yes
1284,45587,Gyde Jensen-Bornhöft,FDP,yes
1284,43893,Olaf in der Beek,FDP,yes
1284,46205,Ulla Ihnen,FDP,yes
1284,43892,Reinhard Houben,FDP,yes
1284,43902,Christoph Hoffmann,FDP,yes
1284,41148,Manuel Höferlin,FDP,yes
1284,45453,Gero Hocker,FDP,yes
1284,42593,Katja Hessel,FDP,yes
1284,45860,Torsten Herbst,FDP,yes
1284,43891,Markus Herbrand,FDP,yes
1284,44062,Katrin Helling-Plahr,FDP,yes
1284,44041,Thomas Hacker,FDP,yes
1284,37798,Alexander Graf Lambsdorff,FDP,yes
1284,40932,Otto Fricke,FDP,yes
1284,43818,Daniel Föst,FDP,yes
1284,41208,Marcus Faber,FDP,yes
1284,40754,Hartmut Ebbing,FDP,abstain
1284,45451,Christian Dürr,FDP,yes
1284,40553,Bijan Djir-Sarai,FDP,yes
1284,41090,Britta Dassler,FDP,yes
1284,43894,Carl-Julius Cronenberg,FDP,yes
1284,43532,Karlheinz Busen,FDP,yes
1284,40874,Marco Buschmann,FDP,yes
1284,43897,Mario Brandenburg,FDP,yes
1284,39979,Jens Brandenburg,FDP,yes
1284,42833,Nicola Beer,FDP,yes
1284,43245,Jens Beeck,FDP,yes
1284,43820,Nicole Bauer,FDP,yes
1284,40573,Christine Aschenberg-Dugnus,FDP,yes
1284,41217,Renata Alt,FDP,yes
1284,43889,Grigorios Aggelidis,FDP,yes
1284,45447,Sabine Zimmermann,DIE LINKE,no_show
1284,45448,Pia Zimmermann,DIE LINKE,no_show
1284,44608,Hubertus Zdebel,DIE LINKE,no_show
1284,45441,Katrin Werner,DIE LINKE,no
1284,45437,Harald Weinberg,DIE LINKE,no
1284,44701,Andreas Wagner,DIE LINKE,no
1284,44584,Sahra Wagenknecht,DIE LINKE,no_show
1284,46197,Kathrin Vogler,DIE LINKE,no
1284,44546,Alexander Ulrich,DIE LINKE,no
1284,40021,Jessica Tatti,DIE LINKE,no
1284,44578,Kirsten Tackmann,DIE LINKE,no_show
1284,43883,Friedrich Straetmanns,DIE LINKE,no
1284,45418,Kersten Steinke,DIE LINKE,no_show
1284,44097,Helin Evrim Sommer,DIE LINKE,no
1284,44583,Petra Sitte,DIE LINKE,no
1284,43886,Eva-Maria Schreiber,DIE LINKE,no_show
1284,45892,Bernd Riexinger,DIE LINKE,no
1284,45369,Martina Renner,DIE LINKE,no
1284,41180,Ingrid Remmers,DIE LINKE,no
1284,41222,Tobias Pflüger,DIE LINKE,no
1284,43214,Victor Perli,DIE LINKE,no
1284,43884,Sören Pellmann,DIE LINKE,no
1284,45357,Petra Pau,DIE LINKE,no
1284,45346,Thomas Nord,DIE LINKE,no_show
1284,44571,Alexander S. Neu,DIE LINKE,no
1284,45829,Zaklin Nastić,DIE LINKE,no
1284,45338,Norbert Müller,DIE LINKE,no
1284,45337,Niema Movassat,DIE LINKE,no
1284,44566,Cornelia Möhring,DIE LINKE,no
1284,46022,Amira Mohamed Ali,DIE LINKE,no
1284,40509,Pascal Meiser,DIE LINKE,no_show
1284,45327,Thomas Lutze,DIE LINKE,no
1284,45325,Gesine Lötzsch,DIE LINKE,no
1284,45321,Stefan Liebich,DIE LINKE,no
1284,45320,Michael Leutert,DIE LINKE,no_show
1284,45319,Ralph Lenkert,DIE LINKE,no
1284,45316,Sabine Leidig,DIE LINKE,no
1284,44560,Caren Lay,DIE LINKE,no_show
1284,44616,Jutta Krellmann,DIE LINKE,no
1284,44611,Jan Korte,DIE LINKE,no
1284,45292,Katja Kipping,DIE LINKE,no
1284,45496,Achim Kessler,DIE LINKE,no_show
1284,45282,Kerstin Kassner,DIE LINKE,no
1284,38740,Ulla Jelpke,DIE LINKE,no
1284,45273,Andrej Hunko,DIE LINKE,no
1284,41313,Matthias Höhn,DIE LINKE,no
1284,44531,Heike Hänsel,DIE LINKE,no
1284,44528,André Hahn,DIE LINKE,no
1284,44524,Gregor Gysi,DIE LINKE,no_show
1284,44520,Nicole Gohlke,DIE LINKE,no
1284,46228,Sylvia Gabelmann,DIE LINKE,no
1284,40204,Brigitte Freihold,DIE LINKE,no
1284,46014,Susanne Ferschl,DIE LINKE,no
1284,45491,Klaus Ernst,DIE LINKE,no
1284,37947,Anke Domscheit-Berg,DIE LINKE,no
1284,44502,Diether Dehm,DIE LINKE,no
1284,37913,Fabio De Masi,DIE LINKE,no
1284,44501,Sevim Dağdelen,DIE LINKE,no
1284,43885,Jörg Cezanne,DIE LINKE,no
1284,44043,Birke Bull-Bischoff,DIE LINKE,no
1284,44499,Christine Buchholz,DIE LINKE,no
1284,40082,Michel Brandt,DIE LINKE,no
1284,46265,Heidrun Bluhm-Förster,DIE LINKE,no
1284,44492,Matthias W. Birkwald,DIE LINKE,no
1284,45239,Lorenz Gösta Beutin,DIE LINKE,no
1284,46023,Dietmar Bartsch,DIE LINKE,no_show
1284,43887,Simone Barrientos,DIE LINKE,no
1284,39953,Gökay Akbulut,DIE LINKE,no
1284,43888,Doris Achelwilm,DIE LINKE,no
1284,44071,Beate Walter-Rosenheimer,DIE GRÜNEN,no
1284,41099,Daniela Wagner,DIE GRÜNEN,yes
1284,44579,Konstantin von Notz,DIE GRÜNEN,no
1284,43155,Ottmar von Holtz,DIE GRÜNEN,yes
1284,44614,Julia Verlinden,DIE GRÜNEN,no
1284,44621,Jürgen Trittin,DIE GRÜNEN,no
1284,45427,Markus Tressel,DIE GRÜNEN,yes
1284,41209,Margit Stumpp,DIE GRÜNEN,no
1284,45422,Wolfgang Strengmann-Kuhn,DIE GRÜNEN,no
1284,45397,Kordula Schulz-Asche,DIE GRÜNEN,yes
1284,41219,Stefan Schmidt,DIE GRÜNEN,yes
1284,45391,Frithjof Schmidt,DIE GRÜNEN,no
1284,44600,Gerhard Schick,DIE GRÜNEN,no
1284,45450,Ulle Schauws,DIE GRÜNEN,no
1284,45384,Manuel Sarrazin,DIE GRÜNEN,yes
1284,45497,Corinna Rüffer,DIE GRÜNEN,no
1284,43882,Manuela Rottmann,DIE GRÜNEN,yes
1284,45378,Claudia Roth,DIE GRÜNEN,no
1284,45562,Tabea Rößner,DIE GRÜNEN,no_show
1284,43029,Filiz Polat,DIE GRÜNEN,no
1284,46009,Lisa Paus,DIE GRÜNEN,no
1284,45352,Cem Özdemir,DIE GRÜNEN,no_show
1284,45351,Friedrich Ostendorff,DIE GRÜNEN,yes
1284,45347,Omid Nouripour,DIE GRÜNEN,yes
1284,41132,Ingrid Nestle,DIE GRÜNEN,abstain
1284,44067,Beate Müller-Gemmeke,DIE GRÜNEN,no
1284,41188,Claudia Müller,DIE GRÜNEN,abstain
1284,45510,Irene Mihalic,DIE GRÜNEN,no_show
1284,45323,Tobias Lindner,DIE GRÜNEN,yes
1284,45318,Steffi Lemke,DIE GRÜNEN,no
1284,43881,Sven Lehmann,DIE GRÜNEN,no
1284,45314,Monika Lazar,DIE GRÜNEN,no
1284,45307,Markus Kurth,DIE GRÜNEN,no
1284,45306,Renate Künast,DIE GRÜNEN,abstain
1284,45304,Stephan Kühn,DIE GRÜNEN,no
1284,45303,Christian Kühn,DIE GRÜNEN,no
1284,45301,Oliver Krischer,DIE GRÜNEN,abstain
1284,45787,Sylvia Kotting-Uhl,DIE GRÜNEN,no
1284,45295,Maria Klein-Schmeink,DIE GRÜNEN,no
1284,45290,Sven-Christian Kindler,DIE GRÜNEN,no
1284,45288,Katja Keul,DIE GRÜNEN,no
1284,45286,Uwe Kekeritz,DIE GRÜNEN,no
1284,46255,Kirsten Kappert-Gonther,DIE GRÜNEN,no
1284,45274,Dieter Janecek,DIE GRÜNEN,yes
1284,46200,Anton Hofreiter,DIE GRÜNEN,no_show
1284,42696,Bettina Hoffmann,DIE GRÜNEN,yes
1284,44558,Britta Haßelmann,DIE GRÜNEN,abstain
1284,44530,Anja Hajduk,DIE GRÜNEN,yes
1284,45854,Erhard Grundl,DIE GRÜNEN,no
1284,46024,Katrin Göring-Eckardt,DIE GRÜNEN,abstain
1284,40479,Stefan Gelbhaar,DIE GRÜNEN,no
1284,44617,Kai Gehring,DIE GRÜNEN,abstain
1284,45251,Matthias Gastel,DIE GRÜNEN,abstain
1284,45247,Harald Ebner,DIE GRÜNEN,abstain
1284,45246,Katharina Dröge,DIE GRÜNEN,no
1284,44509,Katja Dörner,DIE GRÜNEN,no
1284,44503,Ekin Deligöz,DIE GRÜNEN,yes
1284,45561,Anna Christmann,DIE GRÜNEN,yes
1284,44076,Agnieszka Brugger,DIE GRÜNEN,no
1284,44496,Franziska Brantner,DIE GRÜNEN,yes
1284,40338,Canan Bayram,DIE GRÜNEN,no
1284,44064,Danyal Bayaz,DIE GRÜNEN,yes
1284,46230,Margarete Bause,DIE GRÜNEN,abstain
1284,44808,Annalena Baerbock,DIE GRÜNEN,abstain
1284,41142,Lisa Badum,DIE GRÜNEN,no
1284,46272,Kerstin Andreae,DIE GRÜNEN,yes
1284,44474,Luise Amtsberg,DIE GRÜNEN,abstain
1284,44586,Emmi Zeulner,CDU/CSU,yes
1284,44553,Anja Weisgerber,CDU/CSU,yes
1284,45428,Volker Ullrich,CDU/CSU,yes
1284,45421,Max Straubinger,CDU/CSU,yes
1284,45420,Stephan Stracke,CDU/CSU,yes
1284,45455,Wolfgang Stefinger,CDU/CSU,yes
1284,43875,Katrin Staffler,CDU/CSU,no_show
1284,45407,Thomas Silberhorn,CDU/CSU,yes
1284,45392,Christian Schmidt,CDU/CSU,no_show
1284,45386,Andreas Scheuer,CDU/CSU,yes
1284,45636,Albert Rupprecht,CDU/CSU,yes
1284,45367,Peter Ramsauer,CDU/CSU,no_show
1284,44549,Alois Rainer,CDU/CSU,yes
1284,44545,Alexander Radwan,CDU/CSU,yes
1284,43878,Stephan Pilsinger,CDU/CSU,yes
1284,44594,Florian Oßner,CDU/CSU,yes
1284,45348,Georg Nüßlein,CDU/CSU,yes
1284,45341,Stefan Müller,CDU/CSU,yes
1284,45342,Gerd Müller,CDU/CSU,yes
1284,38701,Marlene Mortler,CDU/CSU,yes
1284,45332,Hans Michelbach,CDU/CSU,yes
1284,45331,Stephan Mayer,CDU/CSU,yes
1284,44569,Daniela Ludwig,CDU/CSU,yes
1284,43876,Bernhard Loos,CDU/CSU,yes
1284,45322,Andrea Lindholz,CDU/CSU,yes
1284,45489,Andreas Lenz,CDU/CSU,yes
1284,45315,Paul Lehrieder,CDU/CSU,yes
1284,45312,Silke Launert,CDU/CSU,no_show
1284,45311,Ulrich Lange,CDU/CSU,yes
1284,43877,Michael Kuffer,CDU/CSU,no_show
1284,43879,Michael Kießling,CDU/CSU,yes
1284,44548,Alois Karl,CDU/CSU,yes
1284,44587,Erich Irlstorfer,CDU/CSU,yes
1284,45271,Karl Holmeier,CDU/CSU,yes
1284,44544,Alexander Hoffmann,CDU/CSU,yes
1284,44529,Florian Hahn,CDU/CSU,yes
1284,45862,Michael Frieser,CDU/CSU,no_show
1284,44517,Hans-Peter Friedrich,CDU/CSU,yes
1284,43880,Thomas Erndl,CDU/CSU,yes
1284,44056,Hansjörg Durz,CDU/CSU,yes
1284,44507,Alexander Dobrindt,CDU/CSU,no_show
1284,44060,Sebastian Brehm,CDU/CSU,yes
1284,44495,Reinhard Brandl,CDU/CSU,yes
1284,44478,Dorothee Bär,CDU/CSU,yes
1284,41159,Peter Aumer,CDU/CSU,yes
1284,46196,Artur Auernhammer,CDU/CSU,yes
1284,46180,Matthias Zimmer,CDU/CSU,yes
1284,44037,Paul Ziemiak,CDU/CSU,yes
1284,45444,Oliver Wittke,CDU/CSU,yes
1284,44585,Elisabeth Winkelmeier-Becker,CDU/CSU,yes
1284,45443,Klaus-Peter Willsch,CDU/CSU,yes
1284,43864,Bettina Wiesmann,CDU/CSU,yes
1284,44554,Annette Widmann-Mauz,CDU/CSU,yes
1284,44619,Kai Whittaker,CDU/CSU,yes
1284,45440,Marian Wendt,CDU/CSU,yes
1284,44610,Ingo Wellenreuther,CDU/CSU,yes
1284,45439,Peter Weiß,CDU/CSU,yes
1284,45438,Sabine Weiss,CDU/CSU,yes
1284,46240,Marcus Weinberg,CDU/CSU,yes
1284,44543,Albert Weiler,CDU/CSU,no_show
1284,44618,Kai Wegner,CDU/CSU,yes
1284,45435,Marco Wanderwitz,CDU/CSU,yes
1284,44070,Johann Wadephul,CDU/CSU,yes
1284,45433,Christian von Stetten,CDU/CSU,yes
1284,44606,Hans-Georg von der Marwitz,CDU/CSU,yes
1284,45480,Ursula von der Leyen,CDU/CSU,yes
1284,45467,Michael von Abercron,CDU/CSU,yes
1284,45431,Volkmar Vogel,CDU/CSU,yes
1284,43855,Kerstin Vieregge,CDU/CSU,yes
1284,45430,Oswin Veith,CDU/CSU,yes
1284,45429,Arnold Vaatz,CDU/CSU,yes
1284,43643,Markus Uhl,CDU/CSU,yes
1284,46198,Antje Tillmann,CDU/CSU,yes
1284,43848,Dietlind Tiemann,CDU/CSU,yes
1284,39962,Alexander Throm,CDU/CSU,yes
1284,43856,Hans-Jürgen Thies,CDU/CSU,yes
1284,43852,Hermann-Josef Tebroke,CDU/CSU,yes
1284,45424,Peter Tauber,CDU/CSU,yes
1284,46011,Michael Stübgen,CDU/CSU,yes
1284,45423,Karin Strenz,CDU/CSU,yes
1284,46194,Gero Storjohann,CDU/CSU,yes
1284,45419,Dieter Stier,CDU/CSU,yes
1284,45417,Johannes Steiniger,CDU/CSU,yes
1284,45416,Sebastian Steineke,CDU/CSU,yes
1284,45415,Peter Stein,CDU/CSU,yes
1284,43867,Andreas Steier,CDU/CSU,yes
1284,44542,Albert Stegemann,CDU/CSU,yes
1284,45413,Frank Steffel,CDU/CSU,yes
1284,45409,Jens Spahn,CDU/CSU,yes
1284,45408,Tino Sorge,CDU/CSU,yes
1284,43866,Björn Simon,CDU/CSU,yes
1284,45405,Patrick Sensburg,CDU/CSU,yes
1284,46229,Reinhold Sendker,CDU/CSU,no_show
1284,45404,Johannes Selle,CDU/CSU,yes
1284,45403,Detlef Seif,CDU/CSU,yes
1284,45895,Torsten Schweiger,CDU/CSU,yes
1284,44557,Armin Schuster,CDU/CSU,yes
1284,45398,Uwe Schummer,CDU/CSU,yes
1284,45458,Klaus-Peter Schulze,CDU/CSU,no_show
1284,40081,Felix Schreiner,CDU/CSU,yes
1284,45394,Nadine Schön,CDU/CSU,no_show
1284,45393,Patrick Schnieder,CDU/CSU,yes
1284,43845,Claudia Schmidtke,CDU/CSU,yes
1284,45390,Tankred Schipanski,CDU/CSU,yes
1284,45389,Jana Schimke,CDU/CSU,no_show
1284,45385,Wolfgang Schäuble,CDU/CSU,yes
1284,44551,Anita Schäfer,CDU/CSU,yes
1284,43865,Stefan Sauer,CDU/CSU,yes
1284,44588,Erwin Rüddel,CDU/CSU,yes
1284,43853,Stefan Rouenhoff,CDU/CSU,yes
1284,45380,Norbert Röttgen,CDU/CSU,yes
1284,45375,Johannes Röring,CDU/CSU,yes
1284,45371,Josef Rief,CDU/CSU,yes
1284,45370,Lothar Riebsamen,CDU/CSU,yes
1284,45368,Eckhardt Rehberg,CDU/CSU,yes
1284,45366,Kerstin Radomski,CDU/CSU,no_show
1284,45365,Thomas Rachel,CDU/CSU,yes
1284,45361,Eckhard Pols,CDU/CSU,yes
1284,38359,Christoph Ploß,CDU/CSU,yes
1284,45359,Joachim Pfeiffer,CDU/CSU,no_show
1284,45356,Martin Patzelt,CDU/CSU,yes
1284,45355,Sylvia Pantel,CDU/CSU,yes
1284,45837,Henning Otte,CDU/CSU,yes
1284,46206,Josef Oster,CDU/CSU,yes
1284,45349,Wilfried Oellers,CDU/CSU,yes
1284,45345,Michaela Noll,CDU/CSU,yes
1284,41857,Petra Nicolaisen,CDU/CSU,yes
1284,44572,Andreas Nick,CDU/CSU,yes
1284,46143,Sepp Müller,CDU/CSU,yes
1284,44564,Carsten Müller,CDU/CSU,yes
1284,43874,Axel Müller,CDU/CSU,yes
1284,46188,Elisabeth Motschmann,CDU/CSU,yes
1284,45336,Karsten Möring,CDU/CSU,yes
1284,45822,Dietrich Monstadt,CDU/CSU,yes
1284,45333,Mathias Middelberg,CDU/CSU,yes
1284,44612,Jan Metzler,CDU/CSU,yes
1284,44550,Angela Merkel,CDU/CSU,no_show
1284,44061,Michael Meister,CDU/CSU,yes
1284,45330,Andreas Mattfeldt,CDU/CSU,yes
1284,38887,Matern von Marschall,CDU/CSU,yes
1284,45473,Astrid Mannes,CDU/CSU,yes
1284,45328,Yvonne Magwas,CDU/CSU,yes
1284,44620,Karin Maag,CDU/CSU,yes
1284,45326,Jan-Marco Luczak,CDU/CSU,yes
1284,42032,Nikolas Löbel,CDU/CSU,yes
1284,45324,Patricia Lips,CDU/CSU,yes
1284,44563,Carsten Linnemann,CDU/CSU,yes
1284,44556,Antje Lezius,CDU/CSU,yes
1284,45317,Katja Leikert,CDU/CSU,yes
1284,40808,Jens Lehmann,CDU/CSU,yes
1284,45309,Katharina Landgraf,CDU/CSU,yes
1284,45308,Andreas Lämmel,CDU/CSU,yes
1284,44055,Karl A. Lamers,CDU/CSU,yes
1284,45305,Roy Kühne,CDU/CSU,yes
1284,45302,Rüdiger Kruse,CDU/CSU,yes
1284,44603,Günter Krings,CDU/CSU,yes
1284,44604,Gunther Krichbaum,CDU/CSU,yes
1284,38078,Alexander Krauß,CDU/CSU,yes
1284,44562,Carsten Körber,CDU/CSU,yes
1284,45299,Markus Koob,CDU/CSU,yes
1284,45298,Jens Koeppen,CDU/CSU,yes
1284,45297,Axel Knoerig,CDU/CSU,yes
1284,45294,Volkmar Klein,CDU/CSU,yes
1284,45291,Georg Kippels,CDU/CSU,yes
1284,45289,Roderich Kiesewetter,CDU/CSU,yes
1284,45287,Ronja Kemmer,CDU/CSU,yes
1284,45285,Stefan Kaufmann,CDU/CSU,yes
1284,45284,Volker Kauder,CDU/CSU,no_show
1284,43868,Torbjörn Kartes,CDU/CSU,yes
1284,44552,Anja Karliczek,CDU/CSU,yes
1284,43860,Ingmar Jung,CDU/CSU,yes
1284,45276,Andreas Jung,CDU/CSU,yes
1284,45275,Thomas Jarzombek,CDU/CSU,yes
1284,42741,Hans-Jürgen Irmer,CDU/CSU,yes
1284,45272,Hendrik Hoppenstedt,CDU/CSU,no_show
1284,45269,Heribert Hirte,CDU/CSU,yes
1284,45268,Christian Hirte,CDU/CSU,no_show
1284,44555,Ansgar Heveling,CDU/CSU,yes
1284,43854,Marc Henrichmann,CDU/CSU,yes
1284,44540,Michael Hennrich,CDU/CSU,yes
1284,44539,Rudolf Henke,CDU/CSU,yes
1284,44536,Mark Helfrich,CDU/CSU,yes
1284,45858,Frank Heinrich,CDU/CSU,yes
1284,41271,Thomas Heilmann,CDU/CSU,yes
1284,44532,Mechthild Heil,CDU/CSU,yes
1284,45266,Matthias Heider,CDU/CSU,yes
1284,45782,Mark Hauptmann,CDU/CSU,yes
1284,45264,Matthias Hauer,CDU/CSU,yes
1284,44615,Jürgen Hardt,CDU/CSU,yes
1284,44767,Stephan Harbarth,CDU/CSU,yes
1284,44525,Christian Haase,CDU/CSU,yes
1284,45261,Olav Gutting,CDU/CSU,yes
1284,45260,Fritz Güntzler,CDU/CSU,yes
1284,45259,Monika Grütters,CDU/CSU,yes
1284,45581,Oliver Grundmann,CDU/CSU,yes
1284,45258,Manfred Grund,CDU/CSU,yes
1284,46201,Markus Grübel,CDU/CSU,yes
1284,45256,Astrid Grotelüschen,CDU/CSU,yes
1284,45255,Michael Grosse-Brömer,CDU/CSU,yes
1284,44522,Klaus-Dieter Gröhler,CDU/CSU,yes
1284,44521,Hermann Gröhe,CDU/CSU,yes
1284,45472,Ursula Groden-Kranich,CDU/CSU,yes
1284,43849,Eckhard Gnodtke,CDU/CSU,yes
1284,44518,Eberhard Gienger,CDU/CSU,yes
1284,44547,Alois Gerig,CDU/CSU,yes
1284,45252,Thomas Gebhart,CDU/CSU,yes
1284,44609,Ingo Gädechens,CDU/CSU,yes
1284,44607,Hans-Joachim Fuchtel,CDU/CSU,yes
1284,44515,Thorsten Frei,CDU/CSU,yes
1284,44512,Maria Flachsbarth,CDU/CSU,yes
1284,43873,Axel Eduard Fischer,CDU/CSU,yes
1284,45611,Enak Ferlemann,CDU/CSU,yes
1284,45250,Uwe Feiler,CDU/CSU,yes
1284,45248,Hermann Färber,CDU/CSU,yes
1284,44510,Marie-Luise Dött,CDU/CSU,yes
1284,44508,Michael Donth,CDU/CSU,yes
1284,44057,Kees de Vries,CDU/CSU,no_show
1284,38357,Christoph de Vries,CDU/CSU,yes
1284,44504,Thomas de Maizière,CDU/CSU,yes
1284,43685,Astrid Damerow,CDU/CSU,yes
1284,44500,Gitta Connemann,CDU/CSU,yes
1284,43851,Carsten Brodesser,CDU/CSU,yes
1284,46020,Ralph Brinkhaus,CDU/CSU,no_show
1284,44498,Heike Brehmer,CDU/CSU,yes
1284,43847,Silvia Breher,CDU/CSU,yes
1284,44497,Helge Braun,CDU/CSU,no_show
1284,44284,Ralf Brauksiepe,CDU/CSU,yes
1284,46271,Michael Brand,CDU/CSU,yes
1284,44494,Norbert Brackmann,CDU/CSU,yes
1284,44493,Peter Bleser,CDU/CSU,yes
1284,44490,Steffen Bilger,CDU/CSU,yes
1284,43869,Marc Biadacz,CDU/CSU,yes
1284,44489,Peter Beyer,CDU/CSU,yes
1284,43850,Christoph Bernstiel,CDU/CSU,yes
1284,43844,Melanie Bernstein,CDU/CSU,yes
1284,44488,André Berghegger,CDU/CSU,yes
1284,45564,Sybille Benning,CDU/CSU,no_show
1284,45241,Veronika Bellmann,CDU/CSU,yes
1284,44487,Manfred Behrens,CDU/CSU,yes
1284,44486,Maik Beermann,CDU/CSU,yes
1284,44482,Norbert Barthle,CDU/CSU,yes
1284,44480,Thomas Bareiß,CDU/CSU,yes
1284,43846,Philipp Amthor,CDU/CSU,no_show
1284,44473,Peter Altmaier,CDU/CSU,no_show
1284,43861,Norbert Maria Altenkamp,CDU/CSU,yes
1284,44472,Stephan Albani,CDU/CSU,yes
1284,44624,Uwe Witt,AfD,no
1284,44646,Christian Wirth,AfD,no
1284,43836,Heiko Wildberg,AfD,no
1284,46247,Wolfgang Wiehle,AfD,no
1284,43948,Harald Weyel,AfD,no
1284,46026,Alice Weidel,AfD,no
1284,45921,Beatrix von Storch,AfD,no
1284,43947,Wilhelm von Gottberg,AfD,no_show
1284,43824,René Springer,AfD,no
1284,46015,Dirk Spaniel,AfD,no
1284,44622,Detlev Spangenberg,AfD,no
1284,44035,Martin Sichert,AfD,no
1284,40147,Thomas Seitz,AfD,no
1284,44040,Uwe Schulz,AfD,no_show
1284,44092,Jörg Schneider,AfD,no
1284,43833,Robby Schlund,AfD,no_show
1284,41290,Ulrike Schielke-Ziesing,AfD,no
1284,43946,Roman Reusch,AfD,no
1284,41211,Martin Erwin Renner,AfD,no
1284,46182,Martin Reichardt,AfD,no
1284,44075,Stephan Protschka,AfD,no
1284,45493,Jürgen Pohl,AfD,no
1284,43838,Paul Podolay,AfD,no
1284,45830,Tobias Matthias Peterka,AfD,no_show
1284,45481,Frank Pasemann,AfD,no
1284,45857,Gerold Otten,AfD,no
1284,43831,Ulrich Oehme,AfD,no
1284,44042,Jan Ralf Nolte,AfD,no
1284,38268,Christoph Neumann,AfD,no
1284,43835,Sebastian Münzenmaier,AfD,no
1284,41223,Volker Münz,AfD,no
1284,44640,Hansjörg Müller,AfD,no_show
1284,45465,Andreas Mrosek,AfD,no
1284,45592,Corinna Miazga,AfD,no
1284,43945,Birgit Malsack-Winkemann,AfD,no
1284,43841,Lothar Maier,AfD,no
1284,43829,Jens Maier,AfD,no
1284,46155,Frank Magnitz,AfD,no
1284,44059,Rüdiger Lucassen,AfD,no
1284,43839,Rainer Kraft,AfD,no
1284,38250,Steffen Kotré,AfD,no
1284,41204,Jörn König,AfD,no
1284,41287,Enrico Komning,AfD,no
1284,45835,Norbert Kleinwächter,AfD,no
1284,43918,Stefan Keuter,AfD,no
1284,43823,Jens Kestner,AfD,no
1284,43916,Uwe Kamann,AfD,no_show
1284,41192,Marc Jongen,AfD,no
1284,43912,Fabian Jacobi,AfD,no
1284,43837,Johannes Huber,AfD,no
1284,41294,Leif-Erik Holm,AfD,no
1284,43915,Bruno Hollnagel,AfD,no
1284,40888,Martin Hohmann,AfD,no
1284,46203,Nicole Höchst,AfD,no
1284,43827,Karsten Hilse,AfD,no
1284,43830,Heiko Heßenkemper,AfD,no
1284,43843,Martin Hess,AfD,no
1284,46133,Lars Herrmann,AfD,no
1284,37970,Waldemar Herdt,AfD,no
1284,43826,Udo Hemmelgarn,AfD,no
1284,46204,Martin Hebner,AfD,no_show
1284,43913,Jochen Haug,AfD,no
1284,45263,Roland Hartwig,AfD,no
1284,46185,Verena Hartmann,AfD,no
1284,43832,Mariana Harder-Kühnel,AfD,no
1284,37963,Armin Paul Hampel,AfD,no
1284,44470,Kay Gottschalk,AfD,no
1284,43944,Franziska Gminder,AfD,no
1284,45518,Albrecht Glaser,AfD,no
1284,41216,Axel Gehrke,AfD,no_show
1284,46027,Alexander Gauland,AfD,no
1284,44199,Götz Frömming,AfD,no_show
1284,40069,Markus Frohnmaier,AfD,no
1284,43950,Anton Friesen,AfD,no
1284,43822,Dietmar Friedhoff,AfD,no
1284,43840,Peter Felser,AfD,no
1284,43919,Michael Espendiller,AfD,no
1284,43914,Berengar Elsner von Gronow,AfD,no
1284,44197,Thomas Ehrhorn,AfD,no
1284,38269,Siegbert Droese,AfD,no
1284,43814,Gottfried Curio,AfD,no
1284,45502,Joana Cotar,AfD,no_show
1284,43828,Tino Chrupalla,AfD,no
1284,37965,Petr Bystron,AfD,no
1284,45494,Matthias Büttner,AfD,no
1284,43949,Marcus Bühl,AfD,no
1284,43842,Jürgen Braun,AfD,no
1284,38315,Stephan Brandner,AfD,no
1284,44102,Peter Boehringer,AfD,no
1284,43834,Andreas Bleck,AfD,no
1284,40066,Marc Bernhard,AfD,no
1284,45234,Bernd Baumann,AfD,no
1660,45447,Sabine Zimmermann,DIE LINKE,no
1660,45448,Pia Zimmermann,DIE LINKE,no
1660,45446,Jens Zimmermann,SPD,yes
1660,46180,Matthias Zimmer,CDU/CSU,yes
1660,45445,Stefan Zierke,SPD,no_show
1660,44037,Paul Ziemiak,CDU/CSU,yes
1660,44568,Dagmar Ziegler,SPD,yes
1660,45452,Gerhard Zickenheiner,DIE GRÜNEN,yes
1660,44586,Emmi Zeulner,CDU/CSU,yes
1660,44608,Hubertus Zdebel,DIE LINKE,no
1660,44602,Gülistan Yüksel,SPD,yes
1660,45444,Oliver Wittke,CDU/CSU,yes
1660,44624,Uwe Witt,AfD,no
1660,44646,Christian Wirth,AfD,no
1660,44585,Elisabeth Winkelmeier-Becker,CDU/CSU,yes
1660,45443,Klaus-Peter Willsch,CDU/CSU,yes
1660,45591,Katharina Willkomm,FDP,abstain
1660,43836,Heiko Wildberg,AfD,no
1660,43864,Bettina Wiesmann,CDU/CSU,yes
1660,44570,Dirk Wiese,SPD,yes
1660,46247,Wolfgang Wiehle,AfD,no
1660,44554,Annette Widmann-Mauz,CDU/CSU,yes
1660,44619,Kai Whittaker,CDU/CSU,yes
1660,43948,Harald Weyel,AfD,no
1660,45442,Bernd Westphal,SPD,yes
1660,44777,Nicole Westig,FDP,no
1660,45441,Katrin Werner,DIE LINKE,no
1660,45440,Marian Wendt,CDU/CSU,yes
1660,44610,Ingo Wellenreuther,CDU/CSU,yes
1660,45438,Sabine Weiss,CDU/CSU,yes
1660,45439,Peter Weiß,CDU/CSU,yes
1660,44553,Anja Weisgerber,CDU/CSU,yes
1660,45437,Harald Weinberg,DIE LINKE,no
1660,46240,Marcus Weinberg,CDU/CSU,yes
1660,44543,Albert Weiler,CDU/CSU,yes
1660,46026,Alice Weidel,AfD,no
1660,44618,Kai Wegner,CDU/CSU,yes
1660,45551,Sandra Weeser,FDP,no_show
1660,44072,Gabi Weber,SPD,yes
1660,45436,Nina Warken,CDU/CSU,yes
1660,45435,Marco Wanderwitz,CDU/CSU,yes
1660,44071,Beate Walter-Rosenheimer,DIE GRÜNEN,no_show
1660,41099,Daniela Wagner,DIE GRÜNEN,yes
1660,44701,Andreas Wagner,DIE LINKE,no
1660,44584,Sahra Wagenknecht,DIE LINKE,no
1660,44070,Johann Wadephul,CDU/CSU,yes
1660,45434,Dirk Vöpel,SPD,yes
1660,45921,Beatrix von Storch,AfD,no
1660,45433,Christian von Stetten,CDU/CSU,yes
1660,44579,Konstantin von Notz,DIE GRÜNEN,abstain
1660,43155,Ottmar von Holtz,DIE GRÜNEN,yes
1660,43947,Wilhelm von Gottberg,AfD,no
1660,44606,Hans-Georg von der Marwitz,CDU/CSU,yes
1660,45480,Ursula von der Leyen,CDU/CSU,yes
1660,45467,Michael von Abercron,CDU/CSU,yes
1660,43905,Marja-Liisa Völlers,SPD,yes
1660,45432,Ute Vogt,SPD,yes
1660,46197,Kathrin Vogler,DIE LINKE,no
1660,41138,Johannes Vogel,FDP,no_show
1660,45431,Volkmar Vogel,CDU/CSU,yes
1660,43855,Kerstin Vieregge,CDU/CSU,yes
1660,44614,Julia Verlinden,DIE GRÜNEN,no
1660,45430,Oswin Veith,CDU/CSU,yes
1660,45429,Arnold Vaatz,CDU/CSU,yes
1660,44546,Alexander Ulrich,DIE LINKE,no
1660,45902,Gerald Ullrich,FDP,yes
1660,45428,Volker Ullrich,CDU/CSU,yes
1660,43900,Andrew Ullmann,FDP,yes
1660,43643,Markus Uhl,CDU/CSU,yes
1660,44621,Jürgen Trittin,DIE GRÜNEN,no
1660,45427,Markus Tressel,DIE GRÜNEN,yes
1660,45426,Carsten Träger,SPD,yes
1660,43423,Markus Töns,SPD,yes
1660,40621,Florian Toncar,FDP,yes
1660,37973,Manfred Todtenhausen,FDP,no_show
1660,46198,Antje Tillmann,CDU/CSU,yes
1660,43848,Dietlind Tiemann,CDU/CSU,yes
1660,39962,Alexander Throm,CDU/CSU,yes
1660,40994,Stephan Thomae,FDP,yes
1660,43856,Hans-Jürgen Thies,CDU/CSU,yes
1660,45425,Michael Thews,SPD,yes
1660,37879,Michael Theurer,FDP,yes
1660,42162,Linda Teuteberg,FDP,yes
1660,43852,Hermann-Josef Tebroke,CDU/CSU,yes
1660,44565,Claudia Tausend,SPD,yes
1660,45424,Peter Tauber,CDU/CSU,yes
1660,40021,Jessica Tatti,DIE LINKE,no
1660,44578,Kirsten Tackmann,DIE LINKE,no
1660,46209,Kerstin Tack,SPD,yes
1660,38473,Katja Suding,FDP,yes
1660,41209,Margit Stumpp,DIE GRÜNEN,no
1660,46011,Michael Stübgen,CDU/CSU,yes
1660,45423,Karin Strenz,CDU/CSU,yes
1660,45422,Wolfgang Strengmann-Kuhn,DIE GRÜNEN,no
1660,45421,Max Straubinger,CDU/CSU,yes
1660,40100,Benjamin Strasser,FDP,yes
1660,43883,Friedrich Straetmanns,DIE LINKE,no
1660,45232,Marie-Agnes Strack-Zimmermann,FDP,yes
1660,45420,Stephan Stracke,CDU/CSU,yes
1660,46194,Gero Storjohann,CDU/CSU,yes
1660,45419,Dieter Stier,CDU/CSU,yes
1660,45418,Kersten Steinke,DIE LINKE,no
1660,45417,Johannes Steiniger,CDU/CSU,yes
1660,45416,Sebastian Steineke,CDU/CSU,yes
1660,43903,Mathias Stein,SPD,yes
1660,45415,Peter Stein,CDU/CSU,yes
1660,43867,Andreas Steier,CDU/CSU,yes
1660,44542,Albert Stegemann,CDU/CSU,yes
1660,45455,Wolfgang Stefinger,CDU/CSU,yes
1660,45414,Sonja Steffen,SPD,yes
1660,45413,Frank Steffel,CDU/CSU,yes
1660,41089,Bettina Stark-Watzinger,FDP,no
1660,45412,Martina Stamm-Fibich,SPD,yes
1660,43875,Katrin Staffler,CDU/CSU,yes
1660,45411,Svenja Stadler,SPD,yes
1660,43824,René Springer,AfD,no
1660,45410,Rainer Spiering,SPD,yes
1660,46015,Dirk Spaniel,AfD,no
1660,44622,Detlev Spangenberg,AfD,no
1660,45409,Jens Spahn,CDU/CSU,yes
1660,45408,Tino Sorge,CDU/CSU,yes
1660,44097,Helin Evrim Sommer,DIE LINKE,no
1660,40635,Hermann Otto Solms,FDP,yes
1660,41140,Judith Skudelny,FDP,yes
1660,44583,Petra Sitte,DIE LINKE,no
1660,43890,Frank Sitta,FDP,yes
1660,43866,Björn Simon,CDU/CSU,yes
1660,45407,Thomas Silberhorn,CDU/CSU,yes
1660,44035,Martin Sichert,AfD,no
1660,45405,Patrick Sensburg,CDU/CSU,yes
1660,46229,Reinhold Sendker,CDU/CSU,yes
1660,45404,Johannes Selle,CDU/CSU,yes
1660,40147,Thomas Seitz,AfD,no
1660,45403,Detlef Seif,CDU/CSU,yes
1660,41152,Matthias Seestern-Pauly,FDP,yes
1660,45895,Torsten Schweiger,CDU/CSU,yes
1660,45402,Rita Schwarzelühr-Sutter,SPD,yes
1660,45401,Andreas Schwarz,SPD,yes
1660,45400,Stefan Schwartze,SPD,yes
1660,45399,Frank Schwabe,SPD,yes
1660,44557,Armin Schuster,CDU/CSU,yes
1660,45398,Uwe Schummer,CDU/CSU,yes
1660,45458,Klaus-Peter Schulze,CDU/CSU,yes
1660,45397,Kordula Schulz-Asche,DIE GRÜNEN,yes
1660,44040,Uwe Schulz,AfD,no
1660,46012,Jimmy Schulz,FDP,no_show
1660,45396,Swen Schulz,SPD,abstain
1660,37851,Martin Schulz,SPD,yes
1660,45395,Ursula Schulte,SPD,yes
1660,46245,Manja Schüle,SPD,yes
1660,41213,Michael Schrodi,SPD,no
1660,40081,Felix Schreiner,CDU/CSU,yes
1660,43886,Eva-Maria Schreiber,DIE LINKE,no
1660,37960,Johannes Schraps,SPD,yes
1660,45394,Nadine Schön,CDU/CSU,no_show
1660,45393,Patrick Schnieder,CDU/CSU,yes
1660,44092,Jörg Schneider,AfD,no
1660,45806,Carsten Schneider,SPD,yes
1660,43845,Claudia Schmidtke,CDU/CSU,yes
1660,41219,Stefan Schmidt,DIE GRÜNEN,yes
1660,45391,Frithjof Schmidt,DIE GRÜNEN,no
1660,43809,Uwe Schmidt,SPD,yes
1660,44069,Ulla Schmidt,SPD,yes
1660,44567,Dagmar Schmidt,SPD,yes
1660,45392,Christian Schmidt,CDU/CSU,no_show
1660,40161,Nils Schmid,SPD,yes
1660,43833,Robby Schlund,AfD,no
1660,45390,Tankred Schipanski,CDU/CSU,yes
1660,38476,Wieland Schinnenburg,FDP,no
1660,45389,Jana Schimke,CDU/CSU,yes
1660,41290,Ulrike Schielke-Ziesing,AfD,no
1660,45388,Udo Schiefner,SPD,yes
1660,45387,Marianne Schieder,SPD,yes
1660,45386,Andreas Scheuer,CDU/CSU,yes
1660,44582,Nina Scheer,SPD,yes
1660,45450,Ulle Schauws,DIE GRÜNEN,no
1660,45385,Wolfgang Schäuble,CDU/CSU,yes
1660,40700,Frank Schäffler,FDP,no
1660,45474,Axel Schäfer,SPD,yes
1660,44551,Anita Schäfer,CDU/CSU,yes
1660,41666,Christian Sauter,FDP,no
1660,43865,Stefan Sauer,CDU/CSU,yes
1660,43898,Thomas Sattelberger,FDP,yes
1660,45384,Manuel Sarrazin,DIE GRÜNEN,yes
1660,45383,Johann Saathoff,SPD,yes
1660,45580,Sarah Ryglewski,SPD,yes
1660,45382,Bernd Rützel,SPD,yes
1660,45381,Susann Rüthrich,SPD,yes
1660,45636,Albert Rupprecht,CDU/CSU,yes
1660,41116,Stefan Ruppert,FDP,abstain
1660,45497,Corinna Rüffer,DIE GRÜNEN,no
1660,44588,Erwin Rüddel,CDU/CSU,yes
1660,43853,Stefan Rouenhoff,CDU/CSU,yes
1660,43882,Manuela Rottmann,DIE GRÜNEN,yes
1660,45380,Norbert Röttgen,CDU/CSU,yes
1660,45378,Claudia Roth,DIE GRÜNEN,no
1660,45379,Michael Roth,SPD,no_show
1660,45562,Tabea Rößner,DIE GRÜNEN,yes
1660,45377,Ernst Dieter Rossmann,SPD,yes
1660,45376,René Röspel,SPD,yes
1660,44580,Martin Rosemann,SPD,yes
1660,45375,Johannes Röring,CDU/CSU,yes
1660,45374,Dennis Rohde,SPD,yes
1660,45373,Sönke Rix,SPD,yes
1660,45372,Andreas Rimkus,SPD,yes
1660,45892,Bernd Riexinger,DIE LINKE,no
1660,45371,Josef Rief,CDU/CSU,yes
1660,45370,Lothar Riebsamen,CDU/CSU,yes
1660,43549,Bernd Reuther,FDP,no
1660,43946,Roman Reusch,AfD,no
1660,45369,Martina Renner,DIE LINKE,no
1660,41211,Martin Erwin Renner,AfD,no
1660,41180,Ingrid Remmers,DIE LINKE,no_show
1660,41121,Hagen Reinhold,FDP,yes
1660,46182,Martin Reichardt,AfD,no
1660,45368,Eckhardt Rehberg,CDU/CSU,yes
1660,45367,Peter Ramsauer,CDU/CSU,yes
1660,44549,Alois Rainer,CDU/CSU,yes
1660,44545,Alexander Radwan,CDU/CSU,yes
1660,45366,Kerstin Radomski,CDU/CSU,yes
1660,45365,Thomas Rachel,CDU/CSU,yes
1660,45364,Martin Rabanus,SPD,yes
1660,45363,Sascha Raabe,SPD,yes
1660,44075,Stephan Protschka,AfD,no
1660,44596,Florian Pronold,SPD,yes
1660,44595,Florian Post,SPD,yes
1660,44541,Achim Post,SPD,yes
1660,45362,Sabine Poschmann,SPD,yes
1660,45361,Eckhard Pols,CDU/CSU,yes
1660,43029,Filiz Polat,DIE GRÜNEN,no
1660,45493,Jürgen Pohl,AfD,no
1660,43838,Paul Podolay,AfD,no
1660,38359,Christoph Ploß,CDU/CSU,yes
1660,43878,Stephan Pilsinger,CDU/CSU,yes
1660,45360,Detlev Pilger,SPD,yes
1660,41222,Tobias Pflüger,DIE LINKE,no
1660,45359,Joachim Pfeiffer,CDU/CSU,yes
1660,38267,Frauke Petry,fraktionslos,no_show
1660,45358,Christian Petry,SPD,yes
1660,45830,Tobias Matthias Peterka,AfD,no
1660,43214,Victor Perli,DIE LINKE,no
1660,43884,Sören Pellmann,DIE LINKE,no
1660,46009,Lisa Paus,DIE GRÜNEN,no
1660,45357,Petra Pau,DIE LINKE,no
1660,45356,Martin Patzelt,CDU/CSU,yes
1660,45481,Frank Pasemann,AfD,no
1660,45355,Sylvia Pantel,CDU/CSU,yes
1660,45354,Aydan Özoğuz,SPD,yes
1660,45352,Cem Özdemir,DIE GRÜNEN,yes
1660,45353,Mahmut Özdemir,SPD,yes
1660,45857,Gerold Otten,AfD,no_show
1660,45837,Henning Otte,CDU/CSU,yes
1660,46206,Josef Oster,CDU/CSU,yes
1660,45351,Friedrich Ostendorff,DIE GRÜNEN,yes
1660,44594,Florian Oßner,CDU/CSU,yes
1660,43911,Josephine Ortleb,SPD,yes
1660,45350,Thomas Oppermann,SPD,yes
1660,45349,Wilfried Oellers,CDU/CSU,yes
1660,43831,Ulrich Oehme,AfD,no_show
1660,45348,Georg Nüßlein,CDU/CSU,yes
1660,45347,Omid Nouripour,DIE GRÜNEN,yes
1660,45346,Thomas Nord,DIE LINKE,no
1660,44042,Jan Ralf Nolte,AfD,no
1660,45345,Michaela Noll,CDU/CSU,yes
1660,44068,Ulli Nissen,SPD,yes
1660,45344,Dietmar Nietan,SPD,yes
1660,41857,Petra Nicolaisen,CDU/CSU,yes
1660,44572,Andreas Nick,CDU/CSU,yes
1660,45509,Martin Neumann,FDP,abstain
1660,38268,Christoph Neumann,AfD,no
1660,44571,Alexander S. Neu,DIE LINKE,no
1660,41132,Ingrid Nestle,DIE GRÜNEN,abstain
1660,45829,Zaklin Nastić,DIE LINKE,no
1660,46270,Andrea Nahles,SPD,yes
1660,46021,Rolf Mützenich,SPD,yes
1660,43835,Sebastian Münzenmaier,AfD,no
1660,41223,Volker Münz,AfD,no
1660,45343,Michelle Müntefering,SPD,yes
1660,43895,Frank Müller-Rosentritt,FDP,abstain
1660,44067,Beate Müller-Gemmeke,DIE GRÜNEN,no
1660,44804,Roman Müller-Böhm,FDP,no
1660,41087,Alexander Müller,FDP,no
1660,45338,Norbert Müller,DIE LINKE,no
1660,41188,Claudia Müller,DIE GRÜNEN,no
1660,44640,Hansjörg Müller,AfD,no
1660,45339,Detlef Müller,SPD,yes
1660,45340,Bettina Müller,SPD,yes
1660,45341,Stefan Müller,CDU/CSU,yes
1660,45342,Gerd Müller,CDU/CSU,yes
1660,46143,Sepp Müller,CDU/CSU,yes
1660,44564,Carsten Müller,CDU/CSU,yes
1660,43874,Axel Müller,CDU/CSU,yes
1660,45465,Andreas Mrosek,AfD,no
1660,45337,Niema Movassat,DIE LINKE,no
1660,46188,Elisabeth Motschmann,CDU/CSU,yes
1660,38701,Marlene Mortler,CDU/CSU,yes
1660,45336,Karsten Möring,CDU/CSU,yes
1660,45822,Dietrich Monstadt,CDU/CSU,yes
1660,43904,Siemtje Möller,SPD,yes
1660,43907,Claudia Moll,SPD,yes
1660,43906,Falko Mohrs,SPD,yes
1660,44566,Cornelia Möhring,DIE LINKE,no
1660,46022,Amira Mohamed Ali,DIE LINKE,no
1660,45335,Susanne Mittag,SPD,yes
1660,45334,Klaus Mindrup,SPD,yes
1660,45510,Irene Mihalic,DIE GRÜNEN,no
1660,41210,Mario Mieruch,fraktionslos,no
1660,44581,Matthias Miersch,SPD,yes
1660,45333,Mathias Middelberg,CDU/CSU,yes
1660,45332,Hans Michelbach,CDU/CSU,yes
1660,45592,Corinna Miazga,AfD,no
1660,45504,Christoph Meyer,FDP,yes
1660,44612,Jan Metzler,CDU/CSU,yes
1660,44550,Angela Merkel,CDU/CSU,no_show
1660,44061,Michael Meister,CDU/CSU,yes
1660,40509,Pascal Meiser,DIE LINKE,no_show
1660,45331,Stephan Mayer,CDU/CSU,yes
1660,44066,Hilde Mattheis,SPD,no
1660,45330,Andreas Mattfeldt,CDU/CSU,yes
1660,43800,Christoph Matschie,SPD,yes
1660,45329,Katja Mast,SPD,yes
1660,38101,Jürgen Martens,FDP,yes
1660,38887,Matern von Marschall,CDU/CSU,yes
1660,44561,Caren Marks,SPD,yes
1660,41220,Till Mansmann,FDP,yes
1660,45473,Astrid Mannes,CDU/CSU,yes
1660,44601,Gisela Manderla,CDU/CSU,yes
1660,43945,Birgit Malsack-Winkemann,AfD,no
1660,43841,Lothar Maier,AfD,no
1660,43829,Jens Maier,AfD,no
1660,45328,Yvonne Magwas,CDU/CSU,no_show
1660,46155,Frank Magnitz,AfD,no
1660,43624,Heiko Maas,SPD,yes
1660,44620,Karin Maag,CDU/CSU,yes
1660,45327,Thomas Lutze,DIE LINKE,no
1660,41157,Oliver Luksic,FDP,yes
1660,44096,Kirsten Lühmann,SPD,yes
1660,44569,Daniela Ludwig,CDU/CSU,yes
1660,45326,Jan-Marco Luczak,CDU/CSU,yes
1660,44059,Rüdiger Lucassen,AfD,no
1660,45325,Gesine Lötzsch,DIE LINKE,no
1660,43876,Bernhard Loos,CDU/CSU,yes
1660,42032,Nikolas Löbel,CDU/CSU,yes
1660,46268,Burkhard Lischka,SPD,yes
1660,45324,Patricia Lips,CDU/CSU,yes
1660,44563,Carsten Linnemann,CDU/CSU,yes
1660,46202,Michael Link,FDP,yes
1660,46025,Christian Lindner,FDP,yes
1660,45323,Tobias Lindner,DIE GRÜNEN,yes
1660,45322,Andrea Lindholz,CDU/CSU,yes
1660,43908,Helge Lindh,SPD,yes
1660,45321,Stefan Liebich,DIE LINKE,no
1660,44556,Antje Lezius,CDU/CSU,yes
1660,45320,Michael Leutert,DIE LINKE,no
1660,45489,Andreas Lenz,CDU/CSU,yes
1660,45319,Ralph Lenkert,DIE LINKE,no
1660,45318,Steffi Lemke,DIE GRÜNEN,no
1660,45317,Katja Leikert,CDU/CSU,yes
1660,45316,Sabine Leidig,DIE LINKE,no
1660,45315,Paul Lehrieder,CDU/CSU,yes
1660,43881,Sven Lehmann,DIE GRÜNEN,no
1660,40808,Jens Lehmann,CDU/CSU,yes
1660,43821,Ulrich Lechte,FDP,yes
1660,45314,Monika Lazar,DIE GRÜNEN,no
1660,44560,Caren Lay,DIE LINKE,no
1660,45313,Karl Lauterbach,SPD,yes
1660,45312,Silke Launert,CDU/CSU,yes
1660,45310,Christian Lange,SPD,yes
1660,45311,Ulrich Lange,CDU/CSU,yes
1660,45309,Katharina Landgraf,CDU/CSU,yes
1660,45308,Andreas Lämmel,CDU/CSU,yes
1660,44055,Karl A. Lamers,CDU/CSU,yes
1660,45231,Christine Lambrecht,SPD,yes
1660,45307,Markus Kurth,DIE GRÜNEN,abstain
1660,45306,Renate Künast,DIE GRÜNEN,abstain
1660,39936,Alexander Kulitz,FDP,yes
1660,45305,Roy Kühne,CDU/CSU,no_show
1660,45304,Stephan Kühn,DIE GRÜNEN,no_show
1660,45303,Christian Kühn,DIE GRÜNEN,no
1660,37956,Konstantin Kuhle,FDP,yes
1660,43877,Michael Kuffer,CDU/CSU,yes
1660,41227,Wolfgang Kubicki,FDP,no
1660,45302,Rüdiger Kruse,CDU/CSU,yes
1660,45301,Oliver Krischer,DIE GRÜNEN,abstain
1660,44603,Günter Krings,CDU/CSU,yes
1660,44604,Gunther Krichbaum,CDU/CSU,yes
1660,44616,Jutta Krellmann,DIE LINKE,no
1660,38078,Alexander Krauß,CDU/CSU,yes
1660,45300,Anette Kramme,SPD,yes
1660,43839,Rainer Kraft,AfD,no
1660,45787,Sylvia Kotting-Uhl,DIE GRÜNEN,no
1660,38250,Steffen Kotré,AfD,no
1660,44611,Jan Korte,DIE LINKE,no_show
1660,46267,Elvan Korkmaz-Emre,SPD,abstain
1660,44562,Carsten Körber,CDU/CSU,yes
1660,45299,Markus Koob,CDU/CSU,yes
1660,43896,Carina Konrad,FDP,abstain
1660,41204,Jörn König,AfD,no
1660,41287,Enrico Komning,AfD,no
1660,45238,Daniela Kolbe,SPD,no_show
1660,43899,Lukas Köhler,FDP,yes
1660,44573,Bärbel Kofler,SPD,yes
1660,45298,Jens Koeppen,CDU/CSU,yes
1660,40934,Pascal Kober,FDP,yes
1660,45297,Axel Knoerig,CDU/CSU,yes
1660,41262,Daniela Kluckert,FDP,yes
1660,41111,Marcel Klinge,FDP,yes
1660,45296,Lars Klingbeil,SPD,yes
1660,45835,Norbert Kleinwächter,AfD,no
1660,45295,Maria Klein-Schmeink,DIE GRÜNEN,no
1660,42591,Karsten Klein,FDP,yes
1660,45294,Volkmar Klein,CDU/CSU,yes
1660,45293,Arno Klare,SPD,yes
1660,44559,Cansel Kiziltepe,SPD,no
1660,45292,Katja Kipping,DIE LINKE,no
1660,45291,Georg Kippels,CDU/CSU,yes
1660,45290,Sven-Christian Kindler,DIE GRÜNEN,no
1660,43879,Michael Kießling,CDU/CSU,yes
1660,45289,Roderich Kiesewetter,CDU/CSU,yes
1660,43918,Stefan Keuter,AfD,no
1660,45288,Katja Keul,DIE GRÜNEN,no
1660,43823,Jens Kestner,AfD,no
1660,45496,Achim Kessler,DIE LINKE,no
1660,45893,Thomas L. Kemmerich,FDP,yes
1660,45287,Ronja Kemmer,CDU/CSU,yes
1660,45286,Uwe Kekeritz,DIE GRÜNEN,no
1660,45285,Stefan Kaufmann,CDU/CSU,yes
1660,45284,Volker Kauder,CDU/CSU,yes
1660,45283,Gabriele Katzmarek,SPD,yes
1660,45282,Kerstin Kassner,DIE LINKE,no
1660,43868,Torbjörn Kartes,CDU/CSU,yes
1660,44552,Anja Karliczek,CDU/CSU,yes
1660,44548,Alois Karl,CDU/CSU,yes
1660,45281,Ralf Kapschack,SPD,no_show
1660,46255,Kirsten Kappert-Gonther,DIE GRÜNEN,no
1660,43916,Uwe Kamann,fraktionslos,no
1660,43910,Elisabeth Kaiser,SPD,yes
1660,45280,Johannes Kahrs,SPD,yes
1660,45279,Oliver Kaczmarek,SPD,yes
1660,45278,Thomas Jurk,SPD,yes
1660,44613,Josip Juratovic,SPD,yes
1660,45277,Frank Junge,SPD,yes
1660,43901,Christian Jung,FDP,no
1660,43860,Ingmar Jung,CDU/CSU,yes
1660,45276,Andreas Jung,CDU/CSU,yes
1660,41192,Marc Jongen,AfD,no
1660,45587,Gyde Jensen-Bornhöft,FDP,yes
1660,38740,Ulla Jelpke,DIE LINKE,no
1660,45275,Thomas Jarzombek,CDU/CSU,yes
1660,45274,Dieter Janecek,DIE GRÜNEN,yes
1660,43912,Fabian Jacobi,AfD,no
1660,42741,Hans-Jürgen Irmer,CDU/CSU,yes
1660,44587,Erich Irlstorfer,CDU/CSU,no_show
1660,43893,Olaf in der Beek,FDP,yes
1660,46205,Ulla Ihnen,FDP,yes
1660,45273,Andrej Hunko,DIE LINKE,no
1660,43837,Johannes Huber,AfD,no
1660,43892,Reinhard Houben,FDP,yes
1660,45272,Hendrik Hoppenstedt,CDU/CSU,yes
1660,45271,Karl Holmeier,CDU/CSU,yes
1660,41294,Leif-Erik Holm,AfD,no
1660,43915,Bruno Hollnagel,AfD,no
1660,41313,Matthias Höhn,DIE LINKE,no
1660,40888,Martin Hohmann,AfD,no
1660,44589,Eva Högl,SPD,no_show
1660,46200,Anton Hofreiter,DIE GRÜNEN,no
1660,43902,Christoph Hoffmann,FDP,yes
1660,42696,Bettina Hoffmann,DIE GRÜNEN,yes
1660,44544,Alexander Hoffmann,CDU/CSU,yes
1660,41148,Manuel Höferlin,FDP,abstain
1660,45453,Gero Hocker,FDP,yes
1660,46203,Nicole Höchst,AfD,no
1660,45270,Thomas Hitschler,SPD,yes
1660,45268,Christian Hirte,CDU/CSU,yes
1660,45269,Heribert Hirte,CDU/CSU,yes
1660,43827,Karsten Hilse,AfD,no
1660,45267,Gabriele Hiller-Ohm,SPD,no
1660,44555,Ansgar Heveling,CDU/CSU,yes
1660,43830,Heiko Heßenkemper,AfD,no_show
1660,42593,Katja Hessel,FDP,abstain
1660,43843,Martin Hess,AfD,no
1660,44605,Gustav Herzog,SPD,yes
1660,46133,Lars Herrmann,AfD,no
1660,37970,Waldemar Herdt,AfD,no
1660,45860,Torsten Herbst,FDP,abstain
1660,43891,Markus Herbrand,FDP,abstain
1660,43854,Marc Henrichmann,CDU/CSU,yes
1660,44540,Michael Hennrich,CDU/CSU,yes
1660,44539,Rudolf Henke,CDU/CSU,yes
1660,44538,Barbara Hendricks,SPD,no_show
1660,43826,Udo Hemmelgarn,AfD,no
1660,44537,Wolfgang Hellmich,SPD,yes
1660,44062,Katrin Helling-Plahr,FDP,yes
1660,44536,Mark Helfrich,CDU/CSU,yes
1660,44535,Marcus Held,SPD,no_show
1660,44534,Gabriela Heinrich,SPD,yes
1660,45858,Frank Heinrich,CDU/CSU,yes
1660,41271,Thomas Heilmann,CDU/CSU,yes
1660,44533,Hubertus Heil,SPD,yes
1660,44532,Mechthild Heil,CDU/CSU,yes
1660,45266,Matthias Heider,CDU/CSU,yes
1660,45265,Dirk Heidenblut,SPD,yes
1660,46204,Martin Hebner,AfD,no
1660,45782,Mark Hauptmann,CDU/CSU,yes
1660,43913,Jochen Haug,AfD,no
1660,45264,Matthias Hauer,CDU/CSU,yes
1660,44558,Britta Haßelmann,DIE GRÜNEN,abstain
1660,45263,Roland Hartwig,AfD,no
1660,46185,Verena Hartmann,AfD,no_show
1660,45262,Sebastian Hartmann,SPD,yes
1660,44615,Jürgen Hardt,CDU/CSU,yes
1660,43832,Mariana Harder-Kühnel,AfD,no
1660,44531,Heike Hänsel,DIE LINKE,no
1660,37963,Armin Paul Hampel,AfD,no
1660,46138,Metin Hakverdi,SPD,yes
1660,44530,Anja Hajduk,DIE GRÜNEN,yes
1660,44528,André Hahn,DIE LINKE,no
1660,44529,Florian Hahn,CDU/CSU,no_show
1660,44527,Rita Hagl-Kehl,SPD,yes
1660,44526,Bettina Hagedorn,SPD,yes
1660,44041,Thomas Hacker,FDP,no_show
1660,44525,Christian Haase,CDU/CSU,yes
1660,44524,Gregor Gysi,DIE LINKE,no
1660,45261,Olav Gutting,CDU/CSU,yes
1660,45260,Fritz Güntzler,CDU/CSU,yes
1660,45259,Monika Grütters,CDU/CSU,yes
1660,45581,Oliver Grundmann,CDU/CSU,yes
1660,45854,Erhard Grundl,DIE GRÜNEN,no
1660,45258,Manfred Grund,CDU/CSU,yes
1660,46201,Markus Grübel,CDU/CSU,yes
1660,45257,Uli Grötsch,SPD,yes
1660,45256,Astrid Grotelüschen,CDU/CSU,yes
1660,45255,Michael Grosse-Brömer,CDU/CSU,yes
1660,44523,Michael Groß,SPD,yes
1660,44522,Klaus-Dieter Gröhler,CDU/CSU,yes
1660,44521,Hermann Gröhe,CDU/CSU,yes
1660,45472,Ursula Groden-Kranich,CDU/CSU,yes
1660,46177,Kerstin Griese,SPD,yes
1660,42869,Timon Gremmels,SPD,yes
1660,37798,Alexander Graf Lambsdorff,FDP,yes
1660,44470,Kay Gottschalk,AfD,no
1660,46024,Katrin Göring-Eckardt,DIE GRÜNEN,no_show
1660,44520,Nicole Gohlke,DIE LINKE,no
1660,43849,Eckhard Gnodtke,CDU/CSU,yes
1660,43944,Franziska Gminder,AfD,no
1660,44519,Angelika Glöckner,SPD,yes
1660,45518,Albrecht Glaser,AfD,no_show
1660,44518,Eberhard Gienger,CDU/CSU,yes
1660,45254,Martin Gerster,SPD,yes
1660,44547,Alois Gerig,CDU/CSU,yes
1660,45253,Michael Gerdes,SPD,yes
1660,40479,Stefan Gelbhaar,DIE GRÜNEN,no
1660,41216,Axel Gehrke,AfD,no
1660,44617,Kai Gehring,DIE GRÜNEN,abstain
1660,45252,Thomas Gebhart,CDU/CSU,yes
1660,46027,Alexander Gauland,AfD,no
1660,45251,Matthias Gastel,DIE GRÜNEN,abstain
1660,44609,Ingo Gädechens,CDU/CSU,yes
1660,46266,Sigmar Gabriel,SPD,yes
1660,46228,Sylvia Gabelmann,DIE LINKE,no
1660,44607,Hans-Joachim Fuchtel,CDU/CSU,yes
1660,44199,Götz Frömming,AfD,no
1660,40069,Markus Frohnmaier,AfD,no
1660,45862,Michael Frieser,CDU/CSU,yes
1660,43950,Anton Friesen,AfD,no
1660,44517,Hans-Peter Friedrich,CDU/CSU,yes
1660,43822,Dietmar Friedhoff,AfD,no
1660,40932,Otto Fricke,FDP,no_show
1660,44516,Dagmar Freitag,SPD,yes
1660,40204,Brigitte Freihold,DIE LINKE,no
1660,44515,Thorsten Frei,CDU/CSU,yes
1660,44514,Ulrich Freese,SPD,yes
1660,44513,Edgar Franke,SPD,yes
1660,43818,Daniel Föst,FDP,yes
1660,44512,Maria Flachsbarth,CDU/CSU,yes
1660,43873,Axel Eduard Fischer,CDU/CSU,yes
1660,46014,Susanne Ferschl,DIE LINKE,no
1660,45611,Enak Ferlemann,CDU/CSU,yes
1660,43840,Peter Felser,AfD,no
1660,44511,Fritz Felgentreu,SPD,no_show
1660,45250,Uwe Feiler,CDU/CSU,yes
1660,45249,Johannes Fechner,SPD,yes
1660,45248,Hermann Färber,CDU/CSU,yes
1660,43917,Yasmin Fahimi,SPD,yes
1660,41208,Marcus Faber,FDP,yes
1660,43919,Michael Espendiller,AfD,no
1660,46168,Saskia Esken,SPD,yes
1660,45459,Wiebke Esdar,SPD,yes
1660,45491,Klaus Ernst,DIE LINKE,no
1660,43880,Thomas Erndl,CDU/CSU,yes
1660,43914,Berengar Elsner von Gronow,AfD,no
1660,44197,Thomas Ehrhorn,AfD,no
1660,45247,Harald Ebner,DIE GRÜNEN,abstain
1660,40754,Hartmut Ebbing,FDP,abstain
1660,44056,Hansjörg Durz,CDU/CSU,yes
1660,45451,Christian Dürr,FDP,yes
1660,45246,Katharina Dröge,DIE GRÜNEN,no
1660,38269,Siegbert Droese,AfD,no
1660,44510,Marie-Luise Dött,CDU/CSU,yes
1660,44509,Katja Dörner,DIE GRÜNEN,no
1660,44508,Michael Donth,CDU/CSU,yes
1660,37947,Anke Domscheit-Berg,DIE LINKE,no
1660,44507,Alexander Dobrindt,CDU/CSU,yes
1660,40553,Bijan Djir-Sarai,FDP,abstain
1660,44506,Sabine Dittmar,SPD,yes
1660,43909,Esther Dilcher,SPD,yes
1660,44505,Karamba Diaby,SPD,yes
1660,44503,Ekin Deligöz,DIE GRÜNEN,abstain
1660,44502,Diether Dehm,DIE LINKE,no
1660,44057,Kees de Vries,CDU/CSU,yes
1660,38357,Christoph de Vries,CDU/CSU,yes
1660,45466,Daniela De Ridder,SPD,yes
1660,37913,Fabio De Masi,DIE LINKE,no
1660,44504,Thomas de Maizière,CDU/CSU,yes
1660,41090,Britta Dassler,FDP,yes
1660,43685,Astrid Damerow,CDU/CSU,yes
1660,45859,Bernhard Daldrup,SPD,yes
1660,44501,Sevim Dağdelen,DIE LINKE,no
1660,43814,Gottfried Curio,AfD,no
1660,43894,Carl-Julius Cronenberg,FDP,yes
1660,45502,Joana Cotar,AfD,no
1660,44500,Gitta Connemann,CDU/CSU,yes
1660,43828,Tino Chrupalla,AfD,no
1660,45561,Anna Christmann,DIE GRÜNEN,yes
1660,43885,Jörg Cezanne,DIE LINKE,no
1660,44058,Lars Castellucci,SPD,yes
1660,37965,Petr Bystron,AfD,no
1660,45494,Matthias Büttner,AfD,no
1660,43532,Karlheinz Busen,FDP,yes
1660,40874,Marco Buschmann,FDP,yes
1660,46207,Martin Burkert,SPD,yes
1660,39712,Marco Bülow,fraktionslos,no
1660,44043,Birke Bull-Bischoff,DIE LINKE,no
1660,43949,Marcus Bühl,AfD,no
1660,41309,Katrin Budde,SPD,yes
1660,44499,Christine Buchholz,DIE LINKE,no
1660,44065,Karl-Heinz Brunner,SPD,yes
1660,44076,Agnieszka Brugger,DIE GRÜNEN,no
1660,43851,Carsten Brodesser,CDU/CSU,yes
1660,46020,Ralph Brinkhaus,CDU/CSU,yes
1660,45235,Leni Breymaier,SPD,yes
1660,44498,Heike Brehmer,CDU/CSU,yes
1660,44060,Sebastian Brehm,CDU/CSU,yes
1660,43847,Silvia Breher,CDU/CSU,yes
1660,43842,Jürgen Braun,AfD,no_show
1660,44497,Helge Braun,CDU/CSU,no_show
1660,44496,Franziska Brantner,DIE GRÜNEN,yes
1660,40082,Michel Brandt,DIE LINKE,no
1660,38315,Stephan Brandner,AfD,no
1660,44495,Reinhard Brandl,CDU/CSU,yes
1660,43897,Mario Brandenburg,FDP,abstain
1660,39979,Jens Brandenburg,FDP,no
1660,46271,Michael Brand,CDU/CSU,yes
1660,44494,Norbert Brackmann,CDU/CSU,yes
1660,44102,Peter Boehringer,AfD,no
1660,46265,Heidrun Bluhm-Förster,DIE LINKE,no
1660,44493,Peter Bleser,CDU/CSU,yes
1660,43834,Andreas Bleck,AfD,no
1660,44492,Matthias W. Birkwald,DIE LINKE,no
1660,44491,Lothar Binding,SPD,yes
1660,44490,Steffen Bilger,CDU/CSU,yes
1660,43869,Marc Biadacz,CDU/CSU,yes
1660,44489,Peter Beyer,CDU/CSU,yes
1660,45239,Lorenz Gösta Beutin,DIE LINKE,no
1660,43850,Christoph Bernstiel,CDU/CSU,yes
1660,43844,Melanie Bernstein,CDU/CSU,yes
1660,40066,Marc Bernhard,AfD,no
1660,44488,André Berghegger,CDU/CSU,yes
1660,45564,Sybille Benning,CDU/CSU,no_show
1660,45241,Veronika Bellmann,CDU/CSU,yes
1660,44487,Manfred Behrens,CDU/CSU,yes
1660,44486,Maik Beermann,CDU/CSU,yes
1660,42833,Nicola Beer,FDP,no_show
1660,43245,Jens Beeck,FDP,yes
1660,40338,Canan Bayram,DIE GRÜNEN,no
1660,44064,Danyal Bayaz,DIE GRÜNEN,yes
1660,46230,Margarete Bause,DIE GRÜNEN,abstain
1660,45234,Bernd Baumann,AfD,no
1660,43820,Nicole Bauer,FDP,abstain
1660,44485,Bärbel Bas,SPD,no_show
1660,46023,Dietmar Bartsch,DIE LINKE,no
1660,44484,Sören Bartol,SPD,yes
1660,44483,Matthias Bartke,SPD,yes
1660,44482,Norbert Barthle,CDU/CSU,no_show
1660,43887,Simone Barrientos,DIE LINKE,no
1660,44481,Doris Barnett,SPD,yes
1660,44645,Katarina Barley,SPD,no_show
1660,44480,Thomas Bareiß,CDU/CSU,yes
1660,45230,Nezahat Baradari,SPD,yes
1660,44478,Dorothee Bär,CDU/CSU,no_show
1660,44479,Ulrike Bahr,SPD,no
1660,44808,Annalena Baerbock,DIE GRÜNEN,abstain
1660,44477,Heike Baehrens,SPD,yes
1660,41142,Lisa Badum,DIE GRÜNEN,no
1660,41159,Peter Aumer,CDU/CSU,yes
1660,46196,Artur Auernhammer,CDU/CSU,yes
1660,40573,Christine Aschenberg-Dugnus,FDP,yes
1660,44476,Ingrid Arndt-Brauer,SPD,yes
1660,44475,Niels Annen,SPD,yes
1660,46272,Kerstin Andreae,DIE GRÜNEN,yes
1660,44474,Luise Amtsberg,DIE GRÜNEN,no
1660,43846,Philipp Amthor,CDU/CSU,yes
1660,44473,Peter Altmaier,CDU/CSU,yes
1660,43861,Norbert Maria Altenkamp,CDU/CSU,yes
1660,41217,Renata Alt,FDP,abstain
1660,44472,Stephan Albani,CDU/CSU,yes
1660,39953,Gökay Akbulut,DIE LINKE,no
1660,43889,Grigorios Aggelidis,FDP,yes
1660,43888,Doris Achelwilm,DIE LINKE,no
3571,38267,Frauke Petry,fraktionslos,no_show
3571,41210,Mario Mieruch,fraktionslos,no_show
3571,43916,Uwe Kamann,fraktionslos,no_show
3571,46133,Lars Herrmann,fraktionslos,no
3571,46185,Verena Hartmann,fraktionslos,no
3571,39712,Marco Bülow,fraktionslos,no_show
3571,45452,Gerhard Zickenheiner,DIE GRÜNEN,yes
3571,44071,Beate Walter-Rosenheimer,DIE GRÜNEN,no
3571,41099,Daniela Wagner,DIE GRÜNEN,yes
3571,44614,Julia Verlinden,DIE GRÜNEN,no
3571,44621,Jürgen Trittin,DIE GRÜNEN,no
3571,45427,Markus Tressel,DIE GRÜNEN,yes
3571,41209,Margit Stumpp,DIE GRÜNEN,no
3571,45422,Wolfgang Strengmann-Kuhn,DIE GRÜNEN,no
3571,45397,Kordula Schulz-Asche,DIE GRÜNEN,yes
3571,46262,Charlotte Schneidewind-Hartnagel,DIE GRÜNEN,no_show
3571,41219,Stefan Schmidt,DIE GRÜNEN,yes
3571,45391,Frithjof Schmidt,DIE GRÜNEN,no_show
3571,45450,Ulle Schauws,DIE GRÜNEN,no
3571,45384,Manuel Sarrazin,DIE GRÜNEN,yes
3571,45497,Corinna Rüffer,DIE GRÜNEN,no
3571,43882,Manuela Rottmann,DIE GRÜNEN,no_show
3571,45378,Claudia Roth,DIE GRÜNEN,no_show
3571,45562,Tabea Rößner,DIE GRÜNEN,yes
3571,43029,Filiz Polat,DIE GRÜNEN,no
3571,46009,Lisa Paus,DIE GRÜNEN,no
3571,45352,Cem Özdemir,DIE GRÜNEN,no_show
3571,45351,Friedrich Ostendorff,DIE GRÜNEN,yes
3571,45347,Omid Nouripour,DIE GRÜNEN,yes
3571,44579,Konstantin von Notz,DIE GRÜNEN,abstain
3571,41132,Ingrid Nestle,DIE GRÜNEN,abstain
3571,44067,Beate Müller-Gemmeke,DIE GRÜNEN,no
3571,41188,Claudia Müller,DIE GRÜNEN,abstain
3571,45510,Irene Mihalic,DIE GRÜNEN,no
3571,45323,Tobias Lindner,DIE GRÜNEN,yes
3571,45318,Steffi Lemke,DIE GRÜNEN,no
3571,43881,Sven Lehmann,DIE GRÜNEN,no
3571,45314,Monika Lazar,DIE GRÜNEN,no
3571,45307,Markus Kurth,DIE GRÜNEN,no
3571,45306,Renate Künast,DIE GRÜNEN,abstain
3571,45303,Christian Kühn,DIE GRÜNEN,no_show
3571,45304,Stephan Kühn,DIE GRÜNEN,no
3571,45301,Oliver Krischer,DIE GRÜNEN,abstain
3571,45787,Sylvia Kotting-Uhl,DIE GRÜNEN,no
3571,45295,Maria Klein-Schmeink,DIE GRÜNEN,no
3571,45290,Sven-Christian Kindler,DIE GRÜNEN,no_show
3571,45288,Katja Keul,DIE GRÜNEN,no
3571,45286,Uwe Kekeritz,DIE GRÜNEN,no
3571,46255,Kirsten Kappert-Gonther,DIE GRÜNEN,no
3571,45274,Dieter Janecek,DIE GRÜNEN,yes
3571,43155,Ottmar von Holtz,DIE GRÜNEN,yes
3571,46200,Anton Hofreiter,DIE GRÜNEN,no
3571,42696,Bettina Hoffmann,DIE GRÜNEN,yes
3571,44558,Britta Haßelmann,DIE GRÜNEN,abstain
3571,44530,Anja Hajduk,DIE GRÜNEN,yes
3571,45854,Erhard Grundl,DIE GRÜNEN,no
3571,46024,Katrin Göring-Eckardt,DIE GRÜNEN,abstain
3571,40479,Stefan Gelbhaar,DIE GRÜNEN,no
3571,44617,Kai Gehring,DIE GRÜNEN,no_show
3571,45251,Matthias Gastel,DIE GRÜNEN,abstain
3571,45247,Harald Ebner,DIE GRÜNEN,abstain
3571,45246,Katharina Dröge,DIE GRÜNEN,no
3571,44509,Katja Dörner,DIE GRÜNEN,no_show
3571,44503,Ekin Deligöz,DIE GRÜNEN,abstain
3571,45561,Anna Christmann,DIE GRÜNEN,yes
3571,44076,Agnieszka Brugger,DIE GRÜNEN,no
3571,44496,Franziska Brantner,DIE GRÜNEN,yes
3571,40338,Canan Bayram,DIE GRÜNEN,no
3571,44064,Danyal Bayaz,DIE GRÜNEN,yes
3571,46230,Margarete Bause,DIE GRÜNEN,abstain
3571,44808,Annalena Baerbock,DIE GRÜNEN,abstain
3571,41142,Lisa Badum,DIE GRÜNEN,no
3571,44474,Luise Amtsberg,DIE GRÜNEN,no_show
3571,45447,Sabine Zimmermann,DIE LINKE,no
3571,45448,Pia Zimmermann,DIE LINKE,no_show
3571,44608,Hubertus Zdebel,DIE LINKE,no
3571,45441,Katrin Werner,DIE LINKE,no_show
3571,45437,Harald Weinberg,DIE LINKE,no_show
3571,44701,Andreas Wagner,DIE LINKE,no_show
3571,44584,Sahra Wagenknecht,DIE LINKE,no_show
3571,46197,Kathrin Vogler,DIE LINKE,no
3571,44546,Alexander Ulrich,DIE LINKE,no
3571,40021,Jessica Tatti,DIE LINKE,no
3571,44578,Kirsten Tackmann,DIE LINKE,no
3571,43883,Friedrich Straetmanns,DIE LINKE,no
3571,45418,Kersten Steinke,DIE LINKE,no_show
3571,44097,Helin Evrim Sommer,DIE LINKE,no
3571,44583,Petra Sitte,DIE LINKE,no
3571,43886,Eva-Maria Schreiber,DIE LINKE,no_show
3571,45892,Bernd Riexinger,DIE LINKE,no_show
3571,45369,Martina Renner,DIE LINKE,no
3571,41180,Ingrid Remmers,DIE LINKE,no_show
3571,41222,Tobias Pflüger,DIE LINKE,no
3571,43214,Victor Perli,DIE LINKE,no
3571,43884,Sören Pellmann,DIE LINKE,no_show
3571,45357,Petra Pau,DIE LINKE,no
3571,45346,Thomas Nord,DIE LINKE,no_show
3571,44571,Alexander S. Neu,DIE LINKE,no
3571,45829,Zaklin Nastić,DIE LINKE,no
3571,45338,Norbert Müller,DIE LINKE,no_show
3571,45337,Niema Movassat,DIE LINKE,no
3571,44566,Cornelia Möhring,DIE LINKE,no
3571,46022,Amira Mohamed Ali,DIE LINKE,no
3571,40509,Pascal Meiser,DIE LINKE,no_show
3571,45327,Thomas Lutze,DIE LINKE,no
3571,45325,Gesine Lötzsch,DIE LINKE,no
3571,45321,Stefan Liebich,DIE LINKE,no
3571,45320,Michael Leutert,DIE LINKE,no_show
3571,45319,Ralph Lenkert,DIE LINKE,no
3571,45316,Sabine Leidig,DIE LINKE,no_show
3571,44560,Caren Lay,DIE LINKE,no_show
3571,44616,Jutta Krellmann,DIE LINKE,no
3571,44611,Jan Korte,DIE LINKE,no
3571,45292,Katja Kipping,DIE LINKE,no
3571,45496,Achim Kessler,DIE LINKE,no
3571,45282,Kerstin Kassner,DIE LINKE,no_show
3571,38740,Ulla Jelpke,DIE LINKE,no
3571,45273,Andrej Hunko,DIE LINKE,no
3571,41313,Matthias Höhn,DIE LINKE,no
3571,44531,Heike Hänsel,DIE LINKE,no
3571,44528,André Hahn,DIE LINKE,no
3571,44524,Gregor Gysi,DIE LINKE,no
3571,44520,Nicole Gohlke,DIE LINKE,no_show
3571,46228,Sylvia Gabelmann,DIE LINKE,no_show
3571,40204,Brigitte Freihold,DIE LINKE,no_show
3571,46014,Susanne Ferschl,DIE LINKE,no
3571,45491,Klaus Ernst,DIE LINKE,no
3571,37947,Anke Domscheit-Berg,DIE LINKE,no_show
3571,44502,Diether Dehm,DIE LINKE,no
3571,37913,Fabio De Masi,DIE LINKE,no
3571,44501,Sevim Dağdelen,DIE LINKE,no_show
3571,43885,Jörg Cezanne,DIE LINKE,no
3571,44043,Birke Bull-Bischoff,DIE LINKE,no
3571,44499,Christine Buchholz,DIE LINKE,no
3571,40082,Michel Brandt,DIE LINKE,no_show
3571,46265,Heidrun Bluhm-Förster,DIE LINKE,no
3571,44492,Matthias W. Birkwald,DIE LINKE,no
3571,45239,Lorenz Gösta Beutin,DIE LINKE,no
3571,46023,Dietmar Bartsch,DIE LINKE,no
3571,43887,Simone Barrientos,DIE LINKE,no
3571,39953,Gökay Akbulut,DIE LINKE,no
3571,43888,Doris Achelwilm,DIE LINKE,no
3571,45591,Katharina Willkomm,FDP,no_show
3571,44777,Nicole Westig,FDP,no
3571,45551,Sandra Weeser,FDP,no_show
3571,41138,Johannes Vogel,FDP,yes
3571,45902,Gerald Ullrich,FDP,yes
3571,43900,Andrew Ullmann,FDP,yes
3571,40621,Florian Toncar,FDP,yes
3571,37973,Manfred Todtenhausen,FDP,no_show
3571,40994,Stephan Thomae,FDP,no_show
3571,37879,Michael Theurer,FDP,no_show
3571,42162,Linda Teuteberg,FDP,yes
3571,38473,Katja Suding,FDP,yes
3571,40100,Benjamin Strasser,FDP,yes
3571,45232,Marie-Agnes Strack-Zimmermann,FDP,no_show
3571,41089,Bettina Stark-Watzinger,FDP,no_show
3571,40635,Hermann Otto Solms,FDP,no_show
3571,41140,Judith Skudelny,FDP,abstain
3571,43890,Frank Sitta,FDP,no_show
3571,41152,Matthias Seestern-Pauly,FDP,yes
3571,38476,Wieland Schinnenburg,FDP,no
3571,40700,Frank Schäffler,FDP,no
3571,41666,Christian Sauter,FDP,no
3571,43898,Thomas Sattelberger,FDP,yes
3571,41116,Stefan Ruppert,FDP,no_show
3571,43549,Bernd Reuther,FDP,no
3571,41121,Hagen Reinhold,FDP,no_show
3571,45509,Martin Neumann,FDP,no
3571,43895,Frank Müller-Rosentritt,FDP,no_show
3571,44804,Roman Müller-Böhm,FDP,no_show
3571,41087,Alexander Müller,FDP,no
3571,45504,Christoph Meyer,FDP,no_show
3571,38101,Jürgen Martens,FDP,yes
3571,41220,Till Mansmann,FDP,yes
3571,41157,Oliver Luksic,FDP,no_show
3571,46202,Michael Link,FDP,yes
3571,46025,Christian Lindner,FDP,no_show
3571,43821,Ulrich Lechte,FDP,yes
3571,37798,Alexander Graf Lambsdorff,FDP,no_show
3571,39936,Alexander Kulitz,FDP,yes
3571,37956,Konstantin Kuhle,FDP,yes
3571,41227,Wolfgang Kubicki,FDP,no
3571,43896,Carina Konrad,FDP,no_show
3571,43899,Lukas Köhler,FDP,no_show
3571,40934,Pascal Kober,FDP,yes
3571,41262,Daniela Kluckert,FDP,no_show
3571,41111,Marcel Klinge,FDP,no_show
3571,42591,Karsten Klein,FDP,yes
3571,43901,Christian Jung,FDP,no_show
3571,45587,Gyde Jensen-Bornhöft,FDP,abstain
3571,43893,Olaf in der Beek,FDP,yes
3571,46205,Ulla Ihnen,FDP,no_show
3571,43892,Reinhard Houben,FDP,no_show
3571,43902,Christoph Hoffmann,FDP,no_show
3571,41148,Manuel Höferlin,FDP,no_show
3571,45453,Gero Hocker,FDP,yes
3571,42593,Katja Hessel,FDP,abstain
3571,45860,Torsten Herbst,FDP,abstain
3571,43891,Markus Herbrand,FDP,abstain
3571,44062,Katrin Helling-Plahr,FDP,no_show
3571,46215,Peter Heidt,FDP,abstain
3571,46258,Reginald Hanke,FDP,abstain
3571,44041,Thomas Hacker,FDP,yes
3571,40932,Otto Fricke,FDP,yes
3571,43818,Daniel Föst,FDP,no_show
3571,41208,Marcus Faber,FDP,yes
3571,40754,Hartmut Ebbing,FDP,no
3571,45451,Christian Dürr,FDP,no_show
3571,40553,Bijan Djir-Sarai,FDP,no_show
3571,41090,Britta Dassler,FDP,yes
3571,43894,Carl-Julius Cronenberg,FDP,yes
3571,43532,Karlheinz Busen,FDP,yes
3571,40874,Marco Buschmann,FDP,no_show
3571,46257,Sandra Bubendorfer-Licht,FDP,yes
3571,43897,Mario Brandenburg,FDP,no_show
3571,39979,Jens Brandenburg,FDP,no
3571,43245,Jens Beeck,FDP,yes
3571,43820,Nicole Bauer,FDP,yes
3571,40573,Christine Aschenberg-Dugnus,FDP,yes
3571,41217,Renata Alt,FDP,yes
3571,43889,Grigorios Aggelidis,FDP,yes
3571,44624,Uwe Witt,AfD,no_show
3571,44646,Christian Wirth,AfD,no
3571,43836,Heiko Wildberg,AfD,no_show
3571,46247,Wolfgang Wiehle,AfD,no
3571,43948,Harald Weyel,AfD,no
3571,46026,Alice Weidel,AfD,no_show
3571,45921,Beatrix von Storch,AfD,no
3571,43824,René Springer,AfD,no
3571,46015,Dirk Spaniel,AfD,no
3571,44622,Detlev Spangenberg,AfD,no
3571,44035,Martin Sichert,AfD,no_show
3571,40147,Thomas Seitz,AfD,no_show
3571,44040,Uwe Schulz,AfD,no
3571,44092,Jörg Schneider,AfD,no
3571,43833,Robby Schlund,AfD,no
3571,41290,Ulrike Schielke-Ziesing,AfD,no
3571,43946,Roman Reusch,AfD,no
3571,41211,Martin Erwin Renner,AfD,no_show
3571,46182,Martin Reichardt,AfD,no
3571,44075,Stephan Protschka,AfD,no_show
3571,45493,Jürgen Pohl,AfD,no
3571,43838,Paul Podolay,AfD,no
3571,45830,Tobias Matthias Peterka,AfD,no
3571,45481,Frank Pasemann,AfD,no
3571,45857,Gerold Otten,AfD,no
3571,43831,Ulrich Oehme,AfD,no
3571,44042,Jan Ralf Nolte,AfD,no
3571,38268,Christoph Neumann,AfD,no
3571,43835,Sebastian Münzenmaier,AfD,no
3571,41223,Volker Münz,AfD,no
3571,44640,Hansjörg Müller,AfD,no_show
3571,45465,Andreas Mrosek,AfD,no_show
3571,45592,Corinna Miazga,AfD,no
3571,43945,Birgit Malsack-Winkemann,AfD,no
3571,43829,Jens Maier,AfD,no
3571,43841,Lothar Maier,AfD,no
3571,46155,Frank Magnitz,AfD,no_show
3571,44059,Rüdiger Lucassen,AfD,no_show
3571,43839,Rainer Kraft,AfD,no
3571,38250,Steffen Kotré,AfD,no
3571,41204,Jörn König,AfD,no
3571,41287,Enrico Komning,AfD,no
3571,45835,Norbert Kleinwächter,AfD,no
3571,43918,Stefan Keuter,AfD,no
3571,43823,Jens Kestner,AfD,no
3571,41192,Marc Jongen,AfD,no_show
3571,43912,Fabian Jacobi,AfD,no
3571,43837,Johannes Huber,AfD,no_show
3571,41294,Leif-Erik Holm,AfD,no
3571,43915,Bruno Hollnagel,AfD,no
3571,40888,Martin Hohmann,AfD,no
3571,46203,Nicole Höchst,AfD,no
3571,43827,Karsten Hilse,AfD,no
3571,43830,Heiko Heßenkemper,AfD,no_show
3571,43843,Martin Hess,AfD,no
3571,37970,Waldemar Herdt,AfD,no
3571,43826,Udo Hemmelgarn,AfD,no
3571,46204,Martin Hebner,AfD,no
3571,43913,Jochen Haug,AfD,no
3571,45263,Roland Hartwig,AfD,no
3571,43832,Mariana Harder-Kühnel,AfD,no
3571,37963,Armin Paul Hampel,AfD,no
3571,44470,Kay Gottschalk,AfD,no
3571,43947,Wilhelm von Gottberg,AfD,no_show
3571,43944,Franziska Gminder,AfD,no
3571,45518,Albrecht Glaser,AfD,no
3571,41216,Axel Gehrke,AfD,no
3571,46027,Alexander Gauland,AfD,no
3571,44199,Götz Frömming,AfD,no
3571,40069,Markus Frohnmaier,AfD,no_show
3571,43950,Anton Friesen,AfD,no
3571,43822,Dietmar Friedhoff,AfD,no_show
3571,43840,Peter Felser,AfD,no
3571,43919,Michael Espendiller,AfD,no
3571,43914,Berengar Elsner von Gronow,AfD,no
3571,44197,Thomas Ehrhorn,AfD,no
3571,38269,Siegbert Droese,AfD,no
3571,43814,Gottfried Curio,AfD,no_show
3571,45502,Joana Cotar,AfD,no_show
3571,43828,Tino Chrupalla,AfD,no
3571,37965,Petr Bystron,AfD,no_show
3571,45494,Matthias Büttner,AfD,no
3571,43949,Marcus Bühl,AfD,no
3571,43842,Jürgen Braun,AfD,no
3571,38315,Stephan Brandner,AfD,no
3571,44102,Peter Boehringer,AfD,no
3571,43834,Andreas Bleck,AfD,no
3571,40066,Marc Bernhard,AfD,no_show
3571,45234,Bernd Baumann,AfD,no_show
3571,45446,Jens Zimmermann,SPD,yes
3571,45445,Stefan Zierke,SPD,yes
3571,44568,Dagmar Ziegler,SPD,yes
3571,44602,Gülistan Yüksel,SPD,no_show
3571,44570,Dirk Wiese,SPD,yes
3571,45442,Bernd Westphal,SPD,yes
3571,46263,Joe Weingarten,SPD,yes
3571,44072,Gabi Weber,SPD,no_show
3571,45434,Dirk Vöpel,SPD,yes
3571,43905,Marja-Liisa Völlers,SPD,yes
3571,45432,Ute Vogt,SPD,yes
3571,45426,Carsten Träger,SPD,yes
3571,43423,Markus Töns,SPD,yes
3571,45425,Michael Thews,SPD,no_show
3571,44565,Claudia Tausend,SPD,no_show
3571,46209,Kerstin Tack,SPD,yes
3571,43903,Mathias Stein,SPD,yes
3571,45414,Sonja Steffen,SPD,no_show
3571,45412,Martina Stamm-Fibich,SPD,yes
3571,45411,Svenja Stadler,SPD,yes
3571,45410,Rainer Spiering,SPD,yes
3571,45402,Rita Schwarzelühr-Sutter,SPD,yes
3571,45401,Andreas Schwarz,SPD,yes
3571,45400,Stefan Schwartze,SPD,yes
3571,45399,Frank Schwabe,SPD,yes
3571,45396,Swen Schulz,SPD,abstain
3571,37851,Martin Schulz,SPD,yes
3571,45395,Ursula Schulte,SPD,yes
3571,41213,Michael Schrodi,SPD,no
3571,37960,Johannes Schraps,SPD,yes
3571,45806,Carsten Schneider,SPD,yes
3571,44567,Dagmar Schmidt,SPD,yes
3571,44069,Ulla Schmidt,SPD,yes
3571,43809,Uwe Schmidt,SPD,yes
3571,40161,Nils Schmid,SPD,yes
3571,45388,Udo Schiefner,SPD,no_show
3571,45387,Marianne Schieder,SPD,yes
3571,44582,Nina Scheer,SPD,no_show
3571,45474,Axel Schäfer,SPD,no_show
3571,45383,Johann Saathoff,SPD,yes
3571,45580,Sarah Ryglewski,SPD,no_show
3571,45382,Bernd Rützel,SPD,yes
3571,45381,Susann Rüthrich,SPD,no_show
3571,45379,Michael Roth,SPD,yes
3571,45377,Ernst Dieter Rossmann,SPD,no_show
3571,45376,René Röspel,SPD,yes
3571,44580,Martin Rosemann,SPD,yes
3571,45374,Dennis Rohde,SPD,yes
3571,45373,Sönke Rix,SPD,yes
3571,45372,Andreas Rimkus,SPD,no_show
3571,45364,Martin Rabanus,SPD,yes
3571,45363,Sascha Raabe,SPD,yes
3571,44596,Florian Pronold,SPD,yes
3571,44541,Achim Post,SPD,yes
3571,44595,Florian Post,SPD,no_show
3571,45362,Sabine Poschmann,SPD,yes
3571,45360,Detlev Pilger,SPD,yes
3571,45358,Christian Petry,SPD,yes
3571,45856,Markus Paschke,SPD,no
3571,45354,Aydan Özoğuz,SPD,yes
3571,45353,Mahmut Özdemir,SPD,yes
3571,43911,Josephine Ortleb,SPD,no_show
3571,45350,Thomas Oppermann,SPD,yes
3571,44068,Ulli Nissen,SPD,no_show
3571,45344,Dietmar Nietan,SPD,yes
3571,46021,Rolf Mützenich,SPD,yes
3571,45343,Michelle Müntefering,SPD,yes
3571,45339,Detlef Müller,SPD,yes
3571,45340,Bettina Müller,SPD,yes
3571,43904,Siemtje Möller,SPD,yes
3571,43907,Claudia Moll,SPD,yes
3571,43906,Falko Mohrs,SPD,yes
3571,45335,Susanne Mittag,SPD,yes
3571,45334,Klaus Mindrup,SPD,yes
3571,44581,Matthias Miersch,SPD,yes
3571,44066,Hilde Mattheis,SPD,no_show
3571,43800,Christoph Matschie,SPD,yes
3571,45329,Katja Mast,SPD,no_show
3571,44561,Caren Marks,SPD,yes
3571,45844,Isabel Mackensen-Geis,SPD,yes
3571,43624,Heiko Maas,SPD,no_show
3571,44096,Kirsten Lühmann,SPD,yes
3571,43908,Helge Lindh,SPD,yes
3571,46259,Sylvia Lehmann,SPD,yes
3571,45313,Karl Lauterbach,SPD,no_show
3571,45310,Christian Lange,SPD,yes
3571,45231,Christine Lambrecht,SPD,yes
3571,45300,Anette Kramme,SPD,yes
3571,46267,Elvan Korkmaz-Emre,SPD,abstain
3571,45238,Daniela Kolbe,SPD,no
3571,44573,Bärbel Kofler,SPD,no_show
3571,45296,Lars Klingbeil,SPD,yes
3571,45293,Arno Klare,SPD,yes
3571,44559,Cansel Kiziltepe,SPD,no_show
3571,45283,Gabriele Katzmarek,SPD,yes
3571,45281,Ralf Kapschack,SPD,no
3571,43910,Elisabeth Kaiser,SPD,no_show
3571,45280,Johannes Kahrs,SPD,yes
3571,45279,Oliver Kaczmarek,SPD,yes
3571,45278,Thomas Jurk,SPD,no_show
3571,44613,Josip Juratovic,SPD,yes
3571,45277,Frank Junge,SPD,no_show
3571,44589,Eva Högl,SPD,no_show
3571,45270,Thomas Hitschler,SPD,yes
3571,45267,Gabriele Hiller-Ohm,SPD,no
3571,44605,Gustav Herzog,SPD,no_show
3571,44538,Barbara Hendricks,SPD,yes
3571,44537,Wolfgang Hellmich,SPD,yes
3571,44535,Marcus Held,SPD,yes
3571,44534,Gabriela Heinrich,SPD,yes
3571,44533,Hubertus Heil,SPD,no_show
3571,45265,Dirk Heidenblut,SPD,yes
3571,45262,Sebastian Hartmann,SPD,yes
3571,46138,Metin Hakverdi,SPD,yes
3571,44527,Rita Hagl-Kehl,SPD,no_show
3571,44526,Bettina Hagedorn,SPD,yes
3571,45257,Uli Grötsch,SPD,no_show
3571,44523,Michael Groß,SPD,no_show
3571,46177,Kerstin Griese,SPD,yes
3571,42869,Timon Gremmels,SPD,yes
3571,44519,Angelika Glöckner,SPD,yes
3571,45254,Martin Gerster,SPD,yes
3571,45253,Michael Gerdes,SPD,yes
3571,44516,Dagmar Freitag,SPD,yes
3571,44514,Ulrich Freese,SPD,yes
3571,44513,Edgar Franke,SPD,yes
3571,44511,Fritz Felgentreu,SPD,yes
3571,45249,Johannes Fechner,SPD,no_show
3571,43917,Yasmin Fahimi,SPD,yes
3571,46168,Saskia Esken,SPD,yes
3571,45459,Wiebke Esdar,SPD,no_show
3571,44506,Sabine Dittmar,SPD,yes
3571,43909,Esther Dilcher,SPD,no_show
3571,44505,Karamba Diaby,SPD,yes
3571,45466,Daniela De Ridder,SPD,yes
3571,45859,Bernhard Daldrup,SPD,no_show
3571,44058,Lars Castellucci,SPD,yes
3571,41309,Katrin Budde,SPD,yes
3571,44065,Karl-Heinz Brunner,SPD,no_show
3571,45235,Leni Breymaier,SPD,yes
3571,46264,Eberhard Brecht,SPD,yes
3571,44491,Lothar Binding,SPD,yes
3571,44485,Bärbel Bas,SPD,yes
3571,44484,Sören Bartol,SPD,yes
3571,44483,Matthias Bartke,SPD,yes
3571,44481,Doris Barnett,SPD,yes
3571,45230,Nezahat Baradari,SPD,no_show
3571,44479,Ulrike Bahr,SPD,no
3571,44477,Heike Baehrens,SPD,yes
3571,46256,Bela Bach,SPD,yes
3571,44476,Ingrid Arndt-Brauer,SPD,yes
3571,44475,Niels Annen,SPD,yes
3571,46180,Matthias Zimmer,CDU/CSU,yes
3571,44037,Paul Ziemiak,CDU/CSU,yes
3571,44586,Emmi Zeulner,CDU/CSU,no_show
3571,45444,Oliver Wittke,CDU/CSU,yes
3571,44585,Elisabeth Winkelmeier-Becker,CDU/CSU,yes
3571,45443,Klaus-Peter Willsch,CDU/CSU,yes
3571,43864,Bettina Wiesmann,CDU/CSU,yes
3571,44554,Annette Widmann-Mauz,CDU/CSU,yes
3571,44619,Kai Whittaker,CDU/CSU,yes
3571,45440,Marian Wendt,CDU/CSU,yes
3571,44610,Ingo Wellenreuther,CDU/CSU,no_show
3571,45438,Sabine Weiss,CDU/CSU,yes
3571,45439,Peter Weiß,CDU/CSU,yes
3571,44553,Anja Weisgerber,CDU/CSU,no_show
3571,46240,Marcus Weinberg,CDU/CSU,yes
3571,44543,Albert Weiler,CDU/CSU,yes
3571,44618,Kai Wegner,CDU/CSU,no_show
3571,45436,Nina Warken,CDU/CSU,yes
3571,45435,Marco Wanderwitz,CDU/CSU,yes
3571,44070,Johann Wadephul,CDU/CSU,yes
3571,44057,Kees de Vries,CDU/CSU,no_show
3571,38357,Christoph de Vries,CDU/CSU,no_show
3571,45431,Volkmar Vogel,CDU/CSU,yes
3571,43855,Kerstin Vieregge,CDU/CSU,yes
3571,45429,Arnold Vaatz,CDU/CSU,no_show
3571,45428,Volker Ullrich,CDU/CSU,yes
3571,43643,Markus Uhl,CDU/CSU,yes
3571,46198,Antje Tillmann,CDU/CSU,yes
3571,43848,Dietlind Tiemann,CDU/CSU,yes
3571,39962,Alexander Throm,CDU/CSU,no_show
3571,43856,Hans-Jürgen Thies,CDU/CSU,yes
3571,43852,Hermann-Josef Tebroke,CDU/CSU,yes
3571,45424,Peter Tauber,CDU/CSU,yes
3571,45423,Karin Strenz,CDU/CSU,no_show
3571,45421,Max Straubinger,CDU/CSU,yes
3571,45420,Stephan Stracke,CDU/CSU,yes
3571,46194,Gero Storjohann,CDU/CSU,yes
3571,45419,Dieter Stier,CDU/CSU,yes
3571,45433,Christian von Stetten,CDU/CSU,yes
3571,45417,Johannes Steiniger,CDU/CSU,yes
3571,45416,Sebastian Steineke,CDU/CSU,no_show
3571,45415,Peter Stein,CDU/CSU,yes
3571,43867,Andreas Steier,CDU/CSU,yes
3571,44542,Albert Stegemann,CDU/CSU,yes
3571,45455,Wolfgang Stefinger,CDU/CSU,yes
3571,45413,Frank Steffel,CDU/CSU,no_show
3571,43875,Katrin Staffler,CDU/CSU,yes
3571,45409,Jens Spahn,CDU/CSU,no_show
3571,45408,Tino Sorge,CDU/CSU,yes
3571,43866,Björn Simon,CDU/CSU,yes
3571,45407,Thomas Silberhorn,CDU/CSU,yes
3571,46398,Bernd Siebert,CDU/CSU,yes
3571,45405,Patrick Sensburg,CDU/CSU,yes
3571,46229,Reinhold Sendker,CDU/CSU,yes
3571,45404,Johannes Selle,CDU/CSU,yes
3571,45403,Detlef Seif,CDU/CSU,yes
3571,45895,Torsten Schweiger,CDU/CSU,no_show
3571,44557,Armin Schuster,CDU/CSU,yes
3571,45398,Uwe Schummer,CDU/CSU,yes
3571,45458,Klaus-Peter Schulze,CDU/CSU,yes
3571,40081,Felix Schreiner,CDU/CSU,no_show
3571,45394,Nadine Schön,CDU/CSU,yes
3571,45393,Patrick Schnieder,CDU/CSU,yes
3571,43845,Claudia Schmidtke,CDU/CSU,yes
3571,45392,Christian Schmidt,CDU/CSU,yes
3571,45390,Tankred Schipanski,CDU/CSU,yes
3571,45389,Jana Schimke,CDU/CSU,yes
3571,45386,Andreas Scheuer,CDU/CSU,yes
3571,45385,Wolfgang Schäuble,CDU/CSU,yes
3571,44551,Anita Schäfer,CDU/CSU,no_show
3571,43865,Stefan Sauer,CDU/CSU,yes
3571,45636,Albert Rupprecht,CDU/CSU,no_show
3571,44588,Erwin Rüddel,CDU/CSU,yes
3571,43853,Stefan Rouenhoff,CDU/CSU,yes
3571,45380,Norbert Röttgen,CDU/CSU,yes
3571,45375,Johannes Röring,CDU/CSU,yes
3571,45371,Josef Rief,CDU/CSU,yes
3571,45370,Lothar Riebsamen,CDU/CSU,no_show
3571,45368,Eckhardt Rehberg,CDU/CSU,no_show
3571,45367,Peter Ramsauer,CDU/CSU,yes
3571,44549,Alois Rainer,CDU/CSU,yes
3571,44545,Alexander Radwan,CDU/CSU,yes
3571,45366,Kerstin Radomski,CDU/CSU,no_show
3571,45365,Thomas Rachel,CDU/CSU,yes
3571,45361,Eckhard Pols,CDU/CSU,no_show
3571,38359,Christoph Ploß,CDU/CSU,yes
3571,43878,Stephan Pilsinger,CDU/CSU,yes
3571,45359,Joachim Pfeiffer,CDU/CSU,yes
3571,45356,Martin Patzelt,CDU/CSU,yes
3571,45355,Sylvia Pantel,CDU/CSU,yes
3571,46199,Ingrid Pahlmann,CDU/CSU,yes
3571,45837,Henning Otte,CDU/CSU,yes
3571,46206,Josef Oster,CDU/CSU,yes
3571,44594,Florian Oßner,CDU/CSU,yes
3571,45349,Wilfried Oellers,CDU/CSU,yes
3571,45348,Georg Nüßlein,CDU/CSU,yes
3571,45345,Michaela Noll,CDU/CSU,yes
3571,41857,Petra Nicolaisen,CDU/CSU,yes
3571,44572,Andreas Nick,CDU/CSU,yes
3571,45341,Stefan Müller,CDU/CSU,yes
3571,44564,Carsten Müller,CDU/CSU,yes
3571,46143,Sepp Müller,CDU/CSU,yes
3571,45342,Gerd Müller,CDU/CSU,no_show
3571,43874,Axel Müller,CDU/CSU,yes
3571,46188,Elisabeth Motschmann,CDU/CSU,yes
3571,45336,Karsten Möring,CDU/CSU,no_show
3571,45822,Dietrich Monstadt,CDU/CSU,yes
3571,45333,Mathias Middelberg,CDU/CSU,yes
3571,45332,Hans Michelbach,CDU/CSU,yes
3571,44612,Jan Metzler,CDU/CSU,yes
3571,44550,Angela Merkel,CDU/CSU,yes
3571,44061,Michael Meister,CDU/CSU,yes
3571,45331,Stephan Mayer,CDU/CSU,yes
3571,45330,Andreas Mattfeldt,CDU/CSU,yes
3571,44606,Hans-Georg von der Marwitz,CDU/CSU,yes
3571,38887,Matern von Marschall,CDU/CSU,yes
3571,45473,Astrid Mannes,CDU/CSU,yes
3571,44601,Gisela Manderla,CDU/CSU,yes
3571,44504,Thomas de Maizière,CDU/CSU,yes
3571,45328,Yvonne Magwas,CDU/CSU,yes
3571,44620,Karin Maag,CDU/CSU,yes
3571,46261,Saskia Ludwig,CDU/CSU,yes
3571,44569,Daniela Ludwig,CDU/CSU,yes
3571,45326,Jan-Marco Luczak,CDU/CSU,no_show
3571,43876,Bernhard Loos,CDU/CSU,yes
3571,42032,Nikolas Löbel,CDU/CSU,no_show
3571,45324,Patricia Lips,CDU/CSU,yes
3571,44563,Carsten Linnemann,CDU/CSU,yes
3571,45322,Andrea Lindholz,CDU/CSU,yes
3571,44556,Antje Lezius,CDU/CSU,yes
3571,45489,Andreas Lenz,CDU/CSU,yes
3571,45317,Katja Leikert,CDU/CSU,yes
3571,45315,Paul Lehrieder,CDU/CSU,no_show
3571,40808,Jens Lehmann,CDU/CSU,yes
3571,45312,Silke Launert,CDU/CSU,yes
3571,45311,Ulrich Lange,CDU/CSU,no_show
3571,45309,Katharina Landgraf,CDU/CSU,yes
3571,45308,Andreas Lämmel,CDU/CSU,yes
3571,44055,Karl A. Lamers,CDU/CSU,no_show
3571,45305,Roy Kühne,CDU/CSU,yes
3571,43877,Michael Kuffer,CDU/CSU,yes
3571,45302,Rüdiger Kruse,CDU/CSU,yes
3571,44603,Günter Krings,CDU/CSU,no_show
3571,44604,Gunther Krichbaum,CDU/CSU,yes
3571,38078,Alexander Krauß,CDU/CSU,yes
3571,44562,Carsten Körber,CDU/CSU,yes
3571,45299,Markus Koob,CDU/CSU,yes
3571,45298,Jens Koeppen,CDU/CSU,yes
3571,45297,Axel Knoerig,CDU/CSU,no_show
3571,45294,Volkmar Klein,CDU/CSU,yes
3571,45291,Georg Kippels,CDU/CSU,yes
3571,43879,Michael Kießling,CDU/CSU,no_show
3571,45289,Roderich Kiesewetter,CDU/CSU,yes
3571,45287,Ronja Kemmer,CDU/CSU,yes
3571,45285,Stefan Kaufmann,CDU/CSU,yes
3571,45284,Volker Kauder,CDU/CSU,yes
3571,43868,Torbjörn Kartes,CDU/CSU,yes
3571,44552,Anja Karliczek,CDU/CSU,yes
3571,44548,Alois Karl,CDU/CSU,yes
3571,43860,Ingmar Jung,CDU/CSU,yes
3571,45276,Andreas Jung,CDU/CSU,yes
3571,45275,Thomas Jarzombek,CDU/CSU,yes
3571,42741,Hans-Jürgen Irmer,CDU/CSU,no_show
3571,44587,Erich Irlstorfer,CDU/CSU,no_show
3571,45272,Hendrik Hoppenstedt,CDU/CSU,yes
3571,45271,Karl Holmeier,CDU/CSU,yes
3571,44544,Alexander Hoffmann,CDU/CSU,yes
3571,45269,Heribert Hirte,CDU/CSU,yes
3571,45268,Christian Hirte,CDU/CSU,no_show
3571,44555,Ansgar Heveling,CDU/CSU,yes
3571,43854,Marc Henrichmann,CDU/CSU,yes
3571,44540,Michael Hennrich,CDU/CSU,yes
3571,44539,Rudolf Henke,CDU/CSU,yes
3571,44536,Mark Helfrich,CDU/CSU,no_show
3571,45858,Frank Heinrich,CDU/CSU,yes
3571,41271,Thomas Heilmann,CDU/CSU,yes
3571,44532,Mechthild Heil,CDU/CSU,no_show
3571,45266,Matthias Heider,CDU/CSU,yes
3571,45782,Mark Hauptmann,CDU/CSU,yes
3571,45264,Matthias Hauer,CDU/CSU,yes
3571,44615,Jürgen Hardt,CDU/CSU,no_show
3571,44529,Florian Hahn,CDU/CSU,no_show
3571,44525,Christian Haase,CDU/CSU,yes
3571,45261,Olav Gutting,CDU/CSU,no_show
3571,45260,Fritz Güntzler,CDU/CSU,yes
3571,45259,Monika Grütters,CDU/CSU,yes
3571,45581,Oliver Grundmann,CDU/CSU,yes
3571,45258,Manfred Grund,CDU/CSU,no_show
3571,46201,Markus Grübel,CDU/CSU,yes
3571,45256,Astrid Grotelüschen,CDU/CSU,yes
3571,45255,Michael Grosse-Brömer,CDU/CSU,yes
3571,44522,Klaus-Dieter Gröhler,CDU/CSU,yes
3571,44521,Hermann Gröhe,CDU/CSU,yes
3571,45472,Ursula Groden-Kranich,CDU/CSU,yes
3571,43849,Eckhard Gnodtke,CDU/CSU,yes
3571,44518,Eberhard Gienger,CDU/CSU,yes
3571,44547,Alois Gerig,CDU/CSU,yes
3571,45252,Thomas Gebhart,CDU/CSU,yes
3571,44609,Ingo Gädechens,CDU/CSU,yes
3571,44607,Hans-Joachim Fuchtel,CDU/CSU,yes
3571,45862,Michael Frieser,CDU/CSU,yes
3571,44517,Hans-Peter Friedrich,CDU/CSU,yes
3571,45449,Astrid Freudenstein,CDU/CSU,no_show
3571,44515,Thorsten Frei,CDU/CSU,yes
3571,44512,Maria Flachsbarth,CDU/CSU,yes
3571,43873,Axel Eduard Fischer,CDU/CSU,no_show
3571,45611,Enak Ferlemann,CDU/CSU,yes
3571,45250,Uwe Feiler,CDU/CSU,yes
3571,45248,Hermann Färber,CDU/CSU,yes
3571,43880,Thomas Erndl,CDU/CSU,yes
3571,44056,Hansjörg Durz,CDU/CSU,yes
3571,44510,Marie-Luise Dött,CDU/CSU,yes
3571,44508,Michael Donth,CDU/CSU,yes
3571,44507,Alexander Dobrindt,CDU/CSU,yes
3571,43685,Astrid Damerow,CDU/CSU,yes
3571,44500,Gitta Connemann,CDU/CSU,yes
3571,43851,Carsten Brodesser,CDU/CSU,yes
3571,46020,Ralph Brinkhaus,CDU/CSU,yes
3571,44498,Heike Brehmer,CDU/CSU,yes
3571,44060,Sebastian Brehm,CDU/CSU,yes
3571,43847,Silvia Breher,CDU/CSU,yes
3571,44497,Helge Braun,CDU/CSU,no_show
3571,44495,Reinhard Brandl,CDU/CSU,yes
3571,46271,Michael Brand,CDU/CSU,yes
3571,44494,Norbert Brackmann,CDU/CSU,yes
3571,44493,Peter Bleser,CDU/CSU,yes
3571,44490,Steffen Bilger,CDU/CSU,yes
3571,43869,Marc Biadacz,CDU/CSU,yes
3571,44489,Peter Beyer,CDU/CSU,yes
3571,43850,Christoph Bernstiel,CDU/CSU,yes
3571,43844,Melanie Bernstein,CDU/CSU,yes
3571,44488,André Berghegger,CDU/CSU,yes
3571,45564,Sybille Benning,CDU/CSU,yes
3571,45241,Veronika Bellmann,CDU/CSU,yes
3571,44487,Manfred Behrens,CDU/CSU,yes
3571,44486,Maik Beermann,CDU/CSU,no_show
3571,44482,Norbert Barthle,CDU/CSU,no_show
3571,44480,Thomas Bareiß,CDU/CSU,yes
3571,44478,Dorothee Bär,CDU/CSU,no_show
3571,41159,Peter Aumer,CDU/CSU,yes
3571,46196,Artur Auernhammer,CDU/CSU,yes
3571,43846,Philipp Amthor,CDU/CSU,yes
3571,44473,Peter Altmaier,CDU/CSU,no_show
3571,43861,Norbert Maria Altenkamp,CDU/CSU,yes
3571,44472,Stephan Albani,CDU/CSU,yes
3571,45467,Michael von Abercron,CDU/CSU,yes
4085,47906,Bernd-Bernhard Fabritius,CDU/CSU,yes
4085,38267,Frauke Petry,fraktionslos,no_show
4085,45481,Frank Pasemann,fraktionslos,no_show
4085,45348,Georg Nüßlein,fraktionslos,no_show
4085,41210,Mario Mieruch,fraktionslos,no
4085,43916,Uwe Kamann,fraktionslos,no_show
4085,46133,Lars Herrmann,fraktionslos,no
4085,46185,Verena Hartmann,fraktionslos,no
4085,39712,Marco Bülow,fraktionslos,no
4085,45452,Gerhard Zickenheiner,DIE GRÜNEN,no
4085,46564,Wolfgang Wetzel,DIE GRÜNEN,no_show
4085,44071,Beate Walter-Rosenheimer,DIE GRÜNEN,no
4085,41099,Daniela Wagner,DIE GRÜNEN,yes
4085,44614,Julia Verlinden,DIE GRÜNEN,no
4085,44621,Jürgen Trittin,DIE GRÜNEN,no
4085,45427,Markus Tressel,DIE GRÜNEN,abstain
4085,41209,Margit Stumpp,DIE GRÜNEN,no
4085,45422,Wolfgang Strengmann-Kuhn,DIE GRÜNEN,no
4085,45397,Kordula Schulz-Asche,DIE GRÜNEN,yes
4085,46262,Charlotte Schneidewind-Hartnagel,DIE GRÜNEN,no
4085,41219,Stefan Schmidt,DIE GRÜNEN,yes
4085,45391,Frithjof Schmidt,DIE GRÜNEN,no
4085,45450,Ulle Schauws,DIE GRÜNEN,no
4085,45384,Manuel Sarrazin,DIE GRÜNEN,yes
4085,45497,Corinna Rüffer,DIE GRÜNEN,no
4085,43882,Manuela Rottmann,DIE GRÜNEN,yes
4085,45378,Claudia Roth,DIE GRÜNEN,no
4085,45562,Tabea Rößner,DIE GRÜNEN,yes
4085,43029,Filiz Polat,DIE GRÜNEN,no
4085,46009,Lisa Paus,DIE GRÜNEN,no
4085,45352,Cem Özdemir,DIE GRÜNEN,no_show
4085,45351,Friedrich Ostendorff,DIE GRÜNEN,no_show
4085,45347,Omid Nouripour,DIE GRÜNEN,yes
4085,44579,Konstantin von Notz,DIE GRÜNEN,abstain
4085,41132,Ingrid Nestle,DIE GRÜNEN,abstain
4085,44067,Beate Müller-Gemmeke,DIE GRÜNEN,no
4085,41188,Claudia Müller,DIE GRÜNEN,abstain
4085,45510,Irene Mihalic,DIE GRÜNEN,no
4085,45323,Tobias Lindner,DIE GRÜNEN,yes
4085,45318,Steffi Lemke,DIE GRÜNEN,no
4085,43881,Sven Lehmann,DIE GRÜNEN,no
4085,45314,Monika Lazar,DIE GRÜNEN,no
4085,45307,Markus Kurth,DIE GRÜNEN,no
4085,45306,Renate Künast,DIE GRÜNEN,abstain
4085,45303,Christian Kühn,DIE GRÜNEN,no
4085,45301,Oliver Krischer,DIE GRÜNEN,abstain
4085,45787,Sylvia Kotting-Uhl,DIE GRÜNEN,no
4085,45295,Maria Klein-Schmeink,DIE GRÜNEN,no
4085,45290,Sven-Christian Kindler,DIE GRÜNEN,no_show
4085,45288,Katja Keul,DIE GRÜNEN,no
4085,45286,Uwe Kekeritz,DIE GRÜNEN,no
4085,46255,Kirsten Kappert-Gonther,DIE GRÜNEN,no
4085,45274,Dieter Janecek,DIE GRÜNEN,yes
4085,43155,Ottmar von Holtz,DIE GRÜNEN,yes
4085,46200,Anton Hofreiter,DIE GRÜNEN,no
4085,42696,Bettina Hoffmann,DIE GRÜNEN,yes
4085,44558,Britta Haßelmann,DIE GRÜNEN,no_show
4085,44530,Anja Hajduk,DIE GRÜNEN,yes
4085,45854,Erhard Grundl,DIE GRÜNEN,no
4085,46024,Katrin Göring-Eckardt,DIE GRÜNEN,abstain
4085,40479,Stefan Gelbhaar,DIE GRÜNEN,no
4085,44617,Kai Gehring,DIE GRÜNEN,abstain
4085,45251,Matthias Gastel,DIE GRÜNEN,abstain
4085,45247,Harald Ebner,DIE GRÜNEN,abstain
4085,45246,Katharina Dröge,DIE GRÜNEN,no
4085,44503,Ekin Deligöz,DIE GRÜNEN,abstain
4085,46566,Janosch Dahmen,DIE GRÜNEN,no
4085,45561,Anna Christmann,DIE GRÜNEN,yes
4085,44076,Agnieszka Brugger,DIE GRÜNEN,no
4085,44496,Franziska Brantner,DIE GRÜNEN,no_show
4085,40338,Canan Bayram,DIE GRÜNEN,no
4085,44064,Danyal Bayaz,DIE GRÜNEN,yes
4085,46230,Margarete Bause,DIE GRÜNEN,abstain
4085,44808,Annalena Baerbock,DIE GRÜNEN,abstain
4085,41142,Lisa Badum,DIE GRÜNEN,abstain
4085,44474,Luise Amtsberg,DIE GRÜNEN,no_show
4085,45447,Sabine Zimmermann,DIE LINKE,no
4085,45448,Pia Zimmermann,DIE LINKE,no
4085,44608,Hubertus Zdebel,DIE LINKE,no_show
4085,45441,Katrin Werner,DIE LINKE,no
4085,45437,Harald Weinberg,DIE LINKE,no
4085,44701,Andreas Wagner,DIE LINKE,no
4085,44584,Sahra Wagenknecht,DIE LINKE,no_show
4085,46197,Kathrin Vogler,DIE LINKE,no
4085,44546,Alexander Ulrich,DIE LINKE,no
4085,47869,Axel Troost,DIE LINKE,no_show
4085,40021,Jessica Tatti,DIE LINKE,no
4085,44578,Kirsten Tackmann,DIE LINKE,no
4085,43883,Friedrich Straetmanns,DIE LINKE,no
4085,45418,Kersten Steinke,DIE LINKE,no_show
4085,44097,Helin Evrim Sommer,DIE LINKE,no
4085,44583,Petra Sitte,DIE LINKE,no
4085,43886,Eva-Maria Schreiber,DIE LINKE,no
4085,45892,Bernd Riexinger,DIE LINKE,no_show
4085,45369,Martina Renner,DIE LINKE,no
4085,41180,Ingrid Remmers,DIE LINKE,no_show
4085,41222,Tobias Pflüger,DIE LINKE,no
4085,43214,Victor Perli,DIE LINKE,no
4085,43884,Sören Pellmann,DIE LINKE,no
4085,45357,Petra Pau,DIE LINKE,no
4085,45346,Thomas Nord,DIE LINKE,no_show
4085,44571,Alexander S. Neu,DIE LINKE,no
4085,45829,Zaklin Nastić,DIE LINKE,no_show
4085,45338,Norbert Müller,DIE LINKE,no
4085,45337,Niema Movassat,DIE LINKE,no_show
4085,44566,Cornelia Möhring,DIE LINKE,no
4085,46022,Amira Mohamed Ali,DIE LINKE,no
4085,40509,Pascal Meiser,DIE LINKE,no
4085,45327,Thomas Lutze,DIE LINKE,no
4085,45325,Gesine Lötzsch,DIE LINKE,no
4085,45321,Stefan Liebich,DIE LINKE,no
4085,45319,Ralph Lenkert,DIE LINKE,no
4085,45316,Sabine Leidig,DIE LINKE,no
4085,44560,Caren Lay,DIE LINKE,no
4085,44616,Jutta Krellmann,DIE LINKE,no
4085,44611,Jan Korte,DIE LINKE,no
4085,45292,Katja Kipping,DIE LINKE,no
4085,45496,Achim Kessler,DIE LINKE,no
4085,45282,Kerstin Kassner,DIE LINKE,no
4085,38740,Ulla Jelpke,DIE LINKE,no
4085,45273,Andrej Hunko,DIE LINKE,no
4085,41313,Matthias Höhn,DIE LINKE,no
4085,44531,Heike Hänsel,DIE LINKE,no
4085,44528,André Hahn,DIE LINKE,no
4085,44524,Gregor Gysi,DIE LINKE,no
4085,44520,Nicole Gohlke,DIE LINKE,no
4085,46228,Sylvia Gabelmann,DIE LINKE,no_show
4085,40204,Brigitte Freihold,DIE LINKE,no_show
4085,46014,Susanne Ferschl,DIE LINKE,no_show
4085,45491,Klaus Ernst,DIE LINKE,no
4085,37947,Anke Domscheit-Berg,DIE LINKE,no
4085,44502,Diether Dehm,DIE LINKE,no
4085,37913,Fabio De Masi,DIE LINKE,no
4085,44501,Sevim Dağdelen,DIE LINKE,no
4085,43885,Jörg Cezanne,DIE LINKE,no
4085,44043,Birke Bull-Bischoff,DIE LINKE,no
4085,44499,Christine Buchholz,DIE LINKE,no
4085,40082,Michel Brandt,DIE LINKE,no
4085,46265,Heidrun Bluhm-Förster,DIE LINKE,no
4085,44492,Matthias W. Birkwald,DIE LINKE,no
4085,45239,Lorenz Gösta Beutin,DIE LINKE,no
4085,46023,Dietmar Bartsch,DIE LINKE,no
4085,43887,Simone Barrientos,DIE LINKE,no_show
4085,39953,Gökay Akbulut,DIE LINKE,no
4085,43888,Doris Achelwilm,DIE LINKE,no
4085,45591,Katharina Willkomm,FDP,yes
4085,44777,Nicole Westig,FDP,abstain
4085,45551,Sandra Weeser,FDP,no_show
4085,41138,Johannes Vogel,FDP,yes
4085,45902,Gerald Ullrich,FDP,yes
4085,43900,Andrew Ullmann,FDP,yes
4085,40621,Florian Toncar,FDP,yes
4085,37973,Manfred Todtenhausen,FDP,yes
4085,40994,Stephan Thomae,FDP,yes
4085,37879,Michael Theurer,FDP,yes
4085,42162,Linda Teuteberg,FDP,yes
4085,38473,Katja Suding,FDP,yes
4085,40100,Benjamin Strasser,FDP,yes
4085,45232,Marie-Agnes Strack-Zimmermann,FDP,yes
4085,41089,Bettina Stark-Watzinger,FDP,yes
4085,40635,Hermann Otto Solms,FDP,yes
4085,41140,Judith Skudelny,FDP,yes
4085,43890,Frank Sitta,FDP,yes
4085,41152,Matthias Seestern-Pauly,FDP,yes
4085,38476,Wieland Schinnenburg,FDP,no
4085,40700,Frank Schäffler,FDP,abstain
4085,41666,Christian Sauter,FDP,abstain
4085,43898,Thomas Sattelberger,FDP,no_show
4085,43549,Bernd Reuther,FDP,yes
4085,41121,Hagen Reinhold,FDP,yes
4085,46540,Matthias Nölke,FDP,yes
4085,45509,Martin Neumann,FDP,yes
4085,43895,Frank Müller-Rosentritt,FDP,yes
4085,44804,Roman Müller-Böhm,FDP,yes
4085,41087,Alexander Müller,FDP,no_show
4085,45504,Christoph Meyer,FDP,yes
4085,38101,Jürgen Martens,FDP,yes
4085,41220,Till Mansmann,FDP,yes
4085,41157,Oliver Luksic,FDP,yes
4085,46202,Michael Link,FDP,yes
4085,46025,Christian Lindner,FDP,yes
4085,43821,Ulrich Lechte,FDP,yes
4085,37798,Alexander Graf Lambsdorff,FDP,yes
4085,39936,Alexander Kulitz,FDP,yes
4085,37956,Konstantin Kuhle,FDP,yes
4085,41227,Wolfgang Kubicki,FDP,yes
4085,43896,Carina Konrad,FDP,yes
4085,43899,Lukas Köhler,FDP,yes
4085,40934,Pascal Kober,FDP,yes
4085,41262,Daniela Kluckert,FDP,no_show
4085,41111,Marcel Klinge,FDP,yes
4085,42591,Karsten Klein,FDP,yes
4085,43901,Christian Jung,FDP,no
4085,45587,Gyde Jensen-Bornhöft,FDP,yes
4085,43893,Olaf in der Beek,FDP,no_show
4085,46205,Ulla Ihnen,FDP,yes
4085,43892,Reinhard Houben,FDP,yes
4085,43902,Christoph Hoffmann,FDP,yes
4085,41148,Manuel Höferlin,FDP,yes
4085,45453,Gero Hocker,FDP,yes
4085,42593,Katja Hessel,FDP,yes
4085,45860,Torsten Herbst,FDP,yes
4085,43891,Markus Herbrand,FDP,yes
4085,44062,Katrin Helling-Plahr,FDP,yes
4085,46215,Peter Heidt,FDP,yes
4085,46258,Reginald Hanke,FDP,abstain
4085,44041,Thomas Hacker,FDP,yes
4085,40932,Otto Fricke,FDP,yes
4085,43818,Daniel Föst,FDP,yes
4085,41208,Marcus Faber,FDP,yes
4085,40754,Hartmut Ebbing,FDP,yes
4085,45451,Christian Dürr,FDP,yes
4085,40553,Bijan Djir-Sarai,FDP,yes
4085,41090,Britta Dassler,FDP,yes
4085,43894,Carl-Julius Cronenberg,FDP,yes
4085,43532,Karlheinz Busen,FDP,yes
4085,40874,Marco Buschmann,FDP,yes
4085,46257,Sandra Bubendorfer-Licht,FDP,yes
4085,43897,Mario Brandenburg,FDP,yes
4085,39979,Jens Brandenburg,FDP,abstain
4085,43245,Jens Beeck,FDP,yes
4085,43820,Nicole Bauer,FDP,yes
4085,40573,Christine Aschenberg-Dugnus,FDP,yes
4085,41217,Renata Alt,FDP,yes
4085,43889,Grigorios Aggelidis,FDP,yes
4085,44624,Uwe Witt,AfD,no
4085,44646,Christian Wirth,AfD,no
4085,43836,Heiko Wildberg,AfD,no
4085,46247,Wolfgang Wiehle,AfD,no
4085,43948,Harald Weyel,AfD,no
4085,46026,Alice Weidel,AfD,no
4085,45921,Beatrix von Storch,AfD,no
4085,43824,René Springer,AfD,no
4085,46015,Dirk Spaniel,AfD,no
4085,44622,Detlev Spangenberg,AfD,no
4085,44035,Martin Sichert,AfD,no
4085,40147,Thomas Seitz,AfD,no
4085,44040,Uwe Schulz,AfD,no
4085,44092,Jörg Schneider,AfD,no
4085,43833,Robby Schlund,AfD,no_show
4085,41290,Ulrike Schielke-Ziesing,AfD,no
4085,43946,Roman Reusch,AfD,no_show
4085,41211,Martin Erwin Renner,AfD,no
4085,46182,Martin Reichardt,AfD,no
4085,44075,Stephan Protschka,AfD,no
4085,45493,Jürgen Pohl,AfD,no
4085,43838,Paul Podolay,AfD,no
4085,45830,Tobias Matthias Peterka,AfD,no
4085,45857,Gerold Otten,AfD,no_show
4085,43831,Ulrich Oehme,AfD,no
4085,44042,Jan Ralf Nolte,AfD,no_show
4085,38268,Christoph Neumann,AfD,no
4085,43835,Sebastian Münzenmaier,AfD,no
4085,41223,Volker Münz,AfD,no
4085,44640,Hansjörg Müller,AfD,no
4085,45465,Andreas Mrosek,AfD,no
4085,45592,Corinna Miazga,AfD,no_show
4085,43945,Birgit Malsack-Winkemann,AfD,no
4085,43829,Jens Maier,AfD,no
4085,43841,Lothar Maier,AfD,no
4085,46155,Frank Magnitz,AfD,no
4085,44059,Rüdiger Lucassen,AfD,no
4085,43839,Rainer Kraft,AfD,no
4085,38250,Steffen Kotré,AfD,no
4085,41204,Jörn König,AfD,no
4085,41287,Enrico Komning,AfD,no
4085,45835,Norbert Kleinwächter,AfD,no
4085,43918,Stefan Keuter,AfD,no
4085,43823,Jens Kestner,AfD,no
4085,41192,Marc Jongen,AfD,no
4085,43912,Fabian Jacobi,AfD,no
4085,43837,Johannes Huber,AfD,no_show
4085,41294,Leif-Erik Holm,AfD,no
4085,43915,Bruno Hollnagel,AfD,no
4085,40888,Martin Hohmann,AfD,no
4085,46203,Nicole Höchst,AfD,no_show
4085,43827,Karsten Hilse,AfD,no
4085,43830,Heiko Heßenkemper,AfD,no
4085,43843,Martin Hess,AfD,no
4085,37970,Waldemar Herdt,AfD,no_show
4085,43826,Udo Hemmelgarn,AfD,no
4085,46204,Martin Hebner,AfD,no_show
4085,43913,Jochen Haug,AfD,no
4085,45263,Roland Hartwig,AfD,no
4085,43832,Mariana Harder-Kühnel,AfD,no
4085,37963,Armin Paul Hampel,AfD,no_show
4085,44470,Kay Gottschalk,AfD,no
4085,43947,Wilhelm von Gottberg,AfD,no
4085,43944,Franziska Gminder,AfD,no
4085,45518,Albrecht Glaser,AfD,no
4085,41216,Axel Gehrke,AfD,no_show
4085,46027,Alexander Gauland,AfD,no
4085,44199,Götz Frömming,AfD,no
4085,40069,Markus Frohnmaier,AfD,no
4085,43950,Anton Friesen,AfD,no
4085,43822,Dietmar Friedhoff,AfD,no
4085,43840,Peter Felser,AfD,no
4085,43919,Michael Espendiller,AfD,no
4085,43914,Berengar Elsner von Gronow,AfD,no
4085,44197,Thomas Ehrhorn,AfD,no
4085,38269,Siegbert Droese,AfD,no
4085,43814,Gottfried Curio,AfD,no
4085,45502,Joana Cotar,AfD,no_show
4085,43828,Tino Chrupalla,AfD,no
4085,37965,Petr Bystron,AfD,no
4085,45494,Matthias Büttner,AfD,no
4085,43949,Marcus Bühl,AfD,no
4085,43842,Jürgen Braun,AfD,no
4085,38315,Stephan Brandner,AfD,no
4085,44102,Peter Boehringer,AfD,no
4085,43834,Andreas Bleck,AfD,no_show
4085,40066,Marc Bernhard,AfD,no
4085,45234,Bernd Baumann,AfD,no
4085,45446,Jens Zimmermann,SPD,yes
4085,45445,Stefan Zierke,SPD,yes
4085,44568,Dagmar Ziegler,SPD,yes
4085,44602,Gülistan Yüksel,SPD,yes
4085,44570,Dirk Wiese,SPD,yes
4085,45442,Bernd Westphal,SPD,yes
4085,46263,Joe Weingarten,SPD,yes
4085,44072,Gabi Weber,SPD,no_show
4085,45434,Dirk Vöpel,SPD,yes
4085,43905,Marja-Liisa Völlers,SPD,yes
4085,45432,Ute Vogt,SPD,yes
4085,45426,Carsten Träger,SPD,yes
4085,43423,Markus Töns,SPD,yes
4085,45425,Michael Thews,SPD,yes
4085,44565,Claudia Tausend,SPD,yes
4085,46209,Kerstin Tack,SPD,yes
4085,43903,Mathias Stein,SPD,yes
4085,45414,Sonja Steffen,SPD,yes
4085,45412,Martina Stamm-Fibich,SPD,yes
4085,45411,Svenja Stadler,SPD,yes
4085,45410,Rainer Spiering,SPD,yes
4085,45402,Rita Schwarzelühr-Sutter,SPD,yes
4085,45401,Andreas Schwarz,SPD,yes
4085,45400,Stefan Schwartze,SPD,no_show
4085,45399,Frank Schwabe,SPD,yes
4085,45396,Swen Schulz,SPD,abstain
4085,37851,Martin Schulz,SPD,yes
4085,45395,Ursula Schulte,SPD,yes
4085,41213,Michael Schrodi,SPD,yes
4085,37960,Johannes Schraps,SPD,yes
4085,45806,Carsten Schneider,SPD,yes
4085,44567,Dagmar Schmidt,SPD,yes
4085,44069,Ulla Schmidt,SPD,no_show
4085,43809,Uwe Schmidt,SPD,yes
4085,40161,Nils Schmid,SPD,yes
4085,45388,Udo Schiefner,SPD,yes
4085,45387,Marianne Schieder,SPD,yes
4085,44582,Nina Scheer,SPD,yes
4085,45474,Axel Schäfer,SPD,yes
4085,45383,Johann Saathoff,SPD,yes
4085,45580,Sarah Ryglewski,SPD,yes
4085,45382,Bernd Rützel,SPD,yes
4085,45381,Susann Rüthrich,SPD,yes
4085,45379,Michael Roth,SPD,yes
4085,45377,Ernst Dieter Rossmann,SPD,yes
4085,45376,René Röspel,SPD,yes
4085,44580,Martin Rosemann,SPD,yes
4085,45374,Dennis Rohde,SPD,yes
4085,45373,Sönke Rix,SPD,no_show
4085,45372,Andreas Rimkus,SPD,yes
4085,46547,Mechthild Rawert,SPD,yes
4085,45364,Martin Rabanus,SPD,yes
4085,45363,Sascha Raabe,SPD,yes
4085,44596,Florian Pronold,SPD,yes
4085,44541,Achim Post,SPD,yes
4085,44595,Florian Post,SPD,yes
4085,45362,Sabine Poschmann,SPD,yes
4085,45360,Detlev Pilger,SPD,no_show
4085,45358,Christian Petry,SPD,yes
4085,45856,Markus Paschke,SPD,no
4085,45354,Aydan Özoğuz,SPD,yes
4085,45353,Mahmut Özdemir,SPD,yes
4085,43911,Josephine Ortleb,SPD,yes
4085,44068,Ulli Nissen,SPD,no_show
4085,45344,Dietmar Nietan,SPD,yes
4085,46021,Rolf Mützenich,SPD,yes
4085,45343,Michelle Müntefering,SPD,yes
4085,45339,Detlef Müller,SPD,yes
4085,45340,Bettina Müller,SPD,no_show
4085,43904,Siemtje Möller,SPD,yes
4085,43907,Claudia Moll,SPD,yes
4085,43906,Falko Mohrs,SPD,yes
4085,45335,Susanne Mittag,SPD,yes
4085,45334,Klaus Mindrup,SPD,no_show
4085,44581,Matthias Miersch,SPD,yes
4085,44066,Hilde Mattheis,SPD,no
4085,43800,Christoph Matschie,SPD,yes
4085,45329,Katja Mast,SPD,yes
4085,46541,Dorothee Martin,SPD,yes
4085,44561,Caren Marks,SPD,yes
4085,45844,Isabel Mackensen-Geis,SPD,yes
4085,43624,Heiko Maas,SPD,no_show
4085,44096,Kirsten Lühmann,SPD,yes
4085,46568,Hiltrud Lotze,SPD,yes
4085,43908,Helge Lindh,SPD,no_show
4085,46259,Sylvia Lehmann,SPD,yes
4085,45313,Karl Lauterbach,SPD,yes
4085,45310,Christian Lange,SPD,yes
4085,45231,Christine Lambrecht,SPD,yes
4085,45300,Anette Kramme,SPD,yes
4085,46267,Elvan Korkmaz-Emre,SPD,abstain
4085,45238,Daniela Kolbe,SPD,no
4085,44573,Bärbel Kofler,SPD,yes
4085,45296,Lars Klingbeil,SPD,yes
4085,45293,Arno Klare,SPD,yes
4085,44559,Cansel Kiziltepe,SPD,no
4085,45283,Gabriele Katzmarek,SPD,yes
4085,45281,Ralf Kapschack,SPD,no
4085,43910,Elisabeth Kaiser,SPD,no_show
4085,45279,Oliver Kaczmarek,SPD,yes
4085,45278,Thomas Jurk,SPD,yes
4085,44613,Josip Juratovic,SPD,no_show
4085,45277,Frank Junge,SPD,yes
4085,45270,Thomas Hitschler,SPD,yes
4085,45267,Gabriele Hiller-Ohm,SPD,no
4085,44605,Gustav Herzog,SPD,no_show
4085,44538,Barbara Hendricks,SPD,yes
4085,44537,Wolfgang Hellmich,SPD,yes
4085,44535,Marcus Held,SPD,yes
4085,44534,Gabriela Heinrich,SPD,yes
4085,44533,Hubertus Heil,SPD,yes
4085,45265,Dirk Heidenblut,SPD,yes
4085,45262,Sebastian Hartmann,SPD,yes
4085,46138,Metin Hakverdi,SPD,no_show
4085,44527,Rita Hagl-Kehl,SPD,no_show
4085,44526,Bettina Hagedorn,SPD,yes
4085,45257,Uli Grötsch,SPD,yes
4085,44523,Michael Groß,SPD,yes
4085,46177,Kerstin Griese,SPD,yes
4085,42869,Timon Gremmels,SPD,yes
4085,44519,Angelika Glöckner,SPD,yes
4085,45254,Martin Gerster,SPD,no_show
4085,45253,Michael Gerdes,SPD,yes
4085,44516,Dagmar Freitag,SPD,yes
4085,44514,Ulrich Freese,SPD,no_show
4085,44513,Edgar Franke,SPD,yes
4085,44511,Fritz Felgentreu,SPD,yes
4085,45249,Johannes Fechner,SPD,yes
4085,43917,Yasmin Fahimi,SPD,yes
4085,46168,Saskia Esken,SPD,yes
4085,45459,Wiebke Esdar,SPD,yes
4085,44506,Sabine Dittmar,SPD,yes
4085,43909,Esther Dilcher,SPD,yes
4085,44505,Karamba Diaby,SPD,yes
4085,45466,Daniela De Ridder,SPD,yes
4085,45859,Bernhard Daldrup,SPD,yes
4085,44058,Lars Castellucci,SPD,yes
4085,41309,Katrin Budde,SPD,yes
4085,44065,Karl-Heinz Brunner,SPD,yes
4085,45235,Leni Breymaier,SPD,yes
4085,46264,Eberhard Brecht,SPD,yes
4085,44491,Lothar Binding,SPD,yes
4085,44485,Bärbel Bas,SPD,yes
4085,44484,Sören Bartol,SPD,yes
4085,44483,Matthias Bartke,SPD,yes
4085,44481,Doris Barnett,SPD,yes
4085,45230,Nezahat Baradari,SPD,yes
4085,44479,Ulrike Bahr,SPD,no
4085,44477,Heike Baehrens,SPD,yes
4085,46256,Bela Bach,SPD,yes
4085,44476,Ingrid Arndt-Brauer,SPD,yes
4085,44475,Niels Annen,SPD,yes
4085,46180,Matthias Zimmer,CDU/CSU,yes
4085,44037,Paul Ziemiak,CDU/CSU,no_show
4085,44586,Emmi Zeulner,CDU/CSU,yes
4085,45444,Oliver Wittke,CDU/CSU,yes
4085,44585,Elisabeth Winkelmeier-Becker,CDU/CSU,yes
4085,45443,Klaus-Peter Willsch,CDU/CSU,yes
4085,43864,Bettina Wiesmann,CDU/CSU,yes
4085,44554,Annette Widmann-Mauz,CDU/CSU,yes
4085,44619,Kai Whittaker,CDU/CSU,yes
4085,45440,Marian Wendt,CDU/CSU,yes
4085,44610,Ingo Wellenreuther,CDU/CSU,yes
4085,45438,Sabine Weiss,CDU/CSU,yes
4085,45439,Peter Weiß,CDU/CSU,yes
4085,44553,Anja Weisgerber,CDU/CSU,yes
4085,46240,Marcus Weinberg,CDU/CSU,yes
4085,44543,Albert Weiler,CDU/CSU,yes
4085,44618,Kai Wegner,CDU/CSU,yes
4085,45436,Nina Warken,CDU/CSU,yes
4085,45435,Marco Wanderwitz,CDU/CSU,yes
4085,44070,Johann Wadephul,CDU/CSU,yes
4085,44057,Kees de Vries,CDU/CSU,yes
4085,38357,Christoph de Vries,CDU/CSU,yes
4085,45431,Volkmar Vogel,CDU/CSU,yes
4085,43855,Kerstin Vieregge,CDU/CSU,yes
4085,45429,Arnold Vaatz,CDU/CSU,yes
4085,45428,Volker Ullrich,CDU/CSU,yes
4085,43643,Markus Uhl,CDU/CSU,yes
4085,46198,Antje Tillmann,CDU/CSU,yes
4085,43848,Dietlind Tiemann,CDU/CSU,no_show
4085,39962,Alexander Throm,CDU/CSU,yes
4085,43856,Hans-Jürgen Thies,CDU/CSU,yes
4085,43852,Hermann-Josef Tebroke,CDU/CSU,yes
4085,45424,Peter Tauber,CDU/CSU,no_show
4085,45421,Max Straubinger,CDU/CSU,yes
4085,45420,Stephan Stracke,CDU/CSU,yes
4085,46194,Gero Storjohann,CDU/CSU,yes
4085,45419,Dieter Stier,CDU/CSU,yes
4085,45433,Christian von Stetten,CDU/CSU,yes
4085,45417,Johannes Steiniger,CDU/CSU,yes
4085,45416,Sebastian Steineke,CDU/CSU,yes
4085,45415,Peter Stein,CDU/CSU,yes
4085,43867,Andreas Steier,CDU/CSU,yes
4085,44542,Albert Stegemann,CDU/CSU,yes
4085,45455,Wolfgang Stefinger,CDU/CSU,yes
4085,45413,Frank Steffel,CDU/CSU,no_show
4085,43875,Katrin Staffler,CDU/CSU,no_show
4085,45409,Jens Spahn,CDU/CSU,yes
4085,45408,Tino Sorge,CDU/CSU,yes
4085,43866,Björn Simon,CDU/CSU,yes
4085,45407,Thomas Silberhorn,CDU/CSU,yes
4085,46398,Bernd Siebert,CDU/CSU,no_show
4085,45405,Patrick Sensburg,CDU/CSU,no_show
4085,46229,Reinhold Sendker,CDU/CSU,yes
4085,45404,Johannes Selle,CDU/CSU,yes
4085,45403,Detlef Seif,CDU/CSU,yes
4085,45895,Torsten Schweiger,CDU/CSU,yes
4085,45398,Uwe Schummer,CDU/CSU,yes
4085,45458,Klaus-Peter Schulze,CDU/CSU,yes
4085,40081,Felix Schreiner,CDU/CSU,yes
4085,45394,Nadine Schön,CDU/CSU,yes
4085,45393,Patrick Schnieder,CDU/CSU,yes
4085,43845,Claudia Schmidtke,CDU/CSU,yes
4085,45392,Christian Schmidt,CDU/CSU,yes
4085,45390,Tankred Schipanski,CDU/CSU,yes
4085,45389,Jana Schimke,CDU/CSU,yes
4085,45386,Andreas Scheuer,CDU/CSU,yes
4085,45385,Wolfgang Schäuble,CDU/CSU,yes
4085,44551,Anita Schäfer,CDU/CSU,no_show
4085,43865,Stefan Sauer,CDU/CSU,yes
4085,45636,Albert Rupprecht,CDU/CSU,no_show
4085,44588,Erwin Rüddel,CDU/CSU,yes
4085,43853,Stefan Rouenhoff,CDU/CSU,yes
4085,45380,Norbert Röttgen,CDU/CSU,yes
4085,45375,Johannes Röring,CDU/CSU,yes
4085,45371,Josef Rief,CDU/CSU,yes
4085,45370,Lothar Riebsamen,CDU/CSU,yes
4085,45368,Eckhardt Rehberg,CDU/CSU,yes
4085,45367,Peter Ramsauer,CDU/CSU,yes
4085,44549,Alois Rainer,CDU/CSU,yes
4085,44545,Alexander Radwan,CDU/CSU,yes
4085,45366,Kerstin Radomski,CDU/CSU,yes
4085,45365,Thomas Rachel,CDU/CSU,yes
4085,45361,Eckhard Pols,CDU/CSU,yes
4085,38359,Christoph Ploß,CDU/CSU,yes
4085,43878,Stephan Pilsinger,CDU/CSU,yes
4085,45359,Joachim Pfeiffer,CDU/CSU,yes
4085,45356,Martin Patzelt,CDU/CSU,yes
4085,45355,Sylvia Pantel,CDU/CSU,yes
4085,46199,Ingrid Pahlmann,CDU/CSU,yes
4085,45837,Henning Otte,CDU/CSU,yes
4085,46206,Josef Oster,CDU/CSU,yes
4085,44594,Florian Oßner,CDU/CSU,yes
4085,45349,Wilfried Oellers,CDU/CSU,yes
4085,47908,Kristina Nordt,CDU/CSU,yes
4085,45345,Michaela Noll,CDU/CSU,no_show
4085,41857,Petra Nicolaisen,CDU/CSU,yes
4085,44572,Andreas Nick,CDU/CSU,yes
4085,46567,Christian Natterer,CDU/CSU,yes
4085,45341,Stefan Müller,CDU/CSU,yes
4085,44564,Carsten Müller,CDU/CSU,yes
4085,46143,Sepp Müller,CDU/CSU,yes
4085,45342,Gerd Müller,CDU/CSU,no_show
4085,43874,Axel Müller,CDU/CSU,yes
4085,46188,Elisabeth Motschmann,CDU/CSU,yes
4085,45336,Karsten Möring,CDU/CSU,yes
4085,45822,Dietrich Monstadt,CDU/CSU,yes
4085,45333,Mathias Middelberg,CDU/CSU,yes
4085,45332,Hans Michelbach,CDU/CSU,yes
4085,44612,Jan Metzler,CDU/CSU,yes
4085,44550,Angela Merkel,CDU/CSU,no_show
4085,44061,Michael Meister,CDU/CSU,yes
4085,45331,Stephan Mayer,CDU/CSU,yes
4085,45330,Andreas Mattfeldt,CDU/CSU,yes
4085,44606,Hans-Georg von der Marwitz,CDU/CSU,yes
4085,38887,Matern von Marschall,CDU/CSU,yes
4085,45473,Astrid Mannes,CDU/CSU,yes
4085,44601,Gisela Manderla,CDU/CSU,yes
4085,44504,Thomas de Maizière,CDU/CSU,yes
4085,45328,Yvonne Magwas,CDU/CSU,yes
4085,44620,Karin Maag,CDU/CSU,yes
4085,46261,Saskia Ludwig,CDU/CSU,yes
4085,44569,Daniela Ludwig,CDU/CSU,yes
4085,45326,Jan-Marco Luczak,CDU/CSU,yes
4085,43876,Bernhard Loos,CDU/CSU,yes
4085,45324,Patricia Lips,CDU/CSU,yes
4085,44563,Carsten Linnemann,CDU/CSU,yes
4085,45322,Andrea Lindholz,CDU/CSU,yes
4085,44556,Antje Lezius,CDU/CSU,yes
4085,45489,Andreas Lenz,CDU/CSU,yes
4085,45317,Katja Leikert,CDU/CSU,yes
4085,45315,Paul Lehrieder,CDU/CSU,yes
4085,40808,Jens Lehmann,CDU/CSU,yes
4085,45312,Silke Launert,CDU/CSU,yes
4085,45311,Ulrich Lange,CDU/CSU,yes
4085,45309,Katharina Landgraf,CDU/CSU,yes
4085,45308,Andreas Lämmel,CDU/CSU,no_show
4085,44055,Karl A. Lamers,CDU/CSU,yes
4085,45305,Roy Kühne,CDU/CSU,yes
4085,43877,Michael Kuffer,CDU/CSU,yes
4085,45302,Rüdiger Kruse,CDU/CSU,yes
4085,44603,Günter Krings,CDU/CSU,yes
4085,44604,Gunther Krichbaum,CDU/CSU,yes
4085,38078,Alexander Krauß,CDU/CSU,yes
4085,47907,Kordula Kovac,CDU/CSU,yes
4085,44562,Carsten Körber,CDU/CSU,yes
4085,45299,Markus Koob,CDU/CSU,yes
4085,45298,Jens Koeppen,CDU/CSU,no_show
4085,45297,Axel Knoerig,CDU/CSU,yes
4085,45294,Volkmar Klein,CDU/CSU,yes
4085,45291,Georg Kippels,CDU/CSU,yes
4085,43879,Michael Kießling,CDU/CSU,yes
4085,45289,Roderich Kiesewetter,CDU/CSU,yes
4085,45287,Ronja Kemmer,CDU/CSU,yes
4085,45285,Stefan Kaufmann,CDU/CSU,yes
4085,45284,Volker Kauder,CDU/CSU,yes
4085,43868,Torbjörn Kartes,CDU/CSU,yes
4085,44552,Anja Karliczek,CDU/CSU,yes
4085,44548,Alois Karl,CDU/CSU,yes
4085,43860,Ingmar Jung,CDU/CSU,yes
4085,45276,Andreas Jung,CDU/CSU,yes
4085,45275,Thomas Jarzombek,CDU/CSU,yes
4085,42741,Hans-Jürgen Irmer,CDU/CSU,no_show
4085,44587,Erich Irlstorfer,CDU/CSU,no_show
4085,45272,Hendrik Hoppenstedt,CDU/CSU,yes
4085,45271,Karl Holmeier,CDU/CSU,yes
4085,44544,Alexander Hoffmann,CDU/CSU,yes
4085,45269,Heribert Hirte,CDU/CSU,yes
4085,45268,Christian Hirte,CDU/CSU,yes
4085,44555,Ansgar Heveling,CDU/CSU,yes
4085,43854,Marc Henrichmann,CDU/CSU,yes
4085,44540,Michael Hennrich,CDU/CSU,yes
4085,44539,Rudolf Henke,CDU/CSU,no_show
4085,44536,Mark Helfrich,CDU/CSU,yes
4085,45858,Frank Heinrich,CDU/CSU,yes
4085,41271,Thomas Heilmann,CDU/CSU,yes
4085,44532,Mechthild Heil,CDU/CSU,yes
4085,45266,Matthias Heider,CDU/CSU,yes
4085,45264,Matthias Hauer,CDU/CSU,yes
4085,44615,Jürgen Hardt,CDU/CSU,yes
4085,44529,Florian Hahn,CDU/CSU,yes
4085,44525,Christian Haase,CDU/CSU,yes
4085,45261,Olav Gutting,CDU/CSU,no_show
4085,45260,Fritz Güntzler,CDU/CSU,yes
4085,45259,Monika Grütters,CDU/CSU,yes
4085,45581,Oliver Grundmann,CDU/CSU,yes
4085,45258,Manfred Grund,CDU/CSU,yes
4085,46201,Markus Grübel,CDU/CSU,yes
4085,45256,Astrid Grotelüschen,CDU/CSU,yes
4085,45255,Michael Grosse-Brömer,CDU/CSU,yes
4085,44522,Klaus-Dieter Gröhler,CDU/CSU,yes
4085,44521,Hermann Gröhe,CDU/CSU,yes
4085,45472,Ursula Groden-Kranich,CDU/CSU,yes
4085,43849,Eckhard Gnodtke,CDU/CSU,yes
4085,44518,Eberhard Gienger,CDU/CSU,yes
4085,44547,Alois Gerig,CDU/CSU,yes
4085,45252,Thomas Gebhart,CDU/CSU,yes
4085,44609,Ingo Gädechens,CDU/CSU,yes
4085,44607,Hans-Joachim Fuchtel,CDU/CSU,yes
4085,45862,Michael Frieser,CDU/CSU,yes
4085,44517,Hans-Peter Friedrich,CDU/CSU,yes
4085,44515,Thorsten Frei,CDU/CSU,yes
4085,44512,Maria Flachsbarth,CDU/CSU,yes
4085,43873,Axel Eduard Fischer,CDU/CSU,yes
4085,45611,Enak Ferlemann,CDU/CSU,yes
4085,45250,Uwe Feiler,CDU/CSU,yes
4085,45248,Hermann Färber,CDU/CSU,yes
4085,43880,Thomas Erndl,CDU/CSU,yes
4085,44056,Hansjörg Durz,CDU/CSU,yes
4085,44510,Marie-Luise Dött,CDU/CSU,yes
4085,44508,Michael Donth,CDU/CSU,yes
4085,44507,Alexander Dobrindt,CDU/CSU,yes
4085,43685,Astrid Damerow,CDU/CSU,yes
4085,44500,Gitta Connemann,CDU/CSU,yes
4085,43851,Carsten Brodesser,CDU/CSU,yes
4085,46020,Ralph Brinkhaus,CDU/CSU,yes
4085,44498,Heike Brehmer,CDU/CSU,yes
4085,44060,Sebastian Brehm,CDU/CSU,yes
4085,43847,Silvia Breher,CDU/CSU,yes
4085,44497,Helge Braun,CDU/CSU,yes
4085,44495,Reinhard Brandl,CDU/CSU,yes
4085,46271,Michael Brand,CDU/CSU,yes
4085,44494,Norbert Brackmann,CDU/CSU,yes
4085,44493,Peter Bleser,CDU/CSU,yes
4085,44490,Steffen Bilger,CDU/CSU,yes
4085,43869,Marc Biadacz,CDU/CSU,yes
4085,44489,Peter Beyer,CDU/CSU,yes
4085,43850,Christoph Bernstiel,CDU/CSU,yes
4085,43844,Melanie Bernstein,CDU/CSU,yes
4085,44488,André Berghegger,CDU/CSU,yes
4085,45564,Sybille Benning,CDU/CSU,yes
4085,45241,Veronika Bellmann,CDU/CSU,yes
4085,44487,Manfred Behrens,CDU/CSU,yes
4085,44486,Maik Beermann,CDU/CSU,yes
4085,44482,Norbert Barthle,CDU/CSU,yes
4085,44480,Thomas Bareiß,CDU/CSU,no_show
4085,44478,Dorothee Bär,CDU/CSU,yes
4085,41159,Peter Aumer,CDU/CSU,yes
4085,46196,Artur Auernhammer,CDU/CSU,yes
4085,43846,Philipp Amthor,CDU/CSU,yes
4085,44473,Peter Altmaier,CDU/CSU,no_show
4085,43861,Norbert Maria Altenkamp,CDU/CSU,yes
4085,44472,Stephan Albani,CDU/CSU,yes
4085,45467,Michael von Abercron,CDU/CSU,yes
